datum,protistrana,geosize,joblines
2026-02-28,Anděl,SPO,25
2026-02-28,Anděl,BPO,10
2026-02-28,Anděl,XPO,1
2026-02-28,Benešov,SPO,17
2026-02-28,Benešov,BPO,2
2026-02-28,Beroun,SPO,4
2026-02-28,Beroun,BPO,1
2026-02-28,Beroun,XPO,1
2026-02-28,Brno,SPO,27
2026-02-28,Brno,BPO,5
2026-02-28,Brno,XPO,3
2026-02-28,Brno Lískovec,SPO,21
2026-02-28,Brno Lískovec,BPO,5
2026-02-28,Brno Lískovec,XPO,1
2026-02-28,Budějovická,SPO,23
2026-02-28,Budějovická,BPO,7
2026-02-28,Chomutov,SPO,10
2026-02-28,Děčín,SPO,18
2026-02-28,Frýdek-Místek,SPO,13
2026-02-28,Frýdek-Místek,XPO,1
2026-02-28,Hradec,SPO,47
2026-02-28,Hradec,XPO,5
2026-02-28,Háje,SPO,27
2026-02-28,Háje,BPO,3
2026-02-28,Háje,XPO,2
2026-02-28,Jihlava,SPO,22
2026-02-28,Jihlava,BPO,3
2026-02-28,Karlovy Vary,SPO,24
2026-02-28,Karlovy Vary,BPO,5
2026-02-28,Karlovy Vary,XPO,1
2026-02-28,Kladno,SPO,4
2026-02-28,Kladno,XPO,1
2026-02-28,Kolín,SPO,7
2026-02-28,Kolín,BPO,1
2026-02-28,LCS,SPO,266
2026-02-28,LCS,BPO,1
2026-02-28,LCS,XPO,28
2026-02-28,LCU,SPO,3
2026-02-28,LCU,BPO,1
2026-02-28,LCU,XPO,2
2026-02-28,Liberec,SPO,15
2026-02-28,Mladá Boleslav,SPO,17
2026-02-28,Most,SPO,11
2026-02-28,Most,BPO,1
2026-02-28,Mělník,SPO,14
2026-02-28,Mělník,BPO,1
2026-02-28,Olomouc,SPO,22
2026-02-28,Olomouc,BPO,5
2026-02-28,Opava,SPO,3
2026-02-28,Ostrava,SPO,54
2026-02-28,Ostrava,BPO,5
2026-02-28,Ostrava,XPO,3
2026-02-28,Pardubice,SPO,16
2026-02-28,Pardubice,BPO,2
2026-02-28,Pardubice,XPO,2
2026-02-28,Plzeň město,SPO,21
2026-02-28,Plzeň město,BPO,4
2026-02-28,Plzeň město,XPO,1
2026-02-28,Pobočka Chrášťany,SPO,115
2026-02-28,Pobočka Chrášťany,BPO,22
2026-02-28,Pobočka Chrášťany,XPO,4
2026-02-28,Počernice,SPO,8
2026-02-28,Počernice,BPO,4
2026-02-28,Počernice,XPO,2
2026-02-28,Praha - centrála,SPO,149
2026-02-28,Praha - centrála,BPO,17
2026-02-28,Praha - centrála,XPO,6
2026-02-28,Prostějov,SPO,4
2026-02-28,Prostějov,BPO,1
2026-02-28,Příbram,SPO,13
2026-02-28,Příbram,BPO,1
2026-02-28,SKLC3,SPO,501
2026-02-28,SKLC3,BPO,243
2026-02-28,SKLC3,XPO,16
2026-02-28,Tábor,SPO,14
2026-02-28,Tábor,BPO,1
2026-02-28,Tábor,XPO,2
2026-02-28,Zlín,SPO,17
2026-02-28,Zlín,BPO,1
2026-02-28,Zlín,XPO,1
2026-02-28,Ústí nad Labem,SPO,12
2026-02-28,Ústí nad Labem,BPO,6
2026-02-28,Ústí nad Labem,XPO,1
2026-02-28,Čakovice,SPO,33
2026-02-28,Čakovice,BPO,3
2026-02-28,Čakovice,XPO,2
2026-02-28,České Budějovice,SPO,18
2026-02-28,České Budějovice,BPO,4
2026-03-01,Anděl,SPO,43
2026-03-01,Anděl,BPO,1
2026-03-01,Benešov,SPO,2
2026-03-01,Benešov,BPO,1
2026-03-01,Beroun,SPO,10
2026-03-01,Beroun,BPO,1
2026-03-01,Brno,SPO,27
2026-03-01,Brno,BPO,1
2026-03-01,Brno Lískovec,SPO,21
2026-03-01,Brno Lískovec,BPO,1
2026-03-01,Brno Lískovec,XPO,1
2026-03-01,Budějovická,SPO,25
2026-03-01,Budějovická,BPO,3
2026-03-01,Budějovická,XPO,2
2026-03-01,Chomutov,SPO,1
2026-03-01,Dejvice,SPO,4
2026-03-01,Děčín,SPO,15
2026-03-01,Děčín,BPO,1
2026-03-01,Frýdek-Místek,SPO,11
2026-03-01,Frýdek-Místek,BPO,1
2026-03-01,HULC1,BPO,1
2026-03-01,Hradec,SPO,12
2026-03-01,Hradec,BPO,4
2026-03-01,Háje,SPO,30
2026-03-01,Háje,BPO,6
2026-03-01,Háje,XPO,3
2026-03-01,Jihlava,SPO,29
2026-03-01,Jihlava,BPO,3
2026-03-01,Jihlava,XPO,2
2026-03-01,Karlovy Vary,SPO,15
2026-03-01,Kladno,SPO,1
2026-03-01,Kladno,BPO,2
2026-03-01,Kolín,SPO,1
2026-03-01,LCS,SPO,259
2026-03-01,LCS,BPO,26
2026-03-01,LCS,XPO,12
2026-03-01,LCU,SPO,7
2026-03-01,Liberec,SPO,22
2026-03-01,Liberec,XPO,1
2026-03-01,Mladá Boleslav,SPO,12
2026-03-01,Most,SPO,7
2026-03-01,Most,BPO,2
2026-03-01,Mělník,SPO,13
2026-03-01,Mělník,BPO,1
2026-03-01,Olomouc,SPO,13
2026-03-01,Olomouc,BPO,7
2026-03-01,Opava,SPO,4
2026-03-01,Ostrava,SPO,48
2026-03-01,Ostrava,BPO,7
2026-03-01,Pardubice,SPO,9
2026-03-01,Pardubice,XPO,1
2026-03-01,Plzeň město,SPO,16
2026-03-01,Plzeň město,BPO,2
2026-03-01,Pobočka Chrášťany,SPO,118
2026-03-01,Pobočka Chrášťany,BPO,14
2026-03-01,Pobočka Chrášťany,XPO,5
2026-03-01,Počernice,SPO,6
2026-03-01,Počernice,BPO,2
2026-03-01,Praha - centrála,SPO,128
2026-03-01,Praha - centrála,BPO,10
2026-03-01,Prostějov,SPO,3
2026-03-01,Prostějov,XPO,1
2026-03-01,Příbram,SPO,9
2026-03-01,SKLC3,SPO,125
2026-03-01,SKLC3,BPO,121
2026-03-01,SKLC3,XPO,10
2026-03-01,Tábor,SPO,12
2026-03-01,Třebíč,SPO,9
2026-03-01,Zlín,SPO,19
2026-03-01,Zlín,BPO,2
2026-03-01,Ústí nad Labem,SPO,17
2026-03-01,Ústí nad Labem,BPO,2
2026-03-01,Ústí nad Labem,XPO,1
2026-03-01,Čakovice,SPO,27
2026-03-01,Čakovice,BPO,3
2026-03-01,Čakovice,XPO,2
2026-03-01,České Budějovice,SPO,18
2026-03-01,České Budějovice,BPO,1
2026-03-02,Anděl,SPO,33
2026-03-02,Anděl,BPO,4
2026-03-02,Anděl,XPO,2
2026-03-02,Benešov,SPO,8
2026-03-02,Benešov,BPO,1
2026-03-02,Benešov,XPO,1
2026-03-02,Beroun,SPO,3
2026-03-02,Brno,SPO,23
2026-03-02,Brno,BPO,1
2026-03-02,Brno,XPO,2
2026-03-02,Brno Lískovec,SPO,16
2026-03-02,Brno Lískovec,BPO,1
2026-03-02,Budějovická,SPO,28
2026-03-02,Budějovická,BPO,3
2026-03-02,Budějovická,XPO,1
2026-03-02,Dejvice,SPO,3
2026-03-02,Děčín,SPO,7
2026-03-02,Děčín,BPO,1
2026-03-02,Frýdek-Místek,SPO,12
2026-03-02,HULC1,SPO,1
2026-03-02,Hradec,SPO,9
2026-03-02,Hradec,BPO,1
2026-03-02,Háje,SPO,28
2026-03-02,Háje,BPO,4
2026-03-02,Jihlava,SPO,6
2026-03-02,Jihlava,XPO,1
2026-03-02,Karlovy Vary,SPO,13
2026-03-02,Karlovy Vary,BPO,1
2026-03-02,Kladno,SPO,2
2026-03-02,Kolín,SPO,2
2026-03-02,Kolín,XPO,1
2026-03-02,LCS,SPO,540
2026-03-02,LCS,BPO,7
2026-03-02,LCU,SPO,3
2026-03-02,LCU,BPO,2
2026-03-02,LCU,XPO,21
2026-03-02,Liberec,SPO,9
2026-03-02,Liberec,BPO,4
2026-03-02,Liberec,XPO,1
2026-03-02,Mladá Boleslav,SPO,11
2026-03-02,Mladá Boleslav,BPO,1
2026-03-02,Mladá Boleslav,XPO,1
2026-03-02,Most,SPO,6
2026-03-02,Mělník,SPO,12
2026-03-02,Mělník,BPO,1
2026-03-02,Olomouc,SPO,13
2026-03-02,Opava,SPO,2
2026-03-02,Ostrava,SPO,34
2026-03-02,Ostrava,BPO,4
2026-03-02,Ostrava,XPO,1
2026-03-02,Pardubice,SPO,5
2026-03-02,Pardubice,BPO,1
2026-03-02,Plzeň město,SPO,25
2026-03-02,Plzeň město,BPO,4
2026-03-02,Plzeň město,XPO,1
2026-03-02,Pobočka Chrášťany,SPO,96
2026-03-02,Pobočka Chrášťany,BPO,15
2026-03-02,Pobočka Chrášťany,XPO,3
2026-03-02,Počernice,SPO,19
2026-03-02,Počernice,BPO,9
2026-03-02,Počernice,XPO,6
2026-03-02,Praha - centrála,SPO,104
2026-03-02,Praha - centrála,BPO,14
2026-03-02,Prostějov,SPO,5
2026-03-02,SKLC3,SPO,450
2026-03-02,SKLC3,BPO,100
2026-03-02,SKLC3,XPO,15
2026-03-02,Tábor,SPO,4
2026-03-02,Zlín,SPO,18
2026-03-02,Zlín,BPO,3
2026-03-02,Ústí nad Labem,SPO,7
2026-03-02,Ústí nad Labem,BPO,1
2026-03-02,Čakovice,SPO,33
2026-03-02,Čakovice,BPO,6
2026-03-02,Čakovice,XPO,7
2026-03-02,České Budějovice,SPO,18
2026-03-02,České Budějovice,BPO,1
2026-03-03,Anděl,SPO,47
2026-03-03,Anděl,BPO,6
2026-03-03,Anděl,XPO,3
2026-03-03,Benešov,SPO,9
2026-03-03,Benešov,BPO,3
2026-03-03,Benešov,XPO,1
2026-03-03,Beroun,SPO,13
2026-03-03,Brno,SPO,53
2026-03-03,Brno,XPO,5
2026-03-03,Brno Lískovec,SPO,17
2026-03-03,Brno Lískovec,BPO,4
2026-03-03,Budějovická,SPO,29
2026-03-03,Budějovická,BPO,5
2026-03-03,Budějovická,XPO,1
2026-03-03,Chomutov,BPO,1
2026-03-03,Děčín,SPO,7
2026-03-03,Frýdek-Místek,SPO,7
2026-03-03,Frýdek-Místek,BPO,2
2026-03-03,Frýdek-Místek,XPO,1
2026-03-03,HULC1,SPO,72
2026-03-03,HULC1,BPO,2
2026-03-03,Hradec,SPO,13
2026-03-03,Hradec,BPO,2
2026-03-03,Hradec,XPO,1
2026-03-03,Háje,SPO,40
2026-03-03,Háje,BPO,4
2026-03-03,Háje,XPO,2
2026-03-03,Jihlava,SPO,8
2026-03-03,Jihlava,BPO,1
2026-03-03,Karlovy Vary,SPO,11
2026-03-03,Karlovy Vary,XPO,1
2026-03-03,Kladno,SPO,13
2026-03-03,Kladno,BPO,2
2026-03-03,Kladno,XPO,2
2026-03-03,Kolín,SPO,4
2026-03-03,Kolín,BPO,1
2026-03-03,LCS,SPO,1838
2026-03-03,LCS,BPO,853
2026-03-03,LCU,SPO,24
2026-03-03,LCU,BPO,13
2026-03-03,LCU,XPO,24
2026-03-03,Liberec,SPO,21
2026-03-03,Liberec,BPO,4
2026-03-03,Liberec,XPO,3
2026-03-03,Mladá Boleslav,SPO,13
2026-03-03,Mladá Boleslav,BPO,1
2026-03-03,Mladá Boleslav,XPO,3
2026-03-03,Most,SPO,16
2026-03-03,Most,BPO,1
2026-03-03,Most,XPO,3
2026-03-03,Mělník,SPO,2
2026-03-03,Mělník,BPO,2
2026-03-03,Olomouc,SPO,12
2026-03-03,Olomouc,BPO,3
2026-03-03,Opava,SPO,11
2026-03-03,Opava,BPO,4
2026-03-03,Ostrava,SPO,46
2026-03-03,Ostrava,BPO,15
2026-03-03,Ostrava,XPO,2
2026-03-03,Pardubice,SPO,8
2026-03-03,Pardubice,BPO,2
2026-03-03,Plzeň město,SPO,30
2026-03-03,Plzeň město,BPO,3
2026-03-03,Pobočka Chrášťany,SPO,92
2026-03-03,Pobočka Chrášťany,BPO,21
2026-03-03,Pobočka Chrášťany,XPO,1
2026-03-03,Počernice,SPO,16
2026-03-03,Počernice,BPO,1
2026-03-03,Praha - centrála,SPO,117
2026-03-03,Praha - centrála,BPO,7
2026-03-03,Prostějov,SPO,5
2026-03-03,Prostějov,XPO,1
2026-03-03,Příbram,SPO,14
2026-03-03,Příbram,XPO,1
2026-03-03,SKLC3,SPO,637
2026-03-03,SKLC3,BPO,254
2026-03-03,SKLC3,XPO,24
2026-03-03,Tábor,SPO,27
2026-03-03,Tábor,BPO,1
2026-03-03,Třebíč,SPO,5
2026-03-03,Třebíč,BPO,1
2026-03-03,Zlín,SPO,16
2026-03-03,Ústí nad Labem,SPO,24
2026-03-03,Ústí nad Labem,BPO,3
2026-03-03,Čakovice,SPO,18
2026-03-03,Čakovice,BPO,2
2026-03-03,České Budějovice,SPO,18
2026-03-03,České Budějovice,BPO,2
2026-03-04,Anděl,SPO,32
2026-03-04,Anděl,BPO,4
2026-03-04,Anděl,XPO,1
2026-03-04,Benešov,SPO,11
2026-03-04,Beroun,SPO,2
2026-03-04,Brno,SPO,20
2026-03-04,Brno,BPO,4
2026-03-04,Brno Lískovec,SPO,8
2026-03-04,Brno Lískovec,BPO,1
2026-03-04,Brno Lískovec,XPO,1
2026-03-04,Budějovická,SPO,27
2026-03-04,Budějovická,BPO,8
2026-03-04,Chomutov,SPO,1
2026-03-04,Dejvice,SPO,17
2026-03-04,Dejvice,XPO,1
2026-03-04,Děčín,SPO,5
2026-03-04,Děčín,XPO,1
2026-03-04,Frýdek-Místek,SPO,10
2026-03-04,Hradec,SPO,16
2026-03-04,Hradec,XPO,1
2026-03-04,Háje,SPO,31
2026-03-04,Háje,BPO,18
2026-03-04,Jihlava,SPO,10
2026-03-04,Jihlava,XPO,4
2026-03-04,Karlovy Vary,SPO,7
2026-03-04,Karlovy Vary,BPO,2
2026-03-04,Kladno,SPO,2
2026-03-04,Kladno,BPO,1
2026-03-04,Kolín,SPO,1
2026-03-04,LCS,SPO,1323
2026-03-04,LCS,BPO,435
2026-03-04,LCS,XPO,160
2026-03-04,LCU,SPO,2
2026-03-04,LCU,BPO,6
2026-03-04,LCU,XPO,59
2026-03-04,Liberec,SPO,21
2026-03-04,Liberec,BPO,1
2026-03-04,Mladá Boleslav,SPO,7
2026-03-04,Mladá Boleslav,BPO,1
2026-03-04,Mladá Boleslav,XPO,1
2026-03-04,Most,SPO,10
2026-03-04,Most,BPO,1
2026-03-04,Most,XPO,1
2026-03-04,Mělník,SPO,9
2026-03-04,Mělník,BPO,1
2026-03-04,Olomouc,SPO,12
2026-03-04,Olomouc,BPO,2
2026-03-04,Olomouc,XPO,2
2026-03-04,Opava,SPO,5
2026-03-04,Opava,BPO,1
2026-03-04,Ostrava,SPO,62
2026-03-04,Ostrava,BPO,4
2026-03-04,Ostrava,XPO,2
2026-03-04,Pardubice,SPO,13
2026-03-04,Pardubice,BPO,1
2026-03-04,Pardubice,XPO,2
2026-03-04,Plzeň město,SPO,18
2026-03-04,Plzeň město,BPO,8
2026-03-04,Pobočka Chrášťany,SPO,97
2026-03-04,Pobočka Chrášťany,BPO,7
2026-03-04,Pobočka Chrášťany,XPO,2
2026-03-04,Počernice,SPO,14
2026-03-04,Počernice,BPO,2
2026-03-04,Počernice,XPO,4
2026-03-04,Praha - centrála,SPO,89
2026-03-04,Praha - centrála,BPO,10
2026-03-04,Praha - centrála,XPO,3
2026-03-04,Příbram,SPO,4
2026-03-04,Příbram,BPO,2
2026-03-04,SKLC3,SPO,449
2026-03-04,SKLC3,BPO,106
2026-03-04,SKLC3,XPO,27
2026-03-04,Tábor,SPO,15
2026-03-04,Tábor,BPO,1
2026-03-04,Třebíč,SPO,6
2026-03-04,Třebíč,BPO,1
2026-03-04,Zlín,SPO,11
2026-03-04,Zlín,BPO,2
2026-03-04,Ústí nad Labem,SPO,16
2026-03-04,Ústí nad Labem,BPO,6
2026-03-04,Čakovice,SPO,21
2026-03-04,Čakovice,BPO,9
2026-03-04,Čakovice,XPO,2
2026-03-04,České Budějovice,SPO,13
2026-03-04,České Budějovice,BPO,1
2026-03-04,České Budějovice,XPO,1
2026-03-05,Anděl,SPO,14
2026-03-05,Anděl,BPO,3
2026-03-05,Anděl,XPO,3
2026-03-05,Benešov,SPO,4
2026-03-05,Benešov,BPO,1
2026-03-05,Beroun,SPO,2
2026-03-05,Beroun,XPO,1
2026-03-05,Brno,SPO,24
2026-03-05,Brno,BPO,9
2026-03-05,Brno,XPO,1
2026-03-05,Brno Lískovec,SPO,19
2026-03-05,Brno Lískovec,BPO,1
2026-03-05,Brno Lískovec,XPO,1
2026-03-05,Budějovická,SPO,29
2026-03-05,Budějovická,BPO,5
2026-03-05,Chomutov,SPO,8
2026-03-05,Dejvice,SPO,7
2026-03-05,Děčín,SPO,11
2026-03-05,Frýdek-Místek,SPO,5
2026-03-05,Frýdek-Místek,BPO,1
2026-03-05,HULC1,SPO,42
2026-03-05,HULC1,BPO,9
2026-03-05,Hradec,SPO,22
2026-03-05,Hradec,BPO,3
2026-03-05,Háje,SPO,17
2026-03-05,Háje,BPO,1
2026-03-05,Jihlava,SPO,2
2026-03-05,Jihlava,XPO,1
2026-03-05,Karlovy Vary,SPO,3
2026-03-05,Karlovy Vary,BPO,2
2026-03-05,Kladno,SPO,4
2026-03-05,Kladno,BPO,1
2026-03-05,Kladno,XPO,2
2026-03-05,Kolín,SPO,4
2026-03-05,LCS,SPO,1352
2026-03-05,LCS,BPO,475
2026-03-05,LCS,XPO,90
2026-03-05,LCU,SPO,12
2026-03-05,LCU,BPO,1
2026-03-05,LCU,XPO,62
2026-03-05,Liberec,SPO,6
2026-03-05,Liberec,BPO,2
2026-03-05,Mladá Boleslav,SPO,11
2026-03-05,Mladá Boleslav,BPO,1
2026-03-05,Most,SPO,100
2026-03-05,Most,BPO,15
2026-03-05,Most,XPO,4
2026-03-05,Mělník,SPO,5
2026-03-05,Mělník,BPO,1
2026-03-05,Olomouc,SPO,9
2026-03-05,Olomouc,BPO,5
2026-03-05,Ostrava,SPO,38
2026-03-05,Ostrava,BPO,8
2026-03-05,Pardubice,SPO,27
2026-03-05,Pardubice,BPO,2
2026-03-05,Plzeň město,SPO,21
2026-03-05,Plzeň město,BPO,3
2026-03-05,Plzeň město,XPO,1
2026-03-05,Pobočka Chrášťany,SPO,88
2026-03-05,Pobočka Chrášťany,BPO,14
2026-03-05,Pobočka Chrášťany,XPO,2
2026-03-05,Počernice,SPO,10
2026-03-05,Počernice,BPO,4
2026-03-05,Praha - centrála,SPO,79
2026-03-05,Praha - centrála,BPO,17
2026-03-05,Praha - centrála,XPO,1
2026-03-05,Prostějov,SPO,5
2026-03-05,Prostějov,BPO,1
2026-03-05,Příbram,SPO,13
2026-03-05,SKLC3,SPO,289
2026-03-05,SKLC3,BPO,122
2026-03-05,SKLC3,XPO,23
2026-03-05,Tábor,SPO,8
2026-03-05,Třebíč,SPO,4
2026-03-05,Zlín,SPO,21
2026-03-05,Zlín,BPO,3
2026-03-05,Ústí nad Labem,SPO,12
2026-03-05,Čakovice,SPO,20
2026-03-05,Čakovice,BPO,8
2026-03-05,Čakovice,XPO,2
2026-03-05,České Budějovice,SPO,17
2026-03-06,Anděl,SPO,26
2026-03-06,Anděl,BPO,2
2026-03-06,Anděl,XPO,3
2026-03-06,Benešov,SPO,5
2026-03-06,Benešov,BPO,1
2026-03-06,Beroun,SPO,3
2026-03-06,Brno,SPO,37
2026-03-06,Brno,BPO,6
2026-03-06,Brno Lískovec,SPO,27
2026-03-06,Brno Lískovec,BPO,3
2026-03-06,Budějovická,SPO,37
2026-03-06,Budějovická,BPO,3
2026-03-06,Dejvice,SPO,10
2026-03-06,Děčín,SPO,2
2026-03-06,Děčín,BPO,1
2026-03-06,Frýdek-Místek,SPO,7
2026-03-06,Frýdek-Místek,BPO,1
2026-03-06,HULC1,SPO,41
2026-03-06,HULC1,BPO,1
2026-03-06,HULC1,XPO,2
2026-03-06,Hradec,SPO,9
2026-03-06,Hradec,BPO,2
2026-03-06,Háje,SPO,20
2026-03-06,Háje,BPO,4
2026-03-06,Háje,XPO,2
2026-03-06,Jihlava,SPO,12
2026-03-06,Jihlava,BPO,5
2026-03-06,Jihlava,XPO,2
2026-03-06,Karlovy Vary,SPO,4
2026-03-06,Karlovy Vary,BPO,1
2026-03-06,Karlovy Vary,XPO,1
2026-03-06,Kladno,SPO,1
2026-03-06,Kolín,SPO,1
2026-03-06,Kolín,BPO,1
2026-03-06,Kolín,XPO,1
2026-03-06,LCS,SPO,1430
2026-03-06,LCS,BPO,442
2026-03-06,LCS,XPO,132
2026-03-06,LCU,SPO,3
2026-03-06,LCU,XPO,24
2026-03-06,Liberec,SPO,12
2026-03-06,Mladá Boleslav,SPO,14
2026-03-06,Mladá Boleslav,BPO,2
2026-03-06,Mladá Boleslav,XPO,1
2026-03-06,Most,SPO,43
2026-03-06,Most,BPO,4
2026-03-06,Mělník,SPO,2
2026-03-06,Mělník,XPO,1
2026-03-06,Olomouc,SPO,6
2026-03-06,Olomouc,BPO,2
2026-03-06,Opava,SPO,1
2026-03-06,Ostrava,SPO,53
2026-03-06,Ostrava,BPO,9
2026-03-06,Ostrava,XPO,2
2026-03-06,Pardubice,SPO,22
2026-03-06,Pardubice,BPO,4
2026-03-06,Pardubice,XPO,1
2026-03-06,Plzeň město,SPO,19
2026-03-06,Plzeň město,BPO,8
2026-03-06,Plzeň město,XPO,2
2026-03-06,Pobočka Chrášťany,SPO,63
2026-03-06,Pobočka Chrášťany,BPO,11
2026-03-06,Pobočka Chrášťany,XPO,2
2026-03-06,Počernice,SPO,19
2026-03-06,Praha - centrála,SPO,87
2026-03-06,Praha - centrála,BPO,18
2026-03-06,Praha - centrála,XPO,1
2026-03-06,Prostějov,SPO,1
2026-03-06,Příbram,SPO,5
2026-03-06,Příbram,BPO,2
2026-03-06,SKLC3,SPO,497
2026-03-06,SKLC3,BPO,286
2026-03-06,SKLC3,XPO,50
2026-03-06,Tábor,SPO,6
2026-03-06,Třebíč,SPO,1
2026-03-06,Třebíč,BPO,1
2026-03-06,Zlín,SPO,16
2026-03-06,Zlín,BPO,2
2026-03-06,Ústí nad Labem,SPO,22
2026-03-06,Ústí nad Labem,BPO,2
2026-03-06,Čakovice,SPO,23
2026-03-06,Čakovice,BPO,8
2026-03-06,Čakovice,XPO,4
2026-03-06,České Budějovice,SPO,23
2026-03-07,Anděl,SPO,20
2026-03-07,Anděl,BPO,8
2026-03-07,Benešov,SPO,42
2026-03-07,Beroun,SPO,33
2026-03-07,Beroun,BPO,1
2026-03-07,Brno,SPO,42
2026-03-07,Brno,BPO,2
2026-03-07,Brno Lískovec,SPO,10
2026-03-07,Brno Lískovec,BPO,1
2026-03-07,Budějovická,SPO,19
2026-03-07,Budějovická,BPO,7
2026-03-07,Chomutov,SPO,7
2026-03-07,Chomutov,BPO,3
2026-03-07,Dejvice,SPO,16
2026-03-07,Dejvice,BPO,7
2026-03-07,Děčín,SPO,128
2026-03-07,Děčín,BPO,2
2026-03-07,Frýdek-Místek,SPO,2
2026-03-07,HULC1,SPO,2
2026-03-07,Hradec,SPO,67
2026-03-07,Hradec,BPO,1
2026-03-07,Háje,SPO,37
2026-03-07,Jihlava,SPO,4
2026-03-07,Karlovy Vary,SPO,6
2026-03-07,Kladno,SPO,10
2026-03-07,Kladno,BPO,1
2026-03-07,Kolín,SPO,1
2026-03-07,LCS,SPO,4474
2026-03-07,LCS,BPO,1034
2026-03-07,LCS,XPO,22
2026-03-07,LCU,BPO,1
2026-03-07,Liberec,SPO,2
2026-03-07,Liberec,BPO,9
2026-03-07,Mladá Boleslav,SPO,72
2026-03-07,Most,SPO,23
2026-03-07,Most,BPO,4
2026-03-07,Mělník,SPO,3
2026-03-07,Mělník,BPO,1
2026-03-07,Olomouc,SPO,24
2026-03-07,Olomouc,BPO,5
2026-03-07,Opava,BPO,1
2026-03-07,Ostrava,SPO,33
2026-03-07,Ostrava,BPO,6
2026-03-07,Pardubice,SPO,370
2026-03-07,Pardubice,BPO,36
2026-03-07,Plzeň město,SPO,22
2026-03-07,Plzeň město,BPO,3
2026-03-07,Pobočka Chrášťany,SPO,100
2026-03-07,Pobočka Chrášťany,BPO,24
2026-03-07,Pobočka Chrášťany,XPO,1
2026-03-07,Počernice,SPO,13
2026-03-07,Počernice,BPO,9
2026-03-07,Praha - centrála,SPO,112
2026-03-07,Praha - centrála,BPO,18
2026-03-07,SKLC3,SPO,149
2026-03-07,SKLC3,BPO,206
2026-03-07,SKLC3,XPO,12
2026-03-07,Tábor,SPO,28
2026-03-07,Tábor,BPO,1
2026-03-07,Třebíč,SPO,3
2026-03-07,Zlín,SPO,2
2026-03-07,Zlín,BPO,2
2026-03-07,Ústí nad Labem,SPO,21
2026-03-07,Ústí nad Labem,BPO,7
2026-03-07,Čakovice,SPO,4
2026-03-07,Čakovice,BPO,2
2026-03-07,České Budějovice,SPO,91
2026-03-07,České Budějovice,BPO,6
2026-03-08,Anděl,SPO,35
2026-03-08,Anděl,BPO,9
2026-03-08,Benešov,SPO,10
2026-03-08,Beroun,SPO,3
2026-03-08,Brno,SPO,26
2026-03-08,Brno,BPO,4
2026-03-08,Brno Lískovec,SPO,20
2026-03-08,Brno Lískovec,BPO,3
2026-03-08,Budějovická,SPO,12
2026-03-08,Dejvice,SPO,1
2026-03-08,Děčín,SPO,4
2026-03-08,Frýdek-Místek,SPO,7
2026-03-08,Frýdek-Místek,BPO,2
2026-03-08,HULC1,BPO,1
2026-03-08,Hradec,SPO,12
2026-03-08,Hradec,BPO,1
2026-03-08,Háje,SPO,35
2026-03-08,Háje,BPO,4
2026-03-08,Jihlava,SPO,2
2026-03-08,Karlovy Vary,SPO,2
2026-03-08,Karlovy Vary,BPO,2
2026-03-08,Kladno,SPO,5
2026-03-08,Kladno,BPO,1
2026-03-08,Kolín,SPO,1
2026-03-08,LCS,SPO,919
2026-03-08,LCS,BPO,313
2026-03-08,LCU,SPO,1
2026-03-08,LCU,BPO,3
2026-03-08,Liberec,SPO,10
2026-03-08,Liberec,BPO,1
2026-03-08,Mladá Boleslav,SPO,18
2026-03-08,Most,SPO,13
2026-03-08,Most,BPO,1
2026-03-08,Mělník,SPO,9
2026-03-08,Mělník,BPO,2
2026-03-08,Olomouc,SPO,12
2026-03-08,Olomouc,BPO,5
2026-03-08,Olomouc,XPO,1
2026-03-08,Opava,SPO,1
2026-03-08,Ostrava,SPO,50
2026-03-08,Ostrava,BPO,11
2026-03-08,Pardubice,SPO,22
2026-03-08,Pardubice,BPO,6
2026-03-08,Plzeň město,SPO,25
2026-03-08,Plzeň město,BPO,15
2026-03-08,Pobočka Chrášťany,SPO,103
2026-03-08,Pobočka Chrášťany,BPO,25
2026-03-08,Počernice,SPO,6
2026-03-08,Počernice,BPO,2
2026-03-08,Počernice,XPO,1
2026-03-08,Praha - centrála,SPO,98
2026-03-08,Praha - centrála,BPO,12
2026-03-08,Prostějov,SPO,1
2026-03-08,Příbram,SPO,12
2026-03-08,Příbram,BPO,2
2026-03-08,SKLC3,SPO,154
2026-03-08,SKLC3,BPO,165
2026-03-08,Tábor,SPO,8
2026-03-08,Tábor,BPO,3
2026-03-08,Třebíč,SPO,1
2026-03-08,Třebíč,BPO,1
2026-03-08,Zlín,SPO,10
2026-03-08,Zlín,BPO,2
2026-03-08,Ústí nad Labem,SPO,13
2026-03-08,Ústí nad Labem,BPO,1
2026-03-08,Čakovice,SPO,26
2026-03-08,Čakovice,BPO,9
2026-03-08,České Budějovice,SPO,22
2026-03-08,České Budějovice,BPO,2
2026-03-09,Anděl,SPO,58
2026-03-09,Anděl,BPO,4
2026-03-09,Benešov,SPO,5
2026-03-09,Beroun,SPO,23
2026-03-09,Brno,SPO,25
2026-03-09,Brno,BPO,6
2026-03-09,Brno,XPO,1
2026-03-09,Brno Lískovec,SPO,14
2026-03-09,Brno Lískovec,BPO,2
2026-03-09,Budějovická,SPO,40
2026-03-09,Budějovická,BPO,5
2026-03-09,Chomutov,SPO,1
2026-03-09,Dejvice,SPO,1
2026-03-09,Dejvice,BPO,1
2026-03-09,Děčín,SPO,9
2026-03-09,Děčín,BPO,1
2026-03-09,Frýdek-Místek,SPO,3
2026-03-09,HULC1,SPO,2
2026-03-09,Hradec,SPO,28
2026-03-09,Hradec,BPO,2
2026-03-09,Háje,SPO,35
2026-03-09,Háje,BPO,6
2026-03-09,Jihlava,SPO,7
2026-03-09,Jihlava,BPO,1
2026-03-09,Karlovy Vary,SPO,10
2026-03-09,Karlovy Vary,BPO,1
2026-03-09,Kladno,SPO,3
2026-03-09,Kladno,BPO,2
2026-03-09,LCS,SPO,927
2026-03-09,LCS,BPO,328
2026-03-09,LCS,XPO,9
2026-03-09,LCU,SPO,4
2026-03-09,LCU,BPO,3
2026-03-09,LCU,XPO,12
2026-03-09,Liberec,SPO,4
2026-03-09,Liberec,BPO,2
2026-03-09,Mladá Boleslav,SPO,15
2026-03-09,Mladá Boleslav,BPO,1
2026-03-09,Most,SPO,8
2026-03-09,Most,BPO,3
2026-03-09,Mělník,SPO,12
2026-03-09,Mělník,BPO,1
2026-03-09,Olomouc,SPO,25
2026-03-09,Opava,SPO,1
2026-03-09,Ostrava,SPO,46
2026-03-09,Ostrava,BPO,9
2026-03-09,Pardubice,SPO,12
2026-03-09,Plzeň město,SPO,24
2026-03-09,Plzeň město,BPO,5
2026-03-09,Pobočka Chrášťany,SPO,71
2026-03-09,Pobočka Chrášťany,BPO,14
2026-03-09,Počernice,SPO,10
2026-03-09,Počernice,BPO,1
2026-03-09,Praha - centrála,SPO,108
2026-03-09,Praha - centrála,BPO,9
2026-03-09,Praha - centrála,XPO,1
2026-03-09,Příbram,SPO,4
2026-03-09,SKLC3,SPO,467
2026-03-09,SKLC3,BPO,103
2026-03-09,SKLC3,XPO,19
2026-03-09,Tábor,SPO,9
2026-03-09,Třebíč,SPO,4
2026-03-09,Zlín,SPO,11
2026-03-09,Zlín,BPO,2
2026-03-09,Ústí nad Labem,SPO,31
2026-03-09,Ústí nad Labem,BPO,4
2026-03-09,Čakovice,SPO,32
2026-03-09,Čakovice,BPO,4
2026-03-09,České Budějovice,SPO,20
2026-03-09,České Budějovice,BPO,4
2026-03-10,Anděl,SPO,100
2026-03-10,Anděl,BPO,1
2026-03-10,Benešov,SPO,22
2026-03-10,Beroun,SPO,15
2026-03-10,Beroun,BPO,1
2026-03-10,Brno,SPO,105
2026-03-10,Brno,BPO,8
2026-03-10,Brno Lískovec,SPO,20
2026-03-10,Brno Lískovec,BPO,1
2026-03-10,Budějovická,SPO,30
2026-03-10,Budějovická,BPO,3
2026-03-10,Chomutov,SPO,47
2026-03-10,Dejvice,SPO,64
2026-03-10,Dejvice,BPO,1
2026-03-10,Děčín,SPO,132
2026-03-10,Děčín,BPO,4
2026-03-10,Frýdek-Místek,SPO,7
2026-03-10,HULC1,SPO,1
2026-03-10,HULC1,BPO,1
2026-03-10,Hradec,SPO,22
2026-03-10,Hradec,BPO,4
2026-03-10,Háje,SPO,39
2026-03-10,Háje,BPO,5
2026-03-10,Jihlava,SPO,6
2026-03-10,Jihlava,BPO,1
2026-03-10,Karlovy Vary,SPO,12
2026-03-10,Karlovy Vary,BPO,2
2026-03-10,Kladno,SPO,7
2026-03-10,Kolín,BPO,1
2026-03-10,LCS,SPO,1725
2026-03-10,LCS,BPO,567
2026-03-10,LCU,SPO,13
2026-03-10,LCU,BPO,9
2026-03-10,Liberec,SPO,8
2026-03-10,Liberec,BPO,2
2026-03-10,Mladá Boleslav,SPO,13
2026-03-10,Mladá Boleslav,BPO,3
2026-03-10,Most,SPO,14
2026-03-10,Most,BPO,2
2026-03-10,Mělník,SPO,9
2026-03-10,Olomouc,SPO,23
2026-03-10,Opava,SPO,10
2026-03-10,Opava,BPO,1
2026-03-10,Ostrava,SPO,53
2026-03-10,Ostrava,BPO,9
2026-03-10,Pardubice,SPO,32
2026-03-10,Pardubice,BPO,3
2026-03-10,Plzeň město,SPO,32
2026-03-10,Plzeň město,BPO,8
2026-03-10,Pobočka Chrášťany,SPO,216
2026-03-10,Pobočka Chrášťany,BPO,24
2026-03-10,Počernice,SPO,10
2026-03-10,Počernice,BPO,1
2026-03-10,Praha - centrála,SPO,81
2026-03-10,Praha - centrála,BPO,13
2026-03-10,Prostějov,SPO,1
2026-03-10,Příbram,SPO,8
2026-03-10,Příbram,BPO,1
2026-03-10,SKLC3,SPO,780
2026-03-10,SKLC3,BPO,603
2026-03-10,Tábor,SPO,13
2026-03-10,Třebíč,SPO,11
2026-03-10,Zlín,SPO,24
2026-03-10,Zlín,BPO,3
2026-03-10,Ústí nad Labem,SPO,32
2026-03-10,Ústí nad Labem,BPO,3
2026-03-10,Čakovice,SPO,18
2026-03-10,Čakovice,BPO,11
2026-03-10,České Budějovice,SPO,30
2026-03-11,Anděl,SPO,21
2026-03-11,Anděl,BPO,6
2026-03-11,Benešov,SPO,11
2026-03-11,Benešov,BPO,1
2026-03-11,Beroun,SPO,6
2026-03-11,Brno,SPO,46
2026-03-11,Brno,BPO,7
2026-03-11,Brno Lískovec,SPO,20
2026-03-11,Brno Lískovec,BPO,1
2026-03-11,Budějovická,SPO,11
2026-03-11,Budějovická,BPO,2
2026-03-11,Dejvice,SPO,9
2026-03-11,Dejvice,BPO,1
2026-03-11,Děčín,SPO,13
2026-03-11,Děčín,BPO,1
2026-03-11,Frýdek-Místek,SPO,2
2026-03-11,HULC1,SPO,1
2026-03-11,Hradec,SPO,9
2026-03-11,Háje,SPO,20
2026-03-11,Háje,BPO,4
2026-03-11,Jihlava,SPO,4
2026-03-11,Jihlava,BPO,2
2026-03-11,Karlovy Vary,SPO,3
2026-03-11,Karlovy Vary,BPO,2
2026-03-11,Karlovy Vary,XPO,1
2026-03-11,Kladno,SPO,2
2026-03-11,Kolín,SPO,4
2026-03-11,Kolín,BPO,4
2026-03-11,LCS,SPO,856
2026-03-11,LCS,BPO,279
2026-03-11,LCU,SPO,4
2026-03-11,LCU,BPO,1
2026-03-11,Liberec,SPO,20
2026-03-11,Liberec,BPO,3
2026-03-11,Liberec,XPO,1
2026-03-11,Mladá Boleslav,SPO,17
2026-03-11,Mladá Boleslav,BPO,2
2026-03-11,Most,SPO,12
2026-03-11,Most,BPO,1
2026-03-11,Mělník,SPO,5
2026-03-11,Mělník,BPO,4
2026-03-11,Olomouc,SPO,11
2026-03-11,Olomouc,BPO,2
2026-03-11,Ostrava,SPO,66
2026-03-11,Ostrava,BPO,3
2026-03-11,Pardubice,SPO,6
2026-03-11,Pardubice,BPO,1
2026-03-11,Plzeň město,SPO,23
2026-03-11,Plzeň město,BPO,1
2026-03-11,Pobočka Chrášťany,SPO,78
2026-03-11,Pobočka Chrášťany,BPO,18
2026-03-11,Počernice,SPO,13
2026-03-11,Počernice,BPO,3
2026-03-11,Praha - centrála,SPO,91
2026-03-11,Praha - centrála,BPO,14
2026-03-11,Příbram,SPO,14
2026-03-11,Příbram,BPO,3
2026-03-11,SKLC3,SPO,718
2026-03-11,SKLC3,BPO,144
2026-03-11,Tábor,SPO,13
2026-03-11,Tábor,BPO,1
2026-03-11,Zlín,SPO,7
2026-03-11,Ústí nad Labem,SPO,26
2026-03-11,Ústí nad Labem,BPO,2
2026-03-11,Čakovice,SPO,28
2026-03-11,Čakovice,BPO,4
2026-03-11,České Budějovice,SPO,12
2026-03-11,České Budějovice,BPO,3
2026-03-12,Anděl,SPO,15
2026-03-12,Anděl,BPO,3
2026-03-12,Benešov,SPO,1
2026-03-12,Beroun,SPO,4
2026-03-12,Beroun,BPO,3
2026-03-12,Brno,SPO,33
2026-03-12,Brno,BPO,4
2026-03-12,Brno Lískovec,SPO,24
2026-03-12,Brno Lískovec,BPO,4
2026-03-12,Budějovická,SPO,14
2026-03-12,Budějovická,BPO,4
2026-03-12,Chomutov,SPO,3
2026-03-12,Dejvice,SPO,5
2026-03-12,Děčín,SPO,2
2026-03-12,Frýdek-Místek,SPO,3
2026-03-12,HULC1,SPO,5
2026-03-12,Hradec,SPO,11
2026-03-12,Hradec,BPO,2
2026-03-12,Háje,SPO,14
2026-03-12,Jihlava,SPO,3
2026-03-12,Karlovy Vary,SPO,12
2026-03-12,Karlovy Vary,BPO,1
2026-03-12,Kladno,SPO,4
2026-03-12,Kolín,SPO,3
2026-03-12,LCS,SPO,882
2026-03-12,LCS,BPO,253
2026-03-12,LCU,SPO,1
2026-03-12,LCU,BPO,2
2026-03-12,Liberec,SPO,13
2026-03-12,Liberec,BPO,2
2026-03-12,Mladá Boleslav,SPO,15
2026-03-12,Mladá Boleslav,BPO,4
2026-03-12,Most,SPO,11
2026-03-12,Most,BPO,1
2026-03-12,Mělník,SPO,16
2026-03-12,Mělník,BPO,2
2026-03-12,Olomouc,SPO,14
2026-03-12,Olomouc,BPO,4
2026-03-12,Opava,BPO,1
2026-03-12,Ostrava,SPO,42
2026-03-12,Ostrava,BPO,7
2026-03-12,Pardubice,SPO,20
2026-03-12,Pardubice,BPO,2
2026-03-12,Plzeň město,SPO,22
2026-03-12,Plzeň město,BPO,7
2026-03-12,Pobočka Chrášťany,SPO,43
2026-03-12,Počernice,SPO,18
2026-03-12,Praha - centrála,SPO,70
2026-03-12,Praha - centrála,BPO,6
2026-03-12,Prostějov,BPO,1
2026-03-12,SKLC3,SPO,663
2026-03-12,SKLC3,BPO,198
2026-03-12,Tábor,SPO,20
2026-03-12,Tábor,BPO,2
2026-03-12,Zlín,SPO,1
2026-03-12,Ústí nad Labem,SPO,15
2026-03-12,Ústí nad Labem,BPO,4
2026-03-12,Čakovice,SPO,23
2026-03-12,Čakovice,BPO,9
2026-03-12,České Budějovice,SPO,9
2026-03-13,Anděl,SPO,27
2026-03-13,Anděl,BPO,4
2026-03-13,Benešov,SPO,29
2026-03-13,Beroun,SPO,6
2026-03-13,Beroun,BPO,1
2026-03-13,Brno,SPO,52
2026-03-13,Brno,BPO,5
2026-03-13,Brno Lískovec,SPO,6
2026-03-13,Brno Lískovec,BPO,2
2026-03-13,Budějovická,SPO,7
2026-03-13,Budějovická,BPO,4
2026-03-13,Dejvice,BPO,2
2026-03-13,Děčín,SPO,4
2026-03-13,Děčín,BPO,1
2026-03-13,HULC1,SPO,28
2026-03-13,HULC1,BPO,3
2026-03-13,Hradec,SPO,11
2026-03-13,Hradec,BPO,2
2026-03-13,Háje,SPO,39
2026-03-13,Háje,BPO,9
2026-03-13,Jihlava,SPO,2
2026-03-13,Karlovy Vary,SPO,11
2026-03-13,Karlovy Vary,BPO,3
2026-03-13,Kladno,SPO,1
2026-03-13,Kolín,SPO,7
2026-03-13,Kolín,BPO,1
2026-03-13,LCS,SPO,1331
2026-03-13,LCS,BPO,358
2026-03-13,LCU,SPO,13
2026-03-13,LCU,BPO,8
2026-03-13,Liberec,SPO,15
2026-03-13,Liberec,BPO,2
2026-03-13,Mladá Boleslav,SPO,13
2026-03-13,Mladá Boleslav,BPO,1
2026-03-13,Most,SPO,10
2026-03-13,Most,BPO,2
2026-03-13,Mělník,SPO,11
2026-03-13,Mělník,BPO,2
2026-03-13,Olomouc,SPO,14
2026-03-13,Olomouc,BPO,1
2026-03-13,Ostrava,SPO,49
2026-03-13,Ostrava,BPO,5
2026-03-13,Pardubice,SPO,13
2026-03-13,Pardubice,BPO,5
2026-03-13,Plzeň město,SPO,43
2026-03-13,Plzeň město,BPO,4
2026-03-13,Pobočka Chrášťany,SPO,74
2026-03-13,Pobočka Chrášťany,BPO,3
2026-03-13,Počernice,SPO,31
2026-03-13,Počernice,BPO,3
2026-03-13,Praha - centrála,SPO,88
2026-03-13,Praha - centrála,BPO,16
2026-03-13,Prostějov,SPO,2
2026-03-13,Příbram,SPO,5
2026-03-13,Příbram,BPO,3
2026-03-13,SKLC3,SPO,729
2026-03-13,SKLC3,BPO,227
2026-03-13,Tábor,SPO,15
2026-03-13,Tábor,BPO,3
2026-03-13,Třebíč,SPO,1
2026-03-13,Třebíč,BPO,1
2026-03-13,Zlín,SPO,13
2026-03-13,Zlín,BPO,1
2026-03-13,Ústí nad Labem,SPO,28
2026-03-13,Ústí nad Labem,BPO,5
2026-03-13,Čakovice,SPO,24
2026-03-13,Čakovice,BPO,3
2026-03-13,Čakovice,XPO,1
2026-03-13,České Budějovice,SPO,6
2026-03-13,České Budějovice,BPO,2
2026-03-14,Anděl,SPO,29
2026-03-14,Anděl,BPO,4
2026-03-14,Benešov,SPO,8
2026-03-14,Beroun,SPO,14
2026-03-14,Beroun,BPO,2
2026-03-14,Brno,SPO,39
2026-03-14,Brno,BPO,9
2026-03-14,Brno Lískovec,SPO,31
2026-03-14,Brno Lískovec,BPO,3
2026-03-14,Budějovická,SPO,18
2026-03-14,Budějovická,BPO,2
2026-03-14,Chomutov,SPO,3
2026-03-14,Dejvice,SPO,8
2026-03-14,Děčín,SPO,7
2026-03-14,Děčín,BPO,2
2026-03-14,Frýdek-Místek,SPO,18
2026-03-14,Frýdek-Místek,BPO,1
2026-03-14,HULC1,SPO,5
2026-03-14,HULC1,BPO,2
2026-03-14,Hradec,SPO,27
2026-03-14,Hradec,BPO,3
2026-03-14,Háje,SPO,26
2026-03-14,Háje,BPO,6
2026-03-14,Jihlava,SPO,15
2026-03-14,Jihlava,BPO,3
2026-03-14,Karlovy Vary,SPO,9
2026-03-14,Kladno,SPO,18
2026-03-14,Kolín,SPO,5
2026-03-14,LCS,SPO,924
2026-03-14,LCS,BPO,313
2026-03-14,LCU,SPO,3
2026-03-14,LCU,BPO,1
2026-03-14,Liberec,SPO,51
2026-03-14,Liberec,BPO,1
2026-03-14,Mladá Boleslav,SPO,7
2026-03-14,Mladá Boleslav,BPO,1
2026-03-14,Most,SPO,19
2026-03-14,Most,BPO,2
2026-03-14,Mělník,SPO,19
2026-03-14,Olomouc,SPO,22
2026-03-14,Olomouc,BPO,2
2026-03-14,Opava,SPO,1
2026-03-14,Ostrava,SPO,49
2026-03-14,Ostrava,BPO,4
2026-03-14,Pardubice,SPO,34
2026-03-14,Pardubice,BPO,2
2026-03-14,Plzeň město,SPO,33
2026-03-14,Plzeň město,BPO,8
2026-03-14,Pobočka Chrášťany,SPO,85
2026-03-14,Pobočka Chrášťany,BPO,26
2026-03-14,Počernice,SPO,24
2026-03-14,Počernice,BPO,2
2026-03-14,Praha - centrála,SPO,68
2026-03-14,Praha - centrála,BPO,10
2026-03-14,Prostějov,SPO,4
2026-03-14,Příbram,SPO,4
2026-03-14,SKLC3,SPO,452
2026-03-14,SKLC3,BPO,277
2026-03-14,Tábor,SPO,17
2026-03-14,Tábor,BPO,1
2026-03-14,Třebíč,SPO,14
2026-03-14,Zlín,SPO,16
2026-03-14,Zlín,BPO,3
2026-03-14,Ústí nad Labem,SPO,17
2026-03-14,Ústí nad Labem,BPO,3
2026-03-14,Čakovice,SPO,23
2026-03-14,Čakovice,BPO,12
2026-03-14,České Budějovice,SPO,27
2026-03-14,České Budějovice,BPO,3
2026-03-15,Anděl,SPO,30
2026-03-15,Anděl,BPO,1
2026-03-15,Benešov,SPO,6
2026-03-15,Beroun,SPO,15
2026-03-15,Beroun,BPO,2
2026-03-15,Brno,SPO,42
2026-03-15,Brno,BPO,3
2026-03-15,Brno Lískovec,SPO,15
2026-03-15,Budějovická,SPO,14
2026-03-15,Budějovická,BPO,4
2026-03-15,Chomutov,SPO,4
2026-03-15,Dejvice,SPO,2
2026-03-15,Děčín,SPO,3
2026-03-15,Frýdek-Místek,SPO,7
2026-03-15,Frýdek-Místek,BPO,2
2026-03-15,HULC1,SPO,1
2026-03-15,Hradec,SPO,16
2026-03-15,Háje,SPO,35
2026-03-15,Háje,BPO,10
2026-03-15,Jihlava,SPO,12
2026-03-15,Karlovy Vary,SPO,12
2026-03-15,Karlovy Vary,BPO,2
2026-03-15,Kladno,SPO,8
2026-03-15,LCS,SPO,808
2026-03-15,LCS,BPO,187
2026-03-15,LCS,XPO,2
2026-03-15,Liberec,SPO,21
2026-03-15,Mladá Boleslav,SPO,16
2026-03-15,Mladá Boleslav,BPO,4
2026-03-15,Most,SPO,17
2026-03-15,Mělník,SPO,10
2026-03-15,Mělník,BPO,1
2026-03-15,Olomouc,SPO,23
2026-03-15,Olomouc,BPO,4
2026-03-15,Ostrava,SPO,32
2026-03-15,Ostrava,BPO,8
2026-03-15,Pardubice,SPO,27
2026-03-15,Pardubice,BPO,1
2026-03-15,Plzeň město,SPO,36
2026-03-15,Plzeň město,BPO,4
2026-03-15,Pobočka Chrášťany,SPO,112
2026-03-15,Pobočka Chrášťany,BPO,21
2026-03-15,Počernice,SPO,37
2026-03-15,Počernice,BPO,3
2026-03-15,Praha - centrála,SPO,70
2026-03-15,Praha - centrála,BPO,14
2026-03-15,Prostějov,SPO,4
2026-03-15,Příbram,SPO,1
2026-03-15,SKLC3,SPO,672
2026-03-15,SKLC3,BPO,106
2026-03-15,Tábor,SPO,10
2026-03-15,Tábor,BPO,2
2026-03-15,Třebíč,BPO,1
2026-03-15,Zlín,SPO,11
2026-03-15,Zlín,BPO,1
2026-03-15,Ústí nad Labem,SPO,28
2026-03-15,Ústí nad Labem,BPO,4
2026-03-15,Čakovice,SPO,28
2026-03-15,Čakovice,BPO,5
2026-03-15,České Budějovice,SPO,12
2026-03-15,České Budějovice,BPO,4
2026-03-16,Anděl,SPO,23
2026-03-16,Anděl,BPO,5
2026-03-16,Benešov,SPO,6
2026-03-16,Beroun,SPO,8
2026-03-16,Beroun,BPO,12
2026-03-16,Brno,SPO,34
2026-03-16,Brno,BPO,4
2026-03-16,Brno Lískovec,SPO,9
2026-03-16,Brno Lískovec,BPO,3
2026-03-16,Budějovická,SPO,62
2026-03-16,Budějovická,BPO,9
2026-03-16,Chomutov,SPO,2
2026-03-16,Chomutov,BPO,2
2026-03-16,Dejvice,SPO,2
2026-03-16,Dejvice,BPO,1
2026-03-16,Děčín,SPO,3
2026-03-16,Děčín,BPO,1
2026-03-16,Frýdek-Místek,SPO,5
2026-03-16,HULC1,SPO,4
2026-03-16,Hradec,SPO,4
2026-03-16,Háje,SPO,39
2026-03-16,Háje,BPO,8
2026-03-16,Jihlava,SPO,4
2026-03-16,Karlovy Vary,SPO,8
2026-03-16,Karlovy Vary,BPO,3
2026-03-16,Kladno,SPO,5
2026-03-16,Kladno,BPO,2
2026-03-16,Kolín,SPO,1
2026-03-16,Kolín,BPO,1
2026-03-16,LCS,SPO,967
2026-03-16,LCS,BPO,248
2026-03-16,LCU,SPO,4
2026-03-16,LCU,BPO,4
2026-03-16,Liberec,SPO,7
2026-03-16,Liberec,BPO,1
2026-03-16,Mladá Boleslav,SPO,10
2026-03-16,Mladá Boleslav,BPO,1
2026-03-16,Most,SPO,18
2026-03-16,Most,BPO,3
2026-03-16,Mělník,SPO,14
2026-03-16,Olomouc,SPO,14
2026-03-16,Olomouc,BPO,2
2026-03-16,Opava,SPO,15
2026-03-16,Ostrava,SPO,37
2026-03-16,Ostrava,BPO,10
2026-03-16,Pardubice,SPO,14
2026-03-16,Pardubice,BPO,1
2026-03-16,Plzeň město,SPO,30
2026-03-16,Plzeň město,BPO,4
2026-03-16,Plzeň město,XPO,1
2026-03-16,Pobočka Chrášťany,SPO,101
2026-03-16,Pobočka Chrášťany,BPO,18
2026-03-16,Počernice,SPO,23
2026-03-16,Počernice,BPO,6
2026-03-16,Praha - centrála,SPO,103
2026-03-16,Praha - centrála,BPO,14
2026-03-16,Příbram,SPO,6
2026-03-16,Příbram,BPO,2
2026-03-16,SKLC3,SPO,658
2026-03-16,SKLC3,BPO,201
2026-03-16,Tábor,SPO,5
2026-03-16,Tábor,BPO,5
2026-03-16,Třebíč,SPO,1
2026-03-16,Zlín,SPO,16
2026-03-16,Ústí nad Labem,SPO,18
2026-03-16,Ústí nad Labem,BPO,1
2026-03-16,Čakovice,SPO,23
2026-03-16,Čakovice,BPO,2
2026-03-16,České Budějovice,SPO,33
2026-03-16,České Budějovice,BPO,3
2026-03-17,Anděl,SPO,42
2026-03-17,Anděl,BPO,2
2026-03-17,Benešov,SPO,12
2026-03-17,Benešov,BPO,1
2026-03-17,Beroun,SPO,31
2026-03-17,Beroun,BPO,2
2026-03-17,Brno,SPO,22
2026-03-17,Brno,BPO,2
2026-03-17,Brno Lískovec,SPO,23
2026-03-17,Brno Lískovec,BPO,5
2026-03-17,Budějovická,SPO,27
2026-03-17,Budějovická,BPO,5
2026-03-17,Chomutov,SPO,13
2026-03-17,Chomutov,BPO,1
2026-03-17,Dejvice,SPO,26
2026-03-17,Dejvice,BPO,4
2026-03-17,Děčín,SPO,14
2026-03-17,Děčín,BPO,2
2026-03-17,Frýdek-Místek,SPO,19
2026-03-17,Frýdek-Místek,BPO,1
2026-03-17,HULC1,SPO,3
2026-03-17,Hradec,SPO,17
2026-03-17,Hradec,BPO,1
2026-03-17,Háje,SPO,25
2026-03-17,Háje,BPO,7
2026-03-17,Jihlava,SPO,3
2026-03-17,Karlovy Vary,SPO,15
2026-03-17,Karlovy Vary,BPO,1
2026-03-17,Kolín,SPO,4
2026-03-17,Kolín,BPO,1
2026-03-17,Kolín,XPO,1
2026-03-17,LCS,SPO,1234
2026-03-17,LCS,BPO,375
2026-03-17,LCU,SPO,38
2026-03-17,LCU,BPO,6
2026-03-17,Liberec,SPO,22
2026-03-17,Mladá Boleslav,SPO,34
2026-03-17,Mladá Boleslav,BPO,1
2026-03-17,Most,SPO,27
2026-03-17,Most,BPO,1
2026-03-17,Most,XPO,1
2026-03-17,Mělník,SPO,6
2026-03-17,Olomouc,SPO,27
2026-03-17,Olomouc,BPO,1
2026-03-17,Opava,SPO,5
2026-03-17,Ostrava,SPO,59
2026-03-17,Ostrava,BPO,5
2026-03-17,Pardubice,SPO,13
2026-03-17,Pardubice,BPO,2
2026-03-17,Plzeň město,SPO,33
2026-03-17,Plzeň město,BPO,7
2026-03-17,Pobočka Chrášťany,SPO,130
2026-03-17,Pobočka Chrášťany,BPO,22
2026-03-17,Počernice,SPO,25
2026-03-17,Praha - centrála,SPO,131
2026-03-17,Praha - centrála,BPO,12
2026-03-17,Prostějov,SPO,5
2026-03-17,Prostějov,BPO,1
2026-03-17,Příbram,SPO,4
2026-03-17,SKLC3,SPO,1347
2026-03-17,SKLC3,BPO,198
2026-03-17,Tábor,SPO,14
2026-03-17,Tábor,BPO,2
2026-03-17,Třebíč,SPO,3
2026-03-17,Zlín,SPO,25
2026-03-17,Zlín,BPO,3
2026-03-17,Ústí nad Labem,SPO,36
2026-03-17,Ústí nad Labem,BPO,8
2026-03-17,Čakovice,SPO,28
2026-03-17,Čakovice,BPO,1
2026-03-17,České Budějovice,SPO,9
2026-03-17,České Budějovice,BPO,5
2026-03-18,Anděl,SPO,10
2026-03-18,Anděl,BPO,3
2026-03-18,Benešov,SPO,5
2026-03-18,Benešov,BPO,6
2026-03-18,Beroun,SPO,5
2026-03-18,Brno,SPO,32
2026-03-18,Brno,BPO,3
2026-03-18,Brno Lískovec,SPO,12
2026-03-18,Budějovická,SPO,19
2026-03-18,Budějovická,BPO,3
2026-03-18,Dejvice,SPO,6
2026-03-18,Dejvice,BPO,6
2026-03-18,Děčín,SPO,12
2026-03-18,Děčín,BPO,1
2026-03-18,Frýdek-Místek,SPO,4
2026-03-18,Frýdek-Místek,BPO,2
2026-03-18,HULC1,SPO,5
2026-03-18,HULC1,BPO,3
2026-03-18,Hradec,SPO,15
2026-03-18,Hradec,BPO,6
2026-03-18,Háje,SPO,33
2026-03-18,Háje,BPO,9
2026-03-18,Jihlava,SPO,16
2026-03-18,Karlovy Vary,SPO,19
2026-03-18,Karlovy Vary,BPO,7
2026-03-18,Kladno,SPO,3
2026-03-18,LCS,SPO,945
2026-03-18,LCS,BPO,243
2026-03-18,LCU,SPO,7
2026-03-18,LCU,BPO,4
2026-03-18,Liberec,SPO,15
2026-03-18,Liberec,BPO,1
2026-03-18,Mladá Boleslav,SPO,10
2026-03-18,Mladá Boleslav,BPO,4
2026-03-18,Most,SPO,16
2026-03-18,Most,BPO,3
2026-03-18,Mělník,SPO,8
2026-03-18,Mělník,BPO,1
2026-03-18,Olomouc,SPO,15
2026-03-18,Olomouc,BPO,4
2026-03-18,Opava,SPO,1
2026-03-18,Ostrava,SPO,63
2026-03-18,Ostrava,BPO,7
2026-03-18,Pardubice,SPO,6
2026-03-18,Pardubice,BPO,2
2026-03-18,Plzeň město,SPO,23
2026-03-18,Plzeň město,BPO,3
2026-03-18,Plzeň město,XPO,1
2026-03-18,Pobočka Chrášťany,SPO,201
2026-03-18,Pobočka Chrášťany,BPO,9
2026-03-18,Počernice,SPO,10
2026-03-18,Počernice,BPO,5
2026-03-18,Praha - centrála,SPO,89
2026-03-18,Praha - centrála,BPO,15
2026-03-18,Příbram,SPO,6
2026-03-18,Příbram,BPO,1
2026-03-18,SKLC3,SPO,620
2026-03-18,SKLC3,BPO,180
2026-03-18,Tábor,SPO,77
2026-03-18,Tábor,BPO,14
2026-03-18,Třebíč,SPO,2
2026-03-18,Zlín,SPO,21
2026-03-18,Zlín,BPO,1
2026-03-18,Ústí nad Labem,SPO,19
2026-03-18,Ústí nad Labem,BPO,6
2026-03-18,Čakovice,SPO,20
2026-03-18,Čakovice,BPO,3
2026-03-18,České Budějovice,SPO,10
2026-03-18,České Budějovice,BPO,2
2026-03-19,Anděl,SPO,14
2026-03-19,Anděl,BPO,1
2026-03-19,Benešov,SPO,20
2026-03-19,Benešov,BPO,1
2026-03-19,Beroun,SPO,9
2026-03-19,Brno,SPO,52
2026-03-19,Brno,BPO,3
2026-03-19,Brno Lískovec,SPO,10
2026-03-19,Budějovická,SPO,16
2026-03-19,Budějovická,BPO,7
2026-03-19,Dejvice,SPO,3
2026-03-19,Dejvice,BPO,1
2026-03-19,Děčín,SPO,5
2026-03-19,Děčín,BPO,1
2026-03-19,Frýdek-Místek,SPO,7
2026-03-19,HULC1,SPO,1
2026-03-19,HULC1,BPO,1
2026-03-19,Hradec,SPO,12
2026-03-19,Hradec,BPO,3
2026-03-19,Háje,SPO,20
2026-03-19,Háje,BPO,4
2026-03-19,Jihlava,SPO,10
2026-03-19,Jihlava,BPO,1
2026-03-19,Karlovy Vary,SPO,21
2026-03-19,Karlovy Vary,BPO,2
2026-03-19,Kladno,SPO,2
2026-03-19,LCS,SPO,730
2026-03-19,LCS,BPO,209
2026-03-19,LCU,SPO,9
2026-03-19,LCU,BPO,8
2026-03-19,Liberec,SPO,28
2026-03-19,Liberec,BPO,3
2026-03-19,Mladá Boleslav,SPO,14
2026-03-19,Mladá Boleslav,BPO,7
2026-03-19,Most,SPO,11
2026-03-19,Most,BPO,4
2026-03-19,Mělník,SPO,12
2026-03-19,Olomouc,SPO,10
2026-03-19,Opava,SPO,4
2026-03-19,Opava,BPO,2
2026-03-19,Ostrava,SPO,44
2026-03-19,Ostrava,BPO,2
2026-03-19,Pardubice,SPO,11
2026-03-19,Pardubice,BPO,2
2026-03-19,Plzeň město,SPO,32
2026-03-19,Plzeň město,BPO,3
2026-03-19,Pobočka Chrášťany,SPO,110
2026-03-19,Pobočka Chrášťany,BPO,18
2026-03-19,Počernice,SPO,10
2026-03-19,Počernice,BPO,2
2026-03-19,Praha - centrála,SPO,63
2026-03-19,Praha - centrála,BPO,6
2026-03-19,Příbram,SPO,2
2026-03-19,SKLC3,SPO,652
2026-03-19,SKLC3,BPO,155
2026-03-19,Tábor,SPO,8
2026-03-19,Tábor,BPO,1
2026-03-19,Třebíč,SPO,6
2026-03-19,Zlín,SPO,5
2026-03-19,Ústí nad Labem,SPO,23
2026-03-19,Ústí nad Labem,BPO,1
2026-03-19,Čakovice,SPO,36
2026-03-19,Čakovice,BPO,3
2026-03-19,České Budějovice,SPO,35
2026-03-19,České Budějovice,BPO,2
2026-03-20,Anděl,SPO,17
2026-03-20,Anděl,BPO,1
2026-03-20,Benešov,SPO,4
2026-03-20,Benešov,BPO,3
2026-03-20,Beroun,SPO,5
2026-03-20,Brno,SPO,32
2026-03-20,Brno,BPO,8
2026-03-20,Brno Lískovec,SPO,9
2026-03-20,Budějovická,SPO,27
2026-03-20,Budějovická,BPO,3
2026-03-20,Děčín,SPO,6
2026-03-20,Děčín,BPO,1
2026-03-20,Frýdek-Místek,SPO,12
2026-03-20,Frýdek-Místek,BPO,1
2026-03-20,HULC1,SPO,2
2026-03-20,Hradec,SPO,18
2026-03-20,Hradec,BPO,3
2026-03-20,Háje,SPO,30
2026-03-20,Háje,BPO,8
2026-03-20,Jihlava,SPO,16
2026-03-20,Jihlava,BPO,3
2026-03-20,Karlovy Vary,SPO,18
2026-03-20,Kladno,SPO,2
2026-03-20,Kladno,BPO,2
2026-03-20,Kolín,SPO,4
2026-03-20,Kolín,BPO,1
2026-03-20,LCS,SPO,686
2026-03-20,LCS,BPO,232
2026-03-20,LCU,SPO,2
2026-03-20,LCU,BPO,4
2026-03-20,Liberec,SPO,15
2026-03-20,Liberec,BPO,3
2026-03-20,Mladá Boleslav,SPO,12
2026-03-20,Mladá Boleslav,BPO,4
2026-03-20,Most,SPO,18
2026-03-20,Most,BPO,2
2026-03-20,Mělník,SPO,7
2026-03-20,Olomouc,SPO,25
2026-03-20,Olomouc,BPO,3
2026-03-20,Opava,SPO,5
2026-03-20,Ostrava,SPO,25
2026-03-20,Ostrava,BPO,4
2026-03-20,Pardubice,SPO,15
2026-03-20,Pardubice,BPO,3
2026-03-20,Plzeň město,SPO,22
2026-03-20,Pobočka Chrášťany,SPO,94
2026-03-20,Pobočka Chrášťany,BPO,11
2026-03-20,Pobočka Chrášťany,XPO,1
2026-03-20,Počernice,SPO,15
2026-03-20,Počernice,BPO,4
2026-03-20,Praha - centrála,SPO,111
2026-03-20,Praha - centrála,BPO,29
2026-03-20,Prostějov,BPO,1
2026-03-20,Příbram,SPO,12
2026-03-20,SKLC3,SPO,1800
2026-03-20,SKLC3,BPO,249
2026-03-20,Tábor,SPO,9
2026-03-20,Tábor,BPO,3
2026-03-20,Třebíč,SPO,2
2026-03-20,Zlín,SPO,10
2026-03-20,Ústí nad Labem,SPO,11
2026-03-20,Ústí nad Labem,BPO,1
2026-03-20,Čakovice,SPO,18
2026-03-20,Čakovice,BPO,1
2026-03-20,České Budějovice,SPO,7
2026-03-21,Anděl,SPO,37
2026-03-21,Anděl,BPO,4
2026-03-21,Benešov,SPO,7
2026-03-21,Benešov,BPO,2
2026-03-21,Beroun,SPO,8
2026-03-21,Beroun,BPO,1
2026-03-21,Brno,SPO,38
2026-03-21,Brno,BPO,5
2026-03-21,Brno Lískovec,SPO,36
2026-03-21,Brno Lískovec,BPO,3
2026-03-21,Budějovická,SPO,25
2026-03-21,Budějovická,BPO,4
2026-03-21,Chomutov,SPO,6
2026-03-21,Dejvice,SPO,6
2026-03-21,Dejvice,BPO,1
2026-03-21,Děčín,SPO,2
2026-03-21,Děčín,BPO,1
2026-03-21,Frýdek-Místek,SPO,6
2026-03-21,Hradec,SPO,18
2026-03-21,Hradec,BPO,3
2026-03-21,Háje,SPO,25
2026-03-21,Háje,BPO,6
2026-03-21,Jihlava,SPO,24
2026-03-21,Jihlava,BPO,2
2026-03-21,Karlovy Vary,SPO,17
2026-03-21,Kladno,SPO,8
2026-03-21,Kladno,BPO,1
2026-03-21,Kolín,SPO,1
2026-03-21,LCS,SPO,574
2026-03-21,LCS,BPO,195
2026-03-21,LCS,XPO,2
2026-03-21,LCU,SPO,15
2026-03-21,LCU,BPO,2
2026-03-21,Liberec,SPO,10
2026-03-21,Liberec,BPO,1
2026-03-21,Mladá Boleslav,SPO,9
2026-03-21,Most,SPO,18
2026-03-21,Most,BPO,6
2026-03-21,Mělník,SPO,13
2026-03-21,Mělník,BPO,1
2026-03-21,Olomouc,SPO,13
2026-03-21,Olomouc,BPO,1
2026-03-21,Opava,SPO,2
2026-03-21,Ostrava,SPO,21
2026-03-21,Ostrava,BPO,4
2026-03-21,Pardubice,SPO,12
2026-03-21,Pardubice,BPO,1
2026-03-21,Plzeň město,SPO,14
2026-03-21,Plzeň město,BPO,1
2026-03-21,Pobočka Chrášťany,SPO,93
2026-03-21,Pobočka Chrášťany,BPO,18
2026-03-21,Počernice,SPO,21
2026-03-21,Počernice,BPO,4
2026-03-21,Praha - centrála,SPO,117
2026-03-21,Praha - centrála,BPO,15
2026-03-21,Příbram,SPO,8
2026-03-21,Příbram,BPO,4
2026-03-21,SKLC3,SPO,453
2026-03-21,SKLC3,BPO,141
2026-03-21,Tábor,SPO,5
2026-03-21,Tábor,BPO,1
2026-03-21,Třebíč,SPO,2
2026-03-21,Zlín,SPO,13
2026-03-21,Zlín,BPO,5
2026-03-21,Ústí nad Labem,SPO,15
2026-03-21,Ústí nad Labem,BPO,3
2026-03-21,Čakovice,SPO,5
2026-03-21,Čakovice,BPO,5
2026-03-21,České Budějovice,SPO,23
2026-03-21,České Budějovice,BPO,4
2026-03-22,Anděl,SPO,27
2026-03-22,Anděl,BPO,4
2026-03-22,Benešov,SPO,8
2026-03-22,Beroun,SPO,8
2026-03-22,Beroun,BPO,1
2026-03-22,Brno,SPO,41
2026-03-22,Brno,BPO,2
2026-03-22,Brno Lískovec,SPO,13
2026-03-22,Brno Lískovec,BPO,1
2026-03-22,Budějovická,SPO,18
2026-03-22,Budějovická,BPO,4
2026-03-22,Dejvice,SPO,2
2026-03-22,Dejvice,BPO,3
2026-03-22,Děčín,SPO,19
2026-03-22,Děčín,BPO,2
2026-03-22,Frýdek-Místek,SPO,6
2026-03-22,Hradec,SPO,11
2026-03-22,Hradec,BPO,1
2026-03-22,Háje,SPO,19
2026-03-22,Háje,BPO,6
2026-03-22,Jihlava,SPO,3
2026-03-22,Jihlava,BPO,1
2026-03-22,Karlovy Vary,SPO,9
2026-03-22,Kladno,SPO,1
2026-03-22,Kolín,SPO,5
2026-03-22,LCS,SPO,513
2026-03-22,LCS,BPO,126
2026-03-22,LCU,SPO,1
2026-03-22,LCU,BPO,1
2026-03-22,Liberec,SPO,12
2026-03-22,Liberec,BPO,1
2026-03-22,Mladá Boleslav,SPO,13
2026-03-22,Mladá Boleslav,BPO,2
2026-03-22,Most,SPO,4
2026-03-22,Mělník,SPO,2
2026-03-22,Olomouc,SPO,22
2026-03-22,Olomouc,BPO,4
2026-03-22,Ostrava,SPO,37
2026-03-22,Ostrava,BPO,7
2026-03-22,Pardubice,SPO,10
2026-03-22,Pardubice,BPO,2
2026-03-22,Plzeň město,SPO,26
2026-03-22,Plzeň město,BPO,2
2026-03-22,Pobočka Chrášťany,SPO,74
2026-03-22,Pobočka Chrášťany,BPO,15
2026-03-22,Počernice,SPO,6
2026-03-22,Počernice,BPO,3
2026-03-22,Praha - centrála,SPO,94
2026-03-22,Praha - centrála,BPO,18
2026-03-22,Prostějov,SPO,2
2026-03-22,Příbram,SPO,17
2026-03-22,SKLC3,SPO,576
2026-03-22,SKLC3,BPO,85
2026-03-22,Tábor,SPO,4
2026-03-22,Třebíč,SPO,9
2026-03-22,Zlín,SPO,24
2026-03-22,Zlín,BPO,2
2026-03-22,Ústí nad Labem,SPO,18
2026-03-22,Ústí nad Labem,BPO,4
2026-03-22,Čakovice,SPO,12
2026-03-22,Čakovice,BPO,153
2026-03-22,České Budějovice,SPO,12
2026-03-22,České Budějovice,BPO,1
2026-03-23,Anděl,SPO,41
2026-03-23,Anděl,BPO,11
2026-03-23,Benešov,SPO,13
2026-03-23,Benešov,BPO,1
2026-03-23,Beroun,SPO,8
2026-03-23,Beroun,BPO,4
2026-03-23,Brno,SPO,37
2026-03-23,Brno,BPO,5
2026-03-23,Brno Lískovec,SPO,29
2026-03-23,Budějovická,SPO,21
2026-03-23,Budějovická,BPO,3
2026-03-23,Chomutov,SPO,1
2026-03-23,Děčín,SPO,13
2026-03-23,Děčín,BPO,1
2026-03-23,Frýdek-Místek,SPO,4
2026-03-23,HULC1,SPO,4
2026-03-23,Hradec,SPO,17
2026-03-23,Háje,SPO,19
2026-03-23,Jihlava,SPO,9
2026-03-23,Jihlava,BPO,2
2026-03-23,Karlovy Vary,SPO,16
2026-03-23,Karlovy Vary,BPO,3
2026-03-23,Kladno,SPO,10
2026-03-23,Kladno,BPO,1
2026-03-23,Kolín,SPO,1
2026-03-23,Kolín,BPO,1
2026-03-23,LCS,SPO,703
2026-03-23,LCS,BPO,267
2026-03-23,LCU,SPO,5
2026-03-23,LCU,BPO,6
2026-03-23,Liberec,SPO,10
2026-03-23,Liberec,BPO,4
2026-03-23,Mladá Boleslav,SPO,25
2026-03-23,Mladá Boleslav,BPO,4
2026-03-23,Most,SPO,12
2026-03-23,Most,BPO,3
2026-03-23,Mělník,SPO,15
2026-03-23,Mělník,BPO,1
2026-03-23,Olomouc,SPO,11
2026-03-23,Olomouc,BPO,6
2026-03-23,Ostrava,SPO,36
2026-03-23,Ostrava,BPO,5
2026-03-23,Pardubice,SPO,15
2026-03-23,Pardubice,BPO,4
2026-03-23,Plzeň město,SPO,37
2026-03-23,Plzeň město,BPO,8
2026-03-23,Pobočka Chrášťany,SPO,98
2026-03-23,Pobočka Chrášťany,BPO,14
2026-03-23,Počernice,SPO,22
2026-03-23,Počernice,BPO,9
2026-03-23,Praha - centrála,SPO,157
2026-03-23,Praha - centrála,BPO,28
2026-03-23,Prostějov,BPO,1
2026-03-23,Příbram,SPO,2
2026-03-23,SKLC3,SPO,871
2026-03-23,SKLC3,BPO,218
2026-03-23,SKLC3,XPO,1
2026-03-23,Tábor,SPO,7
2026-03-23,Tábor,BPO,2
2026-03-23,Třebíč,SPO,1
2026-03-23,Zlín,SPO,15
2026-03-23,Zlín,BPO,1
2026-03-23,Ústí nad Labem,SPO,21
2026-03-23,Ústí nad Labem,BPO,2
2026-03-23,Čakovice,SPO,42
2026-03-23,Čakovice,BPO,5
2026-03-23,České Budějovice,SPO,163
2026-03-23,České Budějovice,BPO,11
2026-03-24,Anděl,SPO,25
2026-03-24,Anděl,BPO,9
2026-03-24,Benešov,SPO,9
2026-03-24,Benešov,BPO,1
2026-03-24,Beroun,SPO,2
2026-03-24,Brno,SPO,23
2026-03-24,Brno,BPO,4
2026-03-24,Brno Lískovec,SPO,15
2026-03-24,Brno Lískovec,BPO,2
2026-03-24,Budějovická,SPO,18
2026-03-24,Budějovická,BPO,2
2026-03-24,Chomutov,SPO,6
2026-03-24,Chomutov,BPO,1
2026-03-24,Děčín,SPO,12
2026-03-24,Děčín,BPO,3
2026-03-24,Frýdek-Místek,SPO,8
2026-03-24,Frýdek-Místek,BPO,4
2026-03-24,HULC1,SPO,19
2026-03-24,Hradec,SPO,17
2026-03-24,Hradec,BPO,4
2026-03-24,Háje,SPO,13
2026-03-24,Háje,BPO,5
2026-03-24,Jihlava,SPO,5
2026-03-24,Jihlava,BPO,2
2026-03-24,Karlovy Vary,SPO,10
2026-03-24,Kladno,SPO,5
2026-03-24,Kolín,SPO,1
2026-03-24,LCS,SPO,1013
2026-03-24,LCS,BPO,345
2026-03-24,LCU,SPO,50
2026-03-24,LCU,BPO,4
2026-03-24,LCU,XPO,1
2026-03-24,Liberec,SPO,27
2026-03-24,Liberec,BPO,2
2026-03-24,Mladá Boleslav,SPO,20
2026-03-24,Mladá Boleslav,BPO,1
2026-03-24,Most,SPO,8
2026-03-24,Most,BPO,10
2026-03-24,Mělník,SPO,10
2026-03-24,Mělník,BPO,4
2026-03-24,Olomouc,SPO,8
2026-03-24,Olomouc,BPO,2
2026-03-24,Opava,SPO,2
2026-03-24,Ostrava,SPO,44
2026-03-24,Ostrava,BPO,9
2026-03-24,Pardubice,SPO,51
2026-03-24,Pardubice,BPO,9
2026-03-24,Plzeň město,SPO,17
2026-03-24,Plzeň město,BPO,11
2026-03-24,Pobočka Chrášťany,SPO,110
2026-03-24,Pobočka Chrášťany,BPO,13
2026-03-24,Počernice,SPO,35
2026-03-24,Počernice,BPO,12
2026-03-24,Praha - centrála,SPO,100
2026-03-24,Praha - centrála,BPO,20
2026-03-24,Příbram,SPO,5
2026-03-24,SKLC3,SPO,1015
2026-03-24,SKLC3,BPO,260
2026-03-24,Tábor,SPO,5
2026-03-24,Třebíč,SPO,2
2026-03-24,Třebíč,BPO,1
2026-03-24,Zlín,SPO,27
2026-03-24,Zlín,BPO,7
2026-03-24,Ústí nad Labem,SPO,14
2026-03-24,Ústí nad Labem,BPO,2
2026-03-24,Čakovice,SPO,33
2026-03-24,Čakovice,BPO,2
2026-03-24,České Budějovice,SPO,12
2026-03-24,České Budějovice,BPO,1
2026-03-25,Anděl,SPO,28
2026-03-25,Anděl,BPO,2
2026-03-25,Benešov,SPO,4
2026-03-25,Benešov,BPO,2
2026-03-25,Beroun,SPO,3
2026-03-25,Beroun,BPO,1
2026-03-25,Brno,SPO,37
2026-03-25,Brno,BPO,2
2026-03-25,Brno Lískovec,SPO,13
2026-03-25,Brno Lískovec,BPO,1
2026-03-25,Budějovická,SPO,18
2026-03-25,Budějovická,BPO,4
2026-03-25,Dejvice,SPO,3
2026-03-25,Dejvice,BPO,1
2026-03-25,Děčín,SPO,2
2026-03-25,Frýdek-Místek,SPO,6
2026-03-25,HULC1,SPO,3
2026-03-25,Hradec,SPO,23
2026-03-25,Hradec,BPO,4
2026-03-25,Háje,SPO,21
2026-03-25,Háje,BPO,3
2026-03-25,Jihlava,SPO,2
2026-03-25,Karlovy Vary,SPO,9
2026-03-25,Kladno,SPO,1
2026-03-25,Kolín,SPO,5
2026-03-25,Kolín,BPO,2
2026-03-25,LCS,SPO,511
2026-03-25,LCS,BPO,181
2026-03-25,LCS,XPO,2
2026-03-25,LCU,SPO,11
2026-03-25,LCU,BPO,2
2026-03-25,Liberec,SPO,6
2026-03-25,Mladá Boleslav,SPO,8
2026-03-25,Mladá Boleslav,BPO,1
2026-03-25,Most,SPO,13
2026-03-25,Most,BPO,3
2026-03-25,Mělník,SPO,24
2026-03-25,Mělník,BPO,2
2026-03-25,Olomouc,SPO,10
2026-03-25,Opava,SPO,1
2026-03-25,Ostrava,SPO,38
2026-03-25,Ostrava,BPO,8
2026-03-25,Pardubice,SPO,8
2026-03-25,Plzeň město,SPO,21
2026-03-25,Plzeň město,BPO,5
2026-03-25,Pobočka Chrášťany,SPO,107
2026-03-25,Pobočka Chrášťany,BPO,20
2026-03-25,Počernice,SPO,6
2026-03-25,Počernice,BPO,1
2026-03-25,Praha - centrála,SPO,128
2026-03-25,Praha - centrála,BPO,22
2026-03-25,Prostějov,SPO,1
2026-03-25,Příbram,SPO,5
2026-03-25,SKLC3,SPO,748
2026-03-25,SKLC3,BPO,155
2026-03-25,Tábor,SPO,10
2026-03-25,Třebíč,SPO,4
2026-03-25,Zlín,SPO,7
2026-03-25,Ústí nad Labem,SPO,9
2026-03-25,Ústí nad Labem,BPO,1
2026-03-25,Čakovice,SPO,55
2026-03-25,Čakovice,BPO,4
2026-03-25,České Budějovice,SPO,15
2026-03-25,České Budějovice,BPO,4
2026-03-26,Anděl,SPO,22
2026-03-26,Anděl,BPO,4
2026-03-26,Benešov,SPO,6
2026-03-26,Benešov,BPO,3
2026-03-26,Beroun,SPO,9
2026-03-26,Beroun,BPO,3
2026-03-26,Brno,SPO,30
2026-03-26,Brno,BPO,6
2026-03-26,Brno Lískovec,SPO,13
2026-03-26,Budějovická,SPO,13
2026-03-26,Chomutov,BPO,1
2026-03-26,Dejvice,SPO,10
2026-03-26,Dejvice,BPO,1
2026-03-26,Děčín,SPO,6
2026-03-26,Frýdek-Místek,SPO,8
2026-03-26,HULC1,SPO,4
2026-03-26,Hradec,SPO,3
2026-03-26,Hradec,BPO,5
2026-03-26,Háje,SPO,16
2026-03-26,Háje,BPO,5
2026-03-26,Jihlava,SPO,6
2026-03-26,Jihlava,BPO,2
2026-03-26,Karlovy Vary,SPO,15
2026-03-26,Karlovy Vary,BPO,2
2026-03-26,Kladno,SPO,5
2026-03-26,Kolín,SPO,4
2026-03-26,LCS,SPO,656
2026-03-26,LCS,BPO,138
2026-03-26,LCU,SPO,4
2026-03-26,LCU,BPO,32
2026-03-26,Liberec,SPO,13
2026-03-26,Liberec,BPO,1
2026-03-26,Mladá Boleslav,SPO,5
2026-03-26,Mladá Boleslav,BPO,1
2026-03-26,Most,SPO,6
2026-03-26,Most,BPO,2
2026-03-26,Mělník,SPO,10
2026-03-26,Mělník,BPO,2
2026-03-26,Olomouc,SPO,13
2026-03-26,Olomouc,BPO,2
2026-03-26,Opava,SPO,1
2026-03-26,Ostrava,SPO,50
2026-03-26,Ostrava,BPO,10
2026-03-26,Pardubice,SPO,7
2026-03-26,Plzeň město,SPO,18
2026-03-26,Plzeň město,BPO,4
2026-03-26,Pobočka Chrášťany,SPO,70
2026-03-26,Pobočka Chrášťany,BPO,11
2026-03-26,Počernice,SPO,10
2026-03-26,Počernice,BPO,2
2026-03-26,Praha - centrála,SPO,104
2026-03-26,Praha - centrála,BPO,25
2026-03-26,Příbram,SPO,4
2026-03-26,SKLC3,SPO,828
2026-03-26,SKLC3,BPO,214
2026-03-26,SKLC3,XPO,1
2026-03-26,SKLC3,XL,1
2026-03-26,Tábor,SPO,5
2026-03-26,Tábor,BPO,3
2026-03-26,Zlín,SPO,9
2026-03-26,Ústí nad Labem,SPO,10
2026-03-26,Ústí nad Labem,BPO,3
2026-03-26,Čakovice,SPO,36
2026-03-26,Čakovice,BPO,8
2026-03-26,České Budějovice,SPO,22
2026-03-26,České Budějovice,BPO,4
2026-03-27,Anděl,SPO,48
2026-03-27,Anděl,BPO,3
2026-03-27,Benešov,SPO,20
2026-03-27,Benešov,BPO,5
2026-03-27,Beroun,SPO,10
2026-03-27,Brno,SPO,36
2026-03-27,Brno,BPO,1
2026-03-27,Brno Lískovec,SPO,16
2026-03-27,Budějovická,SPO,13
2026-03-27,Chomutov,SPO,9
2026-03-27,Dejvice,SPO,11
2026-03-27,Děčín,SPO,15
2026-03-27,Děčín,BPO,1
2026-03-27,Frýdek-Místek,SPO,16
2026-03-27,Frýdek-Místek,BPO,1
2026-03-27,HULC1,SPO,2
2026-03-27,Hradec,SPO,18
2026-03-27,Hradec,BPO,1
2026-03-27,Háje,SPO,44
2026-03-27,Háje,BPO,5
2026-03-27,Jihlava,SPO,13
2026-03-27,Jihlava,BPO,1
2026-03-27,Karlovy Vary,SPO,15
2026-03-27,Karlovy Vary,BPO,1
2026-03-27,Kladno,SPO,12
2026-03-27,Kolín,SPO,5
2026-03-27,LCS,SPO,767
2026-03-27,LCS,BPO,168
2026-03-27,LCU,SPO,1
2026-03-27,LCU,BPO,2
2026-03-27,Liberec,SPO,18
2026-03-27,Liberec,BPO,5
2026-03-27,Mladá Boleslav,SPO,12
2026-03-27,Mladá Boleslav,BPO,2
2026-03-27,Most,SPO,10
2026-03-27,Mělník,SPO,11
2026-03-27,Mělník,BPO,3
2026-03-27,Olomouc,SPO,27
2026-03-27,Olomouc,BPO,2
2026-03-27,Opava,SPO,11
2026-03-27,Ostrava,SPO,21
2026-03-27,Ostrava,BPO,4
2026-03-27,Pardubice,SPO,16
2026-03-27,Plzeň město,SPO,27
2026-03-27,Plzeň město,BPO,9
2026-03-27,Pobočka Chrášťany,SPO,91
2026-03-27,Pobočka Chrášťany,BPO,14
2026-03-27,Počernice,SPO,14
2026-03-27,Počernice,BPO,2
2026-03-27,Praha - centrála,SPO,124
2026-03-27,Praha - centrála,BPO,11
2026-03-27,Prostějov,SPO,6
2026-03-27,Příbram,SPO,10
2026-03-27,SKLC3,SPO,582
2026-03-27,SKLC3,BPO,251
2026-03-27,Tábor,SPO,9
2026-03-27,Tábor,BPO,2
2026-03-27,Třebíč,SPO,14
2026-03-27,Zlín,SPO,32
2026-03-27,Zlín,BPO,1
2026-03-27,Ústí nad Labem,SPO,17
2026-03-27,Ústí nad Labem,BPO,1
2026-03-27,Čakovice,SPO,30
2026-03-27,Čakovice,BPO,4
2026-03-27,České Budějovice,SPO,14
2026-03-28,Anděl,SPO,31
2026-03-28,Anděl,BPO,3
2026-03-28,Benešov,SPO,67
2026-03-28,Benešov,BPO,1
2026-03-28,Beroun,SPO,83
2026-03-28,Brno,SPO,42
2026-03-28,Brno,BPO,4
2026-03-28,Brno Lískovec,SPO,48
2026-03-28,Budějovická,SPO,18
2026-03-28,Budějovická,BPO,4
2026-03-28,Chomutov,SPO,53
2026-03-28,Dejvice,SPO,56
2026-03-28,Děčín,SPO,89
2026-03-28,Frýdek-Místek,SPO,62
2026-03-28,Frýdek-Místek,BPO,1
2026-03-28,HULC1,SPO,1
2026-03-28,Hradec,SPO,78
2026-03-28,Hradec,BPO,2
2026-03-28,Háje,SPO,28
2026-03-28,Háje,BPO,5
2026-03-28,Jihlava,SPO,66
2026-03-28,Karlovy Vary,SPO,87
2026-03-28,Karlovy Vary,BPO,2
2026-03-28,Kladno,SPO,92
2026-03-28,Kolín,SPO,2
2026-03-28,LCS,SPO,565
2026-03-28,LCS,BPO,172
2026-03-28,LCU,SPO,2
2026-03-28,LCU,BPO,1
2026-03-28,Liberec,SPO,96
2026-03-28,Liberec,BPO,1
2026-03-28,Mladá Boleslav,SPO,66
2026-03-28,Mladá Boleslav,BPO,5
2026-03-28,Most,SPO,85
2026-03-28,Mělník,SPO,58
2026-03-28,Mělník,BPO,2
2026-03-28,Olomouc,SPO,92
2026-03-28,Olomouc,BPO,4
2026-03-28,Opava,SPO,78
2026-03-28,Opava,BPO,1
2026-03-28,Ostrava,SPO,25
2026-03-28,Ostrava,BPO,5
2026-03-28,Pardubice,SPO,82
2026-03-28,Plzeň město,SPO,46
2026-03-28,Plzeň město,BPO,19
2026-03-28,Pobočka Chrášťany,SPO,126
2026-03-28,Pobočka Chrášťany,BPO,13
2026-03-28,Počernice,SPO,27
2026-03-28,Počernice,BPO,3
2026-03-28,Praha - centrála,SPO,180
2026-03-28,Praha - centrála,BPO,22
2026-03-28,Prostějov,SPO,22
2026-03-28,Příbram,SPO,91
2026-03-28,Příbram,BPO,1
2026-03-28,SKLC3,SPO,628
2026-03-28,SKLC3,BPO,153
2026-03-28,Tábor,SPO,54
2026-03-28,Tábor,BPO,1
2026-03-28,Třebíč,SPO,88
2026-03-28,Třebíč,BPO,1
2026-03-28,Zlín,SPO,85
2026-03-28,Zlín,BPO,1
2026-03-28,Ústí nad Labem,SPO,135
2026-03-28,Ústí nad Labem,BPO,2
2026-03-28,Čakovice,SPO,30
2026-03-28,Čakovice,BPO,11
2026-03-28,České Budějovice,SPO,77
2026-03-28,České Budějovice,BPO,3
2026-03-29,Anděl,SPO,21
2026-03-29,Anděl,BPO,1
2026-03-29,Benešov,SPO,16
2026-03-29,Benešov,BPO,1
2026-03-29,Beroun,SPO,9
2026-03-29,Brno,SPO,24
2026-03-29,Brno,BPO,3
2026-03-29,Brno Lískovec,SPO,49
2026-03-29,Brno Lískovec,BPO,15
2026-03-29,Budějovická,SPO,15
2026-03-29,Budějovická,BPO,3
2026-03-29,Dejvice,SPO,5
2026-03-29,Dejvice,BPO,1
2026-03-29,Děčín,SPO,7
2026-03-29,Děčín,BPO,3
2026-03-29,Frýdek-Místek,SPO,4
2026-03-29,HULC1,SPO,1
2026-03-29,Hradec,SPO,6
2026-03-29,Hradec,BPO,2
2026-03-29,Háje,SPO,17
2026-03-29,Háje,BPO,1
2026-03-29,Jihlava,SPO,7
2026-03-29,Jihlava,BPO,1
2026-03-29,Karlovy Vary,SPO,5
2026-03-29,Karlovy Vary,BPO,1
2026-03-29,Kladno,SPO,1
2026-03-29,Kolín,SPO,3
2026-03-29,LCS,SPO,443
2026-03-29,LCS,BPO,144
2026-03-29,LCU,SPO,4
2026-03-29,Liberec,SPO,4
2026-03-29,Mladá Boleslav,SPO,5
2026-03-29,Mladá Boleslav,BPO,2
2026-03-29,Most,SPO,13
2026-03-29,Mělník,SPO,9
2026-03-29,Olomouc,SPO,12
2026-03-29,Ostrava,SPO,44
2026-03-29,Ostrava,BPO,6
2026-03-29,Pardubice,SPO,4
2026-03-29,Pardubice,BPO,1
2026-03-29,Plzeň město,SPO,30
2026-03-29,Plzeň město,BPO,3
2026-03-29,Pobočka Chrášťany,SPO,79
2026-03-29,Pobočka Chrášťany,BPO,16
2026-03-29,Počernice,SPO,18
2026-03-29,Počernice,BPO,1
2026-03-29,Praha - centrála,SPO,148
2026-03-29,Praha - centrála,BPO,26
2026-03-29,Prostějov,SPO,1
2026-03-29,Příbram,SPO,5
2026-03-29,SKLC3,SPO,390
2026-03-29,SKLC3,BPO,261
2026-03-29,Tábor,SPO,42
2026-03-29,Tábor,BPO,1
2026-03-29,Zlín,SPO,9
2026-03-29,Zlín,BPO,2
2026-03-29,Ústí nad Labem,SPO,7
2026-03-29,Čakovice,SPO,28
2026-03-29,Čakovice,BPO,3
2026-03-29,České Budějovice,SPO,7
2026-03-30,Anděl,SPO,34
2026-03-30,Anděl,BPO,1
2026-03-30,Benešov,SPO,8
2026-03-30,Beroun,SPO,2
2026-03-30,Beroun,BPO,1
2026-03-30,Brno,SPO,39
2026-03-30,Brno,BPO,10
2026-03-30,Brno Lískovec,SPO,8
2026-03-30,Budějovická,SPO,34
2026-03-30,Budějovická,BPO,5
2026-03-30,Dejvice,SPO,8
2026-03-30,Frýdek-Místek,SPO,4
2026-03-30,HULC1,SPO,2
2026-03-30,Hradec,SPO,4
2026-03-30,Hradec,BPO,1
2026-03-30,Háje,SPO,15
2026-03-30,Háje,BPO,3
2026-03-30,Jihlava,SPO,6
2026-03-30,Karlovy Vary,SPO,2
2026-03-30,Karlovy Vary,BPO,3
2026-03-30,Kladno,SPO,1
2026-03-30,Kladno,BPO,1
2026-03-30,Kolín,SPO,1
2026-03-30,Kolín,BPO,4
2026-03-30,LCS,SPO,524
2026-03-30,LCS,BPO,159
2026-03-30,LCU,SPO,3
2026-03-30,LCU,BPO,4
2026-03-30,Liberec,SPO,17
2026-03-30,Mladá Boleslav,SPO,6
2026-03-30,Mladá Boleslav,BPO,2
2026-03-30,Most,SPO,10
2026-03-30,Most,BPO,2
2026-03-30,Mělník,SPO,7
2026-03-30,Mělník,BPO,1
2026-03-30,Olomouc,SPO,5
2026-03-30,Olomouc,BPO,17
2026-03-30,Opava,SPO,2
2026-03-30,Ostrava,SPO,38
2026-03-30,Ostrava,BPO,5
2026-03-30,Pardubice,SPO,12
2026-03-30,Pardubice,BPO,4
2026-03-30,Plzeň město,SPO,9
2026-03-30,Plzeň město,BPO,1
2026-03-30,Pobočka Chrášťany,SPO,122
2026-03-30,Pobočka Chrášťany,BPO,15
2026-03-30,Počernice,SPO,11
2026-03-30,Počernice,BPO,3
2026-03-30,Praha - centrála,SPO,223
2026-03-30,Praha - centrála,BPO,21
2026-03-30,Prostějov,SPO,1
2026-03-30,Příbram,SPO,5
2026-03-30,SKLC3,SPO,1024
2026-03-30,SKLC3,BPO,191
2026-03-30,SKLC3,XL,1
2026-03-30,Tábor,SPO,8
2026-03-30,Tábor,BPO,3
2026-03-30,Zlín,SPO,23
2026-03-30,Zlín,BPO,1
2026-03-30,Ústí nad Labem,SPO,23
2026-03-30,Ústí nad Labem,BPO,1
2026-03-30,Čakovice,SPO,11
2026-03-30,Čakovice,BPO,1
2026-03-30,České Budějovice,SPO,15
2026-03-30,České Budějovice,XPO,3
2026-03-31,Anděl,SPO,24
2026-03-31,Anděl,BPO,3
2026-03-31,Benešov,SPO,8
2026-03-31,Benešov,BPO,1
2026-03-31,Beroun,SPO,10
2026-03-31,Beroun,BPO,2
2026-03-31,Brno,SPO,37
2026-03-31,Brno,BPO,6
2026-03-31,Brno Lískovec,SPO,8
2026-03-31,Brno Lískovec,BPO,1
2026-03-31,Budějovická,SPO,19
2026-03-31,Budějovická,BPO,6
2026-03-31,Chomutov,SPO,1
2026-03-31,Chomutov,BPO,2
2026-03-31,Dejvice,SPO,9
2026-03-31,Dejvice,BPO,1
2026-03-31,Děčín,SPO,6
2026-03-31,Děčín,BPO,3
2026-03-31,Frýdek-Místek,SPO,6
2026-03-31,Frýdek-Místek,BPO,4
2026-03-31,HULC1,SPO,28
2026-03-31,Hradec,SPO,10
2026-03-31,Hradec,BPO,5
2026-03-31,Hradec,XL,1
2026-03-31,Háje,SPO,27
2026-03-31,Háje,BPO,1
2026-03-31,Jihlava,SPO,19
2026-03-31,Jihlava,BPO,1
2026-03-31,Karlovy Vary,SPO,11
2026-03-31,Karlovy Vary,BPO,1
2026-03-31,Kladno,SPO,1
2026-03-31,Kladno,BPO,2
2026-03-31,Kolín,SPO,23
2026-03-31,Kolín,BPO,4
2026-03-31,LCS,SPO,849
2026-03-31,LCS,BPO,285
2026-03-31,LCU,SPO,24
2026-03-31,LCU,BPO,21
2026-03-31,Liberec,SPO,17
2026-03-31,Liberec,BPO,3
2026-03-31,Mladá Boleslav,SPO,12
2026-03-31,Most,SPO,15
2026-03-31,Most,BPO,4
2026-03-31,Mělník,SPO,8
2026-03-31,Mělník,BPO,1
2026-03-31,Olomouc,SPO,43
2026-03-31,Olomouc,BPO,3
2026-03-31,Opava,SPO,4
2026-03-31,Ostrava,SPO,36
2026-03-31,Ostrava,BPO,10
2026-03-31,Pardubice,SPO,15
2026-03-31,Pardubice,BPO,3
2026-03-31,Plzeň město,SPO,28
2026-03-31,Plzeň město,BPO,5
2026-03-31,Pobočka Chrášťany,SPO,90
2026-03-31,Pobočka Chrášťany,BPO,23
2026-03-31,Počernice,SPO,27
2026-03-31,Praha - centrála,SPO,138
2026-03-31,Praha - centrála,BPO,11
2026-03-31,Praha - centrála,XPO,1
2026-03-31,Příbram,SPO,3
2026-03-31,Příbram,BPO,1
2026-03-31,SKLC3,SPO,937
2026-03-31,SKLC3,BPO,258
2026-03-31,Tábor,SPO,9
2026-03-31,Tábor,BPO,1
2026-03-31,Třebíč,SPO,1
2026-03-31,Zlín,SPO,9
2026-03-31,Ústí nad Labem,SPO,21
2026-03-31,Ústí nad Labem,BPO,2
2026-03-31,Čakovice,SPO,11
2026-03-31,Čakovice,BPO,6
2026-03-31,České Budějovice,SPO,25
2026-03-31,České Budějovice,BPO,1
2026-04-01,Anděl,SPO,24
2026-04-01,Anděl,BPO,2
2026-04-01,Benešov,SPO,3
2026-04-01,Benešov,BPO,1
2026-04-01,Beroun,SPO,11
2026-04-01,Brno,SPO,28
2026-04-01,Brno,BPO,2
2026-04-01,Brno Lískovec,SPO,16
2026-04-01,Brno Lískovec,BPO,2
2026-04-01,Budějovická,SPO,96
2026-04-01,Budějovická,BPO,2
2026-04-01,Chomutov,SPO,1
2026-04-01,Dejvice,SPO,2
2026-04-01,Děčín,SPO,4
2026-04-01,Děčín,BPO,1
2026-04-01,Frýdek-Místek,SPO,4
2026-04-01,HULC1,SPO,70
2026-04-01,HULC1,BPO,2
2026-04-01,Hradec,SPO,16
2026-04-01,Hradec,BPO,2
2026-04-01,Háje,SPO,24
2026-04-01,Háje,BPO,4
2026-04-01,Jihlava,SPO,12
2026-04-01,Jihlava,BPO,1
2026-04-01,Karlovy Vary,SPO,12
2026-04-01,Kladno,SPO,20
2026-04-01,Kladno,BPO,4
2026-04-01,Kolín,SPO,11
2026-04-01,LCS,SPO,622
2026-04-01,LCS,BPO,108
2026-04-01,LCU,SPO,2
2026-04-01,LCU,BPO,4
2026-04-01,LCU,XPO,1
2026-04-01,Liberec,SPO,9
2026-04-01,Liberec,BPO,1
2026-04-01,Mladá Boleslav,SPO,12
2026-04-01,Mladá Boleslav,BPO,2
2026-04-01,Most,SPO,9
2026-04-01,Mělník,SPO,8
2026-04-01,Mělník,BPO,4
2026-04-01,Olomouc,SPO,25
2026-04-01,Olomouc,BPO,1
2026-04-01,Opava,SPO,3
2026-04-01,Ostrava,SPO,25
2026-04-01,Ostrava,BPO,7
2026-04-01,Pardubice,SPO,12
2026-04-01,Pardubice,BPO,1
2026-04-01,Plzeň město,SPO,23
2026-04-01,Plzeň město,BPO,4
2026-04-01,Pobočka Chrášťany,SPO,73
2026-04-01,Pobočka Chrášťany,BPO,14
2026-04-01,Počernice,SPO,18
2026-04-01,Počernice,BPO,2
2026-04-01,Praha - centrála,SPO,145
2026-04-01,Praha - centrála,BPO,16
2026-04-01,Prostějov,SPO,4
2026-04-01,Příbram,SPO,6
2026-04-01,SKLC3,SPO,875
2026-04-01,SKLC3,BPO,175
2026-04-01,Tábor,SPO,35
2026-04-01,Tábor,BPO,4
2026-04-01,Třebíč,SPO,5
2026-04-01,Zlín,SPO,6
2026-04-01,Ústí nad Labem,SPO,22
2026-04-01,Ústí nad Labem,BPO,2
2026-04-01,Čakovice,SPO,13
2026-04-01,Čakovice,BPO,2
2026-04-01,České Budějovice,SPO,9
2026-04-01,České Budějovice,BPO,6
2026-04-02,Anděl,SPO,14
2026-04-02,Anděl,BPO,1
2026-04-02,Benešov,SPO,8
2026-04-02,Benešov,BPO,3
2026-04-02,Beroun,SPO,4
2026-04-02,Brno,SPO,26
2026-04-02,Brno,BPO,2
2026-04-02,Brno Lískovec,SPO,6
2026-04-02,Brno Lískovec,BPO,1
2026-04-02,Budějovická,SPO,3
2026-04-02,Budějovická,BPO,3
2026-04-02,Dejvice,SPO,2
2026-04-02,Dejvice,BPO,1
2026-04-02,Děčín,SPO,2
2026-04-02,Frýdek-Místek,SPO,9
2026-04-02,Frýdek-Místek,BPO,2
2026-04-02,HULC1,SPO,3
2026-04-02,Hradec,SPO,13
2026-04-02,Háje,SPO,20
2026-04-02,Háje,BPO,2
2026-04-02,Jihlava,SPO,15
2026-04-02,Jihlava,BPO,1
2026-04-02,Karlovy Vary,SPO,4
2026-04-02,Karlovy Vary,BPO,2
2026-04-02,Kolín,SPO,4
2026-04-02,Kolín,BPO,2
2026-04-02,LCS,SPO,153
2026-04-02,LCS,BPO,75
2026-04-02,LCU,SPO,17
2026-04-02,LCU,BPO,15
2026-04-02,Liberec,SPO,8
2026-04-02,Liberec,BPO,3
2026-04-02,Mladá Boleslav,SPO,12
2026-04-02,Most,SPO,6
2026-04-02,Most,BPO,1
2026-04-02,Mělník,SPO,7
2026-04-02,Olomouc,SPO,14
2026-04-02,Ostrava,SPO,20
2026-04-02,Ostrava,BPO,5
2026-04-02,Pardubice,SPO,6
2026-04-02,Pardubice,BPO,1
2026-04-02,Plzeň město,SPO,15
2026-04-02,Pobočka Chrášťany,SPO,150
2026-04-02,Pobočka Chrášťany,BPO,35
2026-04-02,Počernice,SPO,15
2026-04-02,Počernice,BPO,3
2026-04-02,Praha - centrála,SPO,135
2026-04-02,Praha - centrála,BPO,32
2026-04-02,Prostějov,SPO,2
2026-04-02,Prostějov,BPO,1
2026-04-02,Příbram,SPO,1
2026-04-02,SKLC3,SPO,610
2026-04-02,SKLC3,BPO,73
2026-04-02,SKLC3,XPO,1
2026-04-02,Tábor,SPO,15
2026-04-02,Tábor,BPO,1
2026-04-02,Zlín,SPO,17
2026-04-02,Ústí nad Labem,SPO,3
2026-04-02,Ústí nad Labem,BPO,2
2026-04-02,Čakovice,SPO,38
2026-04-02,Čakovice,BPO,3
2026-04-02,České Budějovice,SPO,16
2026-04-02,České Budějovice,BPO,5
2026-04-03,Anděl,SPO,27
2026-04-03,Anděl,BPO,5
2026-04-03,Benešov,SPO,8
2026-04-03,Benešov,BPO,1
2026-04-03,Beroun,SPO,1
2026-04-03,Brno,SPO,39
2026-04-03,Brno,BPO,2
2026-04-03,Brno Lískovec,SPO,14
2026-04-03,Brno Lískovec,BPO,1
2026-04-03,Budějovická,SPO,12
2026-04-03,Budějovická,BPO,2
2026-04-03,Chomutov,SPO,3
2026-04-03,Dejvice,SPO,3
2026-04-03,Děčín,SPO,3
2026-04-03,Frýdek-Místek,SPO,3
2026-04-03,HULC1,SPO,7
2026-04-03,HULC1,BPO,1
2026-04-03,Hradec,SPO,7
2026-04-03,Hradec,BPO,4
2026-04-03,Háje,SPO,22
2026-04-03,Háje,BPO,3
2026-04-03,Jihlava,SPO,6
2026-04-03,Karlovy Vary,SPO,6
2026-04-03,Karlovy Vary,BPO,2
2026-04-03,Kladno,SPO,1
2026-04-03,Kolín,SPO,203
2026-04-03,Kolín,BPO,20
2026-04-03,LCS,SPO,718
2026-04-03,LCS,BPO,214
2026-04-03,LCU,SPO,4
2026-04-03,LCU,BPO,6
2026-04-03,LCU,XPO,3
2026-04-03,Liberec,SPO,12
2026-04-03,Liberec,BPO,1
2026-04-03,Mladá Boleslav,SPO,9
2026-04-03,Mladá Boleslav,BPO,1
2026-04-03,Most,SPO,4
2026-04-03,Most,BPO,3
2026-04-03,Mělník,SPO,6
2026-04-03,Olomouc,SPO,25
2026-04-03,Olomouc,BPO,3
2026-04-03,Ostrava,SPO,34
2026-04-03,Ostrava,BPO,6
2026-04-03,Pardubice,SPO,14
2026-04-03,Plzeň město,SPO,16
2026-04-03,Plzeň město,BPO,1
2026-04-03,Pobočka Chrášťany,SPO,102
2026-04-03,Pobočka Chrášťany,BPO,15
2026-04-03,Pobočka Chrášťany,XPO,1
2026-04-03,Počernice,SPO,29
2026-04-03,Počernice,BPO,13
2026-04-03,Praha - centrála,SPO,157
2026-04-03,Praha - centrála,BPO,21
2026-04-03,Prostějov,SPO,8
2026-04-03,Prostějov,BPO,1
2026-04-03,Příbram,SPO,2
2026-04-03,SKLC3,SPO,606
2026-04-03,SKLC3,BPO,221
2026-04-03,Tábor,SPO,2
2026-04-03,Tábor,BPO,1
2026-04-03,Třebíč,SPO,1
2026-04-03,Zlín,SPO,23
2026-04-03,Zlín,BPO,3
2026-04-03,Ústí nad Labem,SPO,3
2026-04-03,Ústí nad Labem,BPO,3
2026-04-03,Čakovice,SPO,23
2026-04-03,Čakovice,BPO,2
2026-04-03,České Budějovice,SPO,14
2026-04-03,České Budějovice,BPO,1
2026-04-04,Anděl,SPO,29
2026-04-04,Anděl,BPO,5
2026-04-04,Benešov,SPO,18
2026-04-04,Benešov,BPO,3
2026-04-04,Beroun,SPO,6
2026-04-04,Brno,SPO,31
2026-04-04,Brno,BPO,4
2026-04-04,Brno Lískovec,SPO,11
2026-04-04,Brno Lískovec,BPO,3
2026-04-04,Budějovická,SPO,21
2026-04-04,Budějovická,BPO,2
2026-04-04,Chomutov,SPO,3
2026-04-04,Chomutov,BPO,2
2026-04-04,Dejvice,SPO,5
2026-04-04,Dejvice,BPO,2
2026-04-04,Děčín,SPO,2
2026-04-04,Děčín,BPO,1
2026-04-04,Frýdek-Místek,SPO,6
2026-04-04,Frýdek-Místek,BPO,1
2026-04-04,Hradec,SPO,9
2026-04-04,Hradec,BPO,2
2026-04-04,Háje,SPO,13
2026-04-04,Háje,BPO,3
2026-04-04,Jihlava,SPO,12
2026-04-04,Jihlava,BPO,3
2026-04-04,Karlovy Vary,SPO,4
2026-04-04,Kladno,SPO,5
2026-04-04,LCS,SPO,371
2026-04-04,LCS,BPO,128
2026-04-04,LCU,BPO,1
2026-04-04,Liberec,SPO,13
2026-04-04,Mladá Boleslav,SPO,5
2026-04-04,Mladá Boleslav,BPO,3
2026-04-04,Most,SPO,10
2026-04-04,Most,BPO,3
2026-04-04,Mělník,SPO,7
2026-04-04,Mělník,BPO,1
2026-04-04,Olomouc,SPO,20
2026-04-04,Olomouc,BPO,2
2026-04-04,Ostrava,SPO,38
2026-04-04,Ostrava,BPO,9
2026-04-04,Pardubice,SPO,9
2026-04-04,Pardubice,BPO,1
2026-04-04,Plzeň město,SPO,18
2026-04-04,Plzeň město,BPO,1
2026-04-04,Pobočka Chrášťany,SPO,91
2026-04-04,Pobočka Chrášťany,BPO,16
2026-04-04,Počernice,SPO,24
2026-04-04,Počernice,BPO,2
2026-04-04,Praha - centrála,SPO,168
2026-04-04,Praha - centrála,BPO,21
2026-04-04,Příbram,SPO,3
2026-04-04,Příbram,BPO,1
2026-04-04,SKLC3,SPO,466
2026-04-04,SKLC3,BPO,110
2026-04-04,Tábor,SPO,21
2026-04-04,Zlín,SPO,15
2026-04-04,Zlín,BPO,2
2026-04-04,Ústí nad Labem,SPO,15
2026-04-04,Čakovice,SPO,25
2026-04-04,Čakovice,BPO,2
2026-04-04,České Budějovice,SPO,8
2026-04-04,České Budějovice,BPO,3
2026-04-05,Anděl,SPO,42
2026-04-05,Anděl,BPO,1
2026-04-05,Benešov,SPO,7
2026-04-05,Beroun,SPO,4
2026-04-05,Brno,SPO,25
2026-04-05,Brno,BPO,5
2026-04-05,Brno Lískovec,SPO,24
2026-04-05,Brno Lískovec,BPO,4
2026-04-05,Budějovická,SPO,20
2026-04-05,Budějovická,BPO,3
2026-04-05,Chomutov,BPO,2
2026-04-05,Dejvice,SPO,2
2026-04-05,Děčín,SPO,6
2026-04-05,Frýdek-Místek,SPO,6
2026-04-05,HULC1,SPO,1
2026-04-05,Hradec,SPO,12
2026-04-05,Háje,SPO,26
2026-04-05,Háje,BPO,22
2026-04-05,Jihlava,SPO,6
2026-04-05,Karlovy Vary,SPO,21
2026-04-05,Karlovy Vary,BPO,1
2026-04-05,Kladno,SPO,3
2026-04-05,Kladno,BPO,1
2026-04-05,Kolín,SPO,7
2026-04-05,Kolín,BPO,3
2026-04-05,LCS,SPO,321
2026-04-05,LCS,BPO,140
2026-04-05,LCU,SPO,2
2026-04-05,LCU,BPO,1
2026-04-05,LCU,XPO,10
2026-04-05,Liberec,SPO,15
2026-04-05,Mladá Boleslav,SPO,9
2026-04-05,Mladá Boleslav,BPO,2
2026-04-05,Most,SPO,16
2026-04-05,Most,BPO,2
2026-04-05,Mělník,SPO,15
2026-04-05,Olomouc,SPO,14
2026-04-05,Olomouc,BPO,3
2026-04-05,Opava,SPO,2
2026-04-05,Ostrava,SPO,44
2026-04-05,Ostrava,BPO,6
2026-04-05,Pardubice,SPO,21
2026-04-05,Pardubice,BPO,1
2026-04-05,Plzeň město,SPO,23
2026-04-05,Plzeň město,BPO,4
2026-04-05,Pobočka Chrášťany,SPO,115
2026-04-05,Pobočka Chrášťany,BPO,15
2026-04-05,Počernice,SPO,16
2026-04-05,Počernice,BPO,5
2026-04-05,Počernice,XPO,1
2026-04-05,Praha - centrála,SPO,156
2026-04-05,Praha - centrála,BPO,36
2026-04-05,Příbram,SPO,3
2026-04-05,SKLC3,SPO,334
2026-04-05,SKLC3,BPO,75
2026-04-05,Tábor,SPO,6
2026-04-05,Tábor,BPO,1
2026-04-05,Třebíč,SPO,2
2026-04-05,Třebíč,BPO,1
2026-04-05,Zlín,SPO,9
2026-04-05,Zlín,BPO,2
2026-04-05,Ústí nad Labem,SPO,7
2026-04-05,Ústí nad Labem,BPO,1
2026-04-05,Čakovice,SPO,31
2026-04-05,Čakovice,BPO,7
2026-04-05,České Budějovice,SPO,18
2026-04-05,České Budějovice,BPO,2
2026-04-06,Anděl,SPO,3
2026-04-06,Brno,SPO,5
2026-04-06,Brno,BPO,1
2026-04-06,Brno Lískovec,SPO,3
2026-04-06,Brno Lískovec,BPO,1
2026-04-06,HULC1,SPO,3
2026-04-06,Háje,SPO,2
2026-04-06,Jihlava,SPO,14
2026-04-06,LCS,SPO,336
2026-04-06,LCS,BPO,102
2026-04-06,LCU,BPO,15
2026-04-06,Ostrava,SPO,4
2026-04-06,Plzeň město,SPO,6
2026-04-06,Pobočka Chrášťany,SPO,2
2026-04-06,Počernice,SPO,4
2026-04-06,Praha - centrála,SPO,7
2026-04-06,Prostějov,SPO,1
2026-04-06,SKLC3,SPO,432
2026-04-06,SKLC3,BPO,133
2026-04-06,Čakovice,SPO,4
2026-04-06,Čakovice,BPO,1
2026-04-07,Anděl,SPO,47
2026-04-07,Anděl,BPO,7
2026-04-07,Benešov,SPO,5
2026-04-07,Benešov,BPO,2
2026-04-07,Beroun,SPO,22
2026-04-07,Beroun,BPO,5
2026-04-07,Brno,SPO,35
2026-04-07,Brno,BPO,9
2026-04-07,Brno Lískovec,SPO,27
2026-04-07,Brno Lískovec,BPO,5
2026-04-07,Budějovická,SPO,20
2026-04-07,Budějovická,BPO,1
2026-04-07,Chomutov,BPO,1
2026-04-07,Dejvice,SPO,12
2026-04-07,Děčín,SPO,2
2026-04-07,Děčín,BPO,1
2026-04-07,Frýdek-Místek,SPO,8
2026-04-07,Frýdek-Místek,BPO,1
2026-04-07,HULC1,SPO,1
2026-04-07,HULC1,BPO,1
2026-04-07,Hradec,SPO,32
2026-04-07,Hradec,BPO,2
2026-04-07,Háje,SPO,41
2026-04-07,Háje,BPO,2
2026-04-07,Jihlava,SPO,20
2026-04-07,Karlovy Vary,SPO,14
2026-04-07,Karlovy Vary,BPO,1
2026-04-07,Kladno,SPO,6
2026-04-07,Kolín,SPO,4
2026-04-07,Kolín,BPO,1
2026-04-07,LCS,SPO,576
2026-04-07,LCS,BPO,164
2026-04-07,LCU,SPO,3
2026-04-07,LCU,BPO,3
2026-04-07,Liberec,SPO,16
2026-04-07,Liberec,BPO,4
2026-04-07,Mladá Boleslav,SPO,25
2026-04-07,Most,SPO,18
2026-04-07,Most,BPO,1
2026-04-07,Mělník,SPO,25
2026-04-07,Mělník,BPO,2
2026-04-07,Olomouc,SPO,14
2026-04-07,Olomouc,BPO,3
2026-04-07,Ostrava,SPO,59
2026-04-07,Ostrava,BPO,3
2026-04-07,Pardubice,SPO,26
2026-04-07,Plzeň město,SPO,32
2026-04-07,Plzeň město,BPO,3
2026-04-07,Pobočka Chrášťany,SPO,173
2026-04-07,Pobočka Chrášťany,BPO,20
2026-04-07,Počernice,SPO,14
2026-04-07,Počernice,BPO,5
2026-04-07,Praha - centrála,SPO,231
2026-04-07,Praha - centrála,BPO,38
2026-04-07,Příbram,SPO,3
2026-04-07,Příbram,BPO,1
2026-04-07,SKLC3,SPO,1379
2026-04-07,SKLC3,BPO,216
2026-04-07,Tábor,SPO,19
2026-04-07,Tábor,BPO,1
2026-04-07,Třebíč,SPO,4
2026-04-07,Třebíč,BPO,1
2026-04-07,Zlín,SPO,16
2026-04-07,Zlín,BPO,2
2026-04-07,Ústí nad Labem,SPO,16
2026-04-07,Ústí nad Labem,BPO,7
2026-04-07,Čakovice,SPO,46
2026-04-07,Čakovice,BPO,4
2026-04-07,České Budějovice,SPO,21
2026-04-07,České Budějovice,BPO,4
2026-04-08,Anděl,SPO,29
2026-04-08,Anděl,BPO,2
2026-04-08,Benešov,SPO,14
2026-04-08,Benešov,BPO,3
2026-04-08,Beroun,SPO,14
2026-04-08,Brno,SPO,29
2026-04-08,Brno,BPO,4
2026-04-08,Brno Lískovec,SPO,18
2026-04-08,Brno Lískovec,BPO,4
2026-04-08,Budějovická,SPO,91
2026-04-08,Budějovická,BPO,11
2026-04-08,Chomutov,SPO,4
2026-04-08,Dejvice,SPO,11
2026-04-08,Dejvice,BPO,1
2026-04-08,Děčín,SPO,8
2026-04-08,Děčín,BPO,1
2026-04-08,Frýdek-Místek,SPO,5
2026-04-08,Frýdek-Místek,BPO,3
2026-04-08,Hradec,SPO,20
2026-04-08,Hradec,BPO,21
2026-04-08,Háje,SPO,41
2026-04-08,Háje,BPO,8
2026-04-08,Jihlava,SPO,9
2026-04-08,Jihlava,BPO,4
2026-04-08,Karlovy Vary,SPO,8
2026-04-08,Karlovy Vary,BPO,2
2026-04-08,Kladno,SPO,1
2026-04-08,Kolín,SPO,2
2026-04-08,LCS,SPO,616
2026-04-08,LCS,BPO,171
2026-04-08,LCU,SPO,9
2026-04-08,LCU,BPO,1
2026-04-08,LCU,XPO,8
2026-04-08,Liberec,SPO,14
2026-04-08,Liberec,BPO,3
2026-04-08,Mladá Boleslav,SPO,4
2026-04-08,Most,SPO,14
2026-04-08,Most,BPO,1
2026-04-08,Mělník,SPO,6
2026-04-08,Mělník,BPO,1
2026-04-08,Olomouc,SPO,26
2026-04-08,Ostrava,SPO,40
2026-04-08,Ostrava,BPO,2
2026-04-08,Pardubice,SPO,25
2026-04-08,Pardubice,BPO,83
2026-04-08,Plzeň město,SPO,7
2026-04-08,Plzeň město,BPO,3
2026-04-08,Pobočka Chrášťany,SPO,175
2026-04-08,Pobočka Chrášťany,BPO,24
2026-04-08,Počernice,SPO,42
2026-04-08,Počernice,BPO,1
2026-04-08,Praha - centrála,SPO,90
2026-04-08,Praha - centrála,BPO,17
2026-04-08,Prostějov,SPO,5
2026-04-08,Příbram,SPO,12
2026-04-08,Příbram,BPO,2
2026-04-08,SKLC3,SPO,929
2026-04-08,SKLC3,BPO,286
2026-04-08,Tábor,SPO,6
2026-04-08,Tábor,BPO,2
2026-04-08,Třebíč,SPO,5
2026-04-08,Zlín,SPO,16
2026-04-08,Zlín,BPO,2
2026-04-08,Ústí nad Labem,SPO,15
2026-04-08,Čakovice,SPO,28
2026-04-08,Čakovice,BPO,7
2026-04-08,České Budějovice,SPO,17
2026-04-08,České Budějovice,BPO,1
2026-04-09,Anděl,SPO,18
2026-04-09,Anděl,BPO,1
2026-04-09,Benešov,SPO,5
2026-04-09,Brno,SPO,25
2026-04-09,Brno,BPO,4
2026-04-09,Brno Lískovec,SPO,10
2026-04-09,Brno Lískovec,BPO,3
2026-04-09,Budějovická,SPO,58
2026-04-09,Budějovická,BPO,5
2026-04-09,Chomutov,SPO,1
2026-04-09,Dejvice,SPO,7
2026-04-09,Dejvice,BPO,3
2026-04-09,Děčín,SPO,3
2026-04-09,Děčín,BPO,2
2026-04-09,Frýdek-Místek,SPO,10
2026-04-09,Frýdek-Místek,BPO,1
2026-04-09,HULC1,SPO,1
2026-04-09,Hradec,SPO,12
2026-04-09,Háje,SPO,52
2026-04-09,Háje,BPO,2
2026-04-09,Jihlava,SPO,2
2026-04-09,Karlovy Vary,SPO,6
2026-04-09,Karlovy Vary,BPO,3
2026-04-09,Kladno,BPO,1
2026-04-09,Kolín,SPO,2
2026-04-09,LCS,SPO,554
2026-04-09,LCS,BPO,85
2026-04-09,LCU,SPO,10
2026-04-09,LCU,BPO,37
2026-04-09,LCU,XPO,5
2026-04-09,Liberec,SPO,13
2026-04-09,Liberec,BPO,1
2026-04-09,Mladá Boleslav,SPO,4
2026-04-09,Most,SPO,4
2026-04-09,Most,BPO,3
2026-04-09,Mělník,SPO,3
2026-04-09,Olomouc,SPO,8
2026-04-09,Olomouc,BPO,2
2026-04-09,Opava,SPO,3
2026-04-09,Opava,BPO,1
2026-04-09,Ostrava,SPO,16
2026-04-09,Ostrava,BPO,3
2026-04-09,Pardubice,SPO,6
2026-04-09,Pardubice,BPO,1
2026-04-09,Plzeň město,SPO,26
2026-04-09,Plzeň město,BPO,3
2026-04-09,Pobočka Chrášťany,SPO,90
2026-04-09,Pobočka Chrášťany,BPO,15
2026-04-09,Počernice,SPO,10
2026-04-09,Počernice,BPO,1
2026-04-09,Praha - centrála,SPO,24
2026-04-09,Praha - centrála,BPO,7
2026-04-09,Prostějov,SPO,7
2026-04-09,Příbram,SPO,10
2026-04-09,Příbram,BPO,4
2026-04-09,SKLC3,SPO,945
2026-04-09,SKLC3,BPO,179
2026-04-09,Tábor,SPO,8
2026-04-09,Tábor,BPO,1
2026-04-09,Třebíč,SPO,2
2026-04-09,Zlín,SPO,61
2026-04-09,Zlín,BPO,3
2026-04-09,Ústí nad Labem,SPO,3
2026-04-09,Ústí nad Labem,BPO,2
2026-04-09,Čakovice,SPO,13
2026-04-09,Čakovice,BPO,4
2026-04-09,České Budějovice,SPO,4
2026-04-09,České Budějovice,BPO,1
2026-04-10,Anděl,SPO,22
2026-04-10,Anděl,BPO,8
2026-04-10,Benešov,SPO,5
2026-04-10,Beroun,SPO,2
2026-04-10,Beroun,XPO,5
2026-04-10,Brno,SPO,25
2026-04-10,Brno,BPO,1
2026-04-10,Brno Lískovec,SPO,19
2026-04-10,Brno Lískovec,BPO,3
2026-04-10,Budějovická,SPO,3
2026-04-10,Chomutov,SPO,8
2026-04-10,Chomutov,BPO,5
2026-04-10,Dejvice,SPO,5
2026-04-10,Děčín,SPO,4
2026-04-10,Děčín,BPO,1
2026-04-10,Frýdek-Místek,BPO,2
2026-04-10,HULC1,SPO,1
2026-04-10,HULC1,BPO,5
2026-04-10,Hradec,SPO,5
2026-04-10,Hradec,BPO,1
2026-04-10,Háje,SPO,15
2026-04-10,Háje,BPO,1
2026-04-10,Jihlava,SPO,4
2026-04-10,Karlovy Vary,SPO,15
2026-04-10,Karlovy Vary,BPO,2
2026-04-10,Kladno,SPO,1
2026-04-10,Kladno,BPO,1
2026-04-10,Kolín,SPO,3
2026-04-10,LCS,SPO,658
2026-04-10,LCS,BPO,152
2026-04-10,LCU,SPO,11
2026-04-10,LCU,BPO,13
2026-04-10,Liberec,SPO,6
2026-04-10,Mladá Boleslav,SPO,19
2026-04-10,Mladá Boleslav,BPO,2
2026-04-10,Most,SPO,8
2026-04-10,Most,BPO,2
2026-04-10,Mělník,SPO,4
2026-04-10,Olomouc,SPO,22
2026-04-10,Olomouc,BPO,2
2026-04-10,Ostrava,SPO,40
2026-04-10,Ostrava,BPO,5
2026-04-10,Pardubice,SPO,8
2026-04-10,Pardubice,BPO,3
2026-04-10,Plzeň město,SPO,19
2026-04-10,Plzeň město,BPO,10
2026-04-10,Pobočka Chrášťany,SPO,92
2026-04-10,Pobočka Chrášťany,BPO,15
2026-04-10,Počernice,SPO,9
2026-04-10,Počernice,BPO,3
2026-04-10,Praha - centrála,SPO,69
2026-04-10,Praha - centrála,BPO,8
2026-04-10,Prostějov,SPO,1
2026-04-10,Prostějov,BPO,1
2026-04-10,Příbram,XPO,1
2026-04-10,SKLC3,SPO,661
2026-04-10,SKLC3,BPO,434
2026-04-10,Tábor,SPO,5
2026-04-10,Zlín,SPO,3
2026-04-10,Zlín,BPO,4
2026-04-10,Ústí nad Labem,SPO,13
2026-04-10,Ústí nad Labem,BPO,1
2026-04-10,Čakovice,SPO,38
2026-04-10,Čakovice,BPO,4
2026-04-10,České Budějovice,SPO,10
2026-04-10,České Budějovice,BPO,2
2026-04-11,Anděl,SPO,30
2026-04-11,Anděl,BPO,5
2026-04-11,Benešov,SPO,7
2026-04-11,Benešov,BPO,2
2026-04-11,Beroun,SPO,10
2026-04-11,Brno,SPO,41
2026-04-11,Brno,BPO,6
2026-04-11,Brno Lískovec,SPO,23
2026-04-11,Brno Lískovec,BPO,18
2026-04-11,Budějovická,SPO,18
2026-04-11,Budějovická,BPO,1
2026-04-11,Chomutov,SPO,13
2026-04-11,Dejvice,SPO,15
2026-04-11,Dejvice,BPO,1
2026-04-11,Děčín,SPO,3
2026-04-11,Děčín,BPO,4
2026-04-11,Frýdek-Místek,SPO,11
2026-04-11,Hradec,SPO,18
2026-04-11,Hradec,BPO,5
2026-04-11,Háje,SPO,43
2026-04-11,Háje,BPO,6
2026-04-11,Jihlava,SPO,4
2026-04-11,Jihlava,BPO,2
2026-04-11,Karlovy Vary,SPO,12
2026-04-11,Kladno,SPO,2
2026-04-11,Kolín,SPO,1
2026-04-11,Kolín,BPO,2
2026-04-11,LCS,SPO,685
2026-04-11,LCS,BPO,168
2026-04-11,LCU,SPO,1
2026-04-11,LCU,BPO,20
2026-04-11,LCU,XPO,2
2026-04-11,Liberec,SPO,7
2026-04-11,Liberec,BPO,2
2026-04-11,Mladá Boleslav,SPO,15
2026-04-11,Most,SPO,10
2026-04-11,Most,BPO,1
2026-04-11,Mělník,SPO,3
2026-04-11,Mělník,BPO,2
2026-04-11,Olomouc,SPO,20
2026-04-11,Olomouc,BPO,3
2026-04-11,Ostrava,SPO,38
2026-04-11,Ostrava,BPO,3
2026-04-11,Pardubice,SPO,11
2026-04-11,Pardubice,BPO,3
2026-04-11,Plzeň město,SPO,25
2026-04-11,Plzeň město,BPO,2
2026-04-11,Pobočka Chrášťany,SPO,119
2026-04-11,Pobočka Chrášťany,BPO,26
2026-04-11,Počernice,SPO,18
2026-04-11,Počernice,BPO,3
2026-04-11,Praha - centrála,SPO,85
2026-04-11,Praha - centrála,BPO,16
2026-04-11,Prostějov,BPO,1
2026-04-11,Příbram,SPO,6
2026-04-11,SKLC3,SPO,932
2026-04-11,SKLC3,BPO,241
2026-04-11,Tábor,SPO,4
2026-04-11,Tábor,BPO,2
2026-04-11,Třebíč,SPO,9
2026-04-11,Třebíč,BPO,2
2026-04-11,Zlín,SPO,34
2026-04-11,Zlín,BPO,2
2026-04-11,Ústí nad Labem,SPO,16
2026-04-11,Ústí nad Labem,BPO,2
2026-04-11,Čakovice,SPO,28
2026-04-11,Čakovice,BPO,10
2026-04-11,České Budějovice,SPO,9
2026-04-11,České Budějovice,BPO,1
2026-04-12,Anděl,SPO,55
2026-04-12,Anděl,BPO,7
2026-04-12,Benešov,SPO,9
2026-04-12,Benešov,BPO,1
2026-04-12,Beroun,SPO,5
2026-04-12,Beroun,BPO,1
2026-04-12,Brno,SPO,29
2026-04-12,Brno,BPO,4
2026-04-12,Brno Lískovec,SPO,41
2026-04-12,Brno Lískovec,BPO,2
2026-04-12,Budějovická,SPO,10
2026-04-12,Budějovická,BPO,2
2026-04-12,Chomutov,SPO,4
2026-04-12,Dejvice,SPO,1
2026-04-12,Dejvice,BPO,1
2026-04-12,Děčín,SPO,6
2026-04-12,Děčín,BPO,1
2026-04-12,Frýdek-Místek,SPO,10
2026-04-12,Frýdek-Místek,BPO,1
2026-04-12,Hradec,SPO,27
2026-04-12,Hradec,BPO,6
2026-04-12,Háje,SPO,36
2026-04-12,Háje,BPO,6
2026-04-12,Jihlava,SPO,4
2026-04-12,Karlovy Vary,SPO,12
2026-04-12,Karlovy Vary,BPO,2
2026-04-12,Kladno,SPO,2
2026-04-12,Kladno,BPO,2
2026-04-12,Kolín,SPO,9
2026-04-12,LCS,SPO,571
2026-04-12,LCS,BPO,144
2026-04-12,LCU,SPO,5
2026-04-12,LCU,BPO,1
2026-04-12,LCU,XPO,15
2026-04-12,Liberec,SPO,18
2026-04-12,Liberec,BPO,4
2026-04-12,Mladá Boleslav,SPO,12
2026-04-12,Mladá Boleslav,BPO,1
2026-04-12,Most,SPO,23
2026-04-12,Most,BPO,2
2026-04-12,Mělník,SPO,11
2026-04-12,Mělník,BPO,1
2026-04-12,Olomouc,SPO,13
2026-04-12,Olomouc,BPO,6
2026-04-12,Opava,SPO,1
2026-04-12,Ostrava,SPO,49
2026-04-12,Ostrava,BPO,16
2026-04-12,Pardubice,SPO,13
2026-04-12,Pardubice,BPO,3
2026-04-12,Plzeň město,SPO,45
2026-04-12,Plzeň město,BPO,8
2026-04-12,Pobočka Chrášťany,SPO,101
2026-04-12,Pobočka Chrášťany,BPO,20
2026-04-12,Počernice,SPO,12
2026-04-12,Počernice,BPO,3
2026-04-12,Praha - centrála,SPO,65
2026-04-12,Praha - centrála,BPO,15
2026-04-12,Prostějov,SPO,1
2026-04-12,Příbram,SPO,8
2026-04-12,Příbram,BPO,3
2026-04-12,SKLC3,SPO,437
2026-04-12,SKLC3,BPO,161
2026-04-12,Tábor,SPO,20
2026-04-12,Třebíč,SPO,10
2026-04-12,Zlín,SPO,19
2026-04-12,Zlín,BPO,1
2026-04-12,Ústí nad Labem,SPO,2
2026-04-12,Čakovice,SPO,23
2026-04-12,Čakovice,BPO,4
2026-04-12,České Budějovice,SPO,31
2026-04-12,České Budějovice,BPO,2
2026-04-13,Anděl,SPO,16
2026-04-13,Anděl,BPO,1
2026-04-13,Benešov,SPO,10
2026-04-13,Benešov,BPO,2
2026-04-13,Beroun,SPO,2
2026-04-13,Brno,SPO,23
2026-04-13,Brno,BPO,7
2026-04-13,Brno Lískovec,SPO,19
2026-04-13,Budějovická,SPO,51
2026-04-13,Budějovická,BPO,3
2026-04-13,Chomutov,SPO,2
2026-04-13,Dejvice,SPO,13
2026-04-13,Dejvice,BPO,2
2026-04-13,Děčín,SPO,8
2026-04-13,Frýdek-Místek,SPO,18
2026-04-13,Frýdek-Místek,BPO,2
2026-04-13,HULC1,SPO,9
2026-04-13,HULC1,BPO,1
2026-04-13,Hradec,SPO,17
2026-04-13,Hradec,BPO,3
2026-04-13,Háje,SPO,23
2026-04-13,Háje,BPO,3
2026-04-13,Jihlava,SPO,6
2026-04-13,Karlovy Vary,SPO,18
2026-04-13,Karlovy Vary,BPO,1
2026-04-13,Kladno,SPO,5
2026-04-13,Kladno,BPO,6
2026-04-13,Kolín,SPO,7
2026-04-13,LCS,SPO,595
2026-04-13,LCS,BPO,298
2026-04-13,LCU,BPO,2
2026-04-13,Liberec,SPO,11
2026-04-13,Liberec,BPO,2
2026-04-13,Mladá Boleslav,SPO,10
2026-04-13,Mladá Boleslav,BPO,3
2026-04-13,Most,SPO,10
2026-04-13,Most,BPO,2
2026-04-13,Mělník,SPO,7
2026-04-13,Mělník,BPO,2
2026-04-13,Olomouc,SPO,5
2026-04-13,Olomouc,BPO,3
2026-04-13,Ostrava,SPO,56
2026-04-13,Ostrava,BPO,10
2026-04-13,Pardubice,SPO,21
2026-04-13,Plzeň město,SPO,34
2026-04-13,Plzeň město,BPO,4
2026-04-13,Pobočka Chrášťany,SPO,111
2026-04-13,Pobočka Chrášťany,BPO,24
2026-04-13,Počernice,SPO,9
2026-04-13,Počernice,BPO,1
2026-04-13,Praha - centrála,SPO,59
2026-04-13,Praha - centrála,BPO,12
2026-04-13,Prostějov,SPO,3
2026-04-13,Příbram,SPO,4
2026-04-13,Příbram,BPO,1
2026-04-13,SKLC3,SPO,840
2026-04-13,SKLC3,BPO,268
2026-04-13,Tábor,SPO,4
2026-04-13,Třebíč,SPO,3
2026-04-13,Zlín,SPO,16
2026-04-13,Zlín,BPO,5
2026-04-13,Ústí nad Labem,SPO,25
2026-04-13,Ústí nad Labem,BPO,3
2026-04-13,Čakovice,SPO,10
2026-04-13,Čakovice,BPO,2
2026-04-13,České Budějovice,SPO,15
2026-04-13,České Budějovice,BPO,3
2026-04-14,Anděl,SPO,47
2026-04-14,Anděl,BPO,9
2026-04-14,Benešov,SPO,7
2026-04-14,Benešov,BPO,4
2026-04-14,Beroun,SPO,11
2026-04-14,Beroun,BPO,5
2026-04-14,Brno,SPO,34
2026-04-14,Brno,BPO,10
2026-04-14,Brno,XPO,1
2026-04-14,Brno Lískovec,SPO,27
2026-04-14,Brno Lískovec,BPO,1
2026-04-14,Budějovická,SPO,29
2026-04-14,Budějovická,BPO,13
2026-04-14,Chomutov,BPO,1
2026-04-14,Dejvice,SPO,11
2026-04-14,Dejvice,BPO,1
2026-04-14,Děčín,SPO,4
2026-04-14,Frýdek-Místek,SPO,7
2026-04-14,HULC1,SPO,1
2026-04-14,HULC1,BPO,1
2026-04-14,Hradec,SPO,96
2026-04-14,Hradec,BPO,1
2026-04-14,Háje,SPO,35
2026-04-14,Háje,BPO,9
2026-04-14,Jihlava,SPO,10
2026-04-14,Karlovy Vary,SPO,20
2026-04-14,Kladno,SPO,16
2026-04-14,Kladno,BPO,2
2026-04-14,Kolín,SPO,1
2026-04-14,LCS,SPO,904
2026-04-14,LCS,BPO,509
2026-04-14,LCU,SPO,22
2026-04-14,LCU,BPO,22
2026-04-14,LCU,XPO,2
2026-04-14,Liberec,SPO,11
2026-04-14,Liberec,BPO,1
2026-04-14,Mladá Boleslav,SPO,7
2026-04-14,Mladá Boleslav,BPO,1
2026-04-14,Most,SPO,30
2026-04-14,Most,BPO,1
2026-04-14,Mělník,SPO,12
2026-04-14,Olomouc,SPO,20
2026-04-14,Olomouc,BPO,1
2026-04-14,Ostrava,SPO,43
2026-04-14,Ostrava,BPO,12
2026-04-14,Pardubice,SPO,16
2026-04-14,Pardubice,BPO,1
2026-04-14,Plzeň město,SPO,18
2026-04-14,Plzeň město,BPO,3
2026-04-14,Pobočka Chrášťany,SPO,128
2026-04-14,Pobočka Chrášťany,BPO,21
2026-04-14,Počernice,SPO,8
2026-04-14,Počernice,BPO,4
2026-04-14,Praha - centrála,SPO,81
2026-04-14,Praha - centrála,BPO,11
2026-04-14,Prostějov,SPO,1
2026-04-14,Prostějov,BPO,1
2026-04-14,Příbram,SPO,12
2026-04-14,SKLC3,SPO,1312
2026-04-14,SKLC3,BPO,301
2026-04-14,Tábor,SPO,21
2026-04-14,Tábor,BPO,4
2026-04-14,Třebíč,SPO,8
2026-04-14,Zlín,SPO,21
2026-04-14,Zlín,BPO,6
2026-04-14,Ústí nad Labem,SPO,23
2026-04-14,Čakovice,SPO,34
2026-04-14,Čakovice,BPO,7
2026-04-14,České Budějovice,SPO,33
2026-04-15,Anděl,SPO,25
2026-04-15,Anděl,BPO,2
2026-04-15,Benešov,SPO,4
2026-04-15,Benešov,BPO,1
2026-04-15,Beroun,SPO,17
2026-04-15,Brno,SPO,31
2026-04-15,Brno,BPO,3
2026-04-15,Brno Lískovec,SPO,28
2026-04-15,Brno Lískovec,BPO,4
2026-04-15,Budějovická,SPO,24
2026-04-15,Budějovická,BPO,3
2026-04-15,Chomutov,BPO,2
2026-04-15,Dejvice,SPO,16
2026-04-15,Dejvice,BPO,2
2026-04-15,Děčín,SPO,1
2026-04-15,Děčín,BPO,1
2026-04-15,Frýdek-Místek,SPO,8
2026-04-15,Frýdek-Místek,BPO,3
2026-04-15,HULC1,SPO,4
2026-04-15,Hradec,SPO,9
2026-04-15,Hradec,BPO,3
2026-04-15,Háje,SPO,46
2026-04-15,Háje,BPO,6
2026-04-15,Jihlava,SPO,3
2026-04-15,Jihlava,BPO,3
2026-04-15,Karlovy Vary,SPO,20
2026-04-15,Kladno,SPO,9
2026-04-15,Kolín,SPO,2
2026-04-15,LCS,SPO,664
2026-04-15,LCS,BPO,171
2026-04-15,LCU,SPO,2
2026-04-15,LCU,BPO,13
2026-04-15,LCU,XPO,2
2026-04-15,Liberec,SPO,4
2026-04-15,Liberec,BPO,1
2026-04-15,Mladá Boleslav,SPO,7
2026-04-15,Mladá Boleslav,BPO,4
2026-04-15,Most,SPO,10
2026-04-15,Most,BPO,2
2026-04-15,Mělník,SPO,12
2026-04-15,Mělník,BPO,1
2026-04-15,Olomouc,SPO,15
2026-04-15,Olomouc,BPO,1
2026-04-15,Opava,BPO,1
2026-04-15,Ostrava,SPO,30
2026-04-15,Ostrava,BPO,9
2026-04-15,Pardubice,SPO,16
2026-04-15,Pardubice,BPO,2
2026-04-15,Plzeň město,SPO,21
2026-04-15,Plzeň město,BPO,2
2026-04-15,Pobočka Chrášťany,SPO,113
2026-04-15,Pobočka Chrášťany,BPO,21
2026-04-15,Pobočka Chrášťany,XPO,1
2026-04-15,Počernice,SPO,15
2026-04-15,Počernice,BPO,1
2026-04-15,Praha - centrála,SPO,31
2026-04-15,Praha - centrála,BPO,10
2026-04-15,Příbram,SPO,4
2026-04-15,Příbram,BPO,2
2026-04-15,SKLC3,SPO,811
2026-04-15,SKLC3,BPO,219
2026-04-15,Tábor,SPO,9
2026-04-15,Tábor,BPO,1
2026-04-15,Třebíč,SPO,3
2026-04-15,Zlín,SPO,11
2026-04-15,Zlín,BPO,3
2026-04-15,Ústí nad Labem,SPO,20
2026-04-15,Ústí nad Labem,BPO,3
2026-04-15,Čakovice,SPO,26
2026-04-15,Čakovice,BPO,5
2026-04-15,České Budějovice,SPO,22
2026-04-15,České Budějovice,BPO,5
2026-04-16,Anděl,SPO,38
2026-04-16,Anděl,BPO,6
2026-04-16,Benešov,SPO,5
2026-04-16,Benešov,BPO,1
2026-04-16,Beroun,SPO,10
2026-04-16,Brno,SPO,23
2026-04-16,Brno,BPO,5
2026-04-16,Brno Lískovec,SPO,23
2026-04-16,Brno Lískovec,BPO,4
2026-04-16,Budějovická,SPO,24
2026-04-16,Budějovická,BPO,1
2026-04-16,Chomutov,SPO,1
2026-04-16,Děčín,SPO,8
2026-04-16,Frýdek-Místek,SPO,10
2026-04-16,Hradec,SPO,16
2026-04-16,Hradec,BPO,1
2026-04-16,Háje,SPO,18
2026-04-16,Jihlava,SPO,2
2026-04-16,Jihlava,BPO,1
2026-04-16,Karlovy Vary,SPO,10
2026-04-16,Kladno,SPO,12
2026-04-16,Kladno,BPO,3
2026-04-16,LCS,SPO,821
2026-04-16,LCS,BPO,173
2026-04-16,LCU,SPO,15
2026-04-16,LCU,BPO,1
2026-04-16,Liberec,SPO,20
2026-04-16,Liberec,BPO,1
2026-04-16,Mladá Boleslav,SPO,26
2026-04-16,Most,SPO,17
2026-04-16,Mělník,SPO,2
2026-04-16,Mělník,BPO,1
2026-04-16,Olomouc,SPO,12
2026-04-16,Opava,SPO,1
2026-04-16,Ostrava,SPO,28
2026-04-16,Ostrava,BPO,10
2026-04-16,Pardubice,SPO,26
2026-04-16,Pardubice,BPO,5
2026-04-16,Plzeň město,SPO,37
2026-04-16,Plzeň město,BPO,4
2026-04-16,Pobočka Chrášťany,SPO,103
2026-04-16,Pobočka Chrášťany,BPO,17
2026-04-16,Počernice,SPO,13
2026-04-16,Praha - centrála,SPO,88
2026-04-16,Praha - centrála,BPO,13
2026-04-16,Příbram,SPO,6
2026-04-16,Příbram,BPO,1
2026-04-16,SKLC3,SPO,839
2026-04-16,SKLC3,BPO,282
2026-04-16,Tábor,SPO,7
2026-04-16,Tábor,BPO,1
2026-04-16,Zlín,SPO,10
2026-04-16,Zlín,BPO,1
2026-04-16,Ústí nad Labem,SPO,12
2026-04-16,Ústí nad Labem,BPO,1
2026-04-16,Čakovice,SPO,52
2026-04-16,Čakovice,BPO,5
2026-04-16,České Budějovice,SPO,16
2026-04-16,České Budějovice,BPO,7
2026-04-17,Anděl,SPO,40
2026-04-17,Anděl,BPO,5
2026-04-17,Benešov,SPO,3
2026-04-17,Beroun,SPO,3
2026-04-17,Brno,SPO,34
2026-04-17,Brno,BPO,2
2026-04-17,Brno,XPO,2
2026-04-17,Brno Lískovec,SPO,7
2026-04-17,Brno Lískovec,BPO,3
2026-04-17,Budějovická,SPO,33
2026-04-17,Budějovická,BPO,2
2026-04-17,Budějovická,XPO,1
2026-04-17,Chomutov,BPO,3
2026-04-17,Dejvice,SPO,12
2026-04-17,Dejvice,BPO,2
2026-04-17,Děčín,SPO,5
2026-04-17,Frýdek-Místek,SPO,5
2026-04-17,Frýdek-Místek,BPO,7
2026-04-17,HULC1,SPO,5
2026-04-17,Hradec,SPO,18
2026-04-17,Hradec,BPO,2
2026-04-17,Háje,SPO,20
2026-04-17,Háje,BPO,2
2026-04-17,Jihlava,SPO,54
2026-04-17,Jihlava,BPO,5
2026-04-17,Karlovy Vary,SPO,5
2026-04-17,Karlovy Vary,BPO,2
2026-04-17,Kladno,SPO,9
2026-04-17,Kolín,BPO,1
2026-04-17,LCS,SPO,604
2026-04-17,LCS,BPO,207
2026-04-17,LCU,SPO,2
2026-04-17,LCU,BPO,5
2026-04-17,LCU,XPO,6
2026-04-17,Liberec,SPO,8
2026-04-17,Liberec,BPO,1
2026-04-17,Mladá Boleslav,SPO,12
2026-04-17,Mladá Boleslav,BPO,1
2026-04-17,Most,SPO,16
2026-04-17,Most,BPO,2
2026-04-17,Mělník,SPO,8
2026-04-17,Mělník,BPO,1
2026-04-17,Olomouc,SPO,21
2026-04-17,Olomouc,BPO,4
2026-04-17,Opava,SPO,20
2026-04-17,Opava,BPO,1
2026-04-17,Ostrava,SPO,25
2026-04-17,Ostrava,BPO,11
2026-04-17,Pardubice,SPO,7
2026-04-17,Pardubice,BPO,1
2026-04-17,Plzeň město,SPO,29
2026-04-17,Plzeň město,BPO,2
2026-04-17,Pobočka Chrášťany,SPO,99
2026-04-17,Pobočka Chrášťany,BPO,20
2026-04-17,Počernice,SPO,34
2026-04-17,Počernice,BPO,3
2026-04-17,Praha - centrála,SPO,92
2026-04-17,Praha - centrála,BPO,7
2026-04-17,Prostějov,SPO,3
2026-04-17,Příbram,SPO,7
2026-04-17,Příbram,BPO,2
2026-04-17,SKLC3,SPO,762
2026-04-17,SKLC3,BPO,244
2026-04-17,Tábor,SPO,6
2026-04-17,Tábor,BPO,2
2026-04-17,Třebíč,SPO,2
2026-04-17,Zlín,SPO,8
2026-04-17,Zlín,BPO,4
2026-04-17,Ústí nad Labem,SPO,21
2026-04-17,Ústí nad Labem,BPO,3
2026-04-17,Čakovice,SPO,16
2026-04-17,Čakovice,BPO,1
2026-04-17,České Budějovice,SPO,16
2026-04-17,České Budějovice,BPO,1
2026-04-18,Anděl,SPO,48
2026-04-18,Anděl,BPO,8
2026-04-18,Benešov,SPO,16
2026-04-18,Benešov,BPO,5
2026-04-18,Beroun,SPO,4
2026-04-18,Brno,SPO,37
2026-04-18,Brno,BPO,9
2026-04-18,Brno Lískovec,SPO,25
2026-04-18,Brno Lískovec,BPO,4
2026-04-18,Budějovická,SPO,29
2026-04-18,Budějovická,BPO,3
2026-04-18,Dejvice,SPO,18
2026-04-18,Děčín,SPO,8
2026-04-18,Děčín,BPO,1
2026-04-18,Frýdek-Místek,SPO,9
2026-04-18,HULC1,XPO,1
2026-04-18,Hradec,SPO,22
2026-04-18,Hradec,BPO,3
2026-04-18,Háje,SPO,27
2026-04-18,Háje,BPO,4
2026-04-18,Jihlava,SPO,13
2026-04-18,Jihlava,BPO,2
2026-04-18,Karlovy Vary,SPO,15
2026-04-18,Kladno,SPO,6
2026-04-18,Kladno,BPO,2
2026-04-18,Kolín,SPO,3
2026-04-18,LCS,SPO,488
2026-04-18,LCS,BPO,138
2026-04-18,LCU,SPO,3
2026-04-18,LCU,BPO,3
2026-04-18,Liberec,SPO,8
2026-04-18,Liberec,BPO,1
2026-04-18,Mladá Boleslav,SPO,9
2026-04-18,Mladá Boleslav,BPO,1
2026-04-18,Most,SPO,8
2026-04-18,Most,BPO,3
2026-04-18,Mělník,SPO,7
2026-04-18,Mělník,BPO,4
2026-04-18,Olomouc,SPO,9
2026-04-18,Olomouc,BPO,9
2026-04-18,Opava,SPO,3
2026-04-18,Ostrava,SPO,48
2026-04-18,Ostrava,BPO,12
2026-04-18,Pardubice,SPO,9
2026-04-18,Plzeň město,SPO,18
2026-04-18,Plzeň město,BPO,5
2026-04-18,Pobočka Chrášťany,SPO,108
2026-04-18,Pobočka Chrášťany,BPO,18
2026-04-18,Počernice,SPO,27
2026-04-18,Počernice,BPO,6
2026-04-18,Praha - centrála,SPO,92
2026-04-18,Praha - centrála,BPO,14
2026-04-18,Prostějov,SPO,56
2026-04-18,Prostějov,BPO,10
2026-04-18,Příbram,SPO,6
2026-04-18,Příbram,BPO,1
2026-04-18,SKLC3,SPO,715
2026-04-18,SKLC3,BPO,156
2026-04-18,Tábor,SPO,23
2026-04-18,Tábor,BPO,2
2026-04-18,Třebíč,SPO,2
2026-04-18,Zlín,SPO,8
2026-04-18,Zlín,BPO,2
2026-04-18,Ústí nad Labem,SPO,12
2026-04-18,Ústí nad Labem,BPO,5
2026-04-18,Čakovice,SPO,37
2026-04-18,Čakovice,BPO,11
2026-04-18,České Budějovice,SPO,27
2026-04-18,České Budějovice,BPO,2
2026-04-19,Anděl,SPO,39
2026-04-19,Anděl,BPO,1
2026-04-19,Benešov,SPO,15
2026-04-19,Benešov,BPO,2
2026-04-19,Beroun,SPO,2
2026-04-19,Beroun,BPO,1
2026-04-19,Brno,SPO,46
2026-04-19,Brno,BPO,8
2026-04-19,Brno Lískovec,SPO,8
2026-04-19,Brno Lískovec,BPO,4
2026-04-19,Budějovická,SPO,21
2026-04-19,Budějovická,BPO,6
2026-04-19,Chomutov,SPO,5
2026-04-19,Dejvice,SPO,2
2026-04-19,Děčín,SPO,6
2026-04-19,Děčín,BPO,2
2026-04-19,Frýdek-Místek,SPO,14
2026-04-19,Frýdek-Místek,BPO,3
2026-04-19,HULC1,SPO,2
2026-04-19,Hradec,SPO,8
2026-04-19,Hradec,BPO,4
2026-04-19,Háje,SPO,21
2026-04-19,Háje,BPO,6
2026-04-19,Jihlava,SPO,8
2026-04-19,Jihlava,BPO,3
2026-04-19,Karlovy Vary,SPO,11
2026-04-19,Karlovy Vary,BPO,2
2026-04-19,Kladno,SPO,5
2026-04-19,Kladno,BPO,1
2026-04-19,LCS,SPO,361
2026-04-19,LCS,BPO,111
2026-04-19,Liberec,SPO,21
2026-04-19,Mladá Boleslav,SPO,16
2026-04-19,Mladá Boleslav,BPO,1
2026-04-19,Most,SPO,2
2026-04-19,Most,BPO,1
2026-04-19,Mělník,SPO,8
2026-04-19,Mělník,BPO,3
2026-04-19,Mělník,XPO,1
2026-04-19,Olomouc,SPO,13
2026-04-19,Olomouc,BPO,5
2026-04-19,Ostrava,SPO,36
2026-04-19,Ostrava,BPO,4
2026-04-19,Pardubice,SPO,22
2026-04-19,Pardubice,BPO,3
2026-04-19,Plzeň město,SPO,29
2026-04-19,Plzeň město,BPO,2
2026-04-19,Pobočka Chrášťany,SPO,119
2026-04-19,Pobočka Chrášťany,BPO,19
2026-04-19,Počernice,SPO,9
2026-04-19,Počernice,BPO,2
2026-04-19,Praha - centrála,SPO,121
2026-04-19,Praha - centrála,BPO,20
2026-04-19,Prostějov,SPO,2
2026-04-19,Prostějov,BPO,1
2026-04-19,Příbram,SPO,6
2026-04-19,SKLC3,SPO,371
2026-04-19,SKLC3,BPO,120
2026-04-19,Tábor,SPO,5
2026-04-19,Tábor,BPO,3
2026-04-19,Zlín,SPO,8
2026-04-19,Zlín,BPO,2
2026-04-19,Ústí nad Labem,SPO,14
2026-04-19,Ústí nad Labem,BPO,3
2026-04-19,Čakovice,SPO,34
2026-04-19,Čakovice,BPO,6
2026-04-19,České Budějovice,SPO,11
2026-04-20,Anděl,SPO,34
2026-04-20,Anděl,BPO,5
2026-04-20,Benešov,SPO,5
2026-04-20,Benešov,BPO,2
2026-04-20,Beroun,SPO,11
2026-04-20,Beroun,BPO,4
2026-04-20,Brno,SPO,22
2026-04-20,Brno,BPO,2
2026-04-20,Brno Lískovec,SPO,25
2026-04-20,Brno Lískovec,BPO,3
2026-04-20,Budějovická,SPO,18
2026-04-20,Budějovická,BPO,3
2026-04-20,Dejvice,SPO,4
2026-04-20,Dejvice,BPO,1
2026-04-20,Děčín,SPO,12
2026-04-20,Děčín,BPO,2
2026-04-20,Frýdek-Místek,SPO,8
2026-04-20,Frýdek-Místek,BPO,1
2026-04-20,HULC1,SPO,30
2026-04-20,HULC1,BPO,2
2026-04-20,Hradec,SPO,9
2026-04-20,Hradec,BPO,3
2026-04-20,Háje,SPO,33
2026-04-20,Háje,BPO,3
2026-04-20,Jihlava,SPO,10
2026-04-20,Karlovy Vary,SPO,15
2026-04-20,Kladno,SPO,7
2026-04-20,Kladno,BPO,1
2026-04-20,Kolín,SPO,60
2026-04-20,Kolín,BPO,1
2026-04-20,LCS,SPO,594
2026-04-20,LCS,BPO,285
2026-04-20,LCU,SPO,2
2026-04-20,Liberec,SPO,15
2026-04-20,Liberec,BPO,1
2026-04-20,Mladá Boleslav,SPO,12
2026-04-20,Mladá Boleslav,BPO,2
2026-04-20,Most,SPO,9
2026-04-20,Most,BPO,1
2026-04-20,Mělník,SPO,6
2026-04-20,Mělník,BPO,2
2026-04-20,Olomouc,SPO,30
2026-04-20,Olomouc,BPO,6
2026-04-20,Opava,SPO,5
2026-04-20,Ostrava,SPO,34
2026-04-20,Ostrava,BPO,3
2026-04-20,Pardubice,SPO,8
2026-04-20,Pardubice,BPO,1
2026-04-20,Plzeň město,SPO,36
2026-04-20,Plzeň město,BPO,5
2026-04-20,Pobočka Chrášťany,SPO,107
2026-04-20,Pobočka Chrášťany,BPO,18
2026-04-20,Počernice,SPO,21
2026-04-20,Počernice,BPO,2
2026-04-20,Praha - centrála,SPO,96
2026-04-20,Praha - centrála,BPO,14
2026-04-20,Příbram,SPO,7
2026-04-20,SKLC3,SPO,903
2026-04-20,SKLC3,BPO,236
2026-04-20,SKLC3,XPO,1
2026-04-20,Tábor,SPO,7
2026-04-20,Tábor,BPO,5
2026-04-20,Třebíč,SPO,12
2026-04-20,Třebíč,BPO,1
2026-04-20,Zlín,SPO,4
2026-04-20,Ústí nad Labem,SPO,20
2026-04-20,Ústí nad Labem,BPO,1
2026-04-20,Čakovice,SPO,28
2026-04-20,Čakovice,BPO,7
2026-04-20,České Budějovice,SPO,11
2026-04-21,Anděl,SPO,34
2026-04-21,Anděl,BPO,4
2026-04-21,Benešov,SPO,15
2026-04-21,Benešov,BPO,5
2026-04-21,Beroun,SPO,7
2026-04-21,Beroun,BPO,1
2026-04-21,Brno,SPO,35
2026-04-21,Brno,BPO,4
2026-04-21,Brno,XPO,1
2026-04-21,Brno Lískovec,SPO,30
2026-04-21,Brno Lískovec,BPO,3
2026-04-21,Budějovická,SPO,44
2026-04-21,Budějovická,BPO,10
2026-04-21,Chomutov,SPO,2
2026-04-21,Chomutov,BPO,8
2026-04-21,Dejvice,SPO,6
2026-04-21,Dejvice,BPO,2
2026-04-21,Děčín,SPO,19
2026-04-21,Děčín,BPO,2
2026-04-21,Frýdek-Místek,SPO,12
2026-04-21,Frýdek-Místek,BPO,2
2026-04-21,HULC1,SPO,27
2026-04-21,HULC1,BPO,2
2026-04-21,Hradec,SPO,16
2026-04-21,Hradec,BPO,6
2026-04-21,Háje,SPO,43
2026-04-21,Háje,BPO,5
2026-04-21,Jihlava,SPO,18
2026-04-21,Jihlava,BPO,4
2026-04-21,Karlovy Vary,SPO,7
2026-04-21,Karlovy Vary,BPO,3
2026-04-21,Kladno,SPO,4
2026-04-21,Kladno,BPO,2
2026-04-21,Kolín,SPO,5
2026-04-21,LCS,SPO,781
2026-04-21,LCS,BPO,197
2026-04-21,LCU,SPO,32
2026-04-21,LCU,BPO,10
2026-04-21,LCU,XPO,3
2026-04-21,Liberec,SPO,26
2026-04-21,Liberec,BPO,5
2026-04-21,Mladá Boleslav,SPO,8
2026-04-21,Mladá Boleslav,BPO,1
2026-04-21,Most,SPO,14
2026-04-21,Most,BPO,3
2026-04-21,Mělník,SPO,14
2026-04-21,Mělník,BPO,3
2026-04-21,Mělník,XPO,1
2026-04-21,Olomouc,SPO,16
2026-04-21,Olomouc,BPO,5
2026-04-21,Opava,SPO,1
2026-04-21,Opava,BPO,1
2026-04-21,Ostrava,SPO,42
2026-04-21,Ostrava,BPO,6
2026-04-21,Pardubice,SPO,12
2026-04-21,Pardubice,BPO,4
2026-04-21,Plzeň město,SPO,47
2026-04-21,Plzeň město,BPO,5
2026-04-21,Pobočka Chrášťany,SPO,105
2026-04-21,Pobočka Chrášťany,BPO,15
2026-04-21,Počernice,SPO,21
2026-04-21,Počernice,BPO,6
2026-04-21,Praha - centrála,SPO,126
2026-04-21,Praha - centrála,BPO,24
2026-04-21,Příbram,SPO,4
2026-04-21,Příbram,BPO,1
2026-04-21,SKLC3,SPO,1030
2026-04-21,SKLC3,BPO,271
2026-04-21,Tábor,SPO,12
2026-04-21,Tábor,BPO,3
2026-04-21,Třebíč,SPO,9
2026-04-21,Třebíč,BPO,1
2026-04-21,Zlín,SPO,62
2026-04-21,Zlín,BPO,3
2026-04-21,Ústí nad Labem,SPO,25
2026-04-21,Ústí nad Labem,BPO,2
2026-04-21,Čakovice,SPO,82
2026-04-21,Čakovice,BPO,6
2026-04-21,České Budějovice,SPO,27
2026-04-21,České Budějovice,BPO,2
2026-04-22,Anděl,SPO,24
2026-04-22,Anděl,BPO,1
2026-04-22,Benešov,SPO,10
2026-04-22,Beroun,SPO,10
2026-04-22,Beroun,BPO,1
2026-04-22,Brno,SPO,11
2026-04-22,Brno,BPO,4
2026-04-22,Brno Lískovec,SPO,90
2026-04-22,Brno Lískovec,BPO,5
2026-04-22,Budějovická,SPO,23
2026-04-22,Budějovická,BPO,6
2026-04-22,Chomutov,SPO,3
2026-04-22,Chomutov,BPO,4
2026-04-22,Dejvice,SPO,1
2026-04-22,Děčín,SPO,14
2026-04-22,Děčín,BPO,1
2026-04-22,Frýdek-Místek,SPO,5
2026-04-22,Frýdek-Místek,BPO,3
2026-04-22,HULC1,SPO,58
2026-04-22,HULC1,BPO,5
2026-04-22,Hradec,SPO,15
2026-04-22,Hradec,BPO,2
2026-04-22,Háje,SPO,19
2026-04-22,Háje,BPO,3
2026-04-22,Jihlava,SPO,67
2026-04-22,Jihlava,BPO,1
2026-04-22,Karlovy Vary,SPO,9
2026-04-22,Karlovy Vary,BPO,1
2026-04-22,Kladno,SPO,64
2026-04-22,Kladno,BPO,1
2026-04-22,Kolín,SPO,38
2026-04-22,LCS,SPO,485
2026-04-22,LCS,BPO,84
2026-04-22,LCU,SPO,14
2026-04-22,LCU,BPO,6
2026-04-22,Liberec,SPO,67
2026-04-22,Mladá Boleslav,SPO,14
2026-04-22,Mladá Boleslav,BPO,1
2026-04-22,Most,SPO,69
2026-04-22,Most,BPO,2
2026-04-22,Mělník,SPO,61
2026-04-22,Olomouc,SPO,8
2026-04-22,Opava,SPO,4
2026-04-22,Ostrava,SPO,25
2026-04-22,Ostrava,BPO,12
2026-04-22,Pardubice,SPO,10
2026-04-22,Plzeň město,SPO,21
2026-04-22,Plzeň město,BPO,3
2026-04-22,Pobočka Chrášťany,SPO,81
2026-04-22,Pobočka Chrášťany,BPO,7
2026-04-22,Počernice,SPO,19
2026-04-22,Počernice,BPO,1
2026-04-22,Praha - centrála,SPO,81
2026-04-22,Praha - centrála,BPO,34
2026-04-22,Prostějov,SPO,39
2026-04-22,Příbram,SPO,57
2026-04-22,Příbram,BPO,1
2026-04-22,SKLC3,SPO,809
2026-04-22,SKLC3,BPO,289
2026-04-22,Tábor,SPO,54
2026-04-22,Třebíč,SPO,57
2026-04-22,Třebíč,BPO,1
2026-04-22,Zlín,SPO,8
2026-04-22,Zlín,BPO,2
2026-04-22,Ústí nad Labem,SPO,67
2026-04-22,Ústí nad Labem,BPO,2
2026-04-22,Čakovice,SPO,27
2026-04-22,Čakovice,BPO,12
2026-04-22,České Budějovice,SPO,16
2026-04-22,České Budějovice,BPO,4
2026-04-23,Anděl,SPO,32
2026-04-23,Anděl,BPO,2
2026-04-23,Benešov,SPO,4
2026-04-23,Benešov,BPO,5
2026-04-23,Beroun,SPO,5
2026-04-23,Brno,SPO,25
2026-04-23,Brno Lískovec,SPO,14
2026-04-23,Brno Lískovec,BPO,4
2026-04-23,Budějovická,SPO,43
2026-04-23,Budějovická,BPO,5
2026-04-23,Chomutov,SPO,1
2026-04-23,Chomutov,BPO,1
2026-04-23,Dejvice,SPO,5
2026-04-23,Děčín,SPO,10
2026-04-23,Děčín,BPO,3
2026-04-23,Frýdek-Místek,SPO,12
2026-04-23,Frýdek-Místek,BPO,6
2026-04-23,HULC1,SPO,1
2026-04-23,HULC1,XPO,1
2026-04-23,Hradec,SPO,24
2026-04-23,Hradec,BPO,3
2026-04-23,Háje,SPO,70
2026-04-23,Háje,BPO,19
2026-04-23,Jihlava,SPO,12
2026-04-23,Jihlava,BPO,1
2026-04-23,Karlovy Vary,SPO,5
2026-04-23,Kladno,SPO,3
2026-04-23,Kladno,BPO,2
2026-04-23,LCS,SPO,450
2026-04-23,LCS,BPO,134
2026-04-23,LCU,SPO,23
2026-04-23,LCU,BPO,16
2026-04-23,LCU,XPO,4
2026-04-23,Liberec,SPO,17
2026-04-23,Liberec,BPO,2
2026-04-23,Mladá Boleslav,SPO,4
2026-04-23,Most,SPO,17
2026-04-23,Most,BPO,2
2026-04-23,Mělník,SPO,4
2026-04-23,Mělník,BPO,1
2026-04-23,Olomouc,SPO,4
2026-04-23,Olomouc,BPO,1
2026-04-23,Opava,SPO,4
2026-04-23,Ostrava,SPO,25
2026-04-23,Ostrava,BPO,6
2026-04-23,Pardubice,SPO,9
2026-04-23,Plzeň město,SPO,31
2026-04-23,Plzeň město,BPO,7
2026-04-23,Pobočka Chrášťany,SPO,88
2026-04-23,Pobočka Chrášťany,BPO,14
2026-04-23,Počernice,SPO,9
2026-04-23,Počernice,BPO,2
2026-04-23,Praha - centrála,SPO,134
2026-04-23,Praha - centrála,BPO,22
2026-04-23,Praha - centrála,XPO,1
2026-04-23,Prostějov,SPO,2
2026-04-23,Prostějov,BPO,1
2026-04-23,Příbram,SPO,3
2026-04-23,Příbram,BPO,1
2026-04-23,SKLC3,SPO,932
2026-04-23,SKLC3,BPO,315
2026-04-23,Tábor,SPO,10
2026-04-23,Třebíč,SPO,6
2026-04-23,Třebíč,BPO,1
2026-04-23,Zlín,SPO,16
2026-04-23,Zlín,BPO,3
2026-04-23,Ústí nad Labem,SPO,14
2026-04-23,Ústí nad Labem,BPO,2
2026-04-23,Čakovice,SPO,9
2026-04-23,Čakovice,BPO,6
2026-04-23,České Budějovice,SPO,30
2026-04-23,České Budějovice,BPO,1
2026-04-24,Anděl,SPO,51
2026-04-24,Anděl,BPO,2
2026-04-24,Benešov,SPO,10
2026-04-24,Benešov,BPO,1
2026-04-24,Beroun,SPO,13
2026-04-24,Beroun,BPO,20
2026-04-24,Brno,SPO,33
2026-04-24,Brno,BPO,4
2026-04-24,Brno Lískovec,SPO,13
2026-04-24,Brno Lískovec,BPO,1
2026-04-24,Budějovická,SPO,30
2026-04-24,Budějovická,BPO,3
2026-04-24,Chomutov,SPO,12
2026-04-24,Chomutov,BPO,3
2026-04-24,Dejvice,SPO,3
2026-04-24,Dejvice,BPO,2
2026-04-24,Děčín,SPO,8
2026-04-24,Děčín,BPO,2
2026-04-24,Frýdek-Místek,SPO,16
2026-04-24,Frýdek-Místek,BPO,1
2026-04-24,HULC1,SPO,56
2026-04-24,HULC1,BPO,5
2026-04-24,Hradec,SPO,16
2026-04-24,Hradec,BPO,4
2026-04-24,Háje,SPO,33
2026-04-24,Háje,BPO,3
2026-04-24,Jihlava,SPO,9
2026-04-24,Jihlava,BPO,2
2026-04-24,Karlovy Vary,SPO,35
2026-04-24,Karlovy Vary,BPO,1
2026-04-24,Kladno,SPO,6
2026-04-24,Kladno,BPO,2
2026-04-24,LCS,SPO,444
2026-04-24,LCS,BPO,117
2026-04-24,LCU,SPO,1
2026-04-24,Liberec,SPO,20
2026-04-24,Liberec,BPO,2
2026-04-24,Mladá Boleslav,SPO,8
2026-04-24,Most,SPO,20
2026-04-24,Most,BPO,1
2026-04-24,Mělník,SPO,9
2026-04-24,Mělník,BPO,3
2026-04-24,Olomouc,SPO,15
2026-04-24,Olomouc,BPO,1
2026-04-24,Ostrava,SPO,29
2026-04-24,Ostrava,BPO,12
2026-04-24,Pardubice,SPO,17
2026-04-24,Pardubice,BPO,2
2026-04-24,Plzeň město,SPO,82
2026-04-24,Plzeň město,BPO,2
2026-04-24,Pobočka Chrášťany,SPO,94
2026-04-24,Pobočka Chrášťany,BPO,18
2026-04-24,Počernice,SPO,15
2026-04-24,Počernice,BPO,4
2026-04-24,Praha - centrála,SPO,81
2026-04-24,Praha - centrála,BPO,13
2026-04-24,Prostějov,SPO,1
2026-04-24,Příbram,SPO,10
2026-04-24,Příbram,BPO,1
2026-04-24,SKLC3,SPO,994
2026-04-24,SKLC3,BPO,467
2026-04-24,Tábor,SPO,10
2026-04-24,Tábor,BPO,1
2026-04-24,Zlín,SPO,22
2026-04-24,Zlín,BPO,1
2026-04-24,Ústí nad Labem,SPO,17
2026-04-24,Čakovice,SPO,33
2026-04-24,Čakovice,BPO,5
2026-04-24,České Budějovice,SPO,27
2026-04-24,České Budějovice,BPO,4
2026-04-25,Anděl,SPO,39
2026-04-25,Anděl,BPO,4
2026-04-25,Benešov,SPO,19
2026-04-25,Beroun,SPO,6
2026-04-25,Beroun,BPO,2
2026-04-25,Brno,SPO,44
2026-04-25,Brno,BPO,5
2026-04-25,Brno Lískovec,SPO,14
2026-04-25,Brno Lískovec,BPO,2
2026-04-25,Budějovická,SPO,27
2026-04-25,Budějovická,BPO,7
2026-04-25,Chomutov,SPO,2
2026-04-25,Chomutov,BPO,4
2026-04-25,Dejvice,SPO,7
2026-04-25,Dejvice,BPO,5
2026-04-25,Děčín,SPO,22
2026-04-25,Děčín,BPO,2
2026-04-25,Frýdek-Místek,SPO,71
2026-04-25,Frýdek-Místek,BPO,4
2026-04-25,HULC1,SPO,3
2026-04-25,Hradec,SPO,8
2026-04-25,Hradec,BPO,2
2026-04-25,Háje,SPO,56
2026-04-25,Háje,BPO,14
2026-04-25,Jihlava,SPO,16
2026-04-25,Jihlava,BPO,1
2026-04-25,Karlovy Vary,SPO,11
2026-04-25,Karlovy Vary,BPO,3
2026-04-25,Kladno,SPO,14
2026-04-25,Kolín,SPO,3
2026-04-25,LCS,SPO,411
2026-04-25,LCS,BPO,119
2026-04-25,LCU,SPO,6
2026-04-25,LCU,BPO,16
2026-04-25,Liberec,SPO,16
2026-04-25,Liberec,BPO,1
2026-04-25,Mladá Boleslav,SPO,16
2026-04-25,Mladá Boleslav,BPO,4
2026-04-25,Most,SPO,8
2026-04-25,Mělník,SPO,8
2026-04-25,Mělník,BPO,2
2026-04-25,Olomouc,SPO,67
2026-04-25,Olomouc,BPO,3
2026-04-25,Opava,SPO,58
2026-04-25,Opava,BPO,1
2026-04-25,Ostrava,SPO,45
2026-04-25,Ostrava,BPO,12
2026-04-25,Ostrava,XPO,1
2026-04-25,Pardubice,SPO,28
2026-04-25,Pardubice,BPO,5
2026-04-25,Plzeň město,SPO,33
2026-04-25,Plzeň město,BPO,4
2026-04-25,Pobočka Chrášťany,SPO,165
2026-04-25,Pobočka Chrášťany,BPO,21
2026-04-25,Počernice,SPO,79
2026-04-25,Počernice,BPO,7
2026-04-25,Praha - centrála,SPO,178
2026-04-25,Praha - centrála,BPO,34
2026-04-25,Prostějov,SPO,2
2026-04-25,Prostějov,BPO,1
2026-04-25,Příbram,SPO,6
2026-04-25,SKLC3,SPO,1255
2026-04-25,SKLC3,BPO,328
2026-04-25,SKLC3,XPO,1
2026-04-25,Tábor,SPO,9
2026-04-25,Tábor,BPO,2
2026-04-25,Třebíč,SPO,3
2026-04-25,Zlín,SPO,82
2026-04-25,Zlín,BPO,7
2026-04-25,Ústí nad Labem,SPO,11
2026-04-25,Ústí nad Labem,BPO,2
2026-04-25,Čakovice,SPO,15
2026-04-25,Čakovice,BPO,10
2026-04-25,České Budějovice,SPO,32
2026-04-25,České Budějovice,BPO,8
2026-04-26,Anděl,SPO,30
2026-04-26,Anděl,BPO,1
2026-04-26,Benešov,SPO,4
2026-04-26,Benešov,BPO,1
2026-04-26,Beroun,SPO,10
2026-04-26,Beroun,BPO,1
2026-04-26,Brno,SPO,16
2026-04-26,Brno Lískovec,SPO,22
2026-04-26,Brno Lískovec,BPO,3
2026-04-26,Budějovická,SPO,18
2026-04-26,Budějovická,BPO,3
2026-04-26,Chomutov,BPO,1
2026-04-26,Dejvice,SPO,1
2026-04-26,Děčín,SPO,6
2026-04-26,Frýdek-Místek,SPO,11
2026-04-26,Frýdek-Místek,BPO,6
2026-04-26,HULC1,SPO,52
2026-04-26,Hradec,SPO,23
2026-04-26,Hradec,BPO,1
2026-04-26,Háje,SPO,24
2026-04-26,Háje,BPO,1
2026-04-26,Jihlava,SPO,15
2026-04-26,Jihlava,BPO,1
2026-04-26,Karlovy Vary,SPO,10
2026-04-26,Kladno,SPO,1
2026-04-26,Kolín,SPO,2
2026-04-26,LCS,SPO,298
2026-04-26,LCS,BPO,108
2026-04-26,LCU,SPO,2
2026-04-26,LCU,BPO,3
2026-04-26,LCU,XPO,1
2026-04-26,Liberec,SPO,8
2026-04-26,Mladá Boleslav,SPO,15
2026-04-26,Most,SPO,9
2026-04-26,Mělník,SPO,3
2026-04-26,Mělník,BPO,1
2026-04-26,Olomouc,SPO,13
2026-04-26,Opava,SPO,3
2026-04-26,Ostrava,SPO,27
2026-04-26,Ostrava,BPO,2
2026-04-26,Pardubice,SPO,10
2026-04-26,Plzeň město,SPO,17
2026-04-26,Plzeň město,BPO,3
2026-04-26,Pobočka Chrášťany,SPO,90
2026-04-26,Pobočka Chrášťany,BPO,15
2026-04-26,Pobočka Chrášťany,XPO,1
2026-04-26,Počernice,SPO,11
2026-04-26,Praha - centrála,SPO,78
2026-04-26,Praha - centrála,BPO,8
2026-04-26,Prostějov,BPO,1
2026-04-26,Příbram,SPO,2
2026-04-26,SKLC3,SPO,623
2026-04-26,SKLC3,BPO,131
2026-04-26,Tábor,SPO,4
2026-04-26,Třebíč,SPO,3
2026-04-26,Zlín,SPO,10
2026-04-26,Zlín,BPO,3
2026-04-26,Ústí nad Labem,SPO,12
2026-04-26,Ústí nad Labem,BPO,3
2026-04-26,Čakovice,SPO,16
2026-04-26,Čakovice,BPO,3
2026-04-26,České Budějovice,SPO,4
2026-04-26,České Budějovice,BPO,2
2026-04-27,Anděl,SPO,34
2026-04-27,Benešov,SPO,8
2026-04-27,Benešov,BPO,2
2026-04-27,Beroun,SPO,5
2026-04-27,Beroun,BPO,1
2026-04-27,Brno,SPO,24
2026-04-27,Brno,BPO,4
2026-04-27,Brno Lískovec,SPO,6
2026-04-27,Brno Lískovec,BPO,1
2026-04-27,Brno Lískovec,XPO,1
2026-04-27,Budějovická,SPO,33
2026-04-27,Budějovická,BPO,4
2026-04-27,Dejvice,SPO,12
2026-04-27,Děčín,SPO,9
2026-04-27,Děčín,BPO,1
2026-04-27,Frýdek-Místek,SPO,19
2026-04-27,Frýdek-Místek,BPO,3
2026-04-27,HULC1,SPO,14
2026-04-27,Hradec,SPO,17
2026-04-27,Hradec,BPO,3
2026-04-27,Háje,SPO,18
2026-04-27,Háje,BPO,9
2026-04-27,Jihlava,SPO,12
2026-04-27,Jihlava,BPO,3
2026-04-27,Karlovy Vary,SPO,9
2026-04-27,Kladno,SPO,10
2026-04-27,Kladno,BPO,3
2026-04-27,LCS,SPO,469
2026-04-27,LCS,BPO,205
2026-04-27,LCU,SPO,1
2026-04-27,LCU,BPO,13
2026-04-27,Liberec,SPO,21
2026-04-27,Liberec,BPO,1
2026-04-27,Mladá Boleslav,SPO,12
2026-04-27,Mladá Boleslav,BPO,7
2026-04-27,Most,SPO,9
2026-04-27,Most,BPO,9
2026-04-27,Mělník,SPO,10
2026-04-27,Olomouc,SPO,10
2026-04-27,Olomouc,BPO,1
2026-04-27,Opava,SPO,2
2026-04-27,Ostrava,SPO,51
2026-04-27,Ostrava,BPO,10
2026-04-27,Pardubice,SPO,21
2026-04-27,Pardubice,BPO,3
2026-04-27,Plzeň město,SPO,22
2026-04-27,Plzeň město,BPO,5
2026-04-27,Pobočka Chrášťany,SPO,140
2026-04-27,Pobočka Chrášťany,BPO,22
2026-04-27,Pobočka Chrášťany,XPO,1
2026-04-27,Počernice,SPO,18
2026-04-27,Praha - centrála,SPO,104
2026-04-27,Praha - centrála,BPO,10
2026-04-27,Příbram,SPO,5
2026-04-27,SKLC3,SPO,824
2026-04-27,SKLC3,BPO,242
2026-04-27,Tábor,SPO,10
2026-04-27,Třebíč,SPO,1
2026-04-27,Zlín,SPO,23
2026-04-27,Zlín,BPO,5
2026-04-27,Ústí nad Labem,SPO,16
2026-04-27,Ústí nad Labem,BPO,2
2026-04-27,Čakovice,SPO,27
2026-04-27,Čakovice,BPO,3
2026-04-27,České Budějovice,SPO,11
2026-04-27,České Budějovice,BPO,1
2026-04-27,České Budějovice,XPO,1
2026-04-28,Anděl,SPO,40
2026-04-28,Anděl,BPO,7
2026-04-28,Benešov,SPO,6
2026-04-28,Benešov,BPO,3
2026-04-28,Beroun,SPO,9
2026-04-28,Brno,SPO,31
2026-04-28,Brno,BPO,2
2026-04-28,Brno Lískovec,SPO,16
2026-04-28,Brno Lískovec,BPO,1
2026-04-28,Budějovická,SPO,29
2026-04-28,Budějovická,BPO,2
2026-04-28,Chomutov,SPO,7
2026-04-28,Chomutov,BPO,1
2026-04-28,Dejvice,SPO,5
2026-04-28,Dejvice,BPO,1
2026-04-28,Děčín,SPO,6
2026-04-28,Děčín,BPO,1
2026-04-28,Frýdek-Místek,SPO,1
2026-04-28,Frýdek-Místek,BPO,1
2026-04-28,HULC1,SPO,1
2026-04-28,HULC1,BPO,1
2026-04-28,Hradec,SPO,18
2026-04-28,Hradec,BPO,2
2026-04-28,Háje,SPO,18
2026-04-28,Háje,BPO,7
2026-04-28,Jihlava,SPO,5
2026-04-28,Karlovy Vary,SPO,23
2026-04-28,Kladno,SPO,3
2026-04-28,Kladno,BPO,2
2026-04-28,Kolín,SPO,1
2026-04-28,LCS,SPO,676
2026-04-28,LCS,BPO,156
2026-04-28,LCU,SPO,26
2026-04-28,LCU,BPO,6
2026-04-28,LCU,XPO,1
2026-04-28,Liberec,SPO,20
2026-04-28,Liberec,BPO,1
2026-04-28,Mladá Boleslav,SPO,10
2026-04-28,Mladá Boleslav,BPO,1
2026-04-28,Most,SPO,8
2026-04-28,Mělník,SPO,22
2026-04-28,Mělník,BPO,5
2026-04-28,Olomouc,SPO,38
2026-04-28,Olomouc,BPO,3
2026-04-28,Opava,SPO,2
2026-04-28,Opava,BPO,3
2026-04-28,Ostrava,SPO,40
2026-04-28,Ostrava,BPO,18
2026-04-28,Pardubice,SPO,11
2026-04-28,Pardubice,BPO,4
2026-04-28,Plzeň město,SPO,29
2026-04-28,Plzeň město,BPO,9
2026-04-28,Pobočka Chrášťany,SPO,93
2026-04-28,Pobočka Chrášťany,BPO,13
2026-04-28,Počernice,SPO,10
2026-04-28,Praha - centrála,SPO,136
2026-04-28,Praha - centrála,BPO,17
2026-04-28,Příbram,SPO,5
2026-04-28,SKLC3,SPO,1163
2026-04-28,SKLC3,BPO,455
2026-04-28,SKLC3,XPO,2
2026-04-28,Tábor,SPO,34
2026-04-28,Tábor,BPO,5
2026-04-28,Třebíč,SPO,1
2026-04-28,Zlín,SPO,13
2026-04-28,Ústí nad Labem,SPO,19
2026-04-28,Ústí nad Labem,BPO,1
2026-04-28,Čakovice,SPO,68
2026-04-28,Čakovice,BPO,12
2026-04-28,Čakovice,XPO,1
2026-04-28,České Budějovice,SPO,9
2026-04-28,České Budějovice,BPO,5
2026-04-29,Anděl,SPO,44
2026-04-29,Anděl,BPO,7
2026-04-29,Benešov,SPO,54
2026-04-29,Benešov,BPO,2
2026-04-29,Beroun,SPO,7
2026-04-29,Brno,SPO,31
2026-04-29,Brno,BPO,3
2026-04-29,Brno Lískovec,SPO,20
2026-04-29,Brno Lískovec,BPO,5
2026-04-29,Budějovická,SPO,26
2026-04-29,Budějovická,BPO,3
2026-04-29,Chomutov,SPO,1
2026-04-29,Dejvice,SPO,12
2026-04-29,Dejvice,BPO,1
2026-04-29,Děčín,SPO,7
2026-04-29,Děčín,BPO,2
2026-04-29,Frýdek-Místek,SPO,8
2026-04-29,Frýdek-Místek,BPO,5
2026-04-29,HULC1,SPO,4
2026-04-29,HULC1,BPO,2
2026-04-29,Hradec,SPO,11
2026-04-29,Hradec,BPO,1
2026-04-29,Háje,SPO,23
2026-04-29,Háje,BPO,19
2026-04-29,Jihlava,SPO,14
2026-04-29,Jihlava,BPO,2
2026-04-29,Karlovy Vary,SPO,15
2026-04-29,Kladno,SPO,5
2026-04-29,Kolín,SPO,18
2026-04-29,Kolín,BPO,2
2026-04-29,LCS,SPO,401
2026-04-29,LCS,BPO,79
2026-04-29,LCU,SPO,7
2026-04-29,LCU,BPO,4
2026-04-29,LCU,XPO,2
2026-04-29,Liberec,SPO,15
2026-04-29,Liberec,BPO,2
2026-04-29,Mladá Boleslav,SPO,15
2026-04-29,Most,SPO,5
2026-04-29,Most,BPO,1
2026-04-29,Mělník,SPO,10
2026-04-29,Mělník,BPO,1
2026-04-29,Olomouc,SPO,4
2026-04-29,Olomouc,BPO,1
2026-04-29,Opava,SPO,3
2026-04-29,Ostrava,SPO,50
2026-04-29,Ostrava,BPO,5
2026-04-29,Pardubice,SPO,19
2026-04-29,Pardubice,BPO,4
2026-04-29,Plzeň město,SPO,24
2026-04-29,Plzeň město,BPO,4
2026-04-29,Pobočka Chrášťany,SPO,115
2026-04-29,Pobočka Chrášťany,BPO,24
2026-04-29,Pobočka Chrášťany,XPO,1
2026-04-29,Počernice,SPO,14
2026-04-29,Počernice,BPO,5
2026-04-29,Praha - centrála,SPO,121
2026-04-29,Praha - centrála,BPO,11
2026-04-29,Příbram,SPO,16
2026-04-29,Příbram,BPO,1
2026-04-29,SKLC3,SPO,808
2026-04-29,SKLC3,BPO,243
2026-04-29,SKLC3,XPO,4
2026-04-29,Tábor,SPO,12
2026-04-29,Tábor,BPO,2
2026-04-29,Třebíč,SPO,3
2026-04-29,Zlín,SPO,18
2026-04-29,Zlín,BPO,2
2026-04-29,Ústí nad Labem,SPO,18
2026-04-29,Ústí nad Labem,BPO,2
2026-04-29,Čakovice,SPO,64
2026-04-29,Čakovice,BPO,12
2026-04-29,České Budějovice,SPO,16
2026-04-29,České Budějovice,BPO,4
2026-04-30,Anděl,SPO,26
2026-04-30,Anděl,BPO,1
2026-04-30,Benešov,SPO,4
2026-04-30,Beroun,SPO,6
2026-04-30,Beroun,BPO,2
2026-04-30,Brno,SPO,36
2026-04-30,Brno,BPO,3
2026-04-30,Brno Lískovec,SPO,8
2026-04-30,Brno Lískovec,BPO,3
2026-04-30,Budějovická,SPO,24
2026-04-30,Budějovická,BPO,11
2026-04-30,Chomutov,SPO,2
2026-04-30,Chomutov,BPO,1
2026-04-30,Dejvice,SPO,12
2026-04-30,Děčín,SPO,9
2026-04-30,Děčín,BPO,3
2026-04-30,Frýdek-Místek,SPO,8
2026-04-30,HULC1,SPO,1
2026-04-30,HULC1,BPO,2
2026-04-30,Hradec,SPO,10
2026-04-30,Háje,SPO,30
2026-04-30,Háje,BPO,3
2026-04-30,Jihlava,SPO,3
2026-04-30,Jihlava,BPO,1
2026-04-30,Karlovy Vary,SPO,13
2026-04-30,Karlovy Vary,BPO,1
2026-04-30,Kladno,SPO,3
2026-04-30,Kladno,BPO,1
2026-04-30,Kolín,SPO,4
2026-04-30,Kolín,BPO,1
2026-04-30,LCS,SPO,325
2026-04-30,LCS,BPO,129
2026-04-30,LCU,SPO,9
2026-04-30,LCU,BPO,4
2026-04-30,LCU,XPO,4
2026-04-30,Liberec,SPO,12
2026-04-30,Liberec,BPO,4
2026-04-30,Mladá Boleslav,SPO,27
2026-04-30,Most,SPO,6
2026-04-30,Most,BPO,2
2026-04-30,Mělník,SPO,6
2026-04-30,Olomouc,SPO,33
2026-04-30,Olomouc,BPO,5
2026-04-30,Opava,SPO,9
2026-04-30,Ostrava,SPO,27
2026-04-30,Ostrava,BPO,5
2026-04-30,Pardubice,SPO,12
2026-04-30,Pardubice,BPO,1
2026-04-30,Plzeň město,SPO,19
2026-04-30,Plzeň město,BPO,3
2026-04-30,Pobočka Chrášťany,SPO,82
2026-04-30,Pobočka Chrášťany,BPO,12
2026-04-30,Pobočka Chrášťany,XPO,1
2026-04-30,Počernice,SPO,11
2026-04-30,Počernice,BPO,9
2026-04-30,Praha - centrála,SPO,111
2026-04-30,Praha - centrála,BPO,15
2026-04-30,Prostějov,BPO,1
2026-04-30,Příbram,SPO,2
2026-04-30,Příbram,BPO,1
2026-04-30,SKLC3,SPO,716
2026-04-30,SKLC3,BPO,176
2026-04-30,Tábor,SPO,12
2026-04-30,Tábor,BPO,1
2026-04-30,Zlín,SPO,11
2026-04-30,Zlín,BPO,13
2026-04-30,Ústí nad Labem,SPO,5
2026-04-30,Ústí nad Labem,BPO,2
2026-04-30,Čakovice,SPO,21
2026-04-30,Čakovice,BPO,1
2026-04-30,České Budějovice,SPO,40
2026-04-30,České Budějovice,BPO,10
2026-05-01,Anděl,SPO,31
2026-05-01,Anděl,BPO,6
2026-05-01,Benešov,SPO,13
2026-05-01,Benešov,BPO,6
2026-05-01,Beroun,SPO,4
2026-05-01,Beroun,BPO,1
2026-05-01,Brno,SPO,17
2026-05-01,Brno,BPO,1
2026-05-01,Brno Lískovec,SPO,7
2026-05-01,Budějovická,SPO,15
2026-05-01,Budějovická,BPO,6
2026-05-01,Chomutov,SPO,1
2026-05-01,Dejvice,SPO,10
2026-05-01,Dejvice,BPO,1
2026-05-01,Děčín,SPO,7
2026-05-01,Děčín,BPO,1
2026-05-01,Frýdek-Místek,SPO,6
2026-05-01,Frýdek-Místek,BPO,1
2026-05-01,HULC1,SPO,2
2026-05-01,Hradec,SPO,12
2026-05-01,Hradec,BPO,4
2026-05-01,Háje,SPO,23
2026-05-01,Háje,BPO,5
2026-05-01,Jihlava,SPO,220
2026-05-01,Jihlava,BPO,9
2026-05-01,Karlovy Vary,SPO,10
2026-05-01,Kladno,SPO,7
2026-05-01,Kolín,SPO,9
2026-05-01,LCS,SPO,214
2026-05-01,LCS,BPO,84
2026-05-01,LCU,SPO,1
2026-05-01,LCU,BPO,2
2026-05-01,Liberec,SPO,11
2026-05-01,Liberec,BPO,1
2026-05-01,Mladá Boleslav,SPO,14
2026-05-01,Mladá Boleslav,BPO,3
2026-05-01,Most,SPO,9
2026-05-01,Most,BPO,3
2026-05-01,Mělník,SPO,12
2026-05-01,Mělník,BPO,2
2026-05-01,Olomouc,SPO,7
2026-05-01,Olomouc,BPO,11
2026-05-01,Ostrava,SPO,18
2026-05-01,Ostrava,BPO,8
2026-05-01,Pardubice,SPO,12
2026-05-01,Plzeň město,SPO,23
2026-05-01,Plzeň město,BPO,6
2026-05-01,Pobočka Chrášťany,SPO,109
2026-05-01,Pobočka Chrášťany,BPO,27
2026-05-01,Počernice,SPO,12
2026-05-01,Praha - centrála,SPO,129
2026-05-01,Praha - centrála,BPO,15
2026-05-01,Prostějov,SPO,4
2026-05-01,Prostějov,BPO,2
2026-05-01,Příbram,SPO,9
2026-05-01,Příbram,BPO,3
2026-05-01,SKLC3,SPO,712
2026-05-01,SKLC3,BPO,270
2026-05-01,Tábor,SPO,7
2026-05-01,Tábor,BPO,2
2026-05-01,Třebíč,SPO,1
2026-05-01,Zlín,SPO,4
2026-05-01,Zlín,BPO,2
2026-05-01,Ústí nad Labem,SPO,16
2026-05-01,Ústí nad Labem,BPO,1
2026-05-01,Čakovice,SPO,30
2026-05-01,Čakovice,BPO,4
2026-05-01,České Budějovice,SPO,15
2026-05-02,Anděl,SPO,52
2026-05-02,Anděl,BPO,4
2026-05-02,Benešov,SPO,10
2026-05-02,Benešov,BPO,4
2026-05-02,Beroun,SPO,13
2026-05-02,Brno,SPO,42
2026-05-02,Brno,BPO,9
2026-05-02,Brno Lískovec,SPO,7
2026-05-02,Brno Lískovec,BPO,5
2026-05-02,Budějovická,SPO,26
2026-05-02,Budějovická,BPO,2
2026-05-02,Chomutov,SPO,19
2026-05-02,Chomutov,BPO,2
2026-05-02,Dejvice,SPO,6
2026-05-02,Dejvice,BPO,1
2026-05-02,Děčín,SPO,4
2026-05-02,Děčín,BPO,2
2026-05-02,Frýdek-Místek,SPO,6
2026-05-02,Frýdek-Místek,BPO,1
2026-05-02,HULC1,SPO,2
2026-05-02,Hradec,SPO,21
2026-05-02,Hradec,BPO,2
2026-05-02,Háje,SPO,33
2026-05-02,Háje,BPO,4
2026-05-02,Jihlava,SPO,9
2026-05-02,Karlovy Vary,SPO,16
2026-05-02,Kladno,SPO,6
2026-05-02,Kolín,SPO,7
2026-05-02,LCS,SPO,164
2026-05-02,LCS,BPO,118
2026-05-02,LCU,SPO,1
2026-05-02,LCU,BPO,1
2026-05-02,Liberec,SPO,17
2026-05-02,Liberec,BPO,2
2026-05-02,Mladá Boleslav,SPO,21
2026-05-02,Most,SPO,7
2026-05-02,Most,BPO,3
2026-05-02,Mělník,SPO,6
2026-05-02,Olomouc,SPO,22
2026-05-02,Olomouc,BPO,12
2026-05-02,Opava,SPO,2
2026-05-02,Ostrava,SPO,24
2026-05-02,Ostrava,BPO,7
2026-05-02,Pardubice,SPO,34
2026-05-02,Pardubice,BPO,6
2026-05-02,Pardubice,XPO,1
2026-05-02,Plzeň město,SPO,24
2026-05-02,Plzeň město,BPO,5
2026-05-02,Pobočka Chrášťany,SPO,141
2026-05-02,Pobočka Chrášťany,BPO,24
2026-05-02,Počernice,SPO,16
2026-05-02,Počernice,BPO,1
2026-05-02,Praha - centrála,SPO,81
2026-05-02,Praha - centrála,BPO,12
2026-05-02,Příbram,SPO,8
2026-05-02,Příbram,BPO,1
2026-05-02,SKLC3,SPO,329
2026-05-02,SKLC3,BPO,111
2026-05-02,Tábor,SPO,10
2026-05-02,Tábor,BPO,4
2026-05-02,Třebíč,SPO,10
2026-05-02,Třebíč,BPO,1
2026-05-02,Zlín,SPO,6
2026-05-02,Ústí nad Labem,SPO,24
2026-05-02,Ústí nad Labem,BPO,3
2026-05-02,Čakovice,SPO,32
2026-05-02,Čakovice,BPO,7
2026-05-02,České Budějovice,SPO,10
2026-05-02,České Budějovice,BPO,3
2026-05-03,Anděl,SPO,30
2026-05-03,Anděl,BPO,4
2026-05-03,Benešov,SPO,11
2026-05-03,Benešov,BPO,3
2026-05-03,Beroun,SPO,3
2026-05-03,Beroun,BPO,2
2026-05-03,Brno,SPO,33
2026-05-03,Brno,BPO,2
2026-05-03,Brno Lískovec,SPO,29
2026-05-03,Brno Lískovec,BPO,1
2026-05-03,Budějovická,SPO,34
2026-05-03,Budějovická,BPO,5
2026-05-03,Chomutov,SPO,2
2026-05-03,Dejvice,SPO,11
2026-05-03,Dejvice,BPO,2
2026-05-03,Děčín,SPO,7
2026-05-03,Děčín,BPO,1
2026-05-03,Frýdek-Místek,SPO,7
2026-05-03,Frýdek-Místek,BPO,3
2026-05-03,HULC1,SPO,1
2026-05-03,HULC1,BPO,4
2026-05-03,Hradec,SPO,17
2026-05-03,Hradec,BPO,1
2026-05-03,Háje,SPO,39
2026-05-03,Háje,BPO,3
2026-05-03,Jihlava,SPO,8
2026-05-03,Karlovy Vary,SPO,10
2026-05-03,Kladno,SPO,9
2026-05-03,Kolín,SPO,2
2026-05-03,LCS,SPO,227
2026-05-03,LCS,BPO,83
2026-05-03,LCU,SPO,7
2026-05-03,LCU,BPO,1
2026-05-03,Liberec,SPO,21
2026-05-03,Mladá Boleslav,SPO,16
2026-05-03,Mladá Boleslav,BPO,8
2026-05-03,Most,SPO,17
2026-05-03,Most,BPO,5
2026-05-03,Mělník,SPO,10
2026-05-03,Mělník,BPO,3
2026-05-03,Olomouc,SPO,11
2026-05-03,Olomouc,BPO,4
2026-05-03,Opava,SPO,2
2026-05-03,Ostrava,SPO,18
2026-05-03,Ostrava,BPO,6
2026-05-03,Pardubice,SPO,21
2026-05-03,Pardubice,BPO,4
2026-05-03,Plzeň město,SPO,22
2026-05-03,Plzeň město,BPO,3
2026-05-03,Pobočka Chrášťany,SPO,202
2026-05-03,Pobočka Chrášťany,BPO,35
2026-05-03,Počernice,SPO,21
2026-05-03,Počernice,BPO,3
2026-05-03,Praha - centrála,SPO,104
2026-05-03,Praha - centrála,BPO,10
2026-05-03,Příbram,SPO,4
2026-05-03,Příbram,BPO,3
2026-05-03,SKLC3,SPO,494
2026-05-03,SKLC3,BPO,186
2026-05-03,Tábor,SPO,3
2026-05-03,Tábor,BPO,5
2026-05-03,Zlín,SPO,6
2026-05-03,Ústí nad Labem,SPO,32
2026-05-03,Ústí nad Labem,BPO,5
2026-05-03,Ústí nad Labem,XPO,1
2026-05-03,Čakovice,SPO,40
2026-05-03,Čakovice,BPO,10
2026-05-03,České Budějovice,SPO,13
2026-05-03,České Budějovice,BPO,3
2026-05-04,Anděl,SPO,38
2026-05-04,Anděl,BPO,3
2026-05-04,Anděl,XPO,1
2026-05-04,Benešov,SPO,7
2026-05-04,Benešov,BPO,1
2026-05-04,Beroun,SPO,12
2026-05-04,Brno,SPO,37
2026-05-04,Brno,BPO,4
2026-05-04,Brno Lískovec,SPO,20
2026-05-04,Brno Lískovec,BPO,3
2026-05-04,Budějovická,SPO,30
2026-05-04,Budějovická,BPO,11
2026-05-04,Chomutov,SPO,2
2026-05-04,Chomutov,BPO,1
2026-05-04,Dejvice,SPO,2
2026-05-04,Dejvice,BPO,3
2026-05-04,Děčín,SPO,18
2026-05-04,Děčín,BPO,1
2026-05-04,Frýdek-Místek,SPO,5
2026-05-04,HULC1,SPO,3
2026-05-04,Hradec,SPO,13
2026-05-04,Hradec,BPO,3
2026-05-04,Háje,SPO,24
2026-05-04,Háje,BPO,12
2026-05-04,Jihlava,SPO,17
2026-05-04,Karlovy Vary,SPO,11
2026-05-04,Karlovy Vary,BPO,1
2026-05-04,Kladno,SPO,11
2026-05-04,Kladno,BPO,7
2026-05-04,LCS,SPO,281
2026-05-04,LCS,BPO,103
2026-05-04,Liberec,SPO,15
2026-05-04,Liberec,BPO,2
2026-05-04,Mladá Boleslav,SPO,10
2026-05-04,Mladá Boleslav,BPO,2
2026-05-04,Most,SPO,2
2026-05-04,Mělník,SPO,4
2026-05-04,Mělník,BPO,1
2026-05-04,Olomouc,SPO,9
2026-05-04,Olomouc,BPO,2
2026-05-04,Opava,SPO,1
2026-05-04,Ostrava,SPO,28
2026-05-04,Ostrava,BPO,8
2026-05-04,Pardubice,SPO,11
2026-05-04,Plzeň město,SPO,14
2026-05-04,Plzeň město,BPO,4
2026-05-04,Pobočka Chrášťany,SPO,79
2026-05-04,Pobočka Chrášťany,BPO,10
2026-05-04,Počernice,SPO,13
2026-05-04,Počernice,BPO,3
2026-05-04,Praha - centrála,SPO,163
2026-05-04,Praha - centrála,BPO,16
2026-05-04,Prostějov,SPO,1
2026-05-04,Příbram,SPO,5
2026-05-04,Příbram,BPO,1
2026-05-04,SKLC3,SPO,771
2026-05-04,SKLC3,BPO,237
2026-05-04,Tábor,SPO,5
2026-05-04,Tábor,BPO,2
2026-05-04,Třebíč,SPO,1
2026-05-04,Zlín,SPO,8
2026-05-04,Ústí nad Labem,SPO,11
2026-05-04,Ústí nad Labem,BPO,9
2026-05-04,Ústí nad Labem,XPO,1
2026-05-04,Čakovice,SPO,27
2026-05-04,Čakovice,BPO,5
2026-05-04,České Budějovice,SPO,18
2026-05-04,České Budějovice,BPO,1
2026-05-05,Anděl,SPO,47
2026-05-05,Anděl,BPO,8
2026-05-05,Benešov,SPO,4
2026-05-05,Benešov,BPO,1
2026-05-05,Beroun,SPO,1
2026-05-05,Brno,SPO,38
2026-05-05,Brno,BPO,7
2026-05-05,Brno Lískovec,SPO,18
2026-05-05,Budějovická,SPO,21
2026-05-05,Budějovická,BPO,3
2026-05-05,Chomutov,SPO,4
2026-05-05,Dejvice,SPO,11
2026-05-05,Děčín,SPO,8
2026-05-05,Děčín,BPO,1
2026-05-05,Frýdek-Místek,SPO,15
2026-05-05,Frýdek-Místek,BPO,5
2026-05-05,HULC1,SPO,1
2026-05-05,HULC1,BPO,1
2026-05-05,Hradec,SPO,22
2026-05-05,Hradec,BPO,3
2026-05-05,Hradec,XPO,1
2026-05-05,Háje,SPO,26
2026-05-05,Háje,BPO,2
2026-05-05,Jihlava,SPO,16
2026-05-05,Jihlava,BPO,1
2026-05-05,Karlovy Vary,SPO,20
2026-05-05,Karlovy Vary,BPO,4
2026-05-05,Kladno,SPO,11
2026-05-05,Kladno,BPO,1
2026-05-05,Kolín,SPO,1
2026-05-05,Kolín,BPO,1
2026-05-05,LCS,SPO,495
2026-05-05,LCS,BPO,193
2026-05-05,LCU,SPO,1
2026-05-05,LCU,BPO,3
2026-05-05,LCU,XPO,8
2026-05-05,Liberec,SPO,7
2026-05-05,Liberec,BPO,2
2026-05-05,Mladá Boleslav,SPO,11
2026-05-05,Mladá Boleslav,BPO,4
2026-05-05,Most,SPO,8
2026-05-05,Most,BPO,2
2026-05-05,Mělník,SPO,1
2026-05-05,Mělník,BPO,1
2026-05-05,Olomouc,SPO,20
2026-05-05,Olomouc,BPO,14
2026-05-05,Olomouc,XPO,3
2026-05-05,Opava,SPO,11
2026-05-05,Ostrava,SPO,42
2026-05-05,Ostrava,BPO,12
2026-05-05,Pardubice,SPO,3
2026-05-05,Pardubice,BPO,1
2026-05-05,Plzeň město,SPO,22
2026-05-05,Plzeň město,BPO,6
2026-05-05,Pobočka Chrášťany,SPO,109
2026-05-05,Pobočka Chrášťany,BPO,22
2026-05-05,Počernice,SPO,15
2026-05-05,Počernice,BPO,3
2026-05-05,Praha - centrála,SPO,155
2026-05-05,Praha - centrála,BPO,31
2026-05-05,Prostějov,BPO,1
2026-05-05,Příbram,SPO,18
2026-05-05,SKLC3,SPO,1086
2026-05-05,SKLC3,BPO,237
2026-05-05,Tábor,SPO,12
2026-05-05,Tábor,BPO,2
2026-05-05,Třebíč,SPO,1
2026-05-05,Třebíč,BPO,1
2026-05-05,Zlín,SPO,20
2026-05-05,Zlín,BPO,2
2026-05-05,Ústí nad Labem,SPO,20
2026-05-05,Čakovice,SPO,13
2026-05-05,Čakovice,BPO,2
2026-05-05,České Budějovice,SPO,15
2026-05-05,České Budějovice,BPO,3
2026-05-06,Anděl,SPO,31
2026-05-06,Anděl,BPO,6
2026-05-06,Benešov,SPO,4
2026-05-06,Benešov,BPO,3
2026-05-06,Beroun,SPO,11
2026-05-06,Beroun,BPO,10
2026-05-06,Brno,SPO,19
2026-05-06,Brno,BPO,4
2026-05-06,Brno Lískovec,SPO,10
2026-05-06,Brno Lískovec,BPO,1
2026-05-06,Budějovická,SPO,22
2026-05-06,Budějovická,BPO,3
2026-05-06,Dejvice,SPO,8
2026-05-06,Dejvice,BPO,1
2026-05-06,Děčín,SPO,3
2026-05-06,Frýdek-Místek,SPO,8
2026-05-06,HULC1,SPO,7
2026-05-06,HULC1,BPO,1
2026-05-06,Hradec,SPO,5
2026-05-06,Hradec,BPO,2
2026-05-06,Háje,SPO,49
2026-05-06,Jihlava,SPO,13
2026-05-06,Jihlava,BPO,1
2026-05-06,Karlovy Vary,SPO,6
2026-05-06,Karlovy Vary,BPO,4
2026-05-06,Kladno,SPO,6
2026-05-06,Kladno,BPO,2
2026-05-06,Kolín,SPO,5
2026-05-06,LCS,SPO,325
2026-05-06,LCS,BPO,111
2026-05-06,LCU,SPO,13
2026-05-06,LCU,BPO,16
2026-05-06,Liberec,SPO,3
2026-05-06,Liberec,BPO,2
2026-05-06,Mladá Boleslav,SPO,12
2026-05-06,Mladá Boleslav,BPO,1
2026-05-06,Most,SPO,12
2026-05-06,Most,BPO,2
2026-05-06,Mělník,SPO,7
2026-05-06,Mělník,BPO,1
2026-05-06,Olomouc,SPO,9
2026-05-06,Olomouc,BPO,1
2026-05-06,Ostrava,SPO,14
2026-05-06,Ostrava,BPO,12
2026-05-06,Pardubice,SPO,12
2026-05-06,Pardubice,BPO,1
2026-05-06,Plzeň město,SPO,10
2026-05-06,Plzeň město,BPO,1
2026-05-06,Pobočka Chrášťany,SPO,111
2026-05-06,Pobočka Chrášťany,BPO,27
2026-05-06,Počernice,SPO,6
2026-05-06,Počernice,BPO,4
2026-05-06,Praha - centrála,SPO,74
2026-05-06,Praha - centrála,BPO,16
2026-05-06,Praha - centrála,XPO,2
2026-05-06,Prostějov,SPO,1
2026-05-06,Příbram,SPO,24
2026-05-06,SKLC3,SPO,727
2026-05-06,SKLC3,BPO,313
2026-05-06,Tábor,SPO,15
2026-05-06,Tábor,BPO,5
2026-05-06,Zlín,SPO,20
2026-05-06,Zlín,BPO,1
2026-05-06,Ústí nad Labem,SPO,25
2026-05-06,Ústí nad Labem,BPO,1
2026-05-06,Čakovice,SPO,23
2026-05-06,Čakovice,BPO,10
2026-05-06,České Budějovice,SPO,5
2026-05-07,Anděl,SPO,32
2026-05-07,Anděl,BPO,5
2026-05-07,Benešov,SPO,7
2026-05-07,Beroun,SPO,9
2026-05-07,Beroun,BPO,1
2026-05-07,Brno,SPO,7
2026-05-07,Brno,BPO,1
2026-05-07,Brno Lískovec,SPO,9
2026-05-07,Brno Lískovec,BPO,1
2026-05-07,Budějovická,SPO,14
2026-05-07,Budějovická,BPO,4
2026-05-07,Chomutov,SPO,4
2026-05-07,Chomutov,BPO,3
2026-05-07,Dejvice,SPO,5
2026-05-07,Dejvice,BPO,1
2026-05-07,Děčín,SPO,9
2026-05-07,Frýdek-Místek,SPO,4
2026-05-07,Frýdek-Místek,BPO,1
2026-05-07,HULC1,SPO,27
2026-05-07,HULC1,BPO,2
2026-05-07,Hradec,SPO,19
2026-05-07,Hradec,BPO,1
2026-05-07,Háje,SPO,19
2026-05-07,Háje,BPO,12
2026-05-07,Jihlava,SPO,1
2026-05-07,Jihlava,BPO,1
2026-05-07,Karlovy Vary,SPO,2
2026-05-07,Karlovy Vary,BPO,2
2026-05-07,Kladno,SPO,4
2026-05-07,Kladno,BPO,1
2026-05-07,Kolín,SPO,1
2026-05-07,LCS,SPO,345
2026-05-07,LCS,BPO,163
2026-05-07,LCU,SPO,1
2026-05-07,LCU,BPO,18
2026-05-07,Liberec,SPO,20
2026-05-07,Liberec,BPO,1
2026-05-07,Mladá Boleslav,SPO,31
2026-05-07,Mladá Boleslav,BPO,4
2026-05-07,Most,SPO,13
2026-05-07,Mělník,SPO,5
2026-05-07,Olomouc,SPO,22
2026-05-07,Olomouc,BPO,1
2026-05-07,Opava,SPO,2
2026-05-07,Opava,BPO,1
2026-05-07,Ostrava,SPO,40
2026-05-07,Ostrava,BPO,8
2026-05-07,Pardubice,SPO,12
2026-05-07,Pardubice,BPO,6
2026-05-07,Plzeň město,SPO,31
2026-05-07,Plzeň město,BPO,10
2026-05-07,Pobočka Chrášťany,SPO,69
2026-05-07,Pobočka Chrášťany,BPO,21
2026-05-07,Počernice,SPO,14
2026-05-07,Počernice,BPO,5
2026-05-07,Praha - centrála,SPO,126
2026-05-07,Praha - centrála,BPO,15
2026-05-07,Příbram,SPO,2
2026-05-07,SKLC3,SPO,847
2026-05-07,SKLC3,BPO,175
2026-05-07,SKLC3,XPO,1
2026-05-07,Tábor,SPO,18
2026-05-07,Tábor,BPO,2
2026-05-07,Třebíč,SPO,4
2026-05-07,Zlín,SPO,8
2026-05-07,Ústí nad Labem,SPO,9
2026-05-07,Ústí nad Labem,BPO,1
2026-05-07,Čakovice,SPO,13
2026-05-07,Čakovice,BPO,5
2026-05-07,České Budějovice,SPO,30
2026-05-07,České Budějovice,BPO,3
2026-05-08,Anděl,SPO,45
2026-05-08,Anděl,BPO,4
2026-05-08,Benešov,SPO,11
2026-05-08,Benešov,BPO,3
2026-05-08,Beroun,SPO,7
2026-05-08,Beroun,BPO,1
2026-05-08,Brno,SPO,17
2026-05-08,Brno,BPO,2
2026-05-08,Brno Lískovec,SPO,1
2026-05-08,Budějovická,SPO,23
2026-05-08,Budějovická,BPO,5
2026-05-08,HULC1,SPO,1
2026-05-08,Hradec,SPO,8
2026-05-08,Hradec,BPO,2
2026-05-08,Háje,SPO,40
2026-05-08,Háje,BPO,6
2026-05-08,Jihlava,SPO,12
2026-05-08,Karlovy Vary,SPO,24
2026-05-08,Karlovy Vary,BPO,1
2026-05-08,Kolín,SPO,7
2026-05-08,Kolín,BPO,1
2026-05-08,LCS,SPO,306
2026-05-08,LCS,BPO,304
2026-05-08,LCU,SPO,6
2026-05-08,LCU,BPO,5
2026-05-08,Liberec,SPO,5
2026-05-08,Mladá Boleslav,SPO,11
2026-05-08,Mladá Boleslav,BPO,2
2026-05-08,Most,SPO,4
2026-05-08,Most,BPO,2
2026-05-08,Mělník,SPO,1
2026-05-08,Olomouc,SPO,21
2026-05-08,Olomouc,BPO,3
2026-05-08,Opava,SPO,1
2026-05-08,Ostrava,SPO,40
2026-05-08,Ostrava,BPO,10
2026-05-08,Pardubice,SPO,8
2026-05-08,Plzeň město,SPO,16
2026-05-08,Plzeň město,BPO,2
2026-05-08,Pobočka Chrášťany,SPO,115
2026-05-08,Pobočka Chrášťany,BPO,22
2026-05-08,Počernice,SPO,11
2026-05-08,Počernice,BPO,2
2026-05-08,Praha - centrála,SPO,164
2026-05-08,Praha - centrála,BPO,14
2026-05-08,SKLC3,SPO,883
2026-05-08,SKLC3,BPO,231
2026-05-08,Tábor,SPO,17
2026-05-08,Třebíč,SPO,2
2026-05-08,Zlín,SPO,10
2026-05-08,Zlín,BPO,5
2026-05-08,Ústí nad Labem,SPO,10
2026-05-08,Ústí nad Labem,BPO,1
2026-05-08,Čakovice,SPO,12
2026-05-08,Čakovice,BPO,5
2026-05-08,České Budějovice,SPO,17
2026-05-08,České Budějovice,BPO,5
2026-05-09,Anděl,SPO,49
2026-05-09,Anděl,BPO,5
2026-05-09,Benešov,SPO,6
2026-05-09,Benešov,BPO,1
2026-05-09,Beroun,SPO,12
2026-05-09,Brno,SPO,40
2026-05-09,Brno,BPO,13
2026-05-09,Brno Lískovec,SPO,26
2026-05-09,Budějovická,SPO,42
2026-05-09,Budějovická,BPO,5
2026-05-09,Chomutov,SPO,5
2026-05-09,Chomutov,BPO,4
2026-05-09,Dejvice,SPO,6
2026-05-09,Děčín,SPO,5
2026-05-09,Frýdek-Místek,SPO,12
2026-05-09,HULC1,SPO,1
2026-05-09,Hradec,SPO,13
2026-05-09,Hradec,BPO,1
2026-05-09,Háje,SPO,8
2026-05-09,Háje,BPO,1
2026-05-09,Jihlava,SPO,5
2026-05-09,Jihlava,BPO,1
2026-05-09,Karlovy Vary,SPO,4
2026-05-09,Kladno,SPO,5
2026-05-09,Kolín,SPO,3
2026-05-09,LCS,SPO,329
2026-05-09,LCS,BPO,87
2026-05-09,LCU,SPO,10
2026-05-09,LCU,BPO,1
2026-05-09,Liberec,SPO,15
2026-05-09,Mladá Boleslav,SPO,30
2026-05-09,Mladá Boleslav,BPO,2
2026-05-09,Most,SPO,9
2026-05-09,Most,BPO,3
2026-05-09,Mělník,SPO,6
2026-05-09,Mělník,BPO,1
2026-05-09,Olomouc,SPO,16
2026-05-09,Olomouc,BPO,3
2026-05-09,Opava,SPO,1
2026-05-09,Opava,BPO,1
2026-05-09,Ostrava,SPO,23
2026-05-09,Ostrava,BPO,8
2026-05-09,Pardubice,SPO,10
2026-05-09,Pardubice,BPO,2
2026-05-09,Plzeň město,SPO,16
2026-05-09,Plzeň město,BPO,2
2026-05-09,Pobočka Chrášťany,SPO,90
2026-05-09,Pobočka Chrášťany,BPO,14
2026-05-09,Počernice,SPO,10
2026-05-09,Počernice,BPO,7
2026-05-09,Praha - centrála,SPO,136
2026-05-09,Praha - centrála,BPO,30
2026-05-09,Příbram,SPO,3
2026-05-09,SKLC3,SPO,660
2026-05-09,SKLC3,BPO,496
2026-05-09,SKLC3,XPO,3
2026-05-09,Tábor,SPO,17
2026-05-09,Tábor,BPO,6
2026-05-09,Třebíč,SPO,8
2026-05-09,Zlín,SPO,12
2026-05-09,Zlín,BPO,1
2026-05-09,Ústí nad Labem,SPO,11
2026-05-09,Ústí nad Labem,BPO,1
2026-05-09,Čakovice,SPO,30
2026-05-09,Čakovice,BPO,7
2026-05-09,České Budějovice,SPO,34
2026-05-09,České Budějovice,BPO,4
2026-05-10,Anděl,SPO,32
2026-05-10,Anděl,BPO,4
2026-05-10,Benešov,SPO,9
2026-05-10,Benešov,BPO,6
2026-05-10,Beroun,SPO,11
2026-05-10,Brno,SPO,39
2026-05-10,Brno,BPO,9
2026-05-10,Brno Lískovec,SPO,23
2026-05-10,Brno Lískovec,BPO,11
2026-05-10,Budějovická,SPO,23
2026-05-10,Budějovická,BPO,4
2026-05-10,Chomutov,SPO,1
2026-05-10,Dejvice,SPO,5
2026-05-10,Děčín,SPO,12
2026-05-10,Děčín,BPO,2
2026-05-10,Frýdek-Místek,SPO,6
2026-05-10,Frýdek-Místek,BPO,3
2026-05-10,Hradec,SPO,23
2026-05-10,Hradec,BPO,4
2026-05-10,Háje,SPO,43
2026-05-10,Háje,BPO,9
2026-05-10,Jihlava,SPO,14
2026-05-10,Jihlava,BPO,1
2026-05-10,Karlovy Vary,SPO,17
2026-05-10,Kladno,SPO,6
2026-05-10,Kladno,BPO,4
2026-05-10,Kolín,SPO,2
2026-05-10,Kolín,BPO,1
2026-05-10,LCS,SPO,314
2026-05-10,LCS,BPO,159
2026-05-10,LCU,SPO,2
2026-05-10,LCU,BPO,2
2026-05-10,Liberec,SPO,17
2026-05-10,Liberec,BPO,2
2026-05-10,Mladá Boleslav,SPO,12
2026-05-10,Most,SPO,4
2026-05-10,Mělník,SPO,8
2026-05-10,Olomouc,SPO,18
2026-05-10,Olomouc,BPO,5
2026-05-10,Ostrava,SPO,35
2026-05-10,Ostrava,BPO,12
2026-05-10,Pardubice,SPO,6
2026-05-10,Pardubice,BPO,4
2026-05-10,Plzeň město,SPO,38
2026-05-10,Plzeň město,BPO,5
2026-05-10,Pobočka Chrášťany,SPO,104
2026-05-10,Pobočka Chrášťany,BPO,21
2026-05-10,Počernice,SPO,20
2026-05-10,Počernice,BPO,1
2026-05-10,Praha - centrála,SPO,84
2026-05-10,Praha - centrála,BPO,20
2026-05-10,Prostějov,SPO,1
2026-05-10,Příbram,SPO,20
2026-05-10,Příbram,BPO,3
2026-05-10,SKLC3,SPO,820
2026-05-10,SKLC3,BPO,309
2026-05-10,SKLC3,XPO,2
2026-05-10,Tábor,SPO,13
2026-05-10,Třebíč,SPO,2
2026-05-10,Zlín,SPO,33
2026-05-10,Zlín,BPO,1
2026-05-10,Ústí nad Labem,SPO,36
2026-05-10,Ústí nad Labem,BPO,2
2026-05-10,Čakovice,SPO,27
2026-05-10,Čakovice,BPO,9
2026-05-10,České Budějovice,SPO,9
2026-05-10,České Budějovice,BPO,2
2026-05-11,Anděl,SPO,18
2026-05-11,Anděl,BPO,2
2026-05-11,Benešov,SPO,12
2026-05-11,Benešov,BPO,2
2026-05-11,Beroun,SPO,25
2026-05-11,Beroun,BPO,1
2026-05-11,Brno,SPO,25
2026-05-11,Brno,BPO,3
2026-05-11,Brno Lískovec,SPO,9
2026-05-11,Brno Lískovec,BPO,1
2026-05-11,Budějovická,SPO,36
2026-05-11,Budějovická,BPO,9
2026-05-11,Chomutov,SPO,8
2026-05-11,Dejvice,SPO,1
2026-05-11,Dejvice,BPO,1
2026-05-11,Děčín,SPO,18
2026-05-11,Děčín,BPO,1
2026-05-11,Frýdek-Místek,SPO,3
2026-05-11,HULC1,BPO,4
2026-05-11,Hradec,SPO,14
2026-05-11,Hradec,BPO,2
2026-05-11,Háje,SPO,33
2026-05-11,Háje,BPO,15
2026-05-11,Jihlava,SPO,6
2026-05-11,Jihlava,BPO,1
2026-05-11,Karlovy Vary,SPO,17
2026-05-11,Karlovy Vary,BPO,1
2026-05-11,Kladno,SPO,4
2026-05-11,Kladno,BPO,1
2026-05-11,Kolín,SPO,3
2026-05-11,LCS,SPO,259
2026-05-11,LCS,BPO,283
2026-05-11,LCU,SPO,21
2026-05-11,LCU,BPO,6
2026-05-11,Liberec,SPO,20
2026-05-11,Liberec,BPO,1
2026-05-11,Mladá Boleslav,SPO,5
2026-05-11,Mladá Boleslav,BPO,3
2026-05-11,Most,SPO,11
2026-05-11,Most,BPO,1
2026-05-11,Mělník,SPO,12
2026-05-11,Mělník,BPO,1
2026-05-11,Olomouc,SPO,18
2026-05-11,Olomouc,BPO,2
2026-05-11,Ostrava,SPO,42
2026-05-11,Ostrava,BPO,7
2026-05-11,Pardubice,SPO,6
2026-05-11,Plzeň město,SPO,30
2026-05-11,Plzeň město,BPO,5
2026-05-11,Pobočka Chrášťany,SPO,135
2026-05-11,Pobočka Chrášťany,BPO,23
2026-05-11,Počernice,SPO,8
2026-05-11,Počernice,BPO,8
2026-05-11,Praha - centrála,SPO,70
2026-05-11,Praha - centrála,BPO,6
2026-05-11,Prostějov,SPO,3
2026-05-11,Příbram,SPO,4
2026-05-11,Příbram,BPO,4
2026-05-11,SKLC3,SPO,1251
2026-05-11,SKLC3,BPO,625
2026-05-11,Tábor,SPO,7
2026-05-11,Tábor,BPO,2
2026-05-11,Třebíč,SPO,7
2026-05-11,Zlín,SPO,18
2026-05-11,Ústí nad Labem,SPO,20
2026-05-11,Ústí nad Labem,BPO,1
2026-05-11,Čakovice,SPO,29
2026-05-11,Čakovice,BPO,11
2026-05-11,České Budějovice,SPO,28
2026-05-11,České Budějovice,BPO,2
2026-05-12,Anděl,SPO,35
2026-05-12,Anděl,BPO,4
2026-05-12,Benešov,SPO,11
2026-05-12,Beroun,SPO,3
2026-05-12,Beroun,BPO,3
2026-05-12,Brno,SPO,36
2026-05-12,Brno,BPO,5
2026-05-12,Brno Lískovec,SPO,10
2026-05-12,Brno Lískovec,BPO,1
2026-05-12,Budějovická,SPO,27
2026-05-12,Budějovická,BPO,10
2026-05-12,Chomutov,SPO,1
2026-05-12,Chomutov,BPO,6
2026-05-12,Dejvice,SPO,11
2026-05-12,Dejvice,BPO,6
2026-05-12,Děčín,SPO,3
2026-05-12,Děčín,BPO,1
2026-05-12,Frýdek-Místek,SPO,4
2026-05-12,HULC1,SPO,6
2026-05-12,HULC1,BPO,1
2026-05-12,Hradec,SPO,9
2026-05-12,Háje,SPO,26
2026-05-12,Háje,BPO,4
2026-05-12,Jihlava,SPO,8
2026-05-12,Karlovy Vary,SPO,14
2026-05-12,Karlovy Vary,BPO,2
2026-05-12,Kladno,SPO,3
2026-05-12,Kolín,SPO,2
2026-05-12,LCS,SPO,612
2026-05-12,LCS,BPO,480
2026-05-12,LCU,SPO,31
2026-05-12,LCU,BPO,5
2026-05-12,Liberec,SPO,5
2026-05-12,Liberec,BPO,2
2026-05-12,Mladá Boleslav,SPO,17
2026-05-12,Mladá Boleslav,BPO,3
2026-05-12,Most,SPO,19
2026-05-12,Most,BPO,1
2026-05-12,Mělník,SPO,14
2026-05-12,Mělník,BPO,1
2026-05-12,Olomouc,SPO,25
2026-05-12,Olomouc,BPO,3
2026-05-12,Opava,SPO,8
2026-05-12,Opava,BPO,1
2026-05-12,Ostrava,SPO,40
2026-05-12,Ostrava,BPO,9
2026-05-12,Pardubice,SPO,14
2026-05-12,Plzeň město,SPO,24
2026-05-12,Plzeň město,BPO,6
2026-05-12,Pobočka Chrášťany,SPO,120
2026-05-12,Pobočka Chrášťany,BPO,21
2026-05-12,Počernice,SPO,14
2026-05-12,Počernice,BPO,3
2026-05-12,Praha - centrála,SPO,96
2026-05-12,Praha - centrála,BPO,14
2026-05-12,Prostějov,SPO,4
2026-05-12,Příbram,SPO,8
2026-05-12,SKLC3,SPO,1227
2026-05-12,SKLC3,BPO,548
2026-05-12,Tábor,SPO,20
2026-05-12,Tábor,BPO,1
2026-05-12,Třebíč,SPO,1
2026-05-12,Zlín,SPO,11
2026-05-12,Ústí nad Labem,SPO,18
2026-05-12,Ústí nad Labem,BPO,3
2026-05-12,Čakovice,SPO,30
2026-05-12,Čakovice,BPO,6
2026-05-12,České Budějovice,SPO,9
2026-05-12,České Budějovice,BPO,1
2026-05-13,Anděl,SPO,43
2026-05-13,Anděl,BPO,8
2026-05-13,Benešov,SPO,9
2026-05-13,Beroun,SPO,8
2026-05-13,Beroun,BPO,1
2026-05-13,Brno,SPO,32
2026-05-13,Brno,BPO,5
2026-05-13,Brno Lískovec,SPO,27
2026-05-13,Brno Lískovec,BPO,3
2026-05-13,Budějovická,SPO,16
2026-05-13,Budějovická,BPO,5
2026-05-13,Chomutov,SPO,6
2026-05-13,Dejvice,SPO,2
2026-05-13,Dejvice,BPO,1
2026-05-13,Děčín,SPO,14
2026-05-13,Děčín,BPO,1
2026-05-13,Frýdek-Místek,SPO,4
2026-05-13,Frýdek-Místek,BPO,2
2026-05-13,HULC1,SPO,2
2026-05-13,HULC1,BPO,2
2026-05-13,Hradec,SPO,14
2026-05-13,Hradec,BPO,2
2026-05-13,Háje,SPO,10
2026-05-13,Háje,BPO,10
2026-05-13,Jihlava,SPO,5
2026-05-13,Jihlava,BPO,2
2026-05-13,Karlovy Vary,SPO,11
2026-05-13,Karlovy Vary,BPO,2
2026-05-13,Kladno,SPO,1
2026-05-13,Kladno,BPO,1
2026-05-13,Kolín,SPO,1
2026-05-13,LCS,SPO,353
2026-05-13,LCS,BPO,58
2026-05-13,LCU,SPO,21
2026-05-13,LCU,BPO,1
2026-05-13,Liberec,SPO,17
2026-05-13,Liberec,BPO,4
2026-05-13,Mladá Boleslav,SPO,6
2026-05-13,Most,SPO,5
2026-05-13,Most,BPO,2
2026-05-13,Mělník,SPO,9
2026-05-13,Mělník,BPO,2
2026-05-13,Olomouc,SPO,24
2026-05-13,Olomouc,BPO,3
2026-05-13,Opava,SPO,13
2026-05-13,Opava,BPO,2
2026-05-13,Ostrava,SPO,27
2026-05-13,Ostrava,BPO,4
2026-05-13,Pardubice,SPO,15
2026-05-13,Pardubice,BPO,2
2026-05-13,Plzeň město,SPO,21
2026-05-13,Plzeň město,BPO,4
2026-05-13,Pobočka Chrášťany,SPO,85
2026-05-13,Pobočka Chrášťany,BPO,17
2026-05-13,Počernice,SPO,10
2026-05-13,Praha - centrála,SPO,103
2026-05-13,Praha - centrála,BPO,13
2026-05-13,Prostějov,SPO,1
2026-05-13,Příbram,SPO,3
2026-05-13,SKLC3,SPO,863
2026-05-13,SKLC3,BPO,407
2026-05-13,SKLC3,XPO,4
2026-05-13,Tábor,SPO,7
2026-05-13,Třebíč,SPO,35
2026-05-13,Třebíč,BPO,10
2026-05-13,Zlín,SPO,17
2026-05-13,Zlín,BPO,2
2026-05-13,Ústí nad Labem,SPO,22
2026-05-13,Ústí nad Labem,BPO,1
2026-05-13,Čakovice,SPO,27
2026-05-13,Čakovice,BPO,4
2026-05-13,České Budějovice,SPO,16
2026-05-14,Anděl,SPO,34
2026-05-14,Anděl,BPO,5
2026-05-14,Benešov,SPO,2
2026-05-14,Benešov,BPO,1
2026-05-14,Beroun,SPO,8
2026-05-14,Brno,SPO,29
2026-05-14,Brno,BPO,5
2026-05-14,Brno Lískovec,SPO,13
2026-05-14,Brno Lískovec,BPO,2
2026-05-14,Budějovická,SPO,39
2026-05-14,Budějovická,BPO,9
2026-05-14,Dejvice,SPO,9
2026-05-14,Děčín,SPO,6
2026-05-14,Děčín,BPO,4
2026-05-14,Frýdek-Místek,SPO,4
2026-05-14,Frýdek-Místek,BPO,1
2026-05-14,HULC1,SPO,5
2026-05-14,HULC1,BPO,1
2026-05-14,Hradec,SPO,13
2026-05-14,Hradec,BPO,2
2026-05-14,Háje,SPO,20
2026-05-14,Háje,BPO,8
2026-05-14,Jihlava,SPO,12
2026-05-14,Jihlava,BPO,2
2026-05-14,Karlovy Vary,SPO,11
2026-05-14,Karlovy Vary,BPO,3
2026-05-14,Kladno,SPO,4
2026-05-14,Kladno,BPO,5
2026-05-14,Kolín,SPO,3
2026-05-14,LCS,SPO,290
2026-05-14,LCS,BPO,111
2026-05-14,LCU,SPO,17
2026-05-14,LCU,BPO,3
2026-05-14,Liberec,SPO,18
2026-05-14,Mladá Boleslav,SPO,14
2026-05-14,Mladá Boleslav,BPO,2
2026-05-14,Most,SPO,12
2026-05-14,Most,BPO,1
2026-05-14,Mělník,SPO,6
2026-05-14,Olomouc,SPO,12
2026-05-14,Olomouc,BPO,2
2026-05-14,Ostrava,SPO,53
2026-05-14,Ostrava,BPO,4
2026-05-14,Pardubice,SPO,33
2026-05-14,Plzeň město,SPO,29
2026-05-14,Plzeň město,BPO,4
2026-05-14,Pobočka Chrášťany,SPO,99
2026-05-14,Pobočka Chrášťany,BPO,15
2026-05-14,Počernice,SPO,20
2026-05-14,Počernice,BPO,2
2026-05-14,Praha - centrála,SPO,87
2026-05-14,Praha - centrála,BPO,9
2026-05-14,Prostějov,SPO,3
2026-05-14,Příbram,SPO,6
2026-05-14,Příbram,BPO,2
2026-05-14,SKLC3,SPO,914
2026-05-14,SKLC3,BPO,490
2026-05-14,Tábor,SPO,6
2026-05-14,Tábor,BPO,4
2026-05-14,Třebíč,SPO,1
2026-05-14,Zlín,SPO,16
2026-05-14,Zlín,BPO,5
2026-05-14,Ústí nad Labem,SPO,25
2026-05-14,Ústí nad Labem,BPO,3
2026-05-14,Čakovice,SPO,15
2026-05-14,Čakovice,BPO,3
2026-05-14,České Budějovice,SPO,23
2026-05-14,České Budějovice,BPO,2
2026-05-15,Anděl,SPO,44
2026-05-15,Anděl,BPO,3
2026-05-15,Benešov,SPO,5
2026-05-15,Benešov,BPO,5
2026-05-15,Beroun,SPO,1
2026-05-15,Brno,SPO,26
2026-05-15,Brno,BPO,12
2026-05-15,Brno Lískovec,SPO,16
2026-05-15,Brno Lískovec,BPO,1
2026-05-15,Budějovická,SPO,21
2026-05-15,Budějovická,BPO,6
2026-05-15,Chomutov,SPO,3
2026-05-15,Dejvice,SPO,5
2026-05-15,Dejvice,BPO,4
2026-05-15,Děčín,SPO,9
2026-05-15,Děčín,BPO,1
2026-05-15,Frýdek-Místek,SPO,4
2026-05-15,Frýdek-Místek,BPO,1
2026-05-15,HULC1,SPO,35
2026-05-15,HULC1,BPO,1
2026-05-15,Hradec,SPO,20
2026-05-15,Háje,SPO,7
2026-05-15,Háje,BPO,2
2026-05-15,Jihlava,SPO,20
2026-05-15,Jihlava,BPO,4
2026-05-15,Karlovy Vary,SPO,10
2026-05-15,Karlovy Vary,BPO,2
2026-05-15,Kladno,SPO,5
2026-05-15,Kladno,BPO,1
2026-05-15,Kolín,SPO,11
2026-05-15,Kolín,BPO,3
2026-05-15,LCS,SPO,404
2026-05-15,LCS,BPO,107
2026-05-15,LCU,SPO,8
2026-05-15,LCU,BPO,2
2026-05-15,LCU,XPO,2
2026-05-15,Liberec,SPO,20
2026-05-15,Liberec,BPO,2
2026-05-15,Mladá Boleslav,SPO,15
2026-05-15,Mladá Boleslav,BPO,3
2026-05-15,Most,SPO,7
2026-05-15,Most,BPO,1
2026-05-15,Mělník,SPO,14
2026-05-15,Mělník,BPO,1
2026-05-15,Olomouc,SPO,15
2026-05-15,Olomouc,BPO,2
2026-05-15,Opava,SPO,1
2026-05-15,Ostrava,SPO,22
2026-05-15,Ostrava,BPO,12
2026-05-15,Pardubice,SPO,16
2026-05-15,Plzeň město,SPO,36
2026-05-15,Plzeň město,BPO,2
2026-05-15,Plzeň město,XPO,1
2026-05-15,Pobočka Chrášťany,SPO,127
2026-05-15,Pobočka Chrášťany,BPO,16
2026-05-15,Počernice,SPO,8
2026-05-15,Počernice,BPO,2
2026-05-15,Praha - centrála,SPO,94
2026-05-15,Praha - centrála,BPO,13
2026-05-15,Příbram,SPO,2
2026-05-15,Příbram,BPO,1
2026-05-15,SKLC3,SPO,956
2026-05-15,SKLC3,BPO,296
2026-05-15,Tábor,SPO,12
2026-05-15,Tábor,BPO,3
2026-05-15,Zlín,SPO,16
2026-05-15,Zlín,BPO,5
2026-05-15,Ústí nad Labem,SPO,20
2026-05-15,Ústí nad Labem,BPO,2
2026-05-15,Čakovice,SPO,34
2026-05-15,Čakovice,BPO,8
2026-05-15,České Budějovice,SPO,20
2026-05-16,Anděl,SPO,38
2026-05-16,Anděl,BPO,11
2026-05-16,Benešov,SPO,22
2026-05-16,Benešov,BPO,3
2026-05-16,Beroun,SPO,3
2026-05-16,Brno,SPO,36
2026-05-16,Brno,BPO,7
2026-05-16,Brno Lískovec,SPO,23
2026-05-16,Brno Lískovec,BPO,3
2026-05-16,Budějovická,SPO,29
2026-05-16,Budějovická,BPO,8
2026-05-16,Dejvice,SPO,5
2026-05-16,Dejvice,BPO,1
2026-05-16,Děčín,SPO,3
2026-05-16,Děčín,BPO,2
2026-05-16,Frýdek-Místek,SPO,4
2026-05-16,Frýdek-Místek,BPO,1
2026-05-16,HULC1,SPO,55
2026-05-16,HULC1,BPO,5
2026-05-16,Hradec,SPO,25
2026-05-16,Hradec,BPO,6
2026-05-16,Háje,SPO,24
2026-05-16,Háje,BPO,1
2026-05-16,Jihlava,SPO,6
2026-05-16,Jihlava,BPO,5
2026-05-16,Karlovy Vary,SPO,11
2026-05-16,Karlovy Vary,BPO,1
2026-05-16,Kladno,SPO,3
2026-05-16,Kolín,SPO,12
2026-05-16,Kolín,BPO,1
2026-05-16,LCS,SPO,316
2026-05-16,LCS,BPO,196
2026-05-16,LCU,SPO,6
2026-05-16,LCU,BPO,23
2026-05-16,Liberec,SPO,18
2026-05-16,Liberec,BPO,3
2026-05-16,Mladá Boleslav,SPO,7
2026-05-16,Mladá Boleslav,BPO,1
2026-05-16,Most,SPO,13
2026-05-16,Most,BPO,2
2026-05-16,Mělník,SPO,9
2026-05-16,Mělník,BPO,1
2026-05-16,Olomouc,SPO,19
2026-05-16,Olomouc,BPO,4
2026-05-16,Opava,SPO,2
2026-05-16,Ostrava,SPO,32
2026-05-16,Ostrava,BPO,17
2026-05-16,Pardubice,SPO,22
2026-05-16,Plzeň město,SPO,29
2026-05-16,Plzeň město,BPO,7
2026-05-16,Pobočka Chrášťany,SPO,132
2026-05-16,Pobočka Chrášťany,BPO,30
2026-05-16,Počernice,SPO,15
2026-05-16,Počernice,BPO,2
2026-05-16,Praha - centrála,SPO,138
2026-05-16,Praha - centrála,BPO,19
2026-05-16,Prostějov,BPO,1
2026-05-16,Příbram,SPO,5
2026-05-16,SKLC3,SPO,658
2026-05-16,SKLC3,BPO,334
2026-05-16,Tábor,SPO,11
2026-05-16,Třebíč,SPO,14
2026-05-16,Zlín,SPO,16
2026-05-16,Zlín,BPO,3
2026-05-16,Ústí nad Labem,SPO,19
2026-05-16,Ústí nad Labem,BPO,2
2026-05-16,Čakovice,SPO,25
2026-05-16,Čakovice,BPO,1
2026-05-16,České Budějovice,SPO,20
2026-05-16,České Budějovice,BPO,3
2026-05-17,Anděl,SPO,42
2026-05-17,Anděl,BPO,7
2026-05-17,Benešov,SPO,15
2026-05-17,Benešov,BPO,11
2026-05-17,Beroun,SPO,8
2026-05-17,Beroun,BPO,1
2026-05-17,Brno,SPO,38
2026-05-17,Brno,BPO,8
2026-05-17,Brno Lískovec,SPO,26
2026-05-17,Brno Lískovec,BPO,2
2026-05-17,Budějovická,SPO,26
2026-05-17,Budějovická,BPO,6
2026-05-17,Chomutov,SPO,1
2026-05-17,Chomutov,BPO,1
2026-05-17,Dejvice,SPO,4
2026-05-17,Děčín,SPO,1
2026-05-17,Frýdek-Místek,SPO,12
2026-05-17,Frýdek-Místek,BPO,2
2026-05-17,Hradec,SPO,11
2026-05-17,Hradec,BPO,3
2026-05-17,Háje,SPO,8
2026-05-17,Háje,BPO,2
2026-05-17,Jihlava,SPO,13
2026-05-17,Karlovy Vary,SPO,25
2026-05-17,Karlovy Vary,BPO,5
2026-05-17,Kladno,SPO,4
2026-05-17,LCS,SPO,297
2026-05-17,LCS,BPO,75
2026-05-17,LCU,SPO,1
2026-05-17,Liberec,SPO,9
2026-05-17,Liberec,BPO,1
2026-05-17,Mladá Boleslav,SPO,25
2026-05-17,Most,SPO,19
2026-05-17,Mělník,SPO,16
2026-05-17,Mělník,BPO,1
2026-05-17,Olomouc,SPO,6
2026-05-17,Olomouc,BPO,3
2026-05-17,Opava,SPO,1
2026-05-17,Ostrava,SPO,38
2026-05-17,Ostrava,BPO,6
2026-05-17,Pardubice,SPO,9
2026-05-17,Pardubice,BPO,5
2026-05-17,Plzeň město,SPO,14
2026-05-17,Plzeň město,BPO,2
2026-05-17,Pobočka Chrášťany,SPO,145
2026-05-17,Pobočka Chrášťany,BPO,17
2026-05-17,Počernice,SPO,13
2026-05-17,Počernice,BPO,1
2026-05-17,Praha - centrála,SPO,141
2026-05-17,Praha - centrála,BPO,18
2026-05-17,Prostějov,BPO,10
2026-05-17,Příbram,SPO,7
2026-05-17,SKLC3,SPO,831
2026-05-17,SKLC3,BPO,121
2026-05-17,Tábor,SPO,11
2026-05-17,Tábor,BPO,2
2026-05-17,Třebíč,SPO,8
2026-05-17,Třebíč,BPO,1
2026-05-17,Zlín,SPO,7
2026-05-17,Zlín,BPO,2
2026-05-17,Ústí nad Labem,SPO,27
2026-05-17,Čakovice,SPO,24
2026-05-17,Čakovice,BPO,4
2026-05-17,České Budějovice,SPO,23
2026-05-18,Anděl,SPO,68
2026-05-18,Anděl,BPO,6
2026-05-18,Benešov,SPO,10
2026-05-18,Benešov,BPO,2
2026-05-18,Beroun,SPO,21
2026-05-18,Beroun,BPO,5
2026-05-18,Brno,SPO,30
2026-05-18,Brno,BPO,3
2026-05-18,Brno Lískovec,SPO,6
2026-05-18,Brno Lískovec,BPO,3
2026-05-18,Budějovická,SPO,33
2026-05-18,Budějovická,BPO,10
2026-05-18,Chomutov,SPO,1
2026-05-18,Chomutov,BPO,1
2026-05-18,Dejvice,SPO,56
2026-05-18,Děčín,SPO,9
2026-05-18,Frýdek-Místek,SPO,1
2026-05-18,Frýdek-Místek,BPO,2
2026-05-18,HULC1,SPO,1
2026-05-18,Hradec,SPO,7
2026-05-18,Hradec,BPO,2
2026-05-18,Háje,SPO,11
2026-05-18,Háje,BPO,2
2026-05-18,Jihlava,SPO,25
2026-05-18,Jihlava,BPO,2
2026-05-18,Karlovy Vary,SPO,10
2026-05-18,Karlovy Vary,BPO,1
2026-05-18,Kladno,SPO,6
2026-05-18,Kladno,BPO,2
2026-05-18,Kolín,SPO,2
2026-05-18,LCS,SPO,312
2026-05-18,LCS,BPO,96
2026-05-18,LCU,SPO,1
2026-05-18,LCU,BPO,3
2026-05-18,Liberec,SPO,7
2026-05-18,Liberec,BPO,3
2026-05-18,Mladá Boleslav,SPO,18
2026-05-18,Mladá Boleslav,BPO,1
2026-05-18,Most,SPO,9
2026-05-18,Most,BPO,4
2026-05-18,Mělník,SPO,6
2026-05-18,Olomouc,SPO,25
2026-05-18,Olomouc,BPO,4
2026-05-18,Opava,SPO,9
2026-05-18,Opava,BPO,3
2026-05-18,Ostrava,SPO,22
2026-05-18,Ostrava,BPO,7
2026-05-18,Pardubice,SPO,17
2026-05-18,Pardubice,BPO,5
2026-05-18,Plzeň město,SPO,21
2026-05-18,Plzeň město,BPO,6
2026-05-18,Pobočka Chrášťany,SPO,125
2026-05-18,Pobočka Chrášťany,BPO,17
2026-05-18,Počernice,SPO,12
2026-05-18,Počernice,BPO,3
2026-05-18,Praha - centrála,SPO,98
2026-05-18,Praha - centrála,BPO,19
2026-05-18,Prostějov,SPO,10
2026-05-18,Prostějov,BPO,1
2026-05-18,Příbram,SPO,4
2026-05-18,Příbram,BPO,2
2026-05-18,SKLC3,SPO,1420
2026-05-18,SKLC3,BPO,570
2026-05-18,Tábor,SPO,20
2026-05-18,Třebíč,SPO,1
2026-05-18,Zlín,SPO,14
2026-05-18,Zlín,BPO,4
2026-05-18,Ústí nad Labem,SPO,25
2026-05-18,Ústí nad Labem,BPO,7
2026-05-18,Čakovice,SPO,23
2026-05-18,Čakovice,BPO,1
2026-05-18,České Budějovice,SPO,6
2026-05-19,Anděl,SPO,32
2026-05-19,Anděl,BPO,8
2026-05-19,Benešov,SPO,8
2026-05-19,Beroun,SPO,6
2026-05-19,Brno,SPO,43
2026-05-19,Brno,BPO,7
2026-05-19,Brno Lískovec,SPO,13
2026-05-19,Brno Lískovec,BPO,3
2026-05-19,Budějovická,SPO,24
2026-05-19,Budějovická,BPO,8
2026-05-19,Chomutov,BPO,1
2026-05-19,Dejvice,SPO,15
2026-05-19,Dejvice,BPO,1
2026-05-19,Děčín,SPO,11
2026-05-19,Děčín,BPO,4
2026-05-19,Frýdek-Místek,SPO,18
2026-05-19,Frýdek-Místek,BPO,3
2026-05-19,HULC1,SPO,1
2026-05-19,HULC1,BPO,1
2026-05-19,Hradec,SPO,15
2026-05-19,Háje,SPO,8
2026-05-19,Háje,BPO,9
2026-05-19,Jihlava,SPO,13
2026-05-19,Jihlava,BPO,2
2026-05-19,Karlovy Vary,SPO,14
2026-05-19,Karlovy Vary,BPO,2
2026-05-19,Kladno,SPO,14
2026-05-19,Kladno,BPO,3
2026-05-19,Kolín,SPO,1
2026-05-19,LCS,SPO,555
2026-05-19,LCS,BPO,121
2026-05-19,LCU,SPO,31
2026-05-19,LCU,BPO,3
2026-05-19,Liberec,SPO,27
2026-05-19,Mladá Boleslav,SPO,13
2026-05-19,Most,SPO,21
2026-05-19,Most,BPO,3
2026-05-19,Mělník,SPO,9
2026-05-19,Mělník,BPO,1
2026-05-19,Olomouc,SPO,25
2026-05-19,Olomouc,BPO,3
2026-05-19,Ostrava,SPO,53
2026-05-19,Ostrava,BPO,10
2026-05-19,Ostrava,XPO,1
2026-05-19,Pardubice,SPO,24
2026-05-19,Plzeň město,SPO,26
2026-05-19,Plzeň město,BPO,5
2026-05-19,Pobočka Chrášťany,SPO,128
2026-05-19,Pobočka Chrášťany,BPO,16
2026-05-19,Počernice,SPO,7
2026-05-19,Počernice,BPO,1
2026-05-19,Praha - centrála,SPO,153
2026-05-19,Praha - centrála,BPO,24
2026-05-19,Prostějov,SPO,1
2026-05-19,Příbram,SPO,14
2026-05-19,SKLC3,SPO,1632
2026-05-19,SKLC3,BPO,847
2026-05-19,Tábor,SPO,6
2026-05-19,Tábor,BPO,4
2026-05-19,Třebíč,SPO,33
2026-05-19,Třebíč,BPO,1
2026-05-19,Zlín,SPO,4
2026-05-19,Ústí nad Labem,SPO,13
2026-05-19,Ústí nad Labem,BPO,3
2026-05-19,Čakovice,SPO,20
2026-05-19,Čakovice,BPO,5
2026-05-19,České Budějovice,SPO,23
2026-05-19,České Budějovice,BPO,1
2026-05-20,Anděl,SPO,43
2026-05-20,Anděl,BPO,5
2026-05-20,Benešov,SPO,4
2026-05-20,Beroun,SPO,8
2026-05-20,Beroun,BPO,2
2026-05-20,Brno,SPO,41
2026-05-20,Brno,BPO,6
2026-05-20,Brno Lískovec,SPO,12
2026-05-20,Brno Lískovec,BPO,1
2026-05-20,Budějovická,SPO,16
2026-05-20,Budějovická,BPO,4
2026-05-20,Chomutov,SPO,1
2026-05-20,Dejvice,SPO,5
2026-05-20,Děčín,SPO,5
2026-05-20,Děčín,BPO,1
2026-05-20,Frýdek-Místek,SPO,2
2026-05-20,Frýdek-Místek,BPO,2
2026-05-20,HULC1,SPO,2
2026-05-20,HULC1,BPO,1
2026-05-20,Hradec,SPO,20
2026-05-20,Hradec,BPO,1
2026-05-20,Háje,SPO,11
2026-05-20,Háje,BPO,4
2026-05-20,Jihlava,SPO,6
2026-05-20,Jihlava,BPO,1
2026-05-20,Karlovy Vary,SPO,7
2026-05-20,Karlovy Vary,BPO,1
2026-05-20,Kladno,SPO,5
2026-05-20,Kladno,BPO,2
2026-05-20,Kolín,SPO,1
2026-05-20,LCS,SPO,227
2026-05-20,LCS,BPO,175
2026-05-20,LCU,SPO,18
2026-05-20,LCU,BPO,25
2026-05-20,Liberec,SPO,4
2026-05-20,Liberec,BPO,2
2026-05-20,Mladá Boleslav,SPO,12
2026-05-20,Mladá Boleslav,BPO,2
2026-05-20,Most,SPO,9
2026-05-20,Most,BPO,5
2026-05-20,Mělník,SPO,6
2026-05-20,Mělník,BPO,1
2026-05-20,Olomouc,SPO,14
2026-05-20,Olomouc,BPO,1
2026-05-20,Opava,SPO,5
2026-05-20,Ostrava,SPO,49
2026-05-20,Ostrava,BPO,28
2026-05-20,Pardubice,SPO,11
2026-05-20,Plzeň město,SPO,42
2026-05-20,Plzeň město,BPO,2
2026-05-20,Pobočka Chrášťany,SPO,118
2026-05-20,Pobočka Chrášťany,BPO,21
2026-05-20,Počernice,SPO,20
2026-05-20,Počernice,BPO,5
2026-05-20,Praha - centrála,SPO,128
2026-05-20,Praha - centrála,BPO,24
2026-05-20,Prostějov,SPO,1
2026-05-20,Prostějov,BPO,1
2026-05-20,Příbram,SPO,3
2026-05-20,Příbram,BPO,1
2026-05-20,SKLC3,SPO,736
2026-05-20,SKLC3,BPO,520
2026-05-20,Tábor,SPO,11
2026-05-20,Tábor,BPO,4
2026-05-20,Zlín,SPO,9
2026-05-20,Zlín,BPO,2
2026-05-20,Ústí nad Labem,SPO,10
2026-05-20,Čakovice,SPO,38
2026-05-20,Čakovice,BPO,8
2026-05-20,České Budějovice,SPO,14
2026-05-20,České Budějovice,BPO,2
2026-05-21,Anděl,SPO,53
2026-05-21,Anděl,BPO,2
2026-05-21,Benešov,SPO,9
2026-05-21,Benešov,BPO,3
2026-05-21,Beroun,SPO,2
2026-05-21,Beroun,BPO,1
2026-05-21,Brno,SPO,42
2026-05-21,Brno,BPO,1
2026-05-21,Brno Lískovec,SPO,27
2026-05-21,Brno Lískovec,BPO,5
2026-05-21,Budějovická,SPO,16
2026-05-21,Budějovická,BPO,3
2026-05-21,Dejvice,BPO,2
2026-05-21,Děčín,SPO,10
2026-05-21,Děčín,BPO,1
2026-05-21,Frýdek-Místek,SPO,8
2026-05-21,HULC1,SPO,1
2026-05-21,HULC1,BPO,1
2026-05-21,Hradec,SPO,3
2026-05-21,Hradec,BPO,1
2026-05-21,Háje,SPO,4
2026-05-21,Háje,BPO,3
2026-05-21,Jihlava,SPO,8
2026-05-21,Jihlava,BPO,2
2026-05-21,Karlovy Vary,SPO,10
2026-05-21,Kladno,SPO,5
2026-05-21,Kolín,SPO,1
2026-05-21,LCS,SPO,216
2026-05-21,LCS,BPO,90
2026-05-21,LCU,SPO,31
2026-05-21,LCU,BPO,12
2026-05-21,Liberec,SPO,17
2026-05-21,Liberec,BPO,3
2026-05-21,Mladá Boleslav,SPO,8
2026-05-21,Mladá Boleslav,BPO,2
2026-05-21,Most,SPO,4
2026-05-21,Most,BPO,1
2026-05-21,Mělník,SPO,7
2026-05-21,Mělník,BPO,2
2026-05-21,Olomouc,SPO,7
2026-05-21,Olomouc,BPO,2
2026-05-21,Opava,SPO,1
2026-05-21,Opava,BPO,1
2026-05-21,Ostrava,SPO,32
2026-05-21,Ostrava,BPO,7
2026-05-21,Pardubice,SPO,12
2026-05-21,Pardubice,BPO,5
2026-05-21,Plzeň město,SPO,13
2026-05-21,Plzeň město,BPO,1
2026-05-21,Pobočka Chrášťany,SPO,88
2026-05-21,Pobočka Chrášťany,BPO,13
2026-05-21,Počernice,SPO,8
2026-05-21,Počernice,BPO,3
2026-05-21,Praha - centrála,SPO,138
2026-05-21,Praha - centrála,BPO,21
2026-05-21,Příbram,SPO,4
2026-05-21,Příbram,BPO,1
2026-05-21,SKLC3,SPO,1002
2026-05-21,SKLC3,BPO,430
2026-05-21,Tábor,SPO,15
2026-05-21,Tábor,BPO,1
2026-05-21,Třebíč,SPO,3
2026-05-21,Zlín,SPO,5
2026-05-21,Zlín,BPO,1
2026-05-21,Ústí nad Labem,SPO,13
2026-05-21,Ústí nad Labem,BPO,4
2026-05-21,Čakovice,SPO,24
2026-05-21,Čakovice,BPO,7
2026-05-21,České Budějovice,SPO,31
2026-05-21,České Budějovice,BPO,3
2026-05-22,Anděl,SPO,37
2026-05-22,Anděl,BPO,5
2026-05-22,Benešov,SPO,15
2026-05-22,Benešov,BPO,5
2026-05-22,Beroun,SPO,15
2026-05-22,Brno,SPO,31
2026-05-22,Brno,BPO,3
2026-05-22,Brno Lískovec,SPO,9
2026-05-22,Brno Lískovec,BPO,6
2026-05-22,Budějovická,SPO,19
2026-05-22,Budějovická,BPO,10
2026-05-22,Chomutov,SPO,1
2026-05-22,Dejvice,SPO,3
2026-05-22,Děčín,SPO,4
2026-05-22,Děčín,BPO,6
2026-05-22,Frýdek-Místek,SPO,8
2026-05-22,HULC1,SPO,2
2026-05-22,HULC1,BPO,1
2026-05-22,Hradec,SPO,11
2026-05-22,Hradec,BPO,3
2026-05-22,Háje,SPO,12
2026-05-22,Háje,BPO,1
2026-05-22,Jihlava,SPO,11
2026-05-22,Karlovy Vary,SPO,11
2026-05-22,Karlovy Vary,BPO,1
2026-05-22,Kladno,SPO,5
2026-05-22,Kladno,BPO,7
2026-05-22,Kolín,SPO,3
2026-05-22,Kolín,BPO,1
2026-05-22,LCS,SPO,303
2026-05-22,LCS,BPO,119
2026-05-22,LCU,SPO,15
2026-05-22,LCU,BPO,3
2026-05-22,Liberec,SPO,12
2026-05-22,Liberec,BPO,2
2026-05-22,Mladá Boleslav,SPO,5
2026-05-22,Mladá Boleslav,BPO,1
2026-05-22,Most,SPO,22
2026-05-22,Most,BPO,1
2026-05-22,Mělník,SPO,13
2026-05-22,Olomouc,SPO,6
2026-05-22,Opava,SPO,1
2026-05-22,Opava,BPO,1
2026-05-22,Ostrava,SPO,44
2026-05-22,Ostrava,BPO,8
2026-05-22,Pardubice,SPO,3
2026-05-22,Pardubice,BPO,1
2026-05-22,Plzeň město,SPO,14
2026-05-22,Plzeň město,BPO,5
2026-05-22,Pobočka Chrášťany,SPO,93
2026-05-22,Pobočka Chrášťany,BPO,18
2026-05-22,Počernice,SPO,8
2026-05-22,Počernice,BPO,1
2026-05-22,Praha - centrála,SPO,164
2026-05-22,Praha - centrála,BPO,19
2026-05-22,Příbram,SPO,7
2026-05-22,SKLC3,SPO,977
2026-05-22,SKLC3,BPO,554
2026-05-22,Tábor,SPO,6
2026-05-22,Tábor,BPO,1
2026-05-22,Třebíč,SPO,2
2026-05-22,Třebíč,BPO,1
2026-05-22,Zlín,SPO,6
2026-05-22,Zlín,BPO,1
2026-05-22,Ústí nad Labem,SPO,14
2026-05-22,Ústí nad Labem,BPO,3
2026-05-22,Čakovice,SPO,27
2026-05-22,Čakovice,BPO,4
2026-05-22,České Budějovice,SPO,10
2026-05-22,České Budějovice,BPO,3
2026-05-23,Anděl,SPO,31
2026-05-23,Anděl,BPO,4
2026-05-23,Benešov,SPO,5
2026-05-23,Benešov,BPO,2
2026-05-23,Beroun,SPO,2
2026-05-23,Beroun,BPO,4
2026-05-23,Brno,SPO,20
2026-05-23,Brno Lískovec,SPO,11
2026-05-23,Brno Lískovec,BPO,2
2026-05-23,Budějovická,SPO,15
2026-05-23,Budějovická,BPO,4
2026-05-23,Chomutov,SPO,3
2026-05-23,Dejvice,SPO,10
2026-05-23,Děčín,SPO,5
2026-05-23,Frýdek-Místek,SPO,12
2026-05-23,Frýdek-Místek,BPO,2
2026-05-23,Hradec,SPO,16
2026-05-23,Hradec,BPO,2
2026-05-23,Háje,SPO,10
2026-05-23,Háje,BPO,6
2026-05-23,Jihlava,SPO,12
2026-05-23,Karlovy Vary,SPO,12
2026-05-23,Karlovy Vary,BPO,3
2026-05-23,Kladno,SPO,13
2026-05-23,Kolín,SPO,8
2026-05-23,Kolín,BPO,3
2026-05-23,LCS,SPO,142
2026-05-23,LCS,BPO,107
2026-05-23,LCU,SPO,2
2026-05-23,Liberec,SPO,15
2026-05-23,Liberec,BPO,1
2026-05-23,Mladá Boleslav,SPO,19
2026-05-23,Most,SPO,5
2026-05-23,Most,BPO,1
2026-05-23,Mělník,SPO,6
2026-05-23,Olomouc,SPO,45
2026-05-23,Olomouc,BPO,5
2026-05-23,Opava,SPO,2
2026-05-23,Ostrava,SPO,22
2026-05-23,Ostrava,BPO,14
2026-05-23,Pardubice,SPO,6
2026-05-23,Pardubice,BPO,1
2026-05-23,Plzeň město,SPO,28
2026-05-23,Plzeň město,BPO,4
2026-05-23,Pobočka Chrášťany,SPO,167
2026-05-23,Pobočka Chrášťany,BPO,21
2026-05-23,Počernice,SPO,25
2026-05-23,Počernice,BPO,2
2026-05-23,Praha - centrála,SPO,189
2026-05-23,Praha - centrála,BPO,26
2026-05-23,Příbram,SPO,5
2026-05-23,SKLC3,SPO,799
2026-05-23,SKLC3,BPO,501
2026-05-23,SKLC3,XPO,4
2026-05-23,Tábor,SPO,20
2026-05-23,Zlín,SPO,7
2026-05-23,Ústí nad Labem,SPO,16
2026-05-23,Čakovice,SPO,23
2026-05-23,Čakovice,BPO,3
2026-05-23,České Budějovice,SPO,21
2026-05-23,České Budějovice,BPO,2
2026-05-24,Anděl,SPO,44
2026-05-24,Anděl,BPO,1
2026-05-24,Benešov,SPO,6
2026-05-24,Benešov,BPO,2
2026-05-24,Beroun,SPO,5
2026-05-24,Beroun,BPO,1
2026-05-24,Brno,SPO,13
2026-05-24,Brno Lískovec,SPO,16
2026-05-24,Brno Lískovec,BPO,3
2026-05-24,Budějovická,SPO,28
2026-05-24,Budějovická,BPO,2
2026-05-24,Dejvice,SPO,1
2026-05-24,Dejvice,BPO,3
2026-05-24,Děčín,SPO,7
2026-05-24,Frýdek-Místek,SPO,10
2026-05-24,Frýdek-Místek,BPO,3
2026-05-24,HULC1,SPO,1
2026-05-24,Hradec,SPO,10
2026-05-24,Háje,SPO,13
2026-05-24,Háje,BPO,5
2026-05-24,Jihlava,SPO,1
2026-05-24,Jihlava,BPO,1
2026-05-24,Karlovy Vary,SPO,12
2026-05-24,Karlovy Vary,BPO,1
2026-05-24,Kladno,SPO,2
2026-05-24,Kladno,BPO,1
2026-05-24,Kolín,SPO,8
2026-05-24,LCS,SPO,129
2026-05-24,LCS,BPO,27
2026-05-24,LCU,SPO,4
2026-05-24,Liberec,SPO,15
2026-05-24,Liberec,BPO,1
2026-05-24,Mladá Boleslav,SPO,10
2026-05-24,Mladá Boleslav,XPO,1
2026-05-24,Most,SPO,12
2026-05-24,Mělník,SPO,1
2026-05-24,Mělník,BPO,1
2026-05-24,Olomouc,SPO,14
2026-05-24,Olomouc,BPO,3
2026-05-24,Opava,SPO,1
2026-05-24,Ostrava,SPO,25
2026-05-24,Ostrava,BPO,5
2026-05-24,Pardubice,SPO,6
2026-05-24,Pardubice,BPO,1
2026-05-24,Plzeň město,SPO,29
2026-05-24,Plzeň město,BPO,3
2026-05-24,Pobočka Chrášťany,SPO,118
2026-05-24,Pobočka Chrášťany,BPO,28
2026-05-24,Počernice,SPO,16
2026-05-24,Počernice,BPO,1
2026-05-24,Praha - centrála,SPO,142
2026-05-24,Praha - centrála,BPO,23
2026-05-24,Prostějov,SPO,2
2026-05-24,Prostějov,BPO,1
2026-05-24,Příbram,SPO,12
2026-05-24,Příbram,BPO,3
2026-05-24,SKLC3,SPO,471
2026-05-24,SKLC3,BPO,790
2026-05-24,Tábor,SPO,4
2026-05-24,Třebíč,SPO,3
2026-05-24,Zlín,SPO,3
2026-05-24,Zlín,BPO,1
2026-05-24,Ústí nad Labem,SPO,2
2026-05-24,Čakovice,SPO,25
2026-05-24,Čakovice,BPO,4
2026-05-24,České Budějovice,SPO,13
2026-05-24,České Budějovice,BPO,2
2026-05-25,Anděl,SPO,53
2026-05-25,Anděl,BPO,4
2026-05-25,Benešov,SPO,13
2026-05-25,Benešov,BPO,1
2026-05-25,Beroun,SPO,4
2026-05-25,Beroun,BPO,1
2026-05-25,Brno,SPO,8
2026-05-25,Brno,BPO,5
2026-05-25,Brno Lískovec,SPO,23
2026-05-25,Brno Lískovec,BPO,3
2026-05-25,Budějovická,SPO,8
2026-05-25,Budějovická,BPO,2
2026-05-25,Dejvice,SPO,4
2026-05-25,Dejvice,BPO,1
2026-05-25,Děčín,SPO,11
2026-05-25,Frýdek-Místek,SPO,3
2026-05-25,HULC1,SPO,2
2026-05-25,Hradec,SPO,28
2026-05-25,Hradec,BPO,3
2026-05-25,Háje,SPO,6
2026-05-25,Háje,BPO,4
2026-05-25,Jihlava,SPO,5
2026-05-25,Karlovy Vary,SPO,9
2026-05-25,Karlovy Vary,BPO,1
2026-05-25,Kladno,SPO,8
2026-05-25,Kladno,BPO,2
2026-05-25,Kolín,SPO,8
2026-05-25,Kolín,BPO,10
2026-05-25,LCS,SPO,142
2026-05-25,LCS,BPO,42
2026-05-25,LCU,SPO,62
2026-05-25,LCU,BPO,2
2026-05-25,Liberec,SPO,12
2026-05-25,Liberec,BPO,1
2026-05-25,Mladá Boleslav,SPO,18
2026-05-25,Mladá Boleslav,BPO,2
2026-05-25,Most,SPO,18
2026-05-25,Most,BPO,2
2026-05-25,Mělník,SPO,9
2026-05-25,Mělník,BPO,2
2026-05-25,Olomouc,SPO,10
2026-05-25,Olomouc,BPO,1
2026-05-25,Ostrava,SPO,27
2026-05-25,Ostrava,BPO,12
2026-05-25,Pardubice,SPO,7
2026-05-25,Plzeň město,SPO,19
2026-05-25,Plzeň město,BPO,6
2026-05-25,Pobočka Chrášťany,SPO,108
2026-05-25,Pobočka Chrášťany,BPO,23
2026-05-25,Počernice,SPO,10
2026-05-25,Praha - centrála,SPO,179
2026-05-25,Praha - centrála,BPO,34
2026-05-25,Prostějov,SPO,1
2026-05-25,Příbram,SPO,5
2026-05-25,Příbram,BPO,1
2026-05-25,SKLC3,SPO,824
2026-05-25,SKLC3,BPO,466
2026-05-25,Tábor,SPO,6
2026-05-25,Třebíč,SPO,3
2026-05-25,Zlín,SPO,1
2026-05-25,Zlín,BPO,2
2026-05-25,Ústí nad Labem,SPO,32
2026-05-25,Ústí nad Labem,BPO,3
2026-05-25,Čakovice,SPO,23
2026-05-25,Čakovice,BPO,2
2026-05-25,České Budějovice,SPO,14
2026-05-25,České Budějovice,BPO,3
2026-05-26,Anděl,SPO,51
2026-05-26,Anděl,BPO,9
2026-05-26,Benešov,SPO,9
2026-05-26,Benešov,BPO,2
2026-05-26,Beroun,SPO,6
2026-05-26,Brno,SPO,12
2026-05-26,Brno,BPO,1
2026-05-26,Brno Lískovec,SPO,19
2026-05-26,Brno Lískovec,BPO,5
2026-05-26,Budějovická,SPO,27
2026-05-26,Budějovická,BPO,7
2026-05-26,Chomutov,SPO,5
2026-05-26,Dejvice,SPO,9
2026-05-26,Děčín,SPO,10
2026-05-26,Děčín,BPO,5
2026-05-26,Frýdek-Místek,SPO,8
2026-05-26,HULC1,SPO,3
2026-05-26,HULC1,BPO,1
2026-05-26,Hradec,SPO,29
2026-05-26,Hradec,BPO,2
2026-05-26,Háje,SPO,29
2026-05-26,Háje,BPO,10
2026-05-26,Jihlava,SPO,9
2026-05-26,Karlovy Vary,SPO,4
2026-05-26,Karlovy Vary,BPO,2
2026-05-26,Kladno,SPO,10
2026-05-26,Kolín,SPO,2
2026-05-26,LCS,SPO,285
2026-05-26,LCS,BPO,90
2026-05-26,LCU,SPO,12
2026-05-26,LCU,BPO,4
2026-05-26,LCU,XPO,2
2026-05-26,Liberec,SPO,23
2026-05-26,Liberec,BPO,2
2026-05-26,Mladá Boleslav,SPO,8
2026-05-26,Mladá Boleslav,BPO,2
2026-05-26,Most,SPO,28
2026-05-26,Most,BPO,2
2026-05-26,Mělník,SPO,5
2026-05-26,Olomouc,SPO,24
2026-05-26,Olomouc,BPO,2
2026-05-26,Opava,SPO,2
2026-05-26,Opava,BPO,1
2026-05-26,Ostrava,SPO,27
2026-05-26,Ostrava,BPO,15
2026-05-26,Pardubice,SPO,20
2026-05-26,Pardubice,BPO,11
2026-05-26,Plzeň město,SPO,32
2026-05-26,Plzeň město,BPO,1
2026-05-26,Pobočka Chrášťany,SPO,90
2026-05-26,Pobočka Chrášťany,BPO,30
2026-05-26,Počernice,SPO,19
2026-05-26,Počernice,BPO,3
2026-05-26,Praha - centrála,SPO,200
2026-05-26,Praha - centrála,BPO,17
2026-05-26,Příbram,SPO,5
2026-05-26,SKLC3,SPO,1468
2026-05-26,SKLC3,BPO,657
2026-05-26,SKLC3,XPO,1
2026-05-26,Tábor,SPO,48
2026-05-26,Tábor,BPO,7
2026-05-26,Třebíč,SPO,2
2026-05-26,Zlín,SPO,29
2026-05-26,Zlín,BPO,6
2026-05-26,Ústí nad Labem,SPO,13
2026-05-26,Ústí nad Labem,BPO,1
2026-05-26,Čakovice,SPO,38
2026-05-26,Čakovice,BPO,7
2026-05-26,České Budějovice,SPO,8
2026-05-27,Anděl,SPO,29
2026-05-27,Anděl,BPO,7
2026-05-27,Benešov,SPO,7
2026-05-27,Benešov,BPO,3
2026-05-27,Beroun,SPO,7
2026-05-27,Brno,SPO,18
2026-05-27,Brno Lískovec,SPO,16
2026-05-27,Brno Lískovec,BPO,2
2026-05-27,Budějovická,SPO,16
2026-05-27,Budějovická,BPO,5
2026-05-27,Chomutov,SPO,4
2026-05-27,Chomutov,BPO,3
2026-05-27,Dejvice,SPO,1
2026-05-27,Děčín,SPO,4
2026-05-27,Frýdek-Místek,SPO,4
2026-05-27,Frýdek-Místek,BPO,1
2026-05-27,HULC1,SPO,1
2026-05-27,Hradec,SPO,15
2026-05-27,Hradec,BPO,2
2026-05-27,Háje,SPO,16
2026-05-27,Háje,BPO,2
2026-05-27,Jihlava,SPO,5
2026-05-27,Jihlava,BPO,2
2026-05-27,Karlovy Vary,SPO,10
2026-05-27,Karlovy Vary,BPO,4
2026-05-27,Kladno,SPO,5
2026-05-27,Kladno,BPO,4
2026-05-27,LCS,SPO,206
2026-05-27,LCS,BPO,32
2026-05-27,LCU,SPO,4
2026-05-27,LCU,BPO,2
2026-05-27,LCU,XPO,179
2026-05-27,Liberec,SPO,15
2026-05-27,Liberec,BPO,2
2026-05-27,Mladá Boleslav,SPO,4
2026-05-27,Mladá Boleslav,BPO,2
2026-05-27,Most,SPO,12
2026-05-27,Most,BPO,1
2026-05-27,Mělník,SPO,22
2026-05-27,Mělník,BPO,3
2026-05-27,Olomouc,SPO,11
2026-05-27,Olomouc,BPO,6
2026-05-27,Opava,SPO,1
2026-05-27,Ostrava,SPO,11
2026-05-27,Ostrava,BPO,7
2026-05-27,Pardubice,SPO,8
2026-05-27,Pardubice,BPO,3
2026-05-27,Plzeň město,SPO,25
2026-05-27,Plzeň město,BPO,5
2026-05-27,Pobočka Chrášťany,SPO,98
2026-05-27,Pobočka Chrášťany,BPO,12
2026-05-27,Počernice,SPO,12
2026-05-27,Počernice,BPO,7
2026-05-27,Počernice,XPO,3
2026-05-27,Praha - centrála,SPO,133
2026-05-27,Praha - centrála,BPO,23
2026-05-27,Příbram,SPO,3
2026-05-27,SKLC3,SPO,1035
2026-05-27,SKLC3,BPO,568
2026-05-27,Tábor,SPO,15
2026-05-27,Tábor,BPO,1
2026-05-27,Třebíč,SPO,1
2026-05-27,Zlín,SPO,3
2026-05-27,Zlín,BPO,1
2026-05-27,Ústí nad Labem,SPO,3
2026-05-27,Čakovice,SPO,22
2026-05-27,Čakovice,BPO,6
2026-05-27,České Budějovice,SPO,9
2026-05-28,Anděl,SPO,24
2026-05-28,Anděl,BPO,5
2026-05-28,Beroun,SPO,7
2026-05-28,Beroun,BPO,1
2026-05-28,Brno,SPO,21
2026-05-28,Brno,BPO,6
2026-05-28,Brno Lískovec,SPO,6
2026-05-28,Brno Lískovec,BPO,1
2026-05-28,Budějovická,SPO,15
2026-05-28,Budějovická,BPO,2
2026-05-28,Chomutov,SPO,2
2026-05-28,Děčín,SPO,3
2026-05-28,Děčín,BPO,1
2026-05-28,Frýdek-Místek,SPO,15
2026-05-28,Frýdek-Místek,BPO,4
2026-05-28,HULC1,SPO,1
2026-05-28,Hradec,SPO,7
2026-05-28,Hradec,BPO,1
2026-05-28,Háje,SPO,8
2026-05-28,Háje,BPO,2
2026-05-28,Jihlava,SPO,5
2026-05-28,Karlovy Vary,SPO,10
2026-05-28,Kladno,SPO,6
2026-05-28,Kladno,BPO,3
2026-05-28,Kolín,SPO,2
2026-05-28,Kolín,BPO,2
2026-05-28,LCS,SPO,193
2026-05-28,LCS,BPO,93
2026-05-28,LCU,SPO,27
2026-05-28,LCU,BPO,8
2026-05-28,LCU,XPO,2
2026-05-28,Liberec,SPO,48
2026-05-28,Liberec,BPO,9
2026-05-28,Mladá Boleslav,SPO,11
2026-05-28,Mladá Boleslav,BPO,2
2026-05-28,Most,SPO,14
2026-05-28,Most,BPO,1
2026-05-28,Mělník,SPO,10
2026-05-28,Mělník,BPO,2
2026-05-28,Olomouc,SPO,7
2026-05-28,Olomouc,BPO,2
2026-05-28,Olomouc,XPO,1
2026-05-28,Opava,SPO,1
2026-05-28,Ostrava,SPO,22
2026-05-28,Ostrava,BPO,14
2026-05-28,Pardubice,SPO,4
2026-05-28,Pardubice,BPO,1
2026-05-28,Plzeň město,SPO,27
2026-05-28,Plzeň město,BPO,6
2026-05-28,Pobočka Chrášťany,SPO,82
2026-05-28,Pobočka Chrášťany,BPO,8
2026-05-28,Počernice,SPO,19
2026-05-28,Počernice,BPO,2
2026-05-28,Praha - centrála,SPO,91
2026-05-28,Praha - centrála,BPO,11
2026-05-28,Prostějov,BPO,2
2026-05-28,Příbram,SPO,6
2026-05-28,Příbram,BPO,1
2026-05-28,SKLC3,SPO,1169
2026-05-28,SKLC3,BPO,674
2026-05-28,Tábor,SPO,11
2026-05-28,Tábor,BPO,1
2026-05-28,Třebíč,SPO,16
2026-05-28,Třebíč,BPO,2
2026-05-28,Zlín,SPO,4
2026-05-28,Zlín,BPO,1
2026-05-28,Ústí nad Labem,SPO,15
2026-05-28,Čakovice,SPO,13
2026-05-28,Čakovice,BPO,3
2026-05-28,České Budějovice,SPO,12
2026-05-28,České Budějovice,BPO,6
2026-05-29,Anděl,SPO,30
2026-05-29,Anděl,BPO,6
2026-05-29,Benešov,SPO,5
2026-05-29,Benešov,BPO,1
2026-05-29,Beroun,BPO,1
2026-05-29,Brno,SPO,8
2026-05-29,Brno,BPO,3
2026-05-29,Brno Lískovec,SPO,6
2026-05-29,Brno Lískovec,BPO,1
2026-05-29,Budějovická,SPO,12
2026-05-29,Dejvice,SPO,4
2026-05-29,Dejvice,BPO,2
2026-05-29,Děčín,SPO,7
2026-05-29,Děčín,BPO,1
2026-05-29,Frýdek-Místek,SPO,6
2026-05-29,Frýdek-Místek,BPO,1
2026-05-29,HULC1,SPO,7
2026-05-29,HULC1,BPO,1
2026-05-29,Hradec,SPO,12
2026-05-29,Háje,SPO,9
2026-05-29,Háje,BPO,5
2026-05-29,Jihlava,SPO,6
2026-05-29,Jihlava,BPO,1
2026-05-29,Karlovy Vary,SPO,10
2026-05-29,Karlovy Vary,BPO,2
2026-05-29,Kladno,SPO,2
2026-05-29,Kladno,BPO,1
2026-05-29,Kolín,SPO,4
2026-05-29,Kolín,BPO,1
2026-05-29,LCS,SPO,157
2026-05-29,LCU,SPO,12
2026-05-29,LCU,BPO,4
2026-05-29,Liberec,SPO,117
2026-05-29,Liberec,BPO,11
2026-05-29,Mladá Boleslav,SPO,10
2026-05-29,Mladá Boleslav,BPO,4
2026-05-29,Most,SPO,8
2026-05-29,Most,BPO,2
2026-05-29,Mělník,SPO,9
2026-05-29,Mělník,BPO,2
2026-05-29,Olomouc,SPO,13
2026-05-29,Olomouc,BPO,2
2026-05-29,Opava,SPO,3
2026-05-29,Opava,BPO,1
2026-05-29,Ostrava,SPO,20
2026-05-29,Ostrava,BPO,14
2026-05-29,Pardubice,SPO,12
2026-05-29,Pardubice,BPO,3
2026-05-29,Plzeň město,SPO,27
2026-05-29,Plzeň město,BPO,3
2026-05-29,Pobočka Chrášťany,SPO,106
2026-05-29,Pobočka Chrášťany,BPO,37
2026-05-29,Počernice,SPO,9
2026-05-29,Počernice,BPO,4
2026-05-29,Praha - centrála,SPO,167
2026-05-29,Praha - centrála,BPO,27
2026-05-29,Prostějov,SPO,1
2026-05-29,Příbram,SPO,9
2026-05-29,Příbram,BPO,3
2026-05-29,SKLC3,SPO,1694
2026-05-29,SKLC3,BPO,529
2026-05-29,Tábor,SPO,8
2026-05-29,Tábor,BPO,1
2026-05-29,Třebíč,SPO,1
2026-05-29,Zlín,SPO,16
2026-05-29,Zlín,BPO,2
2026-05-29,Ústí nad Labem,SPO,25
2026-05-29,Čakovice,SPO,20
2026-05-29,Čakovice,BPO,4
2026-05-29,České Budějovice,SPO,12
2026-05-29,České Budějovice,BPO,3
2026-05-30,Anděl,SPO,28
2026-05-30,Anděl,BPO,1
2026-05-30,Benešov,SPO,6
2026-05-30,Benešov,BPO,1
2026-05-30,Beroun,SPO,5
2026-05-30,Brno,SPO,18
2026-05-30,Brno,BPO,6
2026-05-30,Brno Lískovec,SPO,8
2026-05-30,Brno Lískovec,BPO,5
2026-05-30,Budějovická,SPO,42
2026-05-30,Budějovická,BPO,6
2026-05-30,Chomutov,SPO,2
2026-05-30,Chomutov,BPO,1
2026-05-30,Dejvice,SPO,16
2026-05-30,Dejvice,BPO,2
2026-05-30,Děčín,SPO,1
2026-05-30,Frýdek-Místek,SPO,5
2026-05-30,Hradec,SPO,11
2026-05-30,Hradec,BPO,7
2026-05-30,Háje,SPO,15
2026-05-30,Háje,BPO,3
2026-05-30,Jihlava,SPO,3
2026-05-30,Karlovy Vary,SPO,1
2026-05-30,Karlovy Vary,BPO,3
2026-05-30,Kladno,SPO,2
2026-05-30,Kladno,BPO,1
2026-05-30,Kolín,SPO,7
2026-05-30,Kolín,BPO,3
2026-05-30,LCS,SPO,108
2026-05-30,LCS,BPO,26
2026-05-30,LCU,SPO,7
2026-05-30,LCU,BPO,5
2026-05-30,Liberec,SPO,2
2026-05-30,Liberec,BPO,1
2026-05-30,Mladá Boleslav,SPO,12
2026-05-30,Mladá Boleslav,BPO,2
2026-05-30,Most,SPO,7
2026-05-30,Mělník,SPO,5
2026-05-30,Olomouc,SPO,8
2026-05-30,Olomouc,BPO,10
2026-05-30,Ostrava,SPO,21
2026-05-30,Ostrava,BPO,9
2026-05-30,Pardubice,SPO,11
2026-05-30,Pardubice,BPO,2
2026-05-30,Plzeň město,SPO,19
2026-05-30,Plzeň město,BPO,3
2026-05-30,Pobočka Chrášťany,SPO,85
2026-05-30,Pobočka Chrášťany,BPO,29
2026-05-30,Počernice,SPO,16
2026-05-30,Praha - centrála,SPO,142
2026-05-30,Praha - centrála,BPO,16
2026-05-30,Prostějov,SPO,1
2026-05-30,Příbram,SPO,4
2026-05-30,Příbram,BPO,1
2026-05-30,SKLC3,SPO,920
2026-05-30,SKLC3,BPO,160
2026-05-30,Tábor,SPO,12
2026-05-30,Tábor,BPO,1
2026-05-30,Třebíč,SPO,8
2026-05-30,Ústí nad Labem,SPO,20
2026-05-30,Ústí nad Labem,BPO,4
2026-05-30,Čakovice,SPO,28
2026-05-30,Čakovice,BPO,12
2026-05-30,České Budějovice,SPO,12
2026-05-30,České Budějovice,BPO,1
2026-05-31,Anděl,SPO,27
2026-05-31,Anděl,BPO,6
2026-05-31,Benešov,SPO,7
2026-05-31,Beroun,SPO,1
2026-05-31,Beroun,BPO,1
2026-05-31,Brno,SPO,16
2026-05-31,Brno,BPO,5
2026-05-31,Brno Lískovec,SPO,15
2026-05-31,Brno Lískovec,BPO,1
2026-05-31,Budějovická,SPO,27
2026-05-31,Chomutov,SPO,3
2026-05-31,Dejvice,SPO,3
2026-05-31,Děčín,SPO,3
2026-05-31,Děčín,BPO,2
2026-05-31,Frýdek-Místek,SPO,3
2026-05-31,Frýdek-Místek,BPO,1
2026-05-31,HULC1,SPO,3
2026-05-31,Hradec,SPO,16
2026-05-31,Hradec,BPO,4
2026-05-31,Háje,SPO,15
2026-05-31,Háje,BPO,3
2026-05-31,Jihlava,SPO,5
2026-05-31,Karlovy Vary,SPO,11
2026-05-31,Kladno,BPO,2
2026-05-31,Kolín,SPO,1
2026-05-31,LCS,SPO,75
2026-05-31,LCU,SPO,5
2026-05-31,LCU,BPO,1
2026-05-31,Liberec,SPO,16
2026-05-31,Liberec,BPO,1
2026-05-31,Mladá Boleslav,SPO,12
2026-05-31,Mladá Boleslav,BPO,1
2026-05-31,Most,SPO,5
2026-05-31,Mělník,SPO,9
2026-05-31,Mělník,BPO,1
2026-05-31,Olomouc,SPO,7
2026-05-31,Olomouc,BPO,1
2026-05-31,Opava,SPO,5
2026-05-31,Ostrava,SPO,30
2026-05-31,Ostrava,BPO,2
2026-05-31,Pardubice,SPO,15
2026-05-31,Pardubice,BPO,1
2026-05-31,Plzeň město,SPO,10
2026-05-31,Plzeň město,BPO,5
2026-05-31,Pobočka Chrášťany,SPO,93
2026-05-31,Pobočka Chrášťany,BPO,22
2026-05-31,Pobočka Chrášťany,XPO,1
2026-05-31,Počernice,SPO,10
2026-05-31,Počernice,BPO,1
2026-05-31,Praha - centrála,SPO,145
2026-05-31,Praha - centrála,BPO,16
2026-05-31,Příbram,SPO,2
2026-05-31,SKLC3,SPO,734
2026-05-31,SKLC3,BPO,348
2026-05-31,Tábor,SPO,11
2026-05-31,Třebíč,SPO,2
2026-05-31,Třebíč,BPO,3
2026-05-31,Zlín,SPO,1
2026-05-31,Ústí nad Labem,SPO,12
2026-05-31,Ústí nad Labem,BPO,2
2026-05-31,Čakovice,SPO,34
2026-05-31,Čakovice,BPO,6
2026-05-31,České Budějovice,SPO,19
2026-05-31,České Budějovice,BPO,3
2026-06-01,Anděl,SPO,51
2026-06-01,Anděl,BPO,4
2026-06-01,Benešov,SPO,5
2026-06-01,Benešov,BPO,4
2026-06-01,Beroun,SPO,17
2026-06-01,Brno,SPO,17
2026-06-01,Brno Lískovec,SPO,15
2026-06-01,Brno Lískovec,BPO,7
2026-06-01,Budějovická,SPO,27
2026-06-01,Budějovická,BPO,8
2026-06-01,Chomutov,SPO,1
2026-06-01,Dejvice,SPO,5
2026-06-01,Dejvice,BPO,1
2026-06-01,Děčín,SPO,2
2026-06-01,Děčín,BPO,5
2026-06-01,Frýdek-Místek,SPO,4
2026-06-01,Frýdek-Místek,BPO,1
2026-06-01,HULC1,SPO,8
2026-06-01,Hradec,SPO,12
2026-06-01,Hradec,BPO,1
2026-06-01,Háje,SPO,28
2026-06-01,Jihlava,SPO,13
2026-06-01,Jihlava,BPO,1
2026-06-01,Karlovy Vary,SPO,10
2026-06-01,Karlovy Vary,BPO,4
2026-06-01,Kladno,SPO,8
2026-06-01,Kolín,BPO,4
2026-06-01,LCS,SPO,139
2026-06-01,LCS,BPO,41
2026-06-01,LCU,SPO,5
2026-06-01,LCU,BPO,2
2026-06-01,Liberec,SPO,14
2026-06-01,Mladá Boleslav,SPO,13
2026-06-01,Mladá Boleslav,BPO,1
2026-06-01,Most,SPO,20
2026-06-01,Most,BPO,2
2026-06-01,Mělník,SPO,9
2026-06-01,Mělník,BPO,1
2026-06-01,Olomouc,SPO,8
2026-06-01,Olomouc,BPO,2
2026-06-01,Opava,SPO,2
2026-06-01,Opava,BPO,1
2026-06-01,Ostrava,SPO,34
2026-06-01,Ostrava,BPO,6
2026-06-01,Pardubice,SPO,15
2026-06-01,Pardubice,BPO,3
2026-06-01,Plzeň město,SPO,33
2026-06-01,Plzeň město,BPO,2
2026-06-01,Pobočka Chrášťany,SPO,100
2026-06-01,Pobočka Chrášťany,BPO,13
2026-06-01,Počernice,SPO,13
2026-06-01,Praha - centrála,SPO,59
2026-06-01,Praha - centrála,BPO,9
2026-06-01,SKLC3,SPO,823
2026-06-01,SKLC3,BPO,347
2026-06-01,Tábor,SPO,11
2026-06-01,Tábor,BPO,3
2026-06-01,Zlín,SPO,9
2026-06-01,Ústí nad Labem,SPO,16
2026-06-01,Čakovice,SPO,29
2026-06-01,Čakovice,BPO,5
2026-06-01,České Budějovice,SPO,25
2026-06-01,České Budějovice,BPO,2
2026-06-02,Anděl,SPO,35
2026-06-02,Anděl,BPO,3
2026-06-02,Benešov,SPO,2
2026-06-02,Benešov,BPO,3
2026-06-02,Beroun,SPO,3
2026-06-02,Brno,SPO,26
2026-06-02,Brno,BPO,1
2026-06-02,Brno Lískovec,SPO,14
2026-06-02,Brno Lískovec,BPO,1
2026-06-02,Budějovická,SPO,32
2026-06-02,Budějovická,BPO,4
2026-06-02,Chomutov,SPO,11
2026-06-02,Dejvice,SPO,14
2026-06-02,Děčín,SPO,8
2026-06-02,Děčín,BPO,1
2026-06-02,Frýdek-Místek,SPO,6
2026-06-02,Hradec,SPO,33
2026-06-02,Hradec,BPO,4
2026-06-02,Háje,SPO,16
2026-06-02,Háje,BPO,1
2026-06-02,Jihlava,SPO,4
2026-06-02,Karlovy Vary,SPO,17
2026-06-02,Karlovy Vary,BPO,3
2026-06-02,Kladno,SPO,4
2026-06-02,Kolín,SPO,6
2026-06-02,Kolín,BPO,3
2026-06-02,LCS,SPO,147
2026-06-02,LCS,BPO,34
2026-06-02,LCU,SPO,60
2026-06-02,LCU,BPO,7
2026-06-02,Liberec,SPO,6
2026-06-02,Liberec,BPO,2
2026-06-02,Mladá Boleslav,SPO,11
2026-06-02,Mladá Boleslav,BPO,1
2026-06-02,Most,SPO,3
2026-06-02,Most,BPO,4
2026-06-02,Mělník,SPO,2
2026-06-02,Mělník,BPO,1
2026-06-02,Olomouc,SPO,15
2026-06-02,Olomouc,BPO,6
2026-06-02,Ostrava,SPO,36
2026-06-02,Ostrava,BPO,17
2026-06-02,Pardubice,SPO,8
2026-06-02,Pardubice,BPO,5
2026-06-02,Plzeň město,SPO,26
2026-06-02,Plzeň město,BPO,2
2026-06-02,Pobočka Chrášťany,SPO,129
2026-06-02,Pobočka Chrášťany,BPO,15
2026-06-02,Počernice,SPO,17
2026-06-02,Počernice,BPO,2
2026-06-02,Praha - centrála,SPO,55
2026-06-02,Praha - centrála,BPO,12
2026-06-02,Prostějov,SPO,1
2026-06-02,Příbram,SPO,3
2026-06-02,Příbram,BPO,5
2026-06-02,SKLC3,SPO,1434
2026-06-02,SKLC3,BPO,296
2026-06-02,Tábor,SPO,7
2026-06-02,Třebíč,SPO,3
2026-06-02,Zlín,SPO,10
2026-06-02,Zlín,BPO,3
2026-06-02,Ústí nad Labem,SPO,27
2026-06-02,Ústí nad Labem,BPO,3
2026-06-02,Čakovice,SPO,28
2026-06-02,Čakovice,BPO,2
2026-06-02,České Budějovice,SPO,14
2026-06-02,České Budějovice,BPO,2
2026-06-03,Anděl,SPO,24
2026-06-03,Anděl,BPO,4
2026-06-03,Benešov,SPO,12
2026-06-03,Brno,SPO,18
2026-06-03,Brno,BPO,7
2026-06-03,Brno Lískovec,SPO,5
2026-06-03,Brno Lískovec,BPO,3
2026-06-03,Budějovická,SPO,33
2026-06-03,Budějovická,BPO,9
2026-06-03,Dejvice,SPO,4
2026-06-03,Děčín,SPO,3
2026-06-03,Děčín,BPO,2
2026-06-03,Frýdek-Místek,SPO,4
2026-06-03,Hradec,SPO,11
2026-06-03,Hradec,BPO,3
2026-06-03,Háje,SPO,4
2026-06-03,Háje,BPO,4
2026-06-03,Jihlava,SPO,4
2026-06-03,Karlovy Vary,SPO,1
2026-06-03,Kladno,SPO,1
2026-06-03,Kladno,BPO,1
2026-06-03,Kolín,SPO,5
2026-06-03,Kolín,BPO,1
2026-06-03,LCS,SPO,356
2026-06-03,LCS,BPO,115
2026-06-03,LCU,BPO,3
2026-06-03,Liberec,SPO,3
2026-06-03,Liberec,BPO,1
2026-06-03,Mladá Boleslav,SPO,3
2026-06-03,Mladá Boleslav,BPO,1
2026-06-03,Most,SPO,11
2026-06-03,Mělník,SPO,16
2026-06-03,Mělník,BPO,1
2026-06-03,Olomouc,SPO,25
2026-06-03,Olomouc,BPO,4
2026-06-03,Opava,SPO,4
2026-06-03,Opava,BPO,1
2026-06-03,Ostrava,SPO,32
2026-06-03,Ostrava,BPO,28
2026-06-03,Pardubice,SPO,14
2026-06-03,Pardubice,BPO,10
2026-06-03,Plzeň město,SPO,18
2026-06-03,Plzeň město,BPO,11
2026-06-03,Pobočka Chrášťany,SPO,118
2026-06-03,Pobočka Chrášťany,BPO,11
2026-06-03,Počernice,SPO,6
2026-06-03,Počernice,BPO,11
2026-06-03,Praha - centrála,SPO,61
2026-06-03,Praha - centrála,BPO,6
2026-06-03,Příbram,SPO,7
2026-06-03,SKLC3,SPO,1482
2026-06-03,SKLC3,BPO,758
2026-06-03,Tábor,SPO,2
2026-06-03,Třebíč,SPO,1
2026-06-03,Ústí nad Labem,SPO,6
2026-06-03,Ústí nad Labem,BPO,2
2026-06-03,Čakovice,SPO,16
2026-06-03,Čakovice,BPO,2
2026-06-03,České Budějovice,SPO,4
2026-06-03,České Budějovice,BPO,3
2026-06-04,Anděl,SPO,19
2026-06-04,Benešov,SPO,6
2026-06-04,Benešov,BPO,1
2026-06-04,Beroun,SPO,5
2026-06-04,Beroun,BPO,1
2026-06-04,Brno,SPO,15
2026-06-04,Brno Lískovec,SPO,4
2026-06-04,Brno Lískovec,BPO,4
2026-06-04,Budějovická,SPO,20
2026-06-04,Budějovická,BPO,2
2026-06-04,Chomutov,SPO,1
2026-06-04,Dejvice,SPO,2
2026-06-04,Dejvice,BPO,1
2026-06-04,Děčín,SPO,4
2026-06-04,Děčín,BPO,1
2026-06-04,Frýdek-Místek,SPO,7
2026-06-04,Frýdek-Místek,BPO,1
2026-06-04,Hradec,SPO,4
2026-06-04,Hradec,BPO,1
2026-06-04,Háje,SPO,7
2026-06-04,Háje,BPO,3
2026-06-04,Jihlava,SPO,7
2026-06-04,Karlovy Vary,SPO,4
2026-06-04,Karlovy Vary,BPO,1
2026-06-04,Kladno,SPO,2
2026-06-04,Kladno,BPO,3
2026-06-04,LCS,SPO,74
2026-06-04,LCS,BPO,21
2026-06-04,LCU,SPO,9
2026-06-04,LCU,BPO,2
2026-06-04,Liberec,SPO,12
2026-06-04,Liberec,BPO,2
2026-06-04,Mladá Boleslav,SPO,5
2026-06-04,Mladá Boleslav,BPO,1
2026-06-04,Most,SPO,4
2026-06-04,Mělník,SPO,13
2026-06-04,Olomouc,SPO,13
2026-06-04,Ostrava,SPO,32
2026-06-04,Ostrava,BPO,7
2026-06-04,Pardubice,SPO,11
2026-06-04,Pardubice,BPO,3
2026-06-04,Plzeň město,SPO,28
2026-06-04,Plzeň město,BPO,6
2026-06-04,Pobočka Chrášťany,SPO,103
2026-06-04,Pobočka Chrášťany,BPO,14
2026-06-04,Počernice,SPO,25
2026-06-04,Počernice,BPO,1
2026-06-04,Praha - centrála,SPO,48
2026-06-04,Praha - centrála,BPO,4
2026-06-04,Prostějov,SPO,2
2026-06-04,Příbram,SPO,2
2026-06-04,SKLC3,SPO,1148
2026-06-04,SKLC3,BPO,414
2026-06-04,Tábor,SPO,8
2026-06-04,Třebíč,SPO,8
2026-06-04,Zlín,SPO,1
2026-06-04,Ústí nad Labem,SPO,30
2026-06-04,Ústí nad Labem,BPO,1
2026-06-04,Čakovice,SPO,23
2026-06-04,Čakovice,BPO,3
2026-06-04,České Budějovice,SPO,13
2026-06-04,České Budějovice,BPO,4
2026-06-05,Anděl,SPO,50
2026-06-05,Anděl,BPO,7
2026-06-05,Benešov,SPO,7
2026-06-05,Benešov,BPO,1
2026-06-05,Beroun,SPO,9
2026-06-05,Beroun,BPO,1
2026-06-05,Brno,SPO,12
2026-06-05,Brno,BPO,3
2026-06-05,Brno Lískovec,SPO,20
2026-06-05,Brno Lískovec,BPO,1
2026-06-05,Budějovická,SPO,35
2026-06-05,Budějovická,BPO,10
2026-06-05,Chomutov,SPO,7
2026-06-05,Dejvice,SPO,2
2026-06-05,Děčín,SPO,4
2026-06-05,Děčín,BPO,2
2026-06-05,Frýdek-Místek,SPO,12
2026-06-05,Frýdek-Místek,BPO,1
2026-06-05,Hradec,SPO,8
2026-06-05,Háje,SPO,17
2026-06-05,Háje,BPO,1
2026-06-05,Jihlava,SPO,5
2026-06-05,Jihlava,BPO,2
2026-06-05,Jihlava,XPO,1
2026-06-05,Karlovy Vary,SPO,17
2026-06-05,Karlovy Vary,BPO,2
2026-06-05,Kladno,SPO,6
2026-06-05,Kolín,SPO,2
2026-06-05,LCS,SPO,99
2026-06-05,LCS,BPO,2
2026-06-05,LCU,SPO,5
2026-06-05,LCU,BPO,9
2026-06-05,Liberec,SPO,18
2026-06-05,Liberec,BPO,6
2026-06-05,Mladá Boleslav,SPO,9
2026-06-05,Mladá Boleslav,BPO,3
2026-06-05,Most,SPO,11
2026-06-05,Most,BPO,2
2026-06-05,Mělník,SPO,6
2026-06-05,Mělník,BPO,1
2026-06-05,Olomouc,SPO,15
2026-06-05,Olomouc,BPO,4
2026-06-05,Opava,SPO,7
2026-06-05,Opava,BPO,1
2026-06-05,Ostrava,SPO,21
2026-06-05,Ostrava,BPO,11
2026-06-05,Pardubice,SPO,17
2026-06-05,Pardubice,BPO,4
2026-06-05,Plzeň město,SPO,26
2026-06-05,Plzeň město,BPO,5
2026-06-05,Pobočka Chrášťany,SPO,108
2026-06-05,Pobočka Chrášťany,BPO,16
2026-06-05,Počernice,SPO,20
2026-06-05,Počernice,BPO,1
2026-06-05,Praha - centrála,SPO,51
2026-06-05,Praha - centrála,BPO,9
2026-06-05,Prostějov,SPO,3
2026-06-05,Příbram,SPO,6
2026-06-05,SKLC3,SPO,1319
2026-06-05,SKLC3,BPO,619
2026-06-05,Tábor,SPO,8
2026-06-05,Tábor,BPO,2
2026-06-05,Třebíč,SPO,5
2026-06-05,Zlín,SPO,18
2026-06-05,Ústí nad Labem,SPO,5
2026-06-05,Čakovice,SPO,19
2026-06-05,Čakovice,BPO,6
2026-06-05,České Budějovice,SPO,11
2026-06-05,České Budějovice,BPO,3
2026-06-06,Anděl,SPO,37
2026-06-06,Anděl,BPO,13
2026-06-06,Benešov,SPO,13
2026-06-06,Benešov,BPO,2
2026-06-06,Beroun,SPO,6
2026-06-06,Brno,SPO,13
2026-06-06,Brno,BPO,5
2026-06-06,Brno Lískovec,SPO,9
2026-06-06,Brno Lískovec,BPO,8
2026-06-06,Budějovická,SPO,22
2026-06-06,Budějovická,BPO,5
2026-06-06,Chomutov,SPO,2
2026-06-06,Dejvice,SPO,2
2026-06-06,Dejvice,BPO,1
2026-06-06,Děčín,SPO,4
2026-06-06,Frýdek-Místek,SPO,6
2026-06-06,Frýdek-Místek,BPO,1
2026-06-06,Hradec,SPO,13
2026-06-06,Hradec,BPO,1
2026-06-06,Háje,SPO,12
2026-06-06,Háje,BPO,11
2026-06-06,Jihlava,SPO,10
2026-06-06,Karlovy Vary,SPO,7
2026-06-06,Karlovy Vary,BPO,4
2026-06-06,Kladno,SPO,5
2026-06-06,Kolín,SPO,1
2026-06-06,LCS,SPO,36
2026-06-06,LCS,BPO,19
2026-06-06,LCU,SPO,1
2026-06-06,LCU,BPO,2
2026-06-06,Liberec,SPO,13
2026-06-06,Liberec,BPO,2
2026-06-06,Mladá Boleslav,SPO,22
2026-06-06,Mladá Boleslav,BPO,2
2026-06-06,Most,SPO,14
2026-06-06,Most,BPO,1
2026-06-06,Mělník,SPO,10
2026-06-06,Mělník,BPO,4
2026-06-06,Olomouc,SPO,30
2026-06-06,Olomouc,BPO,1
2026-06-06,Ostrava,SPO,26
2026-06-06,Ostrava,BPO,6
2026-06-06,Pardubice,SPO,29
2026-06-06,Pardubice,BPO,4
2026-06-06,Plzeň město,SPO,10
2026-06-06,Plzeň město,BPO,6
2026-06-06,Pobočka Chrášťany,SPO,58
2026-06-06,Pobočka Chrášťany,BPO,6
2026-06-06,Počernice,SPO,18
2026-06-06,Počernice,BPO,4
2026-06-06,Praha - centrála,SPO,64
2026-06-06,Praha - centrála,BPO,8
2026-06-06,Příbram,SPO,4
2026-06-06,SKLC3,SPO,1013
2026-06-06,SKLC3,BPO,541
2026-06-06,Tábor,SPO,10
2026-06-06,Tábor,BPO,1
2026-06-06,Třebíč,SPO,8
2026-06-06,Třebíč,BPO,2
2026-06-06,Zlín,SPO,3
2026-06-06,Zlín,BPO,1
2026-06-06,Ústí nad Labem,SPO,19
2026-06-06,Ústí nad Labem,BPO,2
2026-06-06,Čakovice,SPO,23
2026-06-06,Čakovice,BPO,7
2026-06-06,České Budějovice,SPO,22
2026-06-06,České Budějovice,BPO,2
2026-06-07,Anděl,SPO,31
2026-06-07,Anděl,BPO,12
2026-06-07,Benešov,SPO,4
2026-06-07,Beroun,SPO,3
2026-06-07,Beroun,BPO,2
2026-06-07,Brno,SPO,17
2026-06-07,Brno,BPO,2
2026-06-07,Brno Lískovec,SPO,26
2026-06-07,Budějovická,SPO,28
2026-06-07,Budějovická,BPO,6
2026-06-07,Chomutov,SPO,5
2026-06-07,Dejvice,SPO,5
2026-06-07,Dejvice,BPO,2
2026-06-07,Děčín,SPO,4
2026-06-07,Děčín,BPO,1
2026-06-07,Frýdek-Místek,SPO,7
2026-06-07,HULC1,SPO,1
2026-06-07,Hradec,SPO,14
2026-06-07,Hradec,BPO,1
2026-06-07,Háje,SPO,14
2026-06-07,Háje,BPO,2
2026-06-07,Jihlava,SPO,5
2026-06-07,Jihlava,BPO,1
2026-06-07,Karlovy Vary,SPO,9
2026-06-07,Karlovy Vary,BPO,1
2026-06-07,Kladno,SPO,6
2026-06-07,Kladno,BPO,1
2026-06-07,Kolín,SPO,5
2026-06-07,LCS,SPO,31
2026-06-07,LCU,SPO,1
2026-06-07,Liberec,SPO,12
2026-06-07,Liberec,BPO,2
2026-06-07,Mladá Boleslav,SPO,13
2026-06-07,Mladá Boleslav,BPO,3
2026-06-07,Most,SPO,13
2026-06-07,Most,BPO,1
2026-06-07,Mělník,SPO,20
2026-06-07,Mělník,BPO,2
2026-06-07,Olomouc,SPO,22
2026-06-07,Olomouc,BPO,2
2026-06-07,Opava,SPO,3
2026-06-07,Ostrava,SPO,47
2026-06-07,Ostrava,BPO,11
2026-06-07,Pardubice,SPO,8
2026-06-07,Pardubice,BPO,2
2026-06-07,Plzeň město,SPO,22
2026-06-07,Pobočka Chrášťany,SPO,142
2026-06-07,Pobočka Chrášťany,BPO,33
2026-06-07,Počernice,SPO,5
2026-06-07,Praha - centrála,SPO,85
2026-06-07,Praha - centrála,BPO,5
2026-06-07,Příbram,SPO,14
2026-06-07,SKLC3,SPO,623
2026-06-07,SKLC3,BPO,400
2026-06-07,Tábor,SPO,13
2026-06-07,Tábor,BPO,1
2026-06-07,Třebíč,SPO,2
2026-06-07,Zlín,SPO,5
2026-06-07,Ústí nad Labem,SPO,14
2026-06-07,Čakovice,SPO,12
2026-06-07,Čakovice,BPO,9
2026-06-07,České Budějovice,SPO,14
2026-06-07,České Budějovice,BPO,1
2026-06-08,Anděl,SPO,44
2026-06-08,Anděl,BPO,7
2026-06-08,Benešov,SPO,6
2026-06-08,Beroun,SPO,4
2026-06-08,Beroun,BPO,3
2026-06-08,Brno,SPO,12
2026-06-08,Brno,BPO,16
2026-06-08,Brno Lískovec,SPO,16
2026-06-08,Brno Lískovec,BPO,2
2026-06-08,Budějovická,SPO,27
2026-06-08,Budějovická,BPO,4
2026-06-08,Chomutov,SPO,1
2026-06-08,Dejvice,SPO,6
2026-06-08,Děčín,SPO,14
2026-06-08,Děčín,BPO,3
2026-06-08,Frýdek-Místek,SPO,1
2026-06-08,Frýdek-Místek,BPO,1
2026-06-08,HULC1,SPO,1
2026-06-08,Hradec,SPO,6
2026-06-08,Hradec,BPO,1
2026-06-08,Háje,SPO,22
2026-06-08,Háje,BPO,3
2026-06-08,Jihlava,SPO,6
2026-06-08,Karlovy Vary,SPO,25
2026-06-08,Kladno,SPO,13
2026-06-08,Kladno,BPO,1
2026-06-08,Kolín,SPO,3
2026-06-08,LCS,SPO,16
2026-06-08,LCU,SPO,2
2026-06-08,LCU,BPO,1
2026-06-08,Liberec,SPO,21
2026-06-08,Liberec,BPO,1
2026-06-08,Mladá Boleslav,SPO,20
2026-06-08,Mladá Boleslav,BPO,1
2026-06-08,Most,SPO,10
2026-06-08,Most,BPO,3
2026-06-08,Mělník,SPO,13
2026-06-08,Mělník,BPO,1
2026-06-08,Olomouc,SPO,23
2026-06-08,Olomouc,BPO,5
2026-06-08,Opava,SPO,2
2026-06-08,Ostrava,SPO,46
2026-06-08,Ostrava,BPO,15
2026-06-08,Pardubice,SPO,20
2026-06-08,Pardubice,BPO,1
2026-06-08,Plzeň město,SPO,27
2026-06-08,Plzeň město,BPO,10
2026-06-08,Pobočka Chrášťany,SPO,23
2026-06-08,Pobočka Chrášťany,BPO,3
2026-06-08,Počernice,SPO,17
2026-06-08,Počernice,BPO,2
2026-06-08,Praha - centrála,SPO,69
2026-06-08,Praha - centrála,BPO,11
2026-06-08,Prostějov,SPO,2
2026-06-08,Příbram,SPO,10
2026-06-08,SKLC3,SPO,1355
2026-06-08,SKLC3,BPO,321
2026-06-08,Tábor,SPO,12
2026-06-08,Tábor,BPO,1
2026-06-08,Třebíč,SPO,2
2026-06-08,Zlín,SPO,4
2026-06-08,Zlín,BPO,1
2026-06-08,Ústí nad Labem,SPO,12
2026-06-08,Ústí nad Labem,BPO,2
2026-06-08,Čakovice,SPO,30
2026-06-08,Čakovice,BPO,7
2026-06-08,České Budějovice,SPO,15
2026-06-08,České Budějovice,BPO,5
2026-06-09,Anděl,SPO,81
2026-06-09,Anděl,BPO,8
2026-06-09,Benešov,SPO,12
2026-06-09,Benešov,BPO,2
2026-06-09,Beroun,SPO,33
2026-06-09,Beroun,BPO,3
2026-06-09,Brno,SPO,50
2026-06-09,Brno,BPO,5
2026-06-09,Brno Lískovec,SPO,52
2026-06-09,Brno Lískovec,BPO,9
2026-06-09,Budějovická,SPO,51
2026-06-09,Budějovická,BPO,11
2026-06-09,Chomutov,SPO,35
2026-06-09,Chomutov,BPO,14
2026-06-09,Dejvice,SPO,20
2026-06-09,Děčín,SPO,52
2026-06-09,Děčín,BPO,9
2026-06-09,Frýdek-Místek,SPO,51
2026-06-09,Frýdek-Místek,BPO,12
2026-06-09,Hradec,SPO,28
2026-06-09,Hradec,BPO,16
2026-06-09,Háje,SPO,51
2026-06-09,Háje,BPO,2
2026-06-09,Jihlava,SPO,51
2026-06-09,Jihlava,BPO,11
2026-06-09,Karlovy Vary,SPO,41
2026-06-09,Karlovy Vary,BPO,7
2026-06-09,Kladno,SPO,31
2026-06-09,Kladno,BPO,7
2026-06-09,Kolín,SPO,33
2026-06-09,Kolín,BPO,8
2026-06-09,LCS,SPO,3
2026-06-09,LCU,SPO,25
2026-06-09,LCU,BPO,8
2026-06-09,Liberec,SPO,49
2026-06-09,Liberec,BPO,12
2026-06-09,Mladá Boleslav,SPO,48
2026-06-09,Mladá Boleslav,BPO,15
2026-06-09,Most,SPO,18
2026-06-09,Mělník,SPO,48
2026-06-09,Mělník,BPO,11
2026-06-09,Olomouc,SPO,39
2026-06-09,Olomouc,BPO,7
2026-06-09,Opava,SPO,38
2026-06-09,Opava,BPO,12
2026-06-09,Ostrava,SPO,60
2026-06-09,Ostrava,BPO,13
2026-06-09,Pardubice,SPO,52
2026-06-09,Pardubice,BPO,10
2026-06-09,Plzeň město,SPO,34
2026-06-09,Plzeň město,BPO,22
2026-06-09,Pobočka Chrášťany,SPO,204
2026-06-09,Pobočka Chrášťany,BPO,21
2026-06-09,Počernice,SPO,39
2026-06-09,Počernice,BPO,5
2026-06-09,Praha - centrála,SPO,37
2026-06-09,Praha - centrála,BPO,13
2026-06-09,Prostějov,SPO,30
2026-06-09,Prostějov,BPO,9
2026-06-09,Příbram,SPO,15
2026-06-09,Příbram,BPO,1
2026-06-09,SKLC3,SPO,1590
2026-06-09,SKLC3,BPO,868
2026-06-09,Tábor,SPO,12
2026-06-09,Třebíč,SPO,38
2026-06-09,Třebíč,BPO,9
2026-06-09,Zlín,SPO,27
2026-06-09,Zlín,BPO,6
2026-06-09,Ústí nad Labem,SPO,60
2026-06-09,Ústí nad Labem,BPO,13
2026-06-09,Čakovice,SPO,61
2026-06-09,Čakovice,BPO,8
2026-06-09,České Budějovice,SPO,13
2026-06-09,České Budějovice,BPO,4
2026-06-10,Anděl,SPO,29
2026-06-10,Anděl,BPO,5
2026-06-10,Benešov,SPO,9
2026-06-10,Benešov,BPO,1
2026-06-10,Beroun,SPO,2
2026-06-10,Beroun,BPO,1
2026-06-10,Brno,SPO,23
2026-06-10,Brno,BPO,11
2026-06-10,Brno Lískovec,SPO,23
2026-06-10,Brno Lískovec,BPO,6
2026-06-10,Budějovická,SPO,29
2026-06-10,Budějovická,BPO,6
2026-06-10,Dejvice,SPO,4
2026-06-10,Děčín,SPO,13
2026-06-10,Děčín,BPO,4
2026-06-10,Frýdek-Místek,SPO,5
2026-06-10,Frýdek-Místek,BPO,2
2026-06-10,HULC1,SPO,3
2026-06-10,Hradec,SPO,8
2026-06-10,Hradec,BPO,5
2026-06-10,Háje,SPO,34
2026-06-10,Háje,BPO,6
2026-06-10,Jihlava,SPO,11
2026-06-10,Jihlava,BPO,2
2026-06-10,Karlovy Vary,SPO,10
2026-06-10,Karlovy Vary,BPO,8
2026-06-10,Kolín,SPO,4
2026-06-10,Kolín,BPO,1
2026-06-10,LCS,SPO,1
2026-06-10,LCS,BPO,5
2026-06-10,LCU,SPO,3
2026-06-10,LCU,BPO,2
2026-06-10,Liberec,SPO,12
2026-06-10,Mladá Boleslav,SPO,18
2026-06-10,Mladá Boleslav,BPO,1
2026-06-10,Most,SPO,5
2026-06-10,Most,BPO,2
2026-06-10,Mělník,SPO,10
2026-06-10,Mělník,BPO,2
2026-06-10,Olomouc,SPO,13
2026-06-10,Olomouc,BPO,2
2026-06-10,Opava,SPO,1
2026-06-10,Ostrava,SPO,31
2026-06-10,Ostrava,BPO,17
2026-06-10,Pardubice,SPO,2
2026-06-10,Plzeň město,SPO,44
2026-06-10,Plzeň město,BPO,10
2026-06-10,Pobočka Chrášťany,SPO,97
2026-06-10,Pobočka Chrášťany,BPO,27
2026-06-10,Počernice,SPO,9
2026-06-10,Počernice,BPO,1
2026-06-10,Praha - centrála,SPO,51
2026-06-10,Praha - centrála,BPO,8
2026-06-10,Příbram,SPO,13
2026-06-10,SKLC3,SPO,1300
2026-06-10,SKLC3,BPO,538
2026-06-10,Tábor,SPO,16
2026-06-10,Tábor,BPO,3
2026-06-10,Třebíč,SPO,8
2026-06-10,Třebíč,BPO,1
2026-06-10,Zlín,BPO,1
2026-06-10,Ústí nad Labem,SPO,12
2026-06-10,Čakovice,SPO,23
2026-06-10,Čakovice,BPO,7
2026-06-10,České Budějovice,SPO,12
2026-06-10,České Budějovice,BPO,5
2026-06-11,Anděl,SPO,16
2026-06-11,Anděl,BPO,2
2026-06-11,Benešov,SPO,34
2026-06-11,Benešov,BPO,11
2026-06-11,Beroun,SPO,8
2026-06-11,Beroun,BPO,9
2026-06-11,Brno,SPO,14
2026-06-11,Brno,BPO,8
2026-06-11,Brno Lískovec,SPO,9
2026-06-11,Brno Lískovec,BPO,3
2026-06-11,Budějovická,SPO,33
2026-06-11,Budějovická,BPO,3
2026-06-11,Chomutov,SPO,1
2026-06-11,Dejvice,SPO,3
2026-06-11,Děčín,SPO,4
2026-06-11,Děčín,BPO,2
2026-06-11,Frýdek-Místek,SPO,1
2026-06-11,Frýdek-Místek,BPO,3
2026-06-11,HULC1,SPO,2
2026-06-11,Hradec,SPO,21
2026-06-11,Hradec,BPO,6
2026-06-11,Háje,SPO,22
2026-06-11,Háje,BPO,7
2026-06-11,Háje,XPO,1
2026-06-11,Jihlava,SPO,5
2026-06-11,Jihlava,BPO,1
2026-06-11,Karlovy Vary,SPO,15
2026-06-11,Karlovy Vary,BPO,5
2026-06-11,Kladno,SPO,7
2026-06-11,Kladno,BPO,1
2026-06-11,Kolín,SPO,1
2026-06-11,LCS,SPO,58
2026-06-11,LCU,SPO,20
2026-06-11,LCU,BPO,38
2026-06-11,Liberec,SPO,9
2026-06-11,Liberec,BPO,3
2026-06-11,Mladá Boleslav,SPO,5
2026-06-11,Most,SPO,11
2026-06-11,Most,BPO,1
2026-06-11,Mělník,SPO,14
2026-06-11,Mělník,BPO,1
2026-06-11,Olomouc,SPO,7
2026-06-11,Olomouc,BPO,2
2026-06-11,Ostrava,SPO,29
2026-06-11,Ostrava,BPO,25
2026-06-11,Pardubice,SPO,22
2026-06-11,Pardubice,BPO,3
2026-06-11,Plzeň město,SPO,24
2026-06-11,Plzeň město,BPO,5
2026-06-11,Pobočka Chrášťany,SPO,79
2026-06-11,Pobočka Chrášťany,BPO,21
2026-06-11,Počernice,SPO,16
2026-06-11,Počernice,BPO,6
2026-06-11,Praha - centrála,SPO,43
2026-06-11,Praha - centrála,BPO,3
2026-06-11,Příbram,SPO,8
2026-06-11,Příbram,BPO,2
2026-06-11,SKLC3,SPO,1324
2026-06-11,SKLC3,BPO,788
2026-06-11,Tábor,SPO,37
2026-06-11,Tábor,BPO,16
2026-06-11,Třebíč,BPO,1
2026-06-11,Zlín,SPO,2
2026-06-11,Zlín,BPO,2
2026-06-11,Ústí nad Labem,SPO,27
2026-06-11,Ústí nad Labem,BPO,10
2026-06-11,Čakovice,SPO,21
2026-06-11,Čakovice,BPO,6
2026-06-11,České Budějovice,SPO,50
2026-06-11,České Budějovice,BPO,20
2026-06-12,Anděl,SPO,29
2026-06-12,Anděl,BPO,5
2026-06-12,Benešov,SPO,102
2026-06-12,Benešov,BPO,9
2026-06-12,Beroun,SPO,9
2026-06-12,Beroun,BPO,1
2026-06-12,Brno,SPO,11
2026-06-12,Brno Lískovec,SPO,11
2026-06-12,Brno Lískovec,BPO,2
2026-06-12,Budějovická,SPO,25
2026-06-12,Budějovická,BPO,2
2026-06-12,Dejvice,SPO,1
2026-06-12,Dejvice,BPO,1
2026-06-12,Děčín,SPO,3
2026-06-12,Frýdek-Místek,SPO,3
2026-06-12,HULC1,SPO,1
2026-06-12,Hradec,SPO,29
2026-06-12,Hradec,BPO,6
2026-06-12,Háje,SPO,24
2026-06-12,Háje,BPO,6
2026-06-12,Jihlava,SPO,14
2026-06-12,Jihlava,BPO,1
2026-06-12,Karlovy Vary,SPO,23
2026-06-12,Karlovy Vary,BPO,2
2026-06-12,Kladno,SPO,2
2026-06-12,Kolín,SPO,11
2026-06-12,LCU,SPO,9
2026-06-12,LCU,BPO,2
2026-06-12,Liberec,SPO,10
2026-06-12,Liberec,BPO,3
2026-06-12,Mladá Boleslav,SPO,9
2026-06-12,Mladá Boleslav,BPO,1
2026-06-12,Most,SPO,8
2026-06-12,Most,BPO,1
2026-06-12,Mělník,SPO,19
2026-06-12,Olomouc,SPO,17
2026-06-12,Olomouc,BPO,1
2026-06-12,Ostrava,SPO,26
2026-06-12,Ostrava,BPO,12
2026-06-12,Pardubice,SPO,29
2026-06-12,Plzeň město,SPO,20
2026-06-12,Plzeň město,BPO,7
2026-06-12,Pobočka Chrášťany,SPO,96
2026-06-12,Pobočka Chrášťany,BPO,12
2026-06-12,Počernice,SPO,8
2026-06-12,Praha - centrála,SPO,70
2026-06-12,Praha - centrála,BPO,7
2026-06-12,Prostějov,SPO,1
2026-06-12,Příbram,SPO,1
2026-06-12,Příbram,BPO,5
2026-06-12,SKLC3,SPO,1372
2026-06-12,SKLC3,BPO,627
2026-06-12,Tábor,SPO,5
2026-06-12,Tábor,BPO,1
2026-06-12,Zlín,SPO,5
2026-06-12,Ústí nad Labem,SPO,11
2026-06-12,Ústí nad Labem,BPO,1
2026-06-12,Čakovice,SPO,44
2026-06-12,Čakovice,BPO,4
2026-06-12,České Budějovice,SPO,4
2026-06-12,České Budějovice,BPO,15
2026-06-13,Anděl,SPO,37
2026-06-13,Anděl,BPO,8
2026-06-13,Benešov,SPO,8
2026-06-13,Benešov,BPO,3
2026-06-13,Beroun,SPO,6
2026-06-13,Beroun,BPO,3
2026-06-13,Brno,SPO,26
2026-06-13,Brno,BPO,2
2026-06-13,Brno Lískovec,SPO,26
2026-06-13,Brno Lískovec,BPO,8
2026-06-13,Budějovická,SPO,29
2026-06-13,Budějovická,BPO,13
2026-06-13,Chomutov,SPO,1
2026-06-13,Dejvice,SPO,25
2026-06-13,Dejvice,BPO,1
2026-06-13,Děčín,SPO,10
2026-06-13,Děčín,BPO,2
2026-06-13,Frýdek-Místek,SPO,8
2026-06-13,Frýdek-Místek,BPO,1
2026-06-13,HULC1,BPO,1
2026-06-13,Hradec,SPO,11
2026-06-13,Hradec,BPO,2
2026-06-13,Háje,SPO,28
2026-06-13,Háje,BPO,5
2026-06-13,Jihlava,SPO,8
2026-06-13,Jihlava,BPO,1
2026-06-13,Karlovy Vary,SPO,18
2026-06-13,Karlovy Vary,BPO,1
2026-06-13,Kladno,SPO,7
2026-06-13,Kolín,SPO,4
2026-06-13,Kolín,BPO,2
2026-06-13,LCU,SPO,1
2026-06-13,Liberec,SPO,20
2026-06-13,Liberec,BPO,2
2026-06-13,Mladá Boleslav,SPO,7
2026-06-13,Mladá Boleslav,BPO,1
2026-06-13,Most,SPO,8
2026-06-13,Mělník,SPO,15
2026-06-13,Mělník,BPO,6
2026-06-13,Olomouc,SPO,24
2026-06-13,Olomouc,BPO,6
2026-06-13,Ostrava,SPO,53
2026-06-13,Ostrava,BPO,12
2026-06-13,Pardubice,SPO,8
2026-06-13,Pardubice,BPO,1
2026-06-13,Plzeň město,SPO,39
2026-06-13,Plzeň město,BPO,7
2026-06-13,Pobočka Chrášťany,SPO,77
2026-06-13,Pobočka Chrášťany,BPO,27
2026-06-13,Počernice,SPO,21
2026-06-13,Počernice,BPO,1
2026-06-13,Praha - centrála,SPO,66
2026-06-13,Praha - centrála,BPO,11
2026-06-13,Prostějov,SPO,2
2026-06-13,Příbram,SPO,5
2026-06-13,Příbram,BPO,1
2026-06-13,SKLC3,SPO,1160
2026-06-13,SKLC3,BPO,459
2026-06-13,Tábor,SPO,5
2026-06-13,Tábor,BPO,1
2026-06-13,Třebíč,SPO,12
2026-06-13,Zlín,SPO,7
2026-06-13,Ústí nad Labem,SPO,19
2026-06-13,Ústí nad Labem,BPO,2
2026-06-13,Čakovice,SPO,23
2026-06-13,Čakovice,BPO,2
2026-06-13,České Budějovice,SPO,10
2026-06-13,České Budějovice,BPO,5
2026-06-14,Anděl,SPO,32
2026-06-14,Anděl,BPO,3
2026-06-14,Benešov,SPO,6
2026-06-14,Benešov,BPO,1
2026-06-14,Beroun,SPO,3
2026-06-14,Beroun,BPO,1
2026-06-14,Brno,SPO,15
2026-06-14,Brno,BPO,4
2026-06-14,Brno Lískovec,SPO,21
2026-06-14,Brno Lískovec,BPO,2
2026-06-14,Budějovická,SPO,39
2026-06-14,Budějovická,BPO,9
2026-06-14,Chomutov,BPO,2
2026-06-14,Dejvice,SPO,4
2026-06-14,Dejvice,BPO,4
2026-06-14,Děčín,SPO,1
2026-06-14,Frýdek-Místek,SPO,9
2026-06-14,Frýdek-Místek,BPO,1
2026-06-14,Hradec,SPO,11
2026-06-14,Hradec,BPO,2
2026-06-14,Háje,SPO,10
2026-06-14,Háje,BPO,4
2026-06-14,Jihlava,SPO,10
2026-06-14,Jihlava,BPO,2
2026-06-14,Karlovy Vary,SPO,22
2026-06-14,Kladno,SPO,2
2026-06-14,Kladno,BPO,1
2026-06-14,LCU,SPO,7
2026-06-14,LCU,BPO,1
2026-06-14,LCU,XPO,1
2026-06-14,Liberec,SPO,13
2026-06-14,Liberec,BPO,1
2026-06-14,Mladá Boleslav,SPO,27
2026-06-14,Mladá Boleslav,BPO,2
2026-06-14,Most,SPO,16
2026-06-14,Most,BPO,3
2026-06-14,Mělník,SPO,12
2026-06-14,Mělník,BPO,1
2026-06-14,Olomouc,SPO,14
2026-06-14,Olomouc,BPO,1
2026-06-14,Opava,SPO,3
2026-06-14,Ostrava,SPO,39
2026-06-14,Ostrava,BPO,4
2026-06-14,Pardubice,SPO,23
2026-06-14,Pardubice,BPO,5
2026-06-14,Plzeň město,SPO,13
2026-06-14,Plzeň město,BPO,1
2026-06-14,Pobočka Chrášťany,SPO,89
2026-06-14,Pobočka Chrášťany,BPO,14
2026-06-14,Počernice,SPO,14
2026-06-14,Počernice,BPO,10
2026-06-14,Praha - centrála,SPO,112
2026-06-14,Praha - centrála,BPO,9
2026-06-14,Příbram,SPO,4
2026-06-14,SKLC3,SPO,1051
2026-06-14,SKLC3,BPO,333
2026-06-14,Tábor,SPO,11
2026-06-14,Tábor,BPO,5
2026-06-14,Zlín,SPO,1
2026-06-14,Zlín,BPO,4
2026-06-14,Ústí nad Labem,SPO,12
2026-06-14,Ústí nad Labem,BPO,1
2026-06-14,Čakovice,SPO,12
2026-06-14,Čakovice,BPO,5
2026-06-14,České Budějovice,SPO,15
2026-06-14,České Budějovice,BPO,1
2026-06-15,Anděl,SPO,69
2026-06-15,Anděl,BPO,3
2026-06-15,Benešov,SPO,1
2026-06-15,Benešov,BPO,1
2026-06-15,Beroun,BPO,1
2026-06-15,Brno,SPO,27
2026-06-15,Brno,BPO,6
2026-06-15,Brno Lískovec,SPO,10
2026-06-15,Brno Lískovec,BPO,4
2026-06-15,Budějovická,SPO,24
2026-06-15,Budějovická,BPO,3
2026-06-15,Dejvice,SPO,3
2026-06-15,Dejvice,BPO,3
2026-06-15,Děčín,SPO,10
2026-06-15,Děčín,BPO,1
2026-06-15,Frýdek-Místek,SPO,16
2026-06-15,Frýdek-Místek,BPO,3
2026-06-15,HULC1,SPO,3
2026-06-15,Hradec,SPO,11
2026-06-15,Hradec,BPO,1
2026-06-15,Háje,SPO,17
2026-06-15,Jihlava,SPO,8
2026-06-15,Jihlava,BPO,1
2026-06-15,Karlovy Vary,SPO,15
2026-06-15,Karlovy Vary,BPO,4
2026-06-15,Kladno,SPO,5
2026-06-15,LCU,SPO,1
2026-06-15,LCU,BPO,2
2026-06-15,Liberec,SPO,9
2026-06-15,Mladá Boleslav,SPO,15
2026-06-15,Most,SPO,10
2026-06-15,Most,BPO,5
2026-06-15,Mělník,SPO,6
2026-06-15,Mělník,BPO,1
2026-06-15,Olomouc,SPO,17
2026-06-15,Olomouc,BPO,1
2026-06-15,Ostrava,SPO,48
2026-06-15,Ostrava,BPO,11
2026-06-15,Pardubice,SPO,21
2026-06-15,Pardubice,BPO,4
2026-06-15,Plzeň město,SPO,44
2026-06-15,Plzeň město,BPO,9
2026-06-15,Pobočka Chrášťany,SPO,114
2026-06-15,Pobočka Chrášťany,BPO,23
2026-06-15,Počernice,SPO,20
2026-06-15,Počernice,BPO,1
2026-06-15,Praha - centrála,SPO,94
2026-06-15,Praha - centrála,BPO,7
2026-06-15,Prostějov,SPO,1
2026-06-15,Příbram,SPO,5
2026-06-15,Příbram,BPO,2
2026-06-15,SKLC3,SPO,1684
2026-06-15,SKLC3,BPO,308
2026-06-15,Tábor,SPO,14
2026-06-15,Tábor,BPO,8
2026-06-15,Třebíč,SPO,3
2026-06-15,Ústí nad Labem,SPO,27
2026-06-15,Čakovice,SPO,38
2026-06-15,Čakovice,BPO,5
2026-06-15,České Budějovice,SPO,12
2026-06-15,České Budějovice,BPO,2
2026-06-16,Anděl,SPO,60
2026-06-16,Anděl,BPO,8
2026-06-16,Benešov,SPO,8
2026-06-16,Beroun,SPO,30
2026-06-16,Beroun,BPO,2
2026-06-16,Brno,SPO,24
2026-06-16,Brno,BPO,11
2026-06-16,Brno Lískovec,SPO,15
2026-06-16,Brno Lískovec,BPO,1
2026-06-16,Budějovická,SPO,39
2026-06-16,Budějovická,BPO,3
2026-06-16,Chomutov,SPO,4
2026-06-16,Chomutov,BPO,1
2026-06-16,Dejvice,SPO,5
2026-06-16,Dejvice,BPO,1
2026-06-16,Děčín,SPO,17
2026-06-16,Děčín,BPO,3
2026-06-16,Frýdek-Místek,SPO,10
2026-06-16,HULC1,SPO,5
2026-06-16,HULC1,BPO,1
2026-06-16,Hradec,SPO,32
2026-06-16,Hradec,BPO,4
2026-06-16,Háje,SPO,50
2026-06-16,Háje,BPO,11
2026-06-16,Jihlava,SPO,10
2026-06-16,Jihlava,BPO,3
2026-06-16,Karlovy Vary,SPO,25
2026-06-16,Karlovy Vary,BPO,5
2026-06-16,Kladno,SPO,12
2026-06-16,Kolín,SPO,6
2026-06-16,Kolín,BPO,1
2026-06-16,LCU,SPO,56
2026-06-16,LCU,BPO,20
2026-06-16,LCU,XPO,516
2026-06-16,Liberec,SPO,14
2026-06-16,Mladá Boleslav,SPO,25
2026-06-16,Mladá Boleslav,BPO,4
2026-06-16,Most,SPO,13
2026-06-16,Mělník,SPO,19
2026-06-16,Mělník,BPO,2
2026-06-16,Olomouc,SPO,17
2026-06-16,Olomouc,BPO,3
2026-06-16,Opava,SPO,4
2026-06-16,Opava,BPO,4
2026-06-16,Ostrava,SPO,36
2026-06-16,Ostrava,BPO,16
2026-06-16,Pardubice,SPO,8
2026-06-16,Pardubice,BPO,3
2026-06-16,Plzeň město,SPO,33
2026-06-16,Plzeň město,BPO,12
2026-06-16,Pobočka Chrášťany,SPO,95
2026-06-16,Pobočka Chrášťany,BPO,17
2026-06-16,Pobočka Chrášťany,XPO,1
2026-06-16,Počernice,SPO,12
2026-06-16,Počernice,BPO,4
2026-06-16,Praha - centrála,SPO,63
2026-06-16,Praha - centrála,BPO,18
2026-06-16,Prostějov,SPO,3
2026-06-16,Prostějov,BPO,1
2026-06-16,Příbram,SPO,8
2026-06-16,Příbram,BPO,1
2026-06-16,SKLC3,SPO,1694
2026-06-16,SKLC3,BPO,1743
2026-06-16,Tábor,SPO,13
2026-06-16,Tábor,BPO,1
2026-06-16,Třebíč,SPO,4
2026-06-16,Třebíč,BPO,1
2026-06-16,Zlín,SPO,6
2026-06-16,Ústí nad Labem,SPO,16
2026-06-16,Ústí nad Labem,BPO,4
2026-06-16,Čakovice,SPO,21
2026-06-16,Čakovice,BPO,4
2026-06-16,České Budějovice,SPO,22
2026-06-16,České Budějovice,BPO,3
2026-06-17,Anděl,SPO,21
2026-06-17,Anděl,BPO,4
2026-06-17,Benešov,SPO,15
2026-06-17,Benešov,BPO,3
2026-06-17,Beroun,SPO,4
2026-06-17,Beroun,BPO,3
2026-06-17,Brno,SPO,13
2026-06-17,Brno,BPO,8
2026-06-17,Brno Lískovec,SPO,7
2026-06-17,Brno Lískovec,BPO,1
2026-06-17,Budějovická,SPO,28
2026-06-17,Budějovická,BPO,3
2026-06-17,Chomutov,SPO,16
2026-06-17,Chomutov,BPO,2
2026-06-17,Dejvice,SPO,32
2026-06-17,Dejvice,BPO,15
2026-06-17,Děčín,SPO,4
2026-06-17,Frýdek-Místek,SPO,8
2026-06-17,Frýdek-Místek,BPO,1
2026-06-17,HULC1,SPO,11
2026-06-17,HULC1,BPO,1
2026-06-17,Hradec,SPO,46
2026-06-17,Hradec,BPO,23
2026-06-17,Háje,SPO,8
2026-06-17,Háje,BPO,2
2026-06-17,Jihlava,SPO,2
2026-06-17,Karlovy Vary,SPO,2
2026-06-17,Karlovy Vary,BPO,1
2026-06-17,Kladno,SPO,1
2026-06-17,Kladno,BPO,1
2026-06-17,Kolín,SPO,11
2026-06-17,LCU,SPO,43
2026-06-17,LCU,BPO,11
2026-06-17,Liberec,SPO,22
2026-06-17,Liberec,BPO,1
2026-06-17,Mladá Boleslav,SPO,9
2026-06-17,Mladá Boleslav,BPO,2
2026-06-17,Most,SPO,44
2026-06-17,Most,BPO,29
2026-06-17,Mělník,SPO,16
2026-06-17,Mělník,BPO,2
2026-06-17,Olomouc,SPO,28
2026-06-17,Olomouc,BPO,16
2026-06-17,Opava,SPO,8
2026-06-17,Ostrava,SPO,26
2026-06-17,Ostrava,BPO,14
2026-06-17,Pardubice,SPO,5
2026-06-17,Pardubice,BPO,1
2026-06-17,Plzeň město,SPO,17
2026-06-17,Plzeň město,BPO,6
2026-06-17,Pobočka Chrášťany,SPO,101
2026-06-17,Pobočka Chrášťany,BPO,31
2026-06-17,Počernice,SPO,7
2026-06-17,Počernice,BPO,1
2026-06-17,Praha - centrála,SPO,65
2026-06-17,Praha - centrála,BPO,5
2026-06-17,Příbram,SPO,25
2026-06-17,Příbram,BPO,12
2026-06-17,SKLC3,SPO,1241
2026-06-17,SKLC3,BPO,569
2026-06-17,Tábor,SPO,3
2026-06-17,Tábor,BPO,1
2026-06-17,Třebíč,SPO,3
2026-06-17,Zlín,SPO,27
2026-06-17,Zlín,BPO,20
2026-06-17,Ústí nad Labem,SPO,16
2026-06-17,Ústí nad Labem,BPO,2
2026-06-17,Čakovice,SPO,43
2026-06-17,Čakovice,BPO,2
2026-06-17,České Budějovice,SPO,8
2026-06-17,České Budějovice,BPO,2
2026-06-18,Anděl,SPO,36
2026-06-18,Anděl,BPO,4
2026-06-18,Benešov,SPO,11
2026-06-18,Benešov,BPO,2
2026-06-18,Beroun,SPO,10
2026-06-18,Brno,SPO,14
2026-06-18,Brno,BPO,4
2026-06-18,Brno Lískovec,SPO,44
2026-06-18,Brno Lískovec,BPO,2
2026-06-18,Budějovická,SPO,35
2026-06-18,Budějovická,BPO,4
2026-06-18,Dejvice,SPO,3
2026-06-18,Děčín,SPO,3
2026-06-18,Děčín,BPO,1
2026-06-18,Frýdek-Místek,SPO,20
2026-06-18,Frýdek-Místek,BPO,3
2026-06-18,HULC1,SPO,75
2026-06-18,HULC1,BPO,1
2026-06-18,Hradec,SPO,23
2026-06-18,Hradec,BPO,2
2026-06-18,Háje,SPO,30
2026-06-18,Háje,BPO,5
2026-06-18,Jihlava,SPO,28
2026-06-18,Karlovy Vary,SPO,9
2026-06-18,Karlovy Vary,BPO,1
2026-06-18,Kladno,SPO,31
2026-06-18,Kladno,BPO,8
2026-06-18,Kolín,SPO,1
2026-06-18,Kolín,BPO,1
2026-06-18,LCU,SPO,17
2026-06-18,LCU,BPO,7
2026-06-18,Liberec,SPO,14
2026-06-18,Liberec,BPO,5
2026-06-18,Mladá Boleslav,SPO,7
2026-06-18,Most,SPO,38
2026-06-18,Most,BPO,4
2026-06-18,Mělník,SPO,6
2026-06-18,Mělník,BPO,4
2026-06-18,Olomouc,SPO,31
2026-06-18,Olomouc,BPO,6
2026-06-18,Opava,SPO,2
2026-06-18,Ostrava,SPO,37
2026-06-18,Ostrava,BPO,8
2026-06-18,Pardubice,SPO,5
2026-06-18,Pardubice,BPO,1
2026-06-18,Plzeň město,SPO,27
2026-06-18,Plzeň město,BPO,10
2026-06-18,Pobočka Chrášťany,SPO,128
2026-06-18,Pobočka Chrášťany,BPO,22
2026-06-18,Počernice,SPO,51
2026-06-18,Počernice,BPO,3
2026-06-18,Praha - centrála,SPO,63
2026-06-18,Praha - centrála,BPO,6
2026-06-18,Příbram,SPO,4
2026-06-18,Příbram,BPO,1
2026-06-18,SKLC3,SPO,1033
2026-06-18,SKLC3,BPO,244
2026-06-18,Tábor,SPO,15
2026-06-18,Tábor,BPO,4
2026-06-18,Třebíč,SPO,7
2026-06-18,Třebíč,BPO,1
2026-06-18,Zlín,SPO,27
2026-06-18,Zlín,BPO,3
2026-06-18,Ústí nad Labem,SPO,17
2026-06-18,Ústí nad Labem,BPO,5
2026-06-18,Čakovice,SPO,36
2026-06-18,Čakovice,BPO,4
2026-06-18,České Budějovice,SPO,20
2026-06-18,České Budějovice,BPO,3
2026-06-19,Anděl,SPO,73
2026-06-19,Anděl,BPO,2
2026-06-19,Benešov,SPO,3
2026-06-19,Benešov,BPO,2
2026-06-19,Beroun,SPO,2
2026-06-19,Brno,SPO,18
2026-06-19,Brno,BPO,4
2026-06-19,Brno Lískovec,SPO,10
2026-06-19,Brno Lískovec,BPO,4
2026-06-19,Budějovická,SPO,19
2026-06-19,Budějovická,BPO,1
2026-06-19,Chomutov,SPO,90
2026-06-19,Chomutov,BPO,11
2026-06-19,Dejvice,SPO,2
2026-06-19,Dejvice,BPO,5
2026-06-19,Děčín,SPO,3
2026-06-19,Frýdek-Místek,SPO,3
2026-06-19,Frýdek-Místek,BPO,1
2026-06-19,HULC1,SPO,13
2026-06-19,HULC1,BPO,1
2026-06-19,Hradec,SPO,23
2026-06-19,Hradec,BPO,1
2026-06-19,Háje,SPO,19
2026-06-19,Háje,BPO,5
2026-06-19,Jihlava,SPO,16
2026-06-19,Jihlava,BPO,2
2026-06-19,Karlovy Vary,SPO,5
2026-06-19,Karlovy Vary,BPO,2
2026-06-19,Kladno,SPO,7
2026-06-19,Kladno,BPO,1
2026-06-19,Kolín,SPO,1
2026-06-19,LCU,SPO,4
2026-06-19,LCU,BPO,15
2026-06-19,Liberec,SPO,13
2026-06-19,Liberec,BPO,2
2026-06-19,Mladá Boleslav,SPO,15
2026-06-19,Mladá Boleslav,BPO,2
2026-06-19,Most,SPO,7
2026-06-19,Most,BPO,1
2026-06-19,Mělník,SPO,10
2026-06-19,Mělník,BPO,1
2026-06-19,Olomouc,SPO,21
2026-06-19,Olomouc,BPO,8
2026-06-19,Opava,SPO,6
2026-06-19,Ostrava,SPO,31
2026-06-19,Ostrava,BPO,5
2026-06-19,Pardubice,SPO,5
2026-06-19,Pardubice,BPO,2
2026-06-19,Plzeň město,SPO,34
2026-06-19,Plzeň město,BPO,6
2026-06-19,Pobočka Chrášťany,SPO,103
2026-06-19,Pobočka Chrášťany,BPO,19
2026-06-19,Počernice,SPO,10
2026-06-19,Počernice,BPO,5
2026-06-19,Praha - centrála,SPO,85
2026-06-19,Praha - centrála,BPO,6
2026-06-19,Příbram,SPO,7
2026-06-19,SKLC3,SPO,1283
2026-06-19,SKLC3,BPO,360
2026-06-19,Tábor,SPO,7
2026-06-19,Třebíč,SPO,2
2026-06-19,Zlín,SPO,4
2026-06-19,Ústí nad Labem,SPO,18
2026-06-19,Ústí nad Labem,BPO,5
2026-06-19,Čakovice,SPO,28
2026-06-19,Čakovice,BPO,5
2026-06-19,České Budějovice,SPO,37
2026-06-19,České Budějovice,BPO,4
2026-06-20,Anděl,SPO,59
2026-06-20,Anděl,BPO,4
2026-06-20,Benešov,SPO,4
2026-06-20,Beroun,SPO,13
2026-06-20,Beroun,BPO,8
2026-06-20,Brno,SPO,13
2026-06-20,Brno,BPO,4
2026-06-20,Brno Lískovec,SPO,14
2026-06-20,Budějovická,SPO,17
2026-06-20,Budějovická,BPO,4
2026-06-20,Chomutov,BPO,1
2026-06-20,Dejvice,SPO,8
2026-06-20,Děčín,SPO,11
2026-06-20,Frýdek-Místek,SPO,6
2026-06-20,Frýdek-Místek,BPO,2
2026-06-20,HULC1,BPO,3
2026-06-20,Hradec,SPO,22
2026-06-20,Háje,SPO,26
2026-06-20,Háje,BPO,4
2026-06-20,Jihlava,SPO,2
2026-06-20,Karlovy Vary,SPO,7
2026-06-20,Karlovy Vary,BPO,5
2026-06-20,Kladno,SPO,5
2026-06-20,Kladno,BPO,20
2026-06-20,Kolín,SPO,3
2026-06-20,Kolín,BPO,1
2026-06-20,LCU,SPO,6
2026-06-20,Liberec,SPO,17
2026-06-20,Liberec,BPO,1
2026-06-20,Mladá Boleslav,SPO,10
2026-06-20,Mladá Boleslav,BPO,1
2026-06-20,Most,SPO,19
2026-06-20,Most,BPO,12
2026-06-20,Mělník,SPO,13
2026-06-20,Mělník,BPO,6
2026-06-20,Olomouc,SPO,14
2026-06-20,Olomouc,BPO,3
2026-06-20,Opava,SPO,9
2026-06-20,Ostrava,SPO,32
2026-06-20,Ostrava,BPO,13
2026-06-20,Pardubice,SPO,13
2026-06-20,Pardubice,BPO,1
2026-06-20,Plzeň město,SPO,27
2026-06-20,Plzeň město,BPO,5
2026-06-20,Pobočka Chrášťany,SPO,88
2026-06-20,Pobočka Chrášťany,BPO,22
2026-06-20,Pobočka Chrášťany,XPO,1
2026-06-20,Počernice,SPO,17
2026-06-20,Počernice,BPO,6
2026-06-20,Praha - centrála,SPO,66
2026-06-20,Praha - centrála,BPO,11
2026-06-20,Prostějov,BPO,1
2026-06-20,Příbram,SPO,9
2026-06-20,Příbram,BPO,2
2026-06-20,SKLC3,SPO,1009
2026-06-20,SKLC3,BPO,468
2026-06-20,Tábor,SPO,4
2026-06-20,Tábor,BPO,1
2026-06-20,Třebíč,SPO,2
2026-06-20,Třebíč,BPO,1
2026-06-20,Zlín,SPO,3
2026-06-20,Zlín,BPO,2
2026-06-20,Ústí nad Labem,SPO,21
2026-06-20,Ústí nad Labem,BPO,3
2026-06-20,Čakovice,SPO,19
2026-06-20,Čakovice,BPO,11
2026-06-20,České Budějovice,SPO,18
2026-06-20,České Budějovice,BPO,10
2026-06-21,Anděl,SPO,48
2026-06-21,Anděl,BPO,8
2026-06-21,Benešov,SPO,8
2026-06-21,Benešov,BPO,1
2026-06-21,Beroun,SPO,23
2026-06-21,Beroun,BPO,1
2026-06-21,Brno,SPO,17
2026-06-21,Brno,BPO,5
2026-06-21,Brno Lískovec,SPO,38
2026-06-21,Brno Lískovec,BPO,1
2026-06-21,Budějovická,SPO,31
2026-06-21,Budějovická,BPO,3
2026-06-21,Chomutov,SPO,1
2026-06-21,Dejvice,SPO,1
2026-06-21,Dejvice,BPO,1
2026-06-21,Děčín,SPO,4
2026-06-21,Frýdek-Místek,SPO,4
2026-06-21,Frýdek-Místek,BPO,3
2026-06-21,HULC1,SPO,35
2026-06-21,HULC1,BPO,1
2026-06-21,Hradec,SPO,12
2026-06-21,Hradec,BPO,2
2026-06-21,Háje,SPO,15
2026-06-21,Háje,BPO,4
2026-06-21,Jihlava,SPO,7
2026-06-21,Jihlava,BPO,1
2026-06-21,Karlovy Vary,SPO,4
2026-06-21,Karlovy Vary,BPO,2
2026-06-21,Kladno,SPO,3
2026-06-21,Kladno,BPO,1
2026-06-21,Kolín,SPO,1
2026-06-21,Kolín,BPO,1
2026-06-21,Liberec,SPO,8
2026-06-21,Liberec,BPO,1
2026-06-21,Mladá Boleslav,SPO,13
2026-06-21,Mladá Boleslav,BPO,1
2026-06-21,Most,SPO,11
2026-06-21,Mělník,SPO,9
2026-06-21,Mělník,BPO,1
2026-06-21,Olomouc,SPO,22
2026-06-21,Olomouc,BPO,3
2026-06-21,Opava,SPO,3
2026-06-21,Ostrava,SPO,37
2026-06-21,Ostrava,BPO,10
2026-06-21,Pardubice,SPO,11
2026-06-21,Pardubice,BPO,1
2026-06-21,Plzeň město,SPO,41
2026-06-21,Plzeň město,BPO,6
2026-06-21,Pobočka Chrášťany,SPO,166
2026-06-21,Pobočka Chrášťany,BPO,24
2026-06-21,Počernice,SPO,24
2026-06-21,Počernice,BPO,4
2026-06-21,Praha - centrála,SPO,106
2026-06-21,Praha - centrála,BPO,14
2026-06-21,Prostějov,SPO,1
2026-06-21,Příbram,SPO,3
2026-06-21,SKLC3,SPO,981
2026-06-21,SKLC3,BPO,460
2026-06-21,Tábor,SPO,8
2026-06-21,Třebíč,SPO,4
2026-06-21,Zlín,SPO,15
2026-06-21,Zlín,BPO,1
2026-06-21,Ústí nad Labem,SPO,5
2026-06-21,Ústí nad Labem,BPO,3
2026-06-21,Čakovice,SPO,25
2026-06-21,Čakovice,BPO,6
2026-06-21,České Budějovice,SPO,23
2026-06-21,České Budějovice,BPO,1
2026-06-22,Anděl,SPO,55
2026-06-22,Anděl,BPO,10
2026-06-22,Benešov,BPO,1
2026-06-22,Beroun,SPO,3
2026-06-22,Beroun,BPO,1
2026-06-22,Brno,SPO,11
2026-06-22,Brno,BPO,2
2026-06-22,Brno Lískovec,SPO,13
2026-06-22,Brno Lískovec,BPO,2
2026-06-22,Budějovická,SPO,63
2026-06-22,Budějovická,BPO,5
2026-06-22,Chomutov,SPO,16
2026-06-22,Chomutov,BPO,1
2026-06-22,Dejvice,SPO,2
2026-06-22,Dejvice,BPO,1
2026-06-22,Děčín,SPO,9
2026-06-22,Děčín,BPO,1
2026-06-22,Frýdek-Místek,SPO,3
2026-06-22,HULC1,SPO,1
2026-06-22,Hradec,SPO,13
2026-06-22,Háje,SPO,23
2026-06-22,Háje,BPO,3
2026-06-22,Jihlava,SPO,13
2026-06-22,Jihlava,BPO,1
2026-06-22,Karlovy Vary,SPO,15
2026-06-22,Karlovy Vary,BPO,2
2026-06-22,Kolín,SPO,19
2026-06-22,Kolín,BPO,2
2026-06-22,LCU,SPO,1
2026-06-22,LCU,BPO,4
2026-06-22,LCU,XPO,3
2026-06-22,Liberec,SPO,26
2026-06-22,Mladá Boleslav,SPO,18
2026-06-22,Mladá Boleslav,BPO,4
2026-06-22,Most,SPO,37
2026-06-22,Most,BPO,5
2026-06-22,Mělník,SPO,9
2026-06-22,Mělník,BPO,2
2026-06-22,Olomouc,SPO,19
2026-06-22,Olomouc,BPO,6
2026-06-22,Opava,SPO,3
2026-06-22,Ostrava,SPO,42
2026-06-22,Ostrava,BPO,8
2026-06-22,Pardubice,SPO,9
2026-06-22,Pardubice,BPO,4
2026-06-22,Plzeň město,SPO,23
2026-06-22,Plzeň město,BPO,3
2026-06-22,Pobočka Chrášťany,SPO,120
2026-06-22,Pobočka Chrášťany,BPO,24
2026-06-22,Počernice,SPO,17
2026-06-22,Počernice,BPO,5
2026-06-22,Praha - centrála,SPO,90
2026-06-22,Praha - centrála,BPO,12
2026-06-22,Příbram,SPO,2
2026-06-22,Příbram,BPO,1
2026-06-22,SKLC3,SPO,1532
2026-06-22,SKLC3,BPO,459
2026-06-22,Tábor,SPO,23
2026-06-22,Tábor,BPO,1
2026-06-22,Třebíč,SPO,8
2026-06-22,Zlín,SPO,15
2026-06-22,Zlín,BPO,19
2026-06-22,Ústí nad Labem,SPO,24
2026-06-22,Ústí nad Labem,BPO,2
2026-06-22,Čakovice,SPO,11
2026-06-22,Čakovice,BPO,1
2026-06-22,České Budějovice,SPO,5
2026-06-23,Anděl,SPO,48
2026-06-23,Anděl,BPO,4
2026-06-23,Benešov,SPO,14
2026-06-23,Benešov,BPO,2
2026-06-23,Beroun,SPO,31
2026-06-23,Beroun,BPO,3
2026-06-23,Brno,SPO,8
2026-06-23,Brno,BPO,2
2026-06-23,Brno Lískovec,SPO,26
2026-06-23,Brno Lískovec,BPO,3
2026-06-23,Budějovická,SPO,28
2026-06-23,Budějovická,BPO,11
2026-06-23,Chomutov,SPO,15
2026-06-23,Dejvice,SPO,39
2026-06-23,Dejvice,BPO,1
2026-06-23,Děčín,SPO,14
2026-06-23,Frýdek-Místek,SPO,28
2026-06-23,Frýdek-Místek,BPO,2
2026-06-23,HULC1,SPO,1
2026-06-23,HULC1,BPO,1
2026-06-23,Hradec,SPO,23
2026-06-23,Hradec,BPO,5
2026-06-23,Háje,SPO,29
2026-06-23,Háje,BPO,5
2026-06-23,Jihlava,SPO,23
2026-06-23,Karlovy Vary,SPO,29
2026-06-23,Kladno,SPO,16
2026-06-23,Kladno,BPO,4
2026-06-23,Kolín,SPO,25
2026-06-23,Kolín,BPO,1
2026-06-23,LCU,SPO,24
2026-06-23,LCU,BPO,6
2026-06-23,Liberec,SPO,37
2026-06-23,Liberec,BPO,2
2026-06-23,Mladá Boleslav,SPO,33
2026-06-23,Mladá Boleslav,BPO,4
2026-06-23,Most,SPO,106
2026-06-23,Most,BPO,12
2026-06-23,Mělník,SPO,22
2026-06-23,Mělník,BPO,3
2026-06-23,Olomouc,SPO,29
2026-06-23,Olomouc,BPO,5
2026-06-23,Opava,SPO,16
2026-06-23,Ostrava,SPO,30
2026-06-23,Ostrava,BPO,11
2026-06-23,Pardubice,SPO,13
2026-06-23,Pardubice,BPO,3
2026-06-23,Plzeň město,SPO,24
2026-06-23,Plzeň město,BPO,10
2026-06-23,Pobočka Chrášťany,SPO,186
2026-06-23,Pobočka Chrášťany,BPO,20
2026-06-23,Počernice,SPO,10
2026-06-23,Počernice,BPO,2
2026-06-23,Praha - centrála,SPO,93
2026-06-23,Praha - centrála,BPO,15
2026-06-23,Prostějov,SPO,16
2026-06-23,Příbram,SPO,92
2026-06-23,Příbram,BPO,8
2026-06-23,SKLC3,SPO,1234
2026-06-23,SKLC3,BPO,680
2026-06-23,Tábor,SPO,20
2026-06-23,Tábor,BPO,2
2026-06-23,Třebíč,SPO,15
2026-06-23,Třebíč,BPO,1
2026-06-23,Zlín,SPO,3
2026-06-23,Zlín,BPO,1
2026-06-23,Ústí nad Labem,SPO,28
2026-06-23,Ústí nad Labem,BPO,7
2026-06-23,Čakovice,SPO,23
2026-06-23,Čakovice,BPO,8
2026-06-23,České Budějovice,SPO,28
2026-06-23,České Budějovice,BPO,8
2026-06-24,Anděl,SPO,56
2026-06-24,Anděl,BPO,4
2026-06-24,Benešov,SPO,4
2026-06-24,Benešov,BPO,1
2026-06-24,Beroun,SPO,4
2026-06-24,Brno,SPO,12
2026-06-24,Brno,BPO,2
2026-06-24,Brno Lískovec,SPO,13
2026-06-24,Brno Lískovec,BPO,2
2026-06-24,Budějovická,SPO,26
2026-06-24,Budějovická,BPO,2
2026-06-24,Chomutov,SPO,9
2026-06-24,Chomutov,BPO,1
2026-06-24,Dejvice,SPO,6
2026-06-24,Dejvice,BPO,1
2026-06-24,Děčín,SPO,10
2026-06-24,Děčín,BPO,1
2026-06-24,Frýdek-Místek,SPO,12
2026-06-24,Frýdek-Místek,BPO,4
2026-06-24,HULC1,SPO,73
2026-06-24,Hradec,SPO,10
2026-06-24,Hradec,BPO,1
2026-06-24,Háje,SPO,13
2026-06-24,Háje,BPO,4
2026-06-24,Jihlava,SPO,10
2026-06-24,Jihlava,BPO,1
2026-06-24,Karlovy Vary,SPO,15
2026-06-24,Kolín,SPO,1
2026-06-24,LCU,SPO,4
2026-06-24,LCU,BPO,10
2026-06-24,Liberec,SPO,15
2026-06-24,Liberec,BPO,2
2026-06-24,Mladá Boleslav,SPO,14
2026-06-24,Mladá Boleslav,BPO,2
2026-06-24,Most,SPO,8
2026-06-24,Most,BPO,5
2026-06-24,Mělník,SPO,15
2026-06-24,Mělník,BPO,9
2026-06-24,Olomouc,SPO,12
2026-06-24,Olomouc,BPO,2
2026-06-24,Opava,SPO,4
2026-06-24,Opava,BPO,1
2026-06-24,Ostrava,SPO,28
2026-06-24,Ostrava,BPO,7
2026-06-24,Pardubice,SPO,22
2026-06-24,Pardubice,BPO,2
2026-06-24,Plzeň město,SPO,34
2026-06-24,Plzeň město,BPO,6
2026-06-24,Pobočka Chrášťany,SPO,75
2026-06-24,Pobočka Chrášťany,BPO,13
2026-06-24,Počernice,SPO,20
2026-06-24,Počernice,BPO,13
2026-06-24,Praha - centrála,SPO,83
2026-06-24,Praha - centrála,BPO,17
2026-06-24,Příbram,SPO,7
2026-06-24,SKLC3,SPO,1866
2026-06-24,SKLC3,BPO,1326
2026-06-24,Tábor,SPO,7
2026-06-24,Tábor,BPO,3
2026-06-24,Zlín,SPO,2
2026-06-24,Zlín,BPO,1
2026-06-24,Ústí nad Labem,SPO,17
2026-06-24,Ústí nad Labem,BPO,9
2026-06-24,Čakovice,SPO,2
2026-06-24,České Budějovice,SPO,21
2026-06-24,České Budějovice,BPO,4
2026-06-25,Anděl,SPO,20
2026-06-25,Anděl,BPO,4
2026-06-25,Benešov,SPO,2
2026-06-25,Beroun,SPO,6
2026-06-25,Brno,SPO,25
2026-06-25,Brno,BPO,4
2026-06-25,Brno Lískovec,SPO,8
2026-06-25,Brno Lískovec,BPO,2
2026-06-25,Budějovická,SPO,46
2026-06-25,Budějovická,BPO,7
2026-06-25,Chomutov,SPO,1
2026-06-25,Dejvice,SPO,2
2026-06-25,Dejvice,BPO,2
2026-06-25,Děčín,SPO,9
2026-06-25,Frýdek-Místek,SPO,5
2026-06-25,Frýdek-Místek,BPO,4
2026-06-25,HULC1,SPO,34
2026-06-25,Hradec,SPO,17
2026-06-25,Hradec,BPO,2
2026-06-25,Háje,SPO,15
2026-06-25,Háje,BPO,4
2026-06-25,Jihlava,SPO,1
2026-06-25,Karlovy Vary,SPO,12
2026-06-25,Karlovy Vary,BPO,5
2026-06-25,Kladno,SPO,6
2026-06-25,LCU,SPO,13
2026-06-25,LCU,BPO,4
2026-06-25,Liberec,SPO,36
2026-06-25,Liberec,BPO,1
2026-06-25,Mladá Boleslav,SPO,14
2026-06-25,Mladá Boleslav,BPO,4
2026-06-25,Most,SPO,8
2026-06-25,Most,BPO,3
2026-06-25,Mělník,SPO,14
2026-06-25,Mělník,BPO,2
2026-06-25,Olomouc,SPO,11
2026-06-25,Olomouc,BPO,1
2026-06-25,Ostrava,SPO,27
2026-06-25,Ostrava,BPO,14
2026-06-25,Pardubice,SPO,14
2026-06-25,Pardubice,BPO,2
2026-06-25,Plzeň město,SPO,33
2026-06-25,Plzeň město,BPO,3
2026-06-25,Pobočka Chrášťany,SPO,138
2026-06-25,Pobočka Chrášťany,BPO,11
2026-06-25,Počernice,SPO,13
2026-06-25,Počernice,BPO,1
2026-06-25,Praha - centrála,SPO,57
2026-06-25,Praha - centrála,BPO,7
2026-06-25,Prostějov,SPO,1
2026-06-25,Příbram,SPO,5
2026-06-25,SKLC3,SPO,1394
2026-06-25,SKLC3,BPO,874
2026-06-25,Tábor,SPO,5
2026-06-25,Tábor,BPO,2
2026-06-25,Zlín,SPO,3
2026-06-25,Zlín,BPO,1
2026-06-25,Ústí nad Labem,SPO,216
2026-06-25,Ústí nad Labem,BPO,24
2026-06-25,Čakovice,SPO,5
2026-06-25,České Budějovice,SPO,8
2026-06-26,Anděl,SPO,27
2026-06-26,Anděl,BPO,2
2026-06-26,Benešov,SPO,2
2026-06-26,Beroun,SPO,4
2026-06-26,Beroun,BPO,3
2026-06-26,Brno,SPO,30
2026-06-26,Brno,BPO,8
2026-06-26,Brno Lískovec,SPO,9
2026-06-26,Brno Lískovec,BPO,5
2026-06-26,Budějovická,SPO,35
2026-06-26,Budějovická,BPO,7
2026-06-26,Chomutov,SPO,6
2026-06-26,Chomutov,BPO,3
2026-06-26,Dejvice,SPO,5
2026-06-26,Dejvice,BPO,2
2026-06-26,Děčín,SPO,18
2026-06-26,Děčín,BPO,3
2026-06-26,Frýdek-Místek,SPO,5
2026-06-26,Frýdek-Místek,BPO,2
2026-06-26,Hradec,SPO,50
2026-06-26,Hradec,BPO,4
2026-06-26,Háje,SPO,19
2026-06-26,Háje,BPO,12
2026-06-26,Jihlava,SPO,4
2026-06-26,Jihlava,BPO,1
2026-06-26,Karlovy Vary,SPO,3
2026-06-26,Karlovy Vary,BPO,2
2026-06-26,Kladno,SPO,2
2026-06-26,Kladno,BPO,1
2026-06-26,Kolín,BPO,1
2026-06-26,LCU,SPO,10
2026-06-26,LCU,BPO,1
2026-06-26,Liberec,SPO,15
2026-06-26,Liberec,BPO,2
2026-06-26,Mladá Boleslav,SPO,4
2026-06-26,Mladá Boleslav,BPO,4
2026-06-26,Most,SPO,16
2026-06-26,Most,BPO,4
2026-06-26,Mělník,SPO,17
2026-06-26,Mělník,BPO,1
2026-06-26,Olomouc,SPO,18
2026-06-26,Olomouc,BPO,2
2026-06-26,Opava,SPO,2
2026-06-26,Opava,BPO,1
2026-06-26,Ostrava,SPO,27
2026-06-26,Ostrava,BPO,17
2026-06-26,Ostrava,XPO,1
2026-06-26,Pardubice,SPO,7
2026-06-26,Plzeň město,SPO,23
2026-06-26,Plzeň město,BPO,9
2026-06-26,Pobočka Chrášťany,SPO,120
2026-06-26,Pobočka Chrášťany,BPO,12
2026-06-26,Počernice,SPO,18
2026-06-26,Počernice,BPO,10
2026-06-26,Praha - centrála,SPO,118
2026-06-26,Praha - centrála,BPO,17
2026-06-26,Prostějov,SPO,2
2026-06-26,Příbram,SPO,12
2026-06-26,Příbram,BPO,4
2026-06-26,SKLC3,SPO,1095
2026-06-26,SKLC3,BPO,1079
2026-06-26,Tábor,SPO,88
2026-06-26,Tábor,BPO,3
2026-06-26,Třebíč,SPO,2
2026-06-26,Třebíč,BPO,2
2026-06-26,Zlín,SPO,1
2026-06-26,Zlín,BPO,1
2026-06-26,Ústí nad Labem,SPO,18
2026-06-26,Ústí nad Labem,BPO,4
2026-06-26,Čakovice,SPO,52
2026-06-26,Čakovice,BPO,8
2026-06-26,České Budějovice,SPO,21
2026-06-26,České Budějovice,BPO,1
2026-06-27,Anděl,SPO,47
2026-06-27,Anděl,BPO,10
2026-06-27,Benešov,SPO,16
2026-06-27,Benešov,BPO,1
2026-06-27,Beroun,SPO,6
2026-06-27,Brno,SPO,13
2026-06-27,Brno,BPO,2
2026-06-27,Brno Lískovec,SPO,43
2026-06-27,Brno Lískovec,BPO,3
2026-06-27,Budějovická,SPO,30
2026-06-27,Budějovická,BPO,3
2026-06-27,Chomutov,SPO,4
2026-06-27,Chomutov,BPO,2
2026-06-27,Dejvice,SPO,13
2026-06-27,Dejvice,BPO,2
2026-06-27,Děčín,SPO,9
2026-06-27,Děčín,BPO,3
2026-06-27,Frýdek-Místek,SPO,3
2026-06-27,Frýdek-Místek,BPO,3
2026-06-27,HULC1,SPO,3
2026-06-27,Hradec,SPO,18
2026-06-27,Hradec,BPO,4
2026-06-27,Háje,SPO,16
2026-06-27,Háje,BPO,4
2026-06-27,Jihlava,SPO,12
2026-06-27,Karlovy Vary,SPO,14
2026-06-27,Karlovy Vary,BPO,3
2026-06-27,Kladno,SPO,6
2026-06-27,Kladno,BPO,4
2026-06-27,Kladno,XL,1
2026-06-27,Kolín,SPO,1
2026-06-27,Liberec,SPO,13
2026-06-27,Mladá Boleslav,SPO,8
2026-06-27,Mladá Boleslav,BPO,5
2026-06-27,Most,SPO,10
2026-06-27,Most,BPO,1
2026-06-27,Mělník,SPO,7
2026-06-27,Mělník,BPO,3
2026-06-27,Olomouc,SPO,23
2026-06-27,Olomouc,BPO,3
2026-06-27,Opava,SPO,2
2026-06-27,Ostrava,SPO,31
2026-06-27,Ostrava,BPO,12
2026-06-27,Pardubice,SPO,12
2026-06-27,Pardubice,BPO,5
2026-06-27,Plzeň město,SPO,26
2026-06-27,Plzeň město,BPO,7
2026-06-27,Pobočka Chrášťany,SPO,89
2026-06-27,Pobočka Chrášťany,BPO,22
2026-06-27,Počernice,SPO,25
2026-06-27,Počernice,BPO,2
2026-06-27,Praha - centrála,SPO,111
2026-06-27,Praha - centrála,BPO,14
2026-06-27,Příbram,SPO,7
2026-06-27,Příbram,BPO,1
2026-06-27,SKLC3,SPO,950
2026-06-27,SKLC3,BPO,376
2026-06-27,Tábor,SPO,25
2026-06-27,Třebíč,SPO,12
2026-06-27,Zlín,SPO,18
2026-06-27,Zlín,BPO,4
2026-06-27,Ústí nad Labem,SPO,25
2026-06-27,Ústí nad Labem,BPO,3
2026-06-27,Čakovice,SPO,30
2026-06-27,Čakovice,BPO,11
2026-06-27,České Budějovice,SPO,11
2026-06-28,Anděl,SPO,44
2026-06-28,Anděl,BPO,10
2026-06-28,Benešov,SPO,16
2026-06-28,Benešov,BPO,2
2026-06-28,Beroun,SPO,23
2026-06-28,Beroun,BPO,12
2026-06-28,Brno,SPO,16
2026-06-28,Brno,BPO,4
2026-06-28,Brno Lískovec,SPO,19
2026-06-28,Brno Lískovec,BPO,11
2026-06-28,Budějovická,SPO,22
2026-06-28,Budějovická,BPO,5
2026-06-28,Chomutov,SPO,1
2026-06-28,Dejvice,SPO,20
2026-06-28,Dejvice,BPO,2
2026-06-28,Děčín,SPO,4
2026-06-28,Děčín,BPO,1
2026-06-28,Frýdek-Místek,SPO,2
2026-06-28,Frýdek-Místek,BPO,3
2026-06-28,HULC1,SPO,1
2026-06-28,Hradec,SPO,10
2026-06-28,Hradec,BPO,3
2026-06-28,Háje,SPO,19
2026-06-28,Háje,BPO,5
2026-06-28,Jihlava,SPO,13
2026-06-28,Jihlava,BPO,2
2026-06-28,Karlovy Vary,SPO,5
2026-06-28,Karlovy Vary,BPO,3
2026-06-28,Kladno,SPO,3
2026-06-28,Kolín,SPO,3
2026-06-28,LCU,BPO,1
2026-06-28,Liberec,SPO,19
2026-06-28,Liberec,BPO,1
2026-06-28,Mladá Boleslav,SPO,22
2026-06-28,Mladá Boleslav,BPO,3
2026-06-28,Most,SPO,10
2026-06-28,Most,BPO,6
2026-06-28,Most,XPO,1
2026-06-28,Mělník,SPO,10
2026-06-28,Mělník,BPO,1
2026-06-28,Olomouc,SPO,8
2026-06-28,Olomouc,BPO,3
2026-06-28,Opava,BPO,1
2026-06-28,Ostrava,SPO,65
2026-06-28,Ostrava,BPO,2
2026-06-28,Pardubice,SPO,14
2026-06-28,Pardubice,BPO,4
2026-06-28,Plzeň město,SPO,29
2026-06-28,Plzeň město,BPO,4
2026-06-28,Pobočka Chrášťany,SPO,165
2026-06-28,Pobočka Chrášťany,BPO,27
2026-06-28,Počernice,SPO,12
2026-06-28,Počernice,BPO,3
2026-06-28,Praha - centrála,SPO,97
2026-06-28,Praha - centrála,BPO,20
2026-06-28,Příbram,SPO,3
2026-06-28,Příbram,BPO,2
2026-06-28,SKLC3,SPO,717
2026-06-28,SKLC3,BPO,458
2026-06-28,Tábor,SPO,9
2026-06-28,Třebíč,SPO,1
2026-06-28,Třebíč,BPO,3
2026-06-28,Zlín,SPO,1
2026-06-28,Zlín,BPO,5
2026-06-28,Ústí nad Labem,SPO,16
2026-06-28,Ústí nad Labem,BPO,2
2026-06-28,Čakovice,SPO,25
2026-06-28,Čakovice,BPO,8
2026-06-28,České Budějovice,SPO,21
2026-06-28,České Budějovice,BPO,6
2026-06-29,Anděl,SPO,49
2026-06-29,Anděl,BPO,7
2026-06-29,Benešov,SPO,28
2026-06-29,Benešov,BPO,1
2026-06-29,Beroun,SPO,13
2026-06-29,Brno,SPO,13
2026-06-29,Brno,BPO,6
2026-06-29,Brno Lískovec,SPO,21
2026-06-29,Brno Lískovec,BPO,2
2026-06-29,Budějovická,SPO,53
2026-06-29,Budějovická,BPO,12
2026-06-29,Chomutov,SPO,4
2026-06-29,Dejvice,SPO,2
2026-06-29,Dejvice,BPO,4
2026-06-29,Děčín,SPO,1
2026-06-29,Děčín,BPO,5
2026-06-29,Frýdek-Místek,SPO,13
2026-06-29,Frýdek-Místek,BPO,3
2026-06-29,HULC1,SPO,2
2026-06-29,Hradec,SPO,27
2026-06-29,Hradec,BPO,5
2026-06-29,Háje,SPO,31
2026-06-29,Háje,BPO,7
2026-06-29,Jihlava,SPO,13
2026-06-29,Jihlava,BPO,1
2026-06-29,Karlovy Vary,SPO,18
2026-06-29,Karlovy Vary,BPO,4
2026-06-29,Kladno,BPO,1
2026-06-29,Kolín,SPO,3
2026-06-29,Kolín,BPO,4
2026-06-29,LCU,SPO,35
2026-06-29,LCU,BPO,21
2026-06-29,Liberec,SPO,7
2026-06-29,Liberec,BPO,1
2026-06-29,Mladá Boleslav,SPO,22
2026-06-29,Mladá Boleslav,BPO,1
2026-06-29,Most,SPO,19
2026-06-29,Most,BPO,1
2026-06-29,Mělník,SPO,24
2026-06-29,Mělník,BPO,1
2026-06-29,Olomouc,SPO,17
2026-06-29,Olomouc,BPO,5
2026-06-29,Opava,SPO,3
2026-06-29,Ostrava,SPO,30
2026-06-29,Ostrava,BPO,10
2026-06-29,Pardubice,SPO,26
2026-06-29,Pardubice,BPO,4
2026-06-29,Plzeň město,SPO,28
2026-06-29,Plzeň město,BPO,3
2026-06-29,Pobočka Chrášťany,SPO,95
2026-06-29,Pobočka Chrášťany,BPO,13
2026-06-29,Počernice,SPO,18
2026-06-29,Počernice,BPO,6
2026-06-29,Praha - centrála,SPO,98
2026-06-29,Praha - centrála,BPO,14
2026-06-29,Prostějov,SPO,1
2026-06-29,Příbram,SPO,8
2026-06-29,SKLC3,SPO,1081
2026-06-29,SKLC3,BPO,313
2026-06-29,Tábor,SPO,14
2026-06-29,Tábor,BPO,3
2026-06-29,Třebíč,SPO,3
2026-06-29,Třebíč,BPO,1
2026-06-29,Zlín,SPO,9
2026-06-29,Ústí nad Labem,SPO,14
2026-06-29,Ústí nad Labem,BPO,2
2026-06-29,Čakovice,SPO,6
2026-06-29,Čakovice,BPO,5
2026-06-29,České Budějovice,SPO,9
2026-06-29,České Budějovice,BPO,2
2026-06-30,Anděl,SPO,41
2026-06-30,Anděl,BPO,6
2026-06-30,Benešov,SPO,6
2026-06-30,Brno,SPO,16
2026-06-30,Brno,BPO,6
2026-06-30,Brno Lískovec,SPO,12
2026-06-30,Brno Lískovec,BPO,7
2026-06-30,Budějovická,SPO,31
2026-06-30,Budějovická,BPO,9
2026-06-30,Chomutov,SPO,2
2026-06-30,Chomutov,BPO,1
2026-06-30,Dejvice,SPO,9
2026-06-30,Dejvice,BPO,5
2026-06-30,Děčín,SPO,8
2026-06-30,Frýdek-Místek,SPO,10
2026-06-30,Frýdek-Místek,BPO,4
2026-06-30,HULC1,SPO,1
2026-06-30,Hradec,SPO,14
2026-06-30,Hradec,BPO,4
2026-06-30,Háje,SPO,26
2026-06-30,Háje,BPO,7
2026-06-30,Jihlava,SPO,11
2026-06-30,Jihlava,BPO,1
2026-06-30,Karlovy Vary,SPO,21
2026-06-30,Karlovy Vary,BPO,5
2026-06-30,Kladno,SPO,4
2026-06-30,Kladno,BPO,2
2026-06-30,Kolín,SPO,3
2026-06-30,Kolín,BPO,4
2026-06-30,LCU,SPO,34
2026-06-30,LCU,BPO,14
2026-06-30,Liberec,SPO,36
2026-06-30,Liberec,BPO,1
2026-06-30,Mladá Boleslav,SPO,27
2026-06-30,Mladá Boleslav,BPO,9
2026-06-30,Most,SPO,11
2026-06-30,Most,BPO,1
2026-06-30,Mělník,SPO,11
2026-06-30,Mělník,BPO,4
2026-06-30,Olomouc,SPO,12
2026-06-30,Olomouc,BPO,3
2026-06-30,Opava,SPO,6
2026-06-30,Opava,BPO,6
2026-06-30,Ostrava,SPO,47
2026-06-30,Ostrava,BPO,15
2026-06-30,Pardubice,SPO,15
2026-06-30,Pardubice,BPO,2
2026-06-30,Plzeň město,SPO,32
2026-06-30,Plzeň město,BPO,13
2026-06-30,Pobočka Chrášťany,SPO,146
2026-06-30,Pobočka Chrášťany,BPO,27
2026-06-30,Počernice,SPO,9
2026-06-30,Počernice,BPO,9
2026-06-30,Praha - centrála,SPO,87
2026-06-30,Praha - centrála,BPO,11
2026-06-30,Prostějov,SPO,6
2026-06-30,Příbram,SPO,13
2026-06-30,Příbram,BPO,1
2026-06-30,SKLC3,SPO,1143
2026-06-30,SKLC3,BPO,342
2026-06-30,Tábor,SPO,28
2026-06-30,Tábor,BPO,6
2026-06-30,Třebíč,SPO,7
2026-06-30,Třebíč,BPO,2
2026-06-30,Zlín,SPO,12
2026-06-30,Zlín,BPO,1
2026-06-30,Ústí nad Labem,SPO,21
2026-06-30,Ústí nad Labem,BPO,3
2026-06-30,České Budějovice,SPO,14
2026-06-30,České Budějovice,BPO,4
2026-06-30,České Budějovice,XPO,1
2026-07-01,Anděl,SPO,17
2026-07-01,Anděl,BPO,4
2026-07-01,Benešov,SPO,8
2026-07-01,Benešov,BPO,2
2026-07-01,Beroun,SPO,20
2026-07-01,Brno,SPO,20
2026-07-01,Brno,BPO,2
2026-07-01,Brno Lískovec,SPO,18
2026-07-01,Brno Lískovec,BPO,1
2026-07-01,Budějovická,SPO,10
2026-07-01,Budějovická,BPO,3
2026-07-01,Chomutov,SPO,3
2026-07-01,Dejvice,SPO,20
2026-07-01,Dejvice,BPO,1
2026-07-01,Děčín,SPO,6
2026-07-01,Frýdek-Místek,SPO,9
2026-07-01,Frýdek-Místek,BPO,3
2026-07-01,Hradec,SPO,22
2026-07-01,Hradec,BPO,6
2026-07-01,Háje,SPO,13
2026-07-01,Háje,BPO,3
2026-07-01,Jihlava,SPO,15
2026-07-01,Jihlava,BPO,3
2026-07-01,Karlovy Vary,SPO,11
2026-07-01,Karlovy Vary,BPO,2
2026-07-01,Kladno,SPO,8
2026-07-01,Kladno,BPO,4
2026-07-01,Kolín,SPO,5
2026-07-01,Kolín,BPO,1
2026-07-01,LCU,SPO,35
2026-07-01,LCU,BPO,37
2026-07-01,Liberec,SPO,23
2026-07-01,Liberec,BPO,3
2026-07-01,Mladá Boleslav,SPO,17
2026-07-01,Mladá Boleslav,BPO,4
2026-07-01,Most,SPO,16
2026-07-01,Most,BPO,4
2026-07-01,Mělník,SPO,23
2026-07-01,Mělník,BPO,4
2026-07-01,Olomouc,SPO,8
2026-07-01,Olomouc,BPO,3
2026-07-01,Opava,SPO,3
2026-07-01,Ostrava,SPO,36
2026-07-01,Ostrava,BPO,11
2026-07-01,Pardubice,SPO,22
2026-07-01,Pardubice,BPO,4
2026-07-01,Plzeň město,SPO,29
2026-07-01,Plzeň město,BPO,6
2026-07-01,Pobočka Chrášťany,SPO,173
2026-07-01,Pobočka Chrášťany,BPO,36
2026-07-01,Počernice,SPO,23
2026-07-01,Počernice,BPO,1
2026-07-01,Praha - centrála,SPO,89
2026-07-01,Praha - centrála,BPO,8
2026-07-01,Prostějov,SPO,3
2026-07-01,Příbram,SPO,10
2026-07-01,Příbram,BPO,1
2026-07-01,SKLC3,SPO,982
2026-07-01,SKLC3,BPO,311
2026-07-01,Tábor,SPO,148
2026-07-01,Tábor,BPO,18
2026-07-01,Třebíč,SPO,9
2026-07-01,Třebíč,BPO,1
2026-07-01,Zlín,SPO,12
2026-07-01,Ústí nad Labem,SPO,15
2026-07-01,Ústí nad Labem,BPO,1
2026-07-01,Čakovice,SPO,10
2026-07-01,Čakovice,BPO,18
2026-07-01,České Budějovice,SPO,27
2026-07-01,České Budějovice,BPO,2
2026-07-02,Anděl,SPO,36
2026-07-02,Anděl,BPO,7
2026-07-02,Benešov,SPO,1
2026-07-02,Beroun,SPO,5
2026-07-02,Beroun,BPO,3
2026-07-02,Brno,SPO,7
2026-07-02,Brno,BPO,4
2026-07-02,Brno Lískovec,SPO,6
2026-07-02,Brno Lískovec,BPO,1
2026-07-02,Budějovická,SPO,47
2026-07-02,Budějovická,BPO,9
2026-07-02,Chomutov,SPO,11
2026-07-02,Dejvice,SPO,24
2026-07-02,Dejvice,BPO,2
2026-07-02,Děčín,SPO,2
2026-07-02,Děčín,BPO,1
2026-07-02,Frýdek-Místek,SPO,4
2026-07-02,Frýdek-Místek,BPO,1
2026-07-02,HULC1,SPO,1
2026-07-02,Hradec,SPO,13
2026-07-02,Hradec,BPO,6
2026-07-02,Háje,SPO,9
2026-07-02,Háje,BPO,3
2026-07-02,Jihlava,SPO,5
2026-07-02,Karlovy Vary,SPO,10
2026-07-02,Karlovy Vary,BPO,1
2026-07-02,Kolín,SPO,2
2026-07-02,Kolín,BPO,2
2026-07-02,LCU,SPO,22
2026-07-02,LCU,BPO,6
2026-07-02,Liberec,SPO,9
2026-07-02,Liberec,BPO,1
2026-07-02,Mladá Boleslav,SPO,15
2026-07-02,Mladá Boleslav,BPO,3
2026-07-02,Most,SPO,8
2026-07-02,Mělník,SPO,9
2026-07-02,Olomouc,SPO,16
2026-07-02,Olomouc,BPO,2
2026-07-02,Opava,SPO,3
2026-07-02,Opava,BPO,1
2026-07-02,Ostrava,SPO,12
2026-07-02,Ostrava,BPO,11
2026-07-02,Ostrava,XPO,1
2026-07-02,Pardubice,SPO,18
2026-07-02,Pardubice,BPO,3
2026-07-02,Plzeň město,SPO,9
2026-07-02,Plzeň město,BPO,3
2026-07-02,Pobočka Chrášťany,SPO,88
2026-07-02,Pobočka Chrášťany,BPO,33
2026-07-02,Počernice,SPO,8
2026-07-02,Počernice,BPO,10
2026-07-02,Praha - centrála,SPO,80
2026-07-02,Praha - centrála,BPO,14
2026-07-02,Prostějov,BPO,2
2026-07-02,Příbram,SPO,9
2026-07-02,Příbram,BPO,1
2026-07-02,SKLC3,SPO,1282
2026-07-02,SKLC3,BPO,350
2026-07-02,Tábor,SPO,7
2026-07-02,Tábor,BPO,2
2026-07-02,Třebíč,SPO,2
2026-07-02,Třebíč,BPO,2
2026-07-02,Zlín,SPO,2
2026-07-02,Zlín,BPO,1
2026-07-02,Ústí nad Labem,SPO,7
2026-07-02,Ústí nad Labem,BPO,1
2026-07-02,Čakovice,SPO,29
2026-07-02,Čakovice,BPO,21
2026-07-02,České Budějovice,SPO,4
2026-07-02,České Budějovice,BPO,1
2026-07-03,Anděl,SPO,62
2026-07-03,Anděl,BPO,8
2026-07-03,Benešov,SPO,46
2026-07-03,Benešov,BPO,9
2026-07-03,Beroun,SPO,16
2026-07-03,Beroun,BPO,3
2026-07-03,Brno,SPO,13
2026-07-03,Brno,BPO,4
2026-07-03,Brno Lískovec,SPO,8
2026-07-03,Brno Lískovec,BPO,3
2026-07-03,Budějovická,SPO,31
2026-07-03,Budějovická,BPO,4
2026-07-03,Chomutov,SPO,2
2026-07-03,Chomutov,BPO,2
2026-07-03,Dejvice,SPO,13
2026-07-03,Děčín,SPO,96
2026-07-03,Děčín,BPO,8
2026-07-03,Frýdek-Místek,SPO,12
2026-07-03,Frýdek-Místek,BPO,2
2026-07-03,HULC1,SPO,4
2026-07-03,Hradec,SPO,8
2026-07-03,Hradec,BPO,1
2026-07-03,Háje,SPO,14
2026-07-03,Háje,BPO,5
2026-07-03,Jihlava,SPO,10
2026-07-03,Karlovy Vary,SPO,3
2026-07-03,Kladno,SPO,3
2026-07-03,Kolín,SPO,2
2026-07-03,LCU,SPO,12
2026-07-03,LCU,BPO,21
2026-07-03,Liberec,SPO,4
2026-07-03,Liberec,BPO,1
2026-07-03,Mladá Boleslav,SPO,4
2026-07-03,Most,SPO,11
2026-07-03,Most,BPO,1
2026-07-03,Mělník,SPO,11
2026-07-03,Olomouc,SPO,12
2026-07-03,Olomouc,BPO,2
2026-07-03,Ostrava,SPO,34
2026-07-03,Ostrava,BPO,9
2026-07-03,Pardubice,SPO,10
2026-07-03,Pardubice,BPO,2
2026-07-03,Plzeň město,SPO,18
2026-07-03,Plzeň město,BPO,3
2026-07-03,Pobočka Chrášťany,SPO,96
2026-07-03,Pobočka Chrášťany,BPO,40
2026-07-03,Počernice,SPO,14
2026-07-03,Počernice,BPO,3
2026-07-03,Praha - centrála,SPO,128
2026-07-03,Praha - centrála,BPO,17
2026-07-03,Prostějov,SPO,3
2026-07-03,Příbram,SPO,14
2026-07-03,Příbram,BPO,4
2026-07-03,SKLC3,SPO,1471
2026-07-03,SKLC3,BPO,587
2026-07-03,Tábor,SPO,20
2026-07-03,Třebíč,SPO,2
2026-07-03,Zlín,SPO,3
2026-07-03,Zlín,BPO,1
2026-07-03,Ústí nad Labem,SPO,6
2026-07-03,Ústí nad Labem,BPO,1
2026-07-03,Čakovice,SPO,29
2026-07-03,Čakovice,BPO,6
2026-07-03,České Budějovice,SPO,14
2026-07-03,České Budějovice,BPO,1
2026-07-04,Anděl,SPO,41
2026-07-04,Anděl,BPO,5
2026-07-04,Benešov,SPO,7
2026-07-04,Benešov,BPO,5
2026-07-04,Beroun,SPO,9
2026-07-04,Beroun,BPO,1
2026-07-04,Brno,SPO,18
2026-07-04,Brno,BPO,1
2026-07-04,Brno Lískovec,SPO,13
2026-07-04,Brno Lískovec,BPO,2
2026-07-04,Budějovická,SPO,15
2026-07-04,Budějovická,BPO,6
2026-07-04,Chomutov,BPO,1
2026-07-04,Dejvice,SPO,1
2026-07-04,Dejvice,BPO,3
2026-07-04,Děčín,SPO,11
2026-07-04,Děčín,BPO,1
2026-07-04,Frýdek-Místek,SPO,7
2026-07-04,Hradec,SPO,10
2026-07-04,Hradec,BPO,5
2026-07-04,Háje,SPO,16
2026-07-04,Háje,BPO,7
2026-07-04,Jihlava,SPO,16
2026-07-04,Jihlava,BPO,3
2026-07-04,Karlovy Vary,SPO,5
2026-07-04,Karlovy Vary,BPO,3
2026-07-04,Kladno,SPO,3
2026-07-04,Kladno,BPO,1
2026-07-04,Kolín,BPO,1
2026-07-04,LCU,SPO,11
2026-07-04,LCU,BPO,3
2026-07-04,Liberec,SPO,11
2026-07-04,Liberec,BPO,2
2026-07-04,Mladá Boleslav,SPO,34
2026-07-04,Mladá Boleslav,BPO,4
2026-07-04,Most,SPO,10
2026-07-04,Most,BPO,4
2026-07-04,Mělník,SPO,5
2026-07-04,Mělník,BPO,2
2026-07-04,Olomouc,SPO,13
2026-07-04,Olomouc,BPO,1
2026-07-04,Ostrava,SPO,28
2026-07-04,Ostrava,BPO,10
2026-07-04,Pardubice,SPO,15
2026-07-04,Pardubice,BPO,2
2026-07-04,Plzeň město,SPO,32
2026-07-04,Plzeň město,BPO,3
2026-07-04,Pobočka Chrášťany,SPO,128
2026-07-04,Pobočka Chrášťany,BPO,39
2026-07-04,Počernice,SPO,21
2026-07-04,Praha - centrála,SPO,107
2026-07-04,Praha - centrála,BPO,27
2026-07-04,Prostějov,SPO,2
2026-07-04,Příbram,SPO,17
2026-07-04,SKLC3,SPO,631
2026-07-04,SKLC3,BPO,238
2026-07-04,Tábor,SPO,14
2026-07-04,Tábor,BPO,2
2026-07-04,Třebíč,SPO,3
2026-07-04,Zlín,SPO,3
2026-07-04,Ústí nad Labem,SPO,12
2026-07-04,Ústí nad Labem,BPO,3
2026-07-04,Čakovice,SPO,58
2026-07-04,Čakovice,BPO,17
2026-07-04,České Budějovice,SPO,16
2026-07-04,České Budějovice,BPO,1
2026-07-05,Anděl,SPO,26
2026-07-05,Anděl,BPO,4
2026-07-05,Benešov,SPO,15
2026-07-05,Benešov,BPO,2
2026-07-05,Beroun,SPO,9
2026-07-05,Beroun,BPO,1
2026-07-05,Brno,SPO,9
2026-07-05,Brno,BPO,5
2026-07-05,Brno Lískovec,SPO,19
2026-07-05,Brno Lískovec,BPO,3
2026-07-05,Budějovická,SPO,23
2026-07-05,Budějovická,BPO,5
2026-07-05,Chomutov,SPO,3
2026-07-05,Chomutov,BPO,1
2026-07-05,Dejvice,SPO,8
2026-07-05,Dejvice,BPO,1
2026-07-05,Děčín,SPO,11
2026-07-05,Frýdek-Místek,SPO,2
2026-07-05,Frýdek-Místek,BPO,2
2026-07-05,HULC1,SPO,2
2026-07-05,Hradec,SPO,21
2026-07-05,Hradec,BPO,3
2026-07-05,Háje,SPO,12
2026-07-05,Háje,BPO,5
2026-07-05,Jihlava,SPO,12
2026-07-05,Jihlava,BPO,3
2026-07-05,Karlovy Vary,SPO,19
2026-07-05,Karlovy Vary,BPO,3
2026-07-05,Kladno,SPO,1
2026-07-05,Kladno,BPO,1
2026-07-05,Kolín,SPO,4
2026-07-05,Kolín,BPO,1
2026-07-05,LCU,SPO,14
2026-07-05,LCU,BPO,2
2026-07-05,Liberec,SPO,16
2026-07-05,Liberec,BPO,1
2026-07-05,Mladá Boleslav,SPO,11
2026-07-05,Mladá Boleslav,BPO,2
2026-07-05,Most,SPO,12
2026-07-05,Most,BPO,3
2026-07-05,Mělník,SPO,18
2026-07-05,Mělník,BPO,2
2026-07-05,Olomouc,SPO,13
2026-07-05,Olomouc,BPO,3
2026-07-05,Opava,SPO,1
2026-07-05,Ostrava,SPO,43
2026-07-05,Ostrava,BPO,18
2026-07-05,Pardubice,SPO,18
2026-07-05,Pardubice,BPO,8
2026-07-05,Plzeň město,SPO,15
2026-07-05,Plzeň město,BPO,5
2026-07-05,Pobočka Chrášťany,SPO,134
2026-07-05,Pobočka Chrášťany,BPO,25
2026-07-05,Počernice,SPO,11
2026-07-05,Počernice,BPO,1
2026-07-05,Praha - centrála,SPO,136
2026-07-05,Praha - centrála,BPO,17
2026-07-05,Příbram,SPO,19
2026-07-05,Příbram,BPO,4
2026-07-05,SKLC3,SPO,583
2026-07-05,SKLC3,BPO,365
2026-07-05,Tábor,SPO,12
2026-07-05,Tábor,BPO,1
2026-07-05,Třebíč,SPO,4
2026-07-05,Třebíč,BPO,1
2026-07-05,Zlín,SPO,5
2026-07-05,Zlín,BPO,1
2026-07-05,Ústí nad Labem,SPO,12
2026-07-05,Ústí nad Labem,BPO,4
2026-07-05,Čakovice,SPO,42
2026-07-05,Čakovice,BPO,11
2026-07-05,České Budějovice,SPO,26
2026-07-05,České Budějovice,BPO,8
2026-07-06,Anděl,SPO,36
2026-07-06,Anděl,BPO,7
2026-07-06,Anděl,XPO,1
2026-07-06,Benešov,SPO,16
2026-07-06,Benešov,BPO,3
2026-07-06,Brno,SPO,17
2026-07-06,Brno,BPO,9
2026-07-06,Brno Lískovec,SPO,18
2026-07-06,Budějovická,SPO,25
2026-07-06,Budějovická,BPO,6
2026-07-06,Chomutov,BPO,1
2026-07-06,Dejvice,SPO,1
2026-07-06,Děčín,SPO,5
2026-07-06,Frýdek-Místek,SPO,12
2026-07-06,Frýdek-Místek,BPO,1
2026-07-06,HULC1,SPO,8
2026-07-06,Hradec,SPO,1
2026-07-06,Hradec,BPO,1
2026-07-06,Háje,SPO,18
2026-07-06,Háje,BPO,1
2026-07-06,Jihlava,SPO,12
2026-07-06,Karlovy Vary,SPO,16
2026-07-06,Kladno,SPO,5
2026-07-06,Kladno,BPO,1
2026-07-06,Kolín,SPO,4
2026-07-06,LCU,SPO,3
2026-07-06,LCU,BPO,9
2026-07-06,LCU,XPO,1
2026-07-06,Liberec,SPO,6
2026-07-06,Liberec,BPO,3
2026-07-06,Mladá Boleslav,SPO,7
2026-07-06,Mladá Boleslav,BPO,2
2026-07-06,Most,SPO,6
2026-07-06,Most,BPO,2
2026-07-06,Mělník,SPO,17
2026-07-06,Mělník,BPO,2
2026-07-06,Olomouc,SPO,5
2026-07-06,Olomouc,BPO,1
2026-07-06,Opava,SPO,2
2026-07-06,Ostrava,SPO,42
2026-07-06,Ostrava,BPO,11
2026-07-06,Pardubice,SPO,10
2026-07-06,Pardubice,BPO,4
2026-07-06,Plzeň město,SPO,27
2026-07-06,Plzeň město,BPO,2
2026-07-06,Pobočka Chrášťany,SPO,100
2026-07-06,Pobočka Chrášťany,BPO,35
2026-07-06,Počernice,SPO,14
2026-07-06,Počernice,BPO,8
2026-07-06,Praha - centrála,SPO,202
2026-07-06,Praha - centrála,BPO,39
2026-07-06,Prostějov,SPO,2
2026-07-06,Příbram,SPO,7
2026-07-06,Příbram,BPO,1
2026-07-06,SKLC3,SPO,1171
2026-07-06,SKLC3,BPO,545
2026-07-06,Tábor,SPO,14
2026-07-06,Tábor,BPO,1
2026-07-06,Zlín,SPO,6
2026-07-06,Zlín,BPO,1
2026-07-06,Ústí nad Labem,SPO,11
2026-07-06,Ústí nad Labem,XPO,1
2026-07-06,Čakovice,SPO,37
2026-07-06,Čakovice,BPO,4
2026-07-06,České Budějovice,SPO,14
2026-07-06,České Budějovice,BPO,1
2026-07-07,Anděl,SPO,28
2026-07-07,Anděl,BPO,3
2026-07-07,Benešov,SPO,7
2026-07-07,Beroun,SPO,3
2026-07-07,Beroun,BPO,2
2026-07-07,Brno,SPO,11
2026-07-07,Brno Lískovec,SPO,7
2026-07-07,Brno Lískovec,BPO,3
2026-07-07,Budějovická,SPO,14
2026-07-07,Budějovická,BPO,3
2026-07-07,Chomutov,SPO,1
2026-07-07,Dejvice,SPO,1
2026-07-07,Děčín,SPO,2
2026-07-07,Frýdek-Místek,SPO,4
2026-07-07,Frýdek-Místek,BPO,2
2026-07-07,HULC1,SPO,4
2026-07-07,Hradec,SPO,7
2026-07-07,Hradec,BPO,2
2026-07-07,Háje,SPO,27
2026-07-07,Háje,BPO,1
2026-07-07,Jihlava,SPO,3
2026-07-07,Karlovy Vary,SPO,8
2026-07-07,Karlovy Vary,BPO,4
2026-07-07,Kolín,SPO,10
2026-07-07,Kolín,BPO,1
2026-07-07,LCU,SPO,20
2026-07-07,LCU,BPO,49
2026-07-07,Liberec,SPO,9
2026-07-07,Mladá Boleslav,SPO,12
2026-07-07,Mladá Boleslav,BPO,1
2026-07-07,Most,SPO,6
2026-07-07,Mělník,SPO,2
2026-07-07,Mělník,BPO,1
2026-07-07,Olomouc,SPO,24
2026-07-07,Olomouc,BPO,4
2026-07-07,Opava,SPO,1
2026-07-07,Opava,BPO,13
2026-07-07,Ostrava,SPO,32
2026-07-07,Ostrava,BPO,10
2026-07-07,Pardubice,SPO,23
2026-07-07,Pardubice,BPO,8
2026-07-07,Plzeň město,SPO,23
2026-07-07,Plzeň město,BPO,6
2026-07-07,Pobočka Chrášťany,SPO,103
2026-07-07,Pobočka Chrášťany,BPO,10
2026-07-07,Počernice,SPO,20
2026-07-07,Počernice,BPO,6
2026-07-07,Praha - centrála,SPO,178
2026-07-07,Praha - centrála,BPO,33
2026-07-07,Prostějov,SPO,1
2026-07-07,Příbram,SPO,8
2026-07-07,SKLC3,SPO,1042
2026-07-07,SKLC3,BPO,438
2026-07-07,Tábor,SPO,25
2026-07-07,Tábor,BPO,3
2026-07-07,Třebíč,SPO,2
2026-07-07,Třebíč,BPO,2
2026-07-07,Zlín,SPO,3
2026-07-07,Zlín,BPO,1
2026-07-07,Ústí nad Labem,SPO,19
2026-07-07,Ústí nad Labem,BPO,1
2026-07-07,Čakovice,SPO,43
2026-07-07,Čakovice,BPO,9
2026-07-07,České Budějovice,SPO,21
2026-07-07,České Budějovice,BPO,5
2026-07-08,Anděl,SPO,25
2026-07-08,Anděl,BPO,2
2026-07-08,Benešov,SPO,1
2026-07-08,Beroun,SPO,7
2026-07-08,Brno,SPO,34
2026-07-08,Brno,BPO,9
2026-07-08,Brno Lískovec,SPO,15
2026-07-08,Brno Lískovec,BPO,5
2026-07-08,Budějovická,SPO,8
2026-07-08,Budějovická,BPO,1
2026-07-08,Chomutov,SPO,6
2026-07-08,Dejvice,SPO,3
2026-07-08,Děčín,SPO,7
2026-07-08,Frýdek-Místek,SPO,3
2026-07-08,Hradec,SPO,19
2026-07-08,Háje,SPO,19
2026-07-08,Háje,BPO,4
2026-07-08,Jihlava,SPO,13
2026-07-08,Jihlava,BPO,1
2026-07-08,Karlovy Vary,SPO,16
2026-07-08,Karlovy Vary,BPO,4
2026-07-08,Kladno,SPO,10
2026-07-08,Kolín,SPO,10
2026-07-08,LCU,SPO,10
2026-07-08,LCU,BPO,2
2026-07-08,Liberec,SPO,11
2026-07-08,Liberec,BPO,1
2026-07-08,Mladá Boleslav,SPO,16
2026-07-08,Mělník,SPO,15
2026-07-08,Mělník,BPO,2
2026-07-08,Olomouc,SPO,18
2026-07-08,Olomouc,BPO,2
2026-07-08,Opava,SPO,2
2026-07-08,Opava,BPO,1
2026-07-08,Ostrava,SPO,37
2026-07-08,Ostrava,BPO,9
2026-07-08,Pardubice,SPO,22
2026-07-08,Pardubice,BPO,1
2026-07-08,Plzeň město,SPO,23
2026-07-08,Plzeň město,BPO,10
2026-07-08,Pobočka Chrášťany,SPO,88
2026-07-08,Pobočka Chrášťany,BPO,20
2026-07-08,Počernice,SPO,17
2026-07-08,Počernice,BPO,2
2026-07-08,Praha - centrála,SPO,102
2026-07-08,Praha - centrála,BPO,24
2026-07-08,Prostějov,SPO,4
2026-07-08,Prostějov,BPO,1
2026-07-08,Příbram,SPO,7
2026-07-08,SKLC3,SPO,1646
2026-07-08,SKLC3,BPO,502
2026-07-08,Tábor,SPO,19
2026-07-08,Tábor,BPO,2
2026-07-08,Třebíč,SPO,6
2026-07-08,Třebíč,BPO,1
2026-07-08,Zlín,SPO,3
2026-07-08,Zlín,BPO,1
2026-07-08,Ústí nad Labem,SPO,34
2026-07-08,Ústí nad Labem,BPO,2
2026-07-08,Čakovice,SPO,29
2026-07-08,Čakovice,BPO,4
2026-07-08,České Budějovice,SPO,18
2026-07-08,České Budějovice,BPO,6
2026-07-09,Anděl,SPO,40
2026-07-09,Anděl,BPO,4
2026-07-09,Benešov,SPO,19
2026-07-09,Beroun,SPO,6
2026-07-09,Brno,SPO,5
2026-07-09,Brno,BPO,5
2026-07-09,Brno Lískovec,SPO,10
2026-07-09,Brno Lískovec,BPO,2
2026-07-09,Budějovická,SPO,33
2026-07-09,Budějovická,BPO,8
2026-07-09,Dejvice,SPO,3
2026-07-09,Dejvice,BPO,2
2026-07-09,Děčín,SPO,6
2026-07-09,Děčín,BPO,2
2026-07-09,Frýdek-Místek,SPO,7
2026-07-09,Frýdek-Místek,BPO,1
2026-07-09,HULC1,SPO,54
2026-07-09,HULC1,BPO,5
2026-07-09,Hradec,SPO,14
2026-07-09,Hradec,BPO,2
2026-07-09,Háje,SPO,36
2026-07-09,Háje,BPO,8
2026-07-09,Háje,XPO,1
2026-07-09,Jihlava,SPO,107
2026-07-09,Jihlava,BPO,6
2026-07-09,Karlovy Vary,SPO,30
2026-07-09,Kladno,SPO,1
2026-07-09,Kolín,SPO,2
2026-07-09,Kolín,BPO,1
2026-07-09,LCU,SPO,26
2026-07-09,LCU,BPO,6
2026-07-09,Liberec,SPO,8
2026-07-09,Liberec,BPO,2
2026-07-09,Mladá Boleslav,SPO,28
2026-07-09,Mladá Boleslav,BPO,3
2026-07-09,Most,SPO,25
2026-07-09,Most,BPO,5
2026-07-09,Mělník,SPO,1
2026-07-09,Mělník,BPO,1
2026-07-09,Olomouc,SPO,4
2026-07-09,Opava,SPO,1
2026-07-09,Ostrava,SPO,24
2026-07-09,Ostrava,BPO,7
2026-07-09,Pardubice,SPO,7
2026-07-09,Plzeň město,SPO,25
2026-07-09,Plzeň město,BPO,3
2026-07-09,Pobočka Chrášťany,SPO,77
2026-07-09,Pobočka Chrášťany,BPO,12
2026-07-09,Počernice,SPO,5
2026-07-09,Počernice,BPO,2
2026-07-09,Praha - centrála,SPO,119
2026-07-09,Praha - centrála,BPO,18
2026-07-09,Příbram,SPO,11
2026-07-09,Příbram,BPO,3
2026-07-09,SKLC3,SPO,1008
2026-07-09,SKLC3,BPO,383
2026-07-09,Tábor,SPO,5
2026-07-09,Tábor,BPO,1
2026-07-09,Třebíč,SPO,12
2026-07-09,Zlín,SPO,7
2026-07-09,Zlín,BPO,2
2026-07-09,Ústí nad Labem,SPO,22
2026-07-09,Ústí nad Labem,BPO,6
2026-07-09,Čakovice,SPO,25
2026-07-09,Čakovice,BPO,1
2026-07-09,České Budějovice,SPO,24
2026-07-09,České Budějovice,BPO,4
2026-07-10,Anděl,SPO,37
2026-07-10,Anděl,BPO,2
2026-07-10,Benešov,SPO,7
2026-07-10,Beroun,SPO,2
2026-07-10,Beroun,BPO,1
2026-07-10,Brno,SPO,26
2026-07-10,Brno,BPO,4
2026-07-10,Brno Lískovec,SPO,15
2026-07-10,Brno Lískovec,BPO,4
2026-07-10,Budějovická,SPO,21
2026-07-10,Budějovická,BPO,4
2026-07-10,Chomutov,SPO,1
2026-07-10,Dejvice,SPO,3
2026-07-10,Dejvice,BPO,3
2026-07-10,Děčín,SPO,6
2026-07-10,Děčín,BPO,1
2026-07-10,Frýdek-Místek,SPO,3
2026-07-10,Frýdek-Místek,BPO,1
2026-07-10,HULC1,SPO,21
2026-07-10,Hradec,SPO,6
2026-07-10,Hradec,BPO,2
2026-07-10,Háje,SPO,16
2026-07-10,Háje,BPO,3
2026-07-10,Jihlava,SPO,30
2026-07-10,Jihlava,BPO,4
2026-07-10,Karlovy Vary,SPO,5
2026-07-10,Kladno,SPO,1
2026-07-10,Kolín,SPO,1
2026-07-10,LCU,SPO,15
2026-07-10,LCU,BPO,1
2026-07-10,Liberec,SPO,28
2026-07-10,Liberec,BPO,1
2026-07-10,Mladá Boleslav,SPO,8
2026-07-10,Most,SPO,11
2026-07-10,Most,BPO,1
2026-07-10,Mělník,SPO,6
2026-07-10,Mělník,BPO,4
2026-07-10,Olomouc,SPO,34
2026-07-10,Olomouc,BPO,4
2026-07-10,Opava,SPO,1
2026-07-10,Opava,BPO,3
2026-07-10,Ostrava,SPO,19
2026-07-10,Ostrava,BPO,9
2026-07-10,Pardubice,SPO,15
2026-07-10,Pardubice,BPO,1
2026-07-10,Plzeň město,SPO,17
2026-07-10,Plzeň město,BPO,1
2026-07-10,Pobočka Chrášťany,SPO,141
2026-07-10,Pobočka Chrášťany,BPO,30
2026-07-10,Počernice,SPO,6
2026-07-10,Počernice,BPO,1
2026-07-10,Praha - centrála,SPO,91
2026-07-10,Praha - centrála,BPO,13
2026-07-10,Prostějov,SPO,1
2026-07-10,Prostějov,BPO,1
2026-07-10,Příbram,SPO,6
2026-07-10,SKLC3,SPO,1568
2026-07-10,SKLC3,BPO,294
2026-07-10,Tábor,SPO,2
2026-07-10,Třebíč,SPO,3
2026-07-10,Zlín,SPO,7
2026-07-10,Zlín,BPO,1
2026-07-10,Ústí nad Labem,SPO,19
2026-07-10,Ústí nad Labem,BPO,2
2026-07-10,Čakovice,SPO,25
2026-07-10,Čakovice,BPO,6
2026-07-10,České Budějovice,SPO,29
2026-07-10,České Budějovice,BPO,11
2026-07-11,Anděl,SPO,34
2026-07-11,Anděl,BPO,4
2026-07-11,Benešov,SPO,10
2026-07-11,Benešov,BPO,1
2026-07-11,Beroun,SPO,100
2026-07-11,Beroun,BPO,2
2026-07-11,Brno,SPO,25
2026-07-11,Brno,BPO,7
2026-07-11,Brno Lískovec,SPO,19
2026-07-11,Brno Lískovec,BPO,4
2026-07-11,Budějovická,SPO,20
2026-07-11,Budějovická,BPO,5
2026-07-11,Chomutov,SPO,13
2026-07-11,Dejvice,SPO,22
2026-07-11,Děčín,SPO,13
2026-07-11,Frýdek-Místek,SPO,20
2026-07-11,Frýdek-Místek,BPO,1
2026-07-11,Hradec,SPO,23
2026-07-11,Háje,SPO,39
2026-07-11,Háje,BPO,1
2026-07-11,Jihlava,SPO,24
2026-07-11,Jihlava,BPO,1
2026-07-11,Karlovy Vary,SPO,34
2026-07-11,Karlovy Vary,BPO,2
2026-07-11,Kladno,SPO,33
2026-07-11,Kolín,SPO,13
2026-07-11,LCU,SPO,4
2026-07-11,LCU,BPO,2
2026-07-11,Liberec,SPO,24
2026-07-11,Liberec,BPO,5
2026-07-11,Mladá Boleslav,SPO,24
2026-07-11,Mladá Boleslav,BPO,4
2026-07-11,Most,SPO,27
2026-07-11,Most,BPO,2
2026-07-11,Mělník,SPO,25
2026-07-11,Mělník,BPO,1
2026-07-11,Olomouc,SPO,33
2026-07-11,Olomouc,BPO,3
2026-07-11,Opava,SPO,13
2026-07-11,Ostrava,SPO,52
2026-07-11,Ostrava,BPO,7
2026-07-11,Pardubice,SPO,18
2026-07-11,Pardubice,BPO,1
2026-07-11,Plzeň město,SPO,15
2026-07-11,Pobočka Chrášťany,SPO,105
2026-07-11,Pobočka Chrášťany,BPO,19
2026-07-11,Počernice,SPO,10
2026-07-11,Počernice,BPO,1
2026-07-11,Praha - centrála,SPO,77
2026-07-11,Praha - centrála,BPO,24
2026-07-11,Prostějov,SPO,14
2026-07-11,Příbram,SPO,9
2026-07-11,SKLC3,SPO,897
2026-07-11,SKLC3,BPO,225
2026-07-11,Tábor,SPO,40
2026-07-11,Tábor,BPO,14
2026-07-11,Třebíč,SPO,9
2026-07-11,Zlín,SPO,14
2026-07-11,Ústí nad Labem,SPO,18
2026-07-11,Ústí nad Labem,BPO,12
2026-07-11,Čakovice,SPO,20
2026-07-11,Čakovice,BPO,1
2026-07-11,České Budějovice,SPO,15
2026-07-11,České Budějovice,BPO,2
2026-07-12,Anděl,SPO,50
2026-07-12,Anděl,BPO,8
2026-07-12,Benešov,SPO,11
2026-07-12,Benešov,BPO,3
2026-07-12,Brno,SPO,49
2026-07-12,Brno,BPO,8
2026-07-12,Brno Lískovec,SPO,23
2026-07-12,Brno Lískovec,BPO,13
2026-07-12,Budějovická,SPO,22
2026-07-12,Budějovická,BPO,9
2026-07-12,Dejvice,SPO,6
2026-07-12,Dejvice,BPO,3
2026-07-12,Děčín,SPO,14
2026-07-12,Děčín,BPO,2
2026-07-12,Frýdek-Místek,SPO,2
2026-07-12,Hradec,SPO,8
2026-07-12,Hradec,BPO,2
2026-07-12,Háje,SPO,20
2026-07-12,Háje,BPO,2
2026-07-12,Háje,XPO,1
2026-07-12,Jihlava,SPO,13
2026-07-12,Karlovy Vary,SPO,8
2026-07-12,Kladno,SPO,9
2026-07-12,Kladno,BPO,1
2026-07-12,LCU,SPO,21
2026-07-12,LCU,BPO,5
2026-07-12,Liberec,SPO,20
2026-07-12,Liberec,BPO,4
2026-07-12,Mladá Boleslav,SPO,13
2026-07-12,Mladá Boleslav,BPO,1
2026-07-12,Most,SPO,12
2026-07-12,Most,BPO,3
2026-07-12,Mělník,SPO,10
2026-07-12,Mělník,BPO,1
2026-07-12,Olomouc,SPO,22
2026-07-12,Olomouc,BPO,3
2026-07-12,Opava,SPO,8
2026-07-12,Ostrava,SPO,40
2026-07-12,Ostrava,BPO,7
2026-07-12,Pardubice,SPO,19
2026-07-12,Pardubice,BPO,4
2026-07-12,Plzeň město,SPO,39
2026-07-12,Plzeň město,BPO,5
2026-07-12,Pobočka Chrášťany,SPO,141
2026-07-12,Pobočka Chrášťany,BPO,25
2026-07-12,Počernice,SPO,15
2026-07-12,Počernice,BPO,2
2026-07-12,Praha - centrála,SPO,155
2026-07-12,Praha - centrála,BPO,35
2026-07-12,Prostějov,SPO,1
2026-07-12,Prostějov,BPO,1
2026-07-12,SKLC3,SPO,938
2026-07-12,SKLC3,BPO,427
2026-07-12,Tábor,SPO,22
2026-07-12,Tábor,BPO,2
2026-07-12,Zlín,SPO,4
2026-07-12,Ústí nad Labem,SPO,16
2026-07-12,Ústí nad Labem,BPO,2
2026-07-12,Čakovice,SPO,21
2026-07-12,Čakovice,BPO,8
2026-07-12,České Budějovice,SPO,11
2026-07-12,České Budějovice,BPO,1
2026-07-13,Anděl,SPO,62
2026-07-13,Anděl,BPO,9
2026-07-13,Benešov,SPO,12
2026-07-13,Benešov,BPO,4
2026-07-13,Beroun,SPO,16
2026-07-13,Beroun,BPO,1
2026-07-13,Brno,SPO,29
2026-07-13,Brno,BPO,3
2026-07-13,Brno Lískovec,SPO,8
2026-07-13,Brno Lískovec,BPO,4
2026-07-13,Budějovická,SPO,26
2026-07-13,Budějovická,BPO,2
2026-07-13,Chomutov,BPO,2
2026-07-13,Dejvice,SPO,4
2026-07-13,Děčín,SPO,5
2026-07-13,Děčín,BPO,2
2026-07-13,Frýdek-Místek,SPO,9
2026-07-13,Frýdek-Místek,BPO,3
2026-07-13,HULC1,SPO,1
2026-07-13,Hradec,SPO,11
2026-07-13,Hradec,BPO,3
2026-07-13,Háje,SPO,19
2026-07-13,Háje,BPO,7
2026-07-13,Jihlava,SPO,12
2026-07-13,Jihlava,BPO,2
2026-07-13,Kladno,BPO,2
2026-07-13,Kolín,SPO,5
2026-07-13,LCU,SPO,7
2026-07-13,LCU,BPO,12
2026-07-13,Liberec,SPO,32
2026-07-13,Liberec,BPO,1
2026-07-13,Mladá Boleslav,SPO,10
2026-07-13,Mladá Boleslav,BPO,1
2026-07-13,Most,SPO,2
2026-07-13,Mělník,SPO,24
2026-07-13,Mělník,BPO,1
2026-07-13,Olomouc,SPO,19
2026-07-13,Opava,SPO,1
2026-07-13,Ostrava,SPO,34
2026-07-13,Ostrava,BPO,15
2026-07-13,Pardubice,SPO,11
2026-07-13,Pardubice,BPO,2
2026-07-13,Plzeň město,SPO,26
2026-07-13,Plzeň město,BPO,5
2026-07-13,Pobočka Chrášťany,SPO,112
2026-07-13,Pobočka Chrášťany,BPO,18
2026-07-13,Počernice,SPO,19
2026-07-13,Počernice,BPO,1
2026-07-13,Praha - centrála,SPO,124
2026-07-13,Praha - centrála,BPO,29
2026-07-13,Praha - centrála,XPO,1
2026-07-13,Prostějov,SPO,2
2026-07-13,Příbram,SPO,22
2026-07-13,Příbram,BPO,2
2026-07-13,SKLC3,SPO,1547
2026-07-13,SKLC3,BPO,753
2026-07-13,Tábor,SPO,18
2026-07-13,Třebíč,SPO,3
2026-07-13,Zlín,SPO,1
2026-07-13,Ústí nad Labem,SPO,23
2026-07-13,Ústí nad Labem,BPO,4
2026-07-13,Čakovice,SPO,23
2026-07-13,Čakovice,BPO,4
2026-07-13,České Budějovice,SPO,42
2026-07-13,České Budějovice,BPO,3
2026-07-14,Anděl,SPO,49
2026-07-14,Anděl,BPO,5
2026-07-14,Benešov,SPO,4
2026-07-14,Benešov,BPO,1
2026-07-14,Beroun,SPO,27
2026-07-14,Beroun,BPO,7
2026-07-14,Brno,SPO,42
2026-07-14,Brno,BPO,8
2026-07-14,Brno Lískovec,SPO,56
2026-07-14,Brno Lískovec,BPO,1
2026-07-14,Brno Lískovec,XPO,1
2026-07-14,Budějovická,SPO,33
2026-07-14,Budějovická,BPO,5
2026-07-14,Chomutov,SPO,5
2026-07-14,Chomutov,BPO,2
2026-07-14,Dejvice,SPO,15
2026-07-14,Dejvice,BPO,1
2026-07-14,Děčín,SPO,4
2026-07-14,Děčín,BPO,1
2026-07-14,Frýdek-Místek,SPO,12
2026-07-14,Frýdek-Místek,BPO,4
2026-07-14,HULC1,SPO,1
2026-07-14,Hradec,SPO,20
2026-07-14,Hradec,BPO,9
2026-07-14,Háje,SPO,25
2026-07-14,Háje,BPO,5
2026-07-14,Jihlava,SPO,11
2026-07-14,Jihlava,BPO,1
2026-07-14,Karlovy Vary,SPO,16
2026-07-14,Karlovy Vary,BPO,1
2026-07-14,Kladno,SPO,4
2026-07-14,Kladno,BPO,2
2026-07-14,Kolín,SPO,9
2026-07-14,Kolín,BPO,2
2026-07-14,LCU,SPO,21
2026-07-14,LCU,BPO,4
2026-07-14,LCU,XPO,11
2026-07-14,Liberec,SPO,13
2026-07-14,Liberec,BPO,2
2026-07-14,Mladá Boleslav,SPO,7
2026-07-14,Mladá Boleslav,BPO,5
2026-07-14,Most,SPO,19
2026-07-14,Most,BPO,1
2026-07-14,Mělník,SPO,15
2026-07-14,Mělník,BPO,2
2026-07-14,Olomouc,SPO,16
2026-07-14,Olomouc,BPO,3
2026-07-14,Opava,SPO,2
2026-07-14,Opava,BPO,1
2026-07-14,Ostrava,SPO,27
2026-07-14,Ostrava,BPO,8
2026-07-14,Pardubice,SPO,21
2026-07-14,Pardubice,BPO,3
2026-07-14,Plzeň město,SPO,49
2026-07-14,Plzeň město,BPO,5
2026-07-14,Pobočka Chrášťany,SPO,126
2026-07-14,Pobočka Chrášťany,BPO,25
2026-07-14,Počernice,SPO,31
2026-07-14,Počernice,BPO,2
2026-07-14,Praha - centrála,SPO,105
2026-07-14,Praha - centrála,BPO,11
2026-07-14,Prostějov,SPO,3
2026-07-14,Prostějov,BPO,1
2026-07-14,Příbram,SPO,28
2026-07-14,Příbram,BPO,8
2026-07-14,SKLC3,SPO,1742
2026-07-14,SKLC3,BPO,822
2026-07-14,Tábor,SPO,11
2026-07-14,Třebíč,SPO,12
2026-07-14,Třebíč,BPO,4
2026-07-14,Zlín,SPO,26
2026-07-14,Zlín,BPO,3
2026-07-14,Ústí nad Labem,SPO,37
2026-07-14,Ústí nad Labem,BPO,8
2026-07-14,Čakovice,SPO,38
2026-07-14,Čakovice,BPO,5
2026-07-14,České Budějovice,SPO,176
2026-07-14,České Budějovice,BPO,37
2026-07-15,Anděl,SPO,35
2026-07-15,Anděl,BPO,9
2026-07-15,Benešov,SPO,20
2026-07-15,Benešov,BPO,1
2026-07-15,Beroun,SPO,35
2026-07-15,Beroun,BPO,6
2026-07-15,Brno,SPO,23
2026-07-15,Brno,BPO,1
2026-07-15,Brno Lískovec,SPO,55
2026-07-15,Brno Lískovec,BPO,5
2026-07-15,Budějovická,SPO,26
2026-07-15,Budějovická,BPO,2
2026-07-15,Chomutov,SPO,8
2026-07-15,Dejvice,SPO,17
2026-07-15,Dejvice,BPO,2
2026-07-15,Děčín,SPO,11
2026-07-15,Děčín,BPO,1
2026-07-15,Frýdek-Místek,SPO,19
2026-07-15,Frýdek-Místek,BPO,1
2026-07-15,Hradec,SPO,17
2026-07-15,Hradec,BPO,2
2026-07-15,Háje,SPO,32
2026-07-15,Háje,BPO,7
2026-07-15,Jihlava,SPO,9
2026-07-15,Jihlava,BPO,1
2026-07-15,Karlovy Vary,SPO,21
2026-07-15,Karlovy Vary,BPO,2
2026-07-15,Kladno,SPO,15
2026-07-15,Kolín,SPO,1
2026-07-15,LCU,SPO,20
2026-07-15,LCU,BPO,15
2026-07-15,Liberec,SPO,25
2026-07-15,Liberec,BPO,1
2026-07-15,Mladá Boleslav,SPO,22
2026-07-15,Mladá Boleslav,BPO,2
2026-07-15,Most,SPO,32
2026-07-15,Most,BPO,3
2026-07-15,Mělník,SPO,15
2026-07-15,Mělník,BPO,2
2026-07-15,Olomouc,SPO,19
2026-07-15,Olomouc,BPO,5
2026-07-15,Ostrava,SPO,36
2026-07-15,Ostrava,BPO,17
2026-07-15,Pardubice,SPO,26
2026-07-15,Pardubice,BPO,3
2026-07-15,Plzeň město,SPO,48
2026-07-15,Plzeň město,BPO,4
2026-07-15,Pobočka Chrášťany,SPO,159
2026-07-15,Pobočka Chrášťany,BPO,11
2026-07-15,Počernice,SPO,20
2026-07-15,Počernice,BPO,2
2026-07-15,Praha - centrála,SPO,89
2026-07-15,Praha - centrála,BPO,16
2026-07-15,Prostějov,SPO,6
2026-07-15,Příbram,SPO,14
2026-07-15,SKLC3,SPO,1272
2026-07-15,SKLC3,BPO,400
2026-07-15,Tábor,SPO,21
2026-07-15,Tábor,BPO,6
2026-07-15,Zlín,SPO,22
2026-07-15,Zlín,BPO,1
2026-07-15,Ústí nad Labem,SPO,18
2026-07-15,Čakovice,SPO,38
2026-07-15,Čakovice,BPO,3
2026-07-15,České Budějovice,SPO,29
2026-07-15,České Budějovice,BPO,7
2026-07-16,Anděl,SPO,34
2026-07-16,Anděl,BPO,6
2026-07-16,Benešov,SPO,25
2026-07-16,Benešov,BPO,7
2026-07-16,Beroun,SPO,7
2026-07-16,Brno,SPO,10
2026-07-16,Brno Lískovec,SPO,441
2026-07-16,Brno Lískovec,BPO,60
2026-07-16,Brno Lískovec,XPO,1
2026-07-16,Budějovická,SPO,16
2026-07-16,Budějovická,BPO,7
2026-07-16,Dejvice,SPO,8
2026-07-16,Dejvice,BPO,1
2026-07-16,Děčín,SPO,7
2026-07-16,Frýdek-Místek,SPO,8
2026-07-16,Frýdek-Místek,BPO,2
2026-07-16,HULC1,BPO,3
2026-07-16,Hradec,SPO,20
2026-07-16,Hradec,BPO,1
2026-07-16,Háje,SPO,9
2026-07-16,Háje,BPO,1
2026-07-16,Jihlava,SPO,10
2026-07-16,Jihlava,BPO,1
2026-07-16,Karlovy Vary,SPO,12
2026-07-16,Karlovy Vary,BPO,2
2026-07-16,Kladno,BPO,1
2026-07-16,Kolín,SPO,2
2026-07-16,LCU,SPO,49
2026-07-16,LCU,BPO,7
2026-07-16,Liberec,SPO,7
2026-07-16,Liberec,BPO,5
2026-07-16,Mladá Boleslav,SPO,12
2026-07-16,Mladá Boleslav,BPO,2
2026-07-16,Most,SPO,10
2026-07-16,Most,BPO,1
2026-07-16,Mělník,SPO,10
2026-07-16,Mělník,BPO,3
2026-07-16,Olomouc,SPO,19
2026-07-16,Olomouc,BPO,1
2026-07-16,Opava,SPO,5
2026-07-16,Opava,BPO,1
2026-07-16,Ostrava,SPO,46
2026-07-16,Ostrava,BPO,15
2026-07-16,Pardubice,SPO,6
2026-07-16,Pardubice,BPO,2
2026-07-16,Plzeň město,SPO,13
2026-07-16,Pobočka Chrášťany,SPO,86
2026-07-16,Pobočka Chrášťany,BPO,15
2026-07-16,Počernice,SPO,18
2026-07-16,Praha - centrála,SPO,85
2026-07-16,Praha - centrála,BPO,16
2026-07-16,Prostějov,BPO,1
2026-07-16,Příbram,SPO,2
2026-07-16,Příbram,BPO,1
2026-07-16,SKLC3,SPO,1125
2026-07-16,SKLC3,BPO,378
2026-07-16,Tábor,SPO,11
2026-07-16,Třebíč,SPO,2
2026-07-16,Zlín,SPO,4
2026-07-16,Ústí nad Labem,SPO,19
2026-07-16,Ústí nad Labem,BPO,3
2026-07-16,Čakovice,SPO,29
2026-07-16,Čakovice,BPO,5
2026-07-16,České Budějovice,SPO,23
2026-07-17,Anděl,SPO,34
2026-07-17,Anděl,BPO,9
2026-07-17,Benešov,SPO,15
2026-07-17,Beroun,SPO,16
2026-07-17,Beroun,BPO,3
2026-07-17,Brno,SPO,28
2026-07-17,Brno,BPO,11
2026-07-17,Brno Lískovec,SPO,6
2026-07-17,Budějovická,SPO,14
2026-07-17,Budějovická,BPO,4
2026-07-17,Chomutov,SPO,4
2026-07-17,Dejvice,SPO,10
2026-07-17,Dejvice,BPO,2
2026-07-17,Děčín,SPO,9
2026-07-17,Děčín,BPO,1
2026-07-17,Frýdek-Místek,SPO,7
2026-07-17,Frýdek-Místek,BPO,1
2026-07-17,Hradec,SPO,34
2026-07-17,Hradec,BPO,5
2026-07-17,Háje,SPO,24
2026-07-17,Háje,BPO,4
2026-07-17,Jihlava,SPO,4
2026-07-17,Jihlava,BPO,1
2026-07-17,Karlovy Vary,SPO,7
2026-07-17,Karlovy Vary,BPO,1
2026-07-17,Kladno,SPO,1
2026-07-17,Kladno,BPO,2
2026-07-17,LCU,SPO,13
2026-07-17,LCU,BPO,4
2026-07-17,Liberec,SPO,8
2026-07-17,Liberec,BPO,1
2026-07-17,Mladá Boleslav,SPO,6
2026-07-17,Mladá Boleslav,BPO,1
2026-07-17,Most,SPO,28
2026-07-17,Most,BPO,6
2026-07-17,Mělník,SPO,3
2026-07-17,Olomouc,SPO,7
2026-07-17,Olomouc,BPO,1
2026-07-17,Opava,SPO,6
2026-07-17,Opava,BPO,3
2026-07-17,Ostrava,SPO,27
2026-07-17,Ostrava,BPO,5
2026-07-17,Pardubice,SPO,9
2026-07-17,Pardubice,BPO,3
2026-07-17,Plzeň město,SPO,23
2026-07-17,Plzeň město,BPO,4
2026-07-17,Pobočka Chrášťany,SPO,131
2026-07-17,Pobočka Chrášťany,BPO,18
2026-07-17,Počernice,SPO,20
2026-07-17,Počernice,BPO,3
2026-07-17,Praha - centrála,SPO,109
2026-07-17,Praha - centrála,BPO,16
2026-07-17,Prostějov,SPO,2
2026-07-17,Příbram,SPO,14
2026-07-17,Příbram,BPO,3
2026-07-17,SKLC3,SPO,1781
2026-07-17,SKLC3,BPO,588
2026-07-17,Tábor,SPO,9
2026-07-17,Třebíč,SPO,6
2026-07-17,Třebíč,BPO,1
2026-07-17,Zlín,SPO,4
2026-07-17,Zlín,BPO,1
2026-07-17,Ústí nad Labem,SPO,12
2026-07-17,Ústí nad Labem,BPO,3
2026-07-17,Čakovice,SPO,34
2026-07-17,Čakovice,BPO,15
2026-07-17,České Budějovice,SPO,20
2026-07-17,České Budějovice,BPO,2
2026-07-18,Anděl,SPO,60
2026-07-18,Anděl,BPO,2
2026-07-18,Benešov,SPO,13
2026-07-18,Brno,SPO,24
2026-07-18,Brno,BPO,3
2026-07-18,Brno Lískovec,SPO,10
2026-07-18,Brno Lískovec,BPO,4
2026-07-18,Budějovická,SPO,37
2026-07-18,Budějovická,BPO,3
2026-07-18,Budějovická,XPO,1
2026-07-18,Dejvice,SPO,22
2026-07-18,Dejvice,BPO,3
2026-07-18,Děčín,SPO,8
2026-07-18,Děčín,BPO,3
2026-07-18,Frýdek-Místek,SPO,15
2026-07-18,Frýdek-Místek,BPO,2
2026-07-18,HULC1,SPO,2
2026-07-18,Hradec,SPO,10
2026-07-18,Hradec,BPO,2
2026-07-18,Háje,SPO,15
2026-07-18,Háje,BPO,2
2026-07-18,Jihlava,SPO,5
2026-07-18,Jihlava,BPO,1
2026-07-18,Karlovy Vary,SPO,11
2026-07-18,Karlovy Vary,BPO,8
2026-07-18,Kladno,SPO,22
2026-07-18,Kolín,BPO,2
2026-07-18,Liberec,SPO,15
2026-07-18,Liberec,BPO,1
2026-07-18,Mladá Boleslav,SPO,21
2026-07-18,Mladá Boleslav,BPO,1
2026-07-18,Most,SPO,12
2026-07-18,Most,BPO,4
2026-07-18,Mělník,SPO,10
2026-07-18,Mělník,BPO,1
2026-07-18,Olomouc,SPO,24
2026-07-18,Olomouc,BPO,2
2026-07-18,Ostrava,SPO,44
2026-07-18,Ostrava,BPO,8
2026-07-18,Pardubice,SPO,15
2026-07-18,Plzeň město,SPO,26
2026-07-18,Plzeň město,BPO,7
2026-07-18,Pobočka Chrášťany,SPO,97
2026-07-18,Pobočka Chrášťany,BPO,23
2026-07-18,Počernice,SPO,6
2026-07-18,Počernice,BPO,6
2026-07-18,Praha - centrála,SPO,155
2026-07-18,Praha - centrála,BPO,12
2026-07-18,Prostějov,SPO,8
2026-07-18,SKLC3,SPO,216
2026-07-18,SKLC3,BPO,10
2026-07-18,Tábor,SPO,16
2026-07-18,Zlín,SPO,4
2026-07-18,Ústí nad Labem,SPO,12
2026-07-18,Ústí nad Labem,BPO,3
2026-07-18,Čakovice,SPO,25
2026-07-18,Čakovice,BPO,6
2026-07-18,České Budějovice,SPO,16
2026-07-18,České Budějovice,BPO,2
2026-07-19,Anděl,SPO,40
2026-07-19,Anděl,BPO,15
2026-07-19,Benešov,SPO,8
2026-07-19,Benešov,BPO,1
2026-07-19,Brno,SPO,22
2026-07-19,Brno,BPO,3
2026-07-19,Brno Lískovec,SPO,24
2026-07-19,Brno Lískovec,BPO,6
2026-07-19,Budějovická,SPO,21
2026-07-19,Budějovická,BPO,1
2026-07-19,Dejvice,SPO,7
2026-07-19,Dejvice,BPO,1
2026-07-19,Děčín,SPO,3
2026-07-19,Děčín,BPO,2
2026-07-19,Frýdek-Místek,SPO,23
2026-07-19,Frýdek-Místek,BPO,2
2026-07-19,HULC1,SPO,6
2026-07-19,Hradec,SPO,14
2026-07-19,Hradec,BPO,3
2026-07-19,Háje,SPO,16
2026-07-19,Háje,BPO,3
2026-07-19,Jihlava,SPO,13
2026-07-19,Karlovy Vary,SPO,16
2026-07-19,Karlovy Vary,BPO,4
2026-07-19,Kladno,SPO,1
2026-07-19,Kolín,SPO,1
2026-07-19,LCU,SPO,1
2026-07-19,Liberec,SPO,18
2026-07-19,Mladá Boleslav,SPO,8
2026-07-19,Mladá Boleslav,BPO,2
2026-07-19,Most,SPO,11
2026-07-19,Most,BPO,6
2026-07-19,Mělník,SPO,11
2026-07-19,Mělník,BPO,3
2026-07-19,Olomouc,SPO,20
2026-07-19,Olomouc,BPO,3
2026-07-19,Opava,SPO,4
2026-07-19,Opava,BPO,1
2026-07-19,Ostrava,SPO,25
2026-07-19,Ostrava,BPO,12
2026-07-19,Pardubice,SPO,4
2026-07-19,Plzeň město,SPO,17
2026-07-19,Plzeň město,BPO,12
2026-07-19,Pobočka Chrášťany,SPO,127
2026-07-19,Pobočka Chrášťany,BPO,28
2026-07-19,Počernice,SPO,16
2026-07-19,Počernice,BPO,4
2026-07-19,Praha - centrála,SPO,128
2026-07-19,Praha - centrála,BPO,21
2026-07-19,Prostějov,SPO,3
2026-07-19,SKLC3,SPO,1538
2026-07-19,SKLC3,BPO,555
2026-07-19,Tábor,SPO,38
2026-07-19,Tábor,BPO,3
2026-07-19,Zlín,SPO,1
2026-07-19,Zlín,BPO,3
2026-07-19,Ústí nad Labem,SPO,10
2026-07-19,Ústí nad Labem,BPO,6
2026-07-19,Čakovice,SPO,32
2026-07-19,Čakovice,BPO,12
2026-07-19,České Budějovice,SPO,22
2026-07-19,České Budějovice,BPO,3
2026-07-20,Anděl,SPO,25
2026-07-20,Anděl,BPO,6
2026-07-20,Benešov,SPO,5
2026-07-20,Benešov,BPO,1
2026-07-20,Beroun,SPO,16
2026-07-20,Brno,SPO,16
2026-07-20,Brno,BPO,4
2026-07-20,Brno Lískovec,SPO,6
2026-07-20,Brno Lískovec,BPO,1
2026-07-20,Budějovická,SPO,33
2026-07-20,Budějovická,BPO,2
2026-07-20,Chomutov,SPO,1
2026-07-20,Dejvice,SPO,8
2026-07-20,Dejvice,BPO,1
2026-07-20,Děčín,SPO,7
2026-07-20,Děčín,BPO,1
2026-07-20,Frýdek-Místek,SPO,11
2026-07-20,Frýdek-Místek,BPO,5
2026-07-20,Hradec,SPO,3
2026-07-20,Háje,SPO,23
2026-07-20,Háje,BPO,3
2026-07-20,Jihlava,SPO,14
2026-07-20,Karlovy Vary,SPO,16
2026-07-20,Karlovy Vary,BPO,1
2026-07-20,Kladno,SPO,7
2026-07-20,Kladno,BPO,1
2026-07-20,Kolín,SPO,11
2026-07-20,Kolín,BPO,3
2026-07-20,LCU,SPO,14
2026-07-20,LCU,BPO,11
2026-07-20,Liberec,SPO,7
2026-07-20,Liberec,BPO,3
2026-07-20,Mladá Boleslav,SPO,6
2026-07-20,Most,SPO,17
2026-07-20,Most,BPO,6
2026-07-20,Mělník,SPO,15
2026-07-20,Mělník,BPO,2
2026-07-20,Olomouc,SPO,23
2026-07-20,Olomouc,BPO,3
2026-07-20,Ostrava,SPO,30
2026-07-20,Ostrava,BPO,4
2026-07-20,Pardubice,SPO,28
2026-07-20,Pardubice,BPO,2
2026-07-20,Plzeň město,SPO,32
2026-07-20,Plzeň město,BPO,5
2026-07-20,Pobočka Chrášťany,SPO,115
2026-07-20,Pobočka Chrášťany,BPO,9
2026-07-20,Počernice,SPO,33
2026-07-20,Počernice,BPO,2
2026-07-20,Praha - centrála,SPO,128
2026-07-20,Praha - centrála,BPO,12
2026-07-20,Prostějov,SPO,1
2026-07-20,Příbram,SPO,8
2026-07-20,Příbram,BPO,3
2026-07-20,SKLC3,SPO,1301
2026-07-20,SKLC3,BPO,573
2026-07-20,Tábor,SPO,7
2026-07-20,Třebíč,SPO,11
2026-07-20,Zlín,SPO,11
2026-07-20,Zlín,BPO,1
2026-07-20,Ústí nad Labem,SPO,5
2026-07-20,Ústí nad Labem,BPO,1
2026-07-20,Čakovice,SPO,40
2026-07-20,Čakovice,BPO,5
2026-07-20,České Budějovice,SPO,19
2026-07-21,Anděl,SPO,31
2026-07-21,Anděl,BPO,10
2026-07-21,Benešov,SPO,11
2026-07-21,Benešov,BPO,2
2026-07-21,Beroun,SPO,13
2026-07-21,Beroun,BPO,4
2026-07-21,Brno,SPO,31
2026-07-21,Brno,BPO,1
2026-07-21,Brno Lískovec,SPO,13
2026-07-21,Brno Lískovec,BPO,4
2026-07-21,Budějovická,SPO,18
2026-07-21,Budějovická,BPO,4
2026-07-21,Chomutov,SPO,7
2026-07-21,Chomutov,BPO,2
2026-07-21,Dejvice,SPO,12
2026-07-21,Dejvice,BPO,2
2026-07-21,Děčín,SPO,10
2026-07-21,Frýdek-Místek,SPO,9
2026-07-21,Frýdek-Místek,BPO,3
2026-07-21,Hradec,SPO,11
2026-07-21,Háje,SPO,28
2026-07-21,Háje,BPO,4
2026-07-21,Jihlava,SPO,5
2026-07-21,Karlovy Vary,SPO,13
2026-07-21,Karlovy Vary,BPO,1
2026-07-21,Kladno,SPO,1
2026-07-21,Kladno,BPO,2
2026-07-21,Kolín,SPO,1
2026-07-21,Kolín,BPO,1
2026-07-21,LCU,SPO,2
2026-07-21,LCU,BPO,1
2026-07-21,Liberec,SPO,14
2026-07-21,Mladá Boleslav,SPO,22
2026-07-21,Mladá Boleslav,BPO,1
2026-07-21,Most,SPO,18
2026-07-21,Most,BPO,4
2026-07-21,Mělník,SPO,4
2026-07-21,Mělník,BPO,1
2026-07-21,Olomouc,SPO,23
2026-07-21,Olomouc,BPO,5
2026-07-21,Opava,SPO,4
2026-07-21,Opava,BPO,1
2026-07-21,Ostrava,SPO,44
2026-07-21,Ostrava,BPO,10
2026-07-21,Pardubice,SPO,17
2026-07-21,Pardubice,BPO,1
2026-07-21,Plzeň město,SPO,35
2026-07-21,Plzeň město,BPO,4
2026-07-21,Pobočka Chrášťany,SPO,97
2026-07-21,Pobočka Chrášťany,BPO,18
2026-07-21,Počernice,SPO,16
2026-07-21,Počernice,BPO,5
2026-07-21,Praha - centrála,SPO,157
2026-07-21,Praha - centrála,BPO,12
2026-07-21,Prostějov,SPO,2
2026-07-21,Příbram,SPO,24
2026-07-21,Příbram,BPO,2
2026-07-21,SKLC3,SPO,1588
2026-07-21,SKLC3,BPO,477
2026-07-21,Tábor,SPO,10
2026-07-21,Tábor,BPO,1
2026-07-21,Třebíč,SPO,1
2026-07-21,Třebíč,BPO,4
2026-07-21,Zlín,SPO,7
2026-07-21,Zlín,BPO,2
2026-07-21,Zlín,XPO,1
2026-07-21,Ústí nad Labem,SPO,28
2026-07-21,Ústí nad Labem,BPO,1
2026-07-21,Čakovice,SPO,35
2026-07-21,Čakovice,BPO,4
2026-07-21,České Budějovice,SPO,26
2026-07-21,České Budějovice,BPO,1
2026-07-22,Anděl,SPO,39
2026-07-22,Anděl,BPO,3
2026-07-22,Benešov,SPO,14
2026-07-22,Benešov,BPO,5
2026-07-22,Beroun,SPO,6
2026-07-22,Brno,SPO,13
2026-07-22,Brno,BPO,4
2026-07-22,Brno Lískovec,SPO,19
2026-07-22,Brno Lískovec,BPO,2
2026-07-22,Budějovická,SPO,14
2026-07-22,Chomutov,SPO,1
2026-07-22,Chomutov,BPO,1
2026-07-22,Dejvice,SPO,2
2026-07-22,Dejvice,BPO,1
2026-07-22,Děčín,SPO,6
2026-07-22,Děčín,BPO,1
2026-07-22,Frýdek-Místek,SPO,11
2026-07-22,Frýdek-Místek,BPO,2
2026-07-22,Hradec,SPO,9
2026-07-22,Hradec,BPO,2
2026-07-22,Háje,SPO,11
2026-07-22,Háje,BPO,12
2026-07-22,Jihlava,SPO,5
2026-07-22,Jihlava,BPO,3
2026-07-22,Karlovy Vary,SPO,13
2026-07-22,Karlovy Vary,BPO,2
2026-07-22,Kladno,SPO,10
2026-07-22,Kolín,SPO,5
2026-07-22,Kolín,BPO,2
2026-07-22,LCU,SPO,5
2026-07-22,LCU,BPO,41
2026-07-22,Liberec,SPO,11
2026-07-22,Liberec,BPO,3
2026-07-22,Mladá Boleslav,SPO,6
2026-07-22,Most,SPO,4
2026-07-22,Most,BPO,2
2026-07-22,Mělník,SPO,11
2026-07-22,Mělník,BPO,1
2026-07-22,Olomouc,SPO,9
2026-07-22,Opava,SPO,2
2026-07-22,Ostrava,SPO,24
2026-07-22,Ostrava,BPO,3
2026-07-22,Pardubice,SPO,16
2026-07-22,Pardubice,BPO,6
2026-07-22,Plzeň město,SPO,17
2026-07-22,Plzeň město,BPO,5
2026-07-22,Pobočka Chrášťany,SPO,99
2026-07-22,Pobočka Chrášťany,BPO,15
2026-07-22,Počernice,SPO,5
2026-07-22,Počernice,BPO,4
2026-07-22,Praha - centrála,SPO,123
2026-07-22,Praha - centrála,BPO,20
2026-07-22,Příbram,SPO,12
2026-07-22,Příbram,BPO,1
2026-07-22,SKLC3,SPO,987
2026-07-22,SKLC3,BPO,304
2026-07-22,Tábor,SPO,32
2026-07-22,Tábor,BPO,4
2026-07-22,Třebíč,SPO,1
2026-07-22,Zlín,SPO,11
2026-07-22,Zlín,BPO,5
2026-07-22,Ústí nad Labem,SPO,9
2026-07-22,Ústí nad Labem,BPO,2
2026-07-22,Čakovice,SPO,24
2026-07-22,Čakovice,BPO,3
2026-07-22,České Budějovice,SPO,14
2026-07-22,České Budějovice,BPO,1
2026-07-23,Anděl,SPO,46
2026-07-23,Anděl,BPO,7
2026-07-23,Benešov,SPO,9
2026-07-23,Beroun,SPO,7
2026-07-23,Beroun,BPO,1
2026-07-23,Brno,SPO,50
2026-07-23,Brno,BPO,10
2026-07-23,Brno Lískovec,SPO,38
2026-07-23,Brno Lískovec,BPO,6
2026-07-23,Budějovická,SPO,24
2026-07-23,Budějovická,BPO,2
2026-07-23,Chomutov,SPO,14
2026-07-23,Chomutov,BPO,1
2026-07-23,Dejvice,SPO,7
2026-07-23,Děčín,SPO,3
2026-07-23,Děčín,BPO,1
2026-07-23,Frýdek-Místek,SPO,6
2026-07-23,Frýdek-Místek,BPO,1
2026-07-23,Hradec,SPO,12
2026-07-23,Háje,SPO,9
2026-07-23,Háje,BPO,1
2026-07-23,Jihlava,SPO,18
2026-07-23,Jihlava,BPO,1
2026-07-23,Karlovy Vary,SPO,12
2026-07-23,Kladno,SPO,5
2026-07-23,Kolín,SPO,10
2026-07-23,Kolín,BPO,3
2026-07-23,LCU,SPO,10
2026-07-23,LCU,BPO,4
2026-07-23,Liberec,SPO,10
2026-07-23,Liberec,BPO,2
2026-07-23,Mladá Boleslav,SPO,6
2026-07-23,Mladá Boleslav,BPO,2
2026-07-23,Most,SPO,13
2026-07-23,Mělník,SPO,15
2026-07-23,Olomouc,SPO,20
2026-07-23,Opava,SPO,10
2026-07-23,Ostrava,SPO,31
2026-07-23,Ostrava,BPO,9
2026-07-23,Pardubice,SPO,15
2026-07-23,Pardubice,BPO,2
2026-07-23,Plzeň město,SPO,15
2026-07-23,Plzeň město,BPO,2
2026-07-23,Pobočka Chrášťany,SPO,117
2026-07-23,Pobočka Chrášťany,BPO,18
2026-07-23,Počernice,SPO,5
2026-07-23,Počernice,BPO,2
2026-07-23,Praha - centrála,SPO,98
2026-07-23,Praha - centrála,BPO,19
2026-07-23,Prostějov,SPO,4
2026-07-23,Příbram,SPO,8
2026-07-23,Příbram,BPO,3
2026-07-23,SKLC3,SPO,691
2026-07-23,SKLC3,BPO,434
2026-07-23,Tábor,SPO,5
2026-07-23,Tábor,BPO,2
2026-07-23,Třebíč,SPO,6
2026-07-23,Zlín,SPO,9
2026-07-23,Ústí nad Labem,SPO,18
2026-07-23,Ústí nad Labem,BPO,2
2026-07-23,Čakovice,SPO,24
2026-07-23,Čakovice,BPO,2
2026-07-23,České Budějovice,SPO,14
2026-07-23,České Budějovice,BPO,3
2026-07-24,Anděl,SPO,39
2026-07-24,Anděl,BPO,6
2026-07-24,Benešov,SPO,1
2026-07-24,Benešov,BPO,1
2026-07-24,Beroun,SPO,7
2026-07-24,Brno,SPO,51
2026-07-24,Brno,BPO,4
2026-07-24,Brno Lískovec,SPO,14
2026-07-24,Brno Lískovec,BPO,2
2026-07-24,Budějovická,SPO,16
2026-07-24,Budějovická,BPO,4
2026-07-24,Dejvice,SPO,5
2026-07-24,Děčín,SPO,10
2026-07-24,Děčín,BPO,2
2026-07-24,Frýdek-Místek,SPO,10
2026-07-24,Frýdek-Místek,BPO,5
2026-07-24,HULC1,SPO,10
2026-07-24,Hradec,SPO,6
2026-07-24,Háje,SPO,32
2026-07-24,Háje,BPO,2
2026-07-24,Jihlava,SPO,3
2026-07-24,Karlovy Vary,SPO,7
2026-07-24,Karlovy Vary,BPO,6
2026-07-24,Kladno,SPO,1
2026-07-24,Kolín,SPO,3
2026-07-24,Kolín,BPO,3
2026-07-24,LCU,SPO,33
2026-07-24,LCU,BPO,3
2026-07-24,Liberec,SPO,19
2026-07-24,Liberec,BPO,2
2026-07-24,Mladá Boleslav,SPO,18
2026-07-24,Mladá Boleslav,BPO,5
2026-07-24,Most,SPO,6
2026-07-24,Mělník,SPO,6
2026-07-24,Olomouc,SPO,15
2026-07-24,Olomouc,BPO,4
2026-07-24,Opava,SPO,1
2026-07-24,Ostrava,SPO,23
2026-07-24,Ostrava,BPO,11
2026-07-24,Pardubice,SPO,10
2026-07-24,Plzeň město,SPO,15
2026-07-24,Plzeň město,BPO,1
2026-07-24,Pobočka Chrášťany,SPO,225
2026-07-24,Pobočka Chrášťany,BPO,25
2026-07-24,Počernice,SPO,11
2026-07-24,Počernice,BPO,2
2026-07-24,Praha - centrála,SPO,127
2026-07-24,Praha - centrála,BPO,25
2026-07-24,Příbram,SPO,7
2026-07-24,Příbram,BPO,1
2026-07-24,SKLC3,SPO,967
2026-07-24,SKLC3,BPO,417
2026-07-24,Tábor,SPO,9
2026-07-24,Třebíč,SPO,5
2026-07-24,Třebíč,BPO,3
2026-07-24,Zlín,SPO,10
2026-07-24,Zlín,BPO,1
2026-07-24,Ústí nad Labem,SPO,19
2026-07-24,Ústí nad Labem,BPO,3
2026-07-24,Čakovice,SPO,15
2026-07-24,Čakovice,BPO,4
2026-07-24,České Budějovice,SPO,18
2026-07-24,České Budějovice,BPO,8
2026-07-25,Anděl,SPO,31
2026-07-25,Anděl,BPO,9
2026-07-25,Benešov,SPO,8
2026-07-25,Brno,SPO,14
2026-07-25,Brno Lískovec,SPO,18
2026-07-25,Brno Lískovec,BPO,5
2026-07-25,Budějovická,SPO,20
2026-07-25,Budějovická,BPO,2
2026-07-25,Dejvice,SPO,24
2026-07-25,Děčín,SPO,4
2026-07-25,Děčín,BPO,1
2026-07-25,Frýdek-Místek,SPO,16
2026-07-25,Frýdek-Místek,BPO,1
2026-07-25,HULC1,SPO,23
2026-07-25,Hradec,SPO,26
2026-07-25,Hradec,BPO,2
2026-07-25,Háje,SPO,29
2026-07-25,Háje,BPO,1
2026-07-25,Jihlava,SPO,9
2026-07-25,Karlovy Vary,SPO,18
2026-07-25,Kladno,SPO,1
2026-07-25,Kladno,BPO,1
2026-07-25,Kolín,SPO,2
2026-07-25,Kolín,BPO,1
2026-07-25,LCU,SPO,16
2026-07-25,LCU,BPO,2
2026-07-25,Liberec,SPO,10
2026-07-25,Mladá Boleslav,SPO,11
2026-07-25,Most,SPO,9
2026-07-25,Most,BPO,2
2026-07-25,Mělník,SPO,29
2026-07-25,Mělník,BPO,1
2026-07-25,Olomouc,SPO,36
2026-07-25,Ostrava,SPO,29
2026-07-25,Ostrava,BPO,6
2026-07-25,Pardubice,SPO,20
2026-07-25,Plzeň město,SPO,20
2026-07-25,Plzeň město,BPO,2
2026-07-25,Pobočka Chrášťany,SPO,164
2026-07-25,Pobočka Chrášťany,BPO,31
2026-07-25,Počernice,SPO,43
2026-07-25,Počernice,BPO,4
2026-07-25,Praha - centrála,SPO,192
2026-07-25,Praha - centrála,BPO,27
2026-07-25,Prostějov,BPO,1
2026-07-25,Příbram,SPO,1
2026-07-25,SKLC3,SPO,789
2026-07-25,SKLC3,BPO,264
2026-07-25,Tábor,SPO,9
2026-07-25,Třebíč,SPO,1
2026-07-25,Zlín,SPO,17
2026-07-25,Ústí nad Labem,SPO,21
2026-07-25,Ústí nad Labem,BPO,3
2026-07-25,Čakovice,SPO,27
2026-07-25,Čakovice,BPO,12
2026-07-25,České Budějovice,SPO,11
2026-07-25,České Budějovice,BPO,2
2026-07-26,Anděl,SPO,44
2026-07-26,Anděl,BPO,8
2026-07-26,Benešov,SPO,11
2026-07-26,Brno,SPO,10
2026-07-26,Brno,BPO,3
2026-07-26,Brno Lískovec,SPO,4
2026-07-26,Budějovická,SPO,9
2026-07-26,Budějovická,BPO,2
2026-07-26,Dejvice,SPO,7
2026-07-26,Děčín,SPO,10
2026-07-26,Frýdek-Místek,SPO,6
2026-07-26,Hradec,SPO,59
2026-07-26,Hradec,BPO,15
2026-07-26,Háje,SPO,17
2026-07-26,Háje,BPO,1
2026-07-26,Jihlava,SPO,18
2026-07-26,Jihlava,BPO,2
2026-07-26,Karlovy Vary,SPO,10
2026-07-26,Karlovy Vary,BPO,1
2026-07-26,Kladno,SPO,7
2026-07-26,Kladno,BPO,3
2026-07-26,Kolín,SPO,7
2026-07-26,Kolín,BPO,1
2026-07-26,LCU,SPO,30
2026-07-26,LCU,BPO,21
2026-07-26,Liberec,SPO,6
2026-07-26,Liberec,BPO,3
2026-07-26,Mladá Boleslav,SPO,6
2026-07-26,Mladá Boleslav,BPO,5
2026-07-26,Most,SPO,5
2026-07-26,Most,BPO,1
2026-07-26,Mělník,SPO,6
2026-07-26,Olomouc,SPO,13
2026-07-26,Olomouc,BPO,3
2026-07-26,Opava,SPO,6
2026-07-26,Opava,BPO,1
2026-07-26,Ostrava,SPO,37
2026-07-26,Ostrava,BPO,7
2026-07-26,Pardubice,SPO,13
2026-07-26,Pardubice,BPO,4
2026-07-26,Plzeň město,SPO,27
2026-07-26,Plzeň město,BPO,8
2026-07-26,Pobočka Chrášťany,SPO,154
2026-07-26,Pobočka Chrášťany,BPO,23
2026-07-26,Počernice,SPO,10
2026-07-26,Počernice,BPO,4
2026-07-26,Praha - centrála,SPO,185
2026-07-26,Praha - centrála,BPO,22
2026-07-26,Praha - centrála,XPO,1
2026-07-26,SKLC3,SPO,731
2026-07-26,SKLC3,BPO,392
2026-07-26,Tábor,SPO,10
2026-07-26,Zlín,SPO,5
2026-07-26,Ústí nad Labem,SPO,8
2026-07-26,Čakovice,SPO,35
2026-07-26,Čakovice,BPO,11
2026-07-26,České Budějovice,SPO,16
2026-07-26,České Budějovice,BPO,3
2026-07-27,Anděl,SPO,41
2026-07-27,Anděl,BPO,5
2026-07-27,Benešov,SPO,10
2026-07-27,Benešov,BPO,1
2026-07-27,Beroun,SPO,28
2026-07-27,Beroun,BPO,4
2026-07-27,Brno,SPO,15
2026-07-27,Brno Lískovec,SPO,27
2026-07-27,Brno Lískovec,BPO,5
2026-07-27,Budějovická,SPO,8
2026-07-27,Budějovická,BPO,2
2026-07-27,Chomutov,SPO,2
2026-07-27,Dejvice,SPO,14
2026-07-27,Dejvice,BPO,4
2026-07-27,Děčín,SPO,6
2026-07-27,Děčín,BPO,1
2026-07-27,Frýdek-Místek,SPO,2
2026-07-27,HULC1,SPO,2
2026-07-27,Hradec,SPO,20
2026-07-27,Hradec,BPO,1
2026-07-27,Háje,SPO,25
2026-07-27,Háje,BPO,10
2026-07-27,Jihlava,SPO,3
2026-07-27,Karlovy Vary,SPO,24
2026-07-27,Karlovy Vary,BPO,1
2026-07-27,Kladno,SPO,4
2026-07-27,Kladno,BPO,3
2026-07-27,LCU,SPO,18
2026-07-27,LCU,BPO,29
2026-07-27,Liberec,SPO,15
2026-07-27,Liberec,BPO,1
2026-07-27,Mladá Boleslav,SPO,11
2026-07-27,Most,SPO,13
2026-07-27,Most,BPO,2
2026-07-27,Mělník,SPO,39
2026-07-27,Olomouc,SPO,16
2026-07-27,Olomouc,BPO,2
2026-07-27,Ostrava,SPO,43
2026-07-27,Ostrava,BPO,7
2026-07-27,Pardubice,SPO,26
2026-07-27,Pardubice,BPO,8
2026-07-27,Plzeň město,SPO,18
2026-07-27,Plzeň město,BPO,3
2026-07-27,Pobočka Chrášťany,SPO,132
2026-07-27,Pobočka Chrášťany,BPO,19
2026-07-27,Počernice,SPO,13
2026-07-27,Počernice,BPO,1
2026-07-27,Praha - centrála,SPO,139
2026-07-27,Praha - centrála,BPO,33
2026-07-27,Prostějov,SPO,1
2026-07-27,Příbram,SPO,14
2026-07-27,Příbram,BPO,1
2026-07-27,SKLC3,SPO,1112
2026-07-27,SKLC3,BPO,385
2026-07-27,Tábor,SPO,6
2026-07-27,Tábor,BPO,1
2026-07-27,Třebíč,SPO,8
2026-07-27,Třebíč,BPO,1
2026-07-27,Zlín,SPO,1
2026-07-27,Ústí nad Labem,SPO,20
2026-07-27,Ústí nad Labem,BPO,2
2026-07-27,České Budějovice,SPO,13
2026-07-27,České Budějovice,BPO,6
2026-07-28,Anděl,SPO,34
2026-07-28,Anděl,BPO,2
2026-07-28,Benešov,SPO,4
2026-07-28,Beroun,SPO,8
2026-07-28,Brno,SPO,19
2026-07-28,Brno,BPO,3
2026-07-28,Brno Lískovec,SPO,7
2026-07-28,Budějovická,SPO,15
2026-07-28,Budějovická,BPO,4
2026-07-28,Chomutov,SPO,7
2026-07-28,Dejvice,SPO,9
2026-07-28,Dejvice,BPO,1
2026-07-28,Děčín,SPO,5
2026-07-28,Děčín,BPO,2
2026-07-28,Frýdek-Místek,SPO,9
2026-07-28,Frýdek-Místek,BPO,2
2026-07-28,HULC1,SPO,3
2026-07-28,Hradec,SPO,11
2026-07-28,Hradec,BPO,1
2026-07-28,Háje,SPO,23
2026-07-28,Háje,BPO,4
2026-07-28,Jihlava,SPO,15
2026-07-28,Jihlava,BPO,1
2026-07-28,Karlovy Vary,SPO,1
2026-07-28,Karlovy Vary,BPO,1
2026-07-28,Kladno,SPO,1
2026-07-28,Kolín,SPO,1
2026-07-28,LCU,SPO,37
2026-07-28,LCU,BPO,3
2026-07-28,Liberec,SPO,15
2026-07-28,Liberec,BPO,2
2026-07-28,Mladá Boleslav,SPO,17
2026-07-28,Mladá Boleslav,BPO,2
2026-07-28,Most,SPO,9
2026-07-28,Most,BPO,3
2026-07-28,Mělník,SPO,5
2026-07-28,Olomouc,SPO,7
2026-07-28,Opava,SPO,1
2026-07-28,Ostrava,SPO,24
2026-07-28,Ostrava,BPO,4
2026-07-28,Pardubice,SPO,25
2026-07-28,Pardubice,BPO,4
2026-07-28,Plzeň město,SPO,11
2026-07-28,Plzeň město,BPO,4
2026-07-28,Pobočka Chrášťany,SPO,97
2026-07-28,Pobočka Chrášťany,BPO,21
2026-07-28,Počernice,SPO,23
2026-07-28,Počernice,BPO,6
2026-07-28,Praha - centrála,SPO,197
2026-07-28,Praha - centrála,BPO,63
2026-07-28,Prostějov,SPO,1
2026-07-28,Příbram,SPO,26
2026-07-28,Příbram,BPO,3
2026-07-28,SKLC3,SPO,1455
2026-07-28,SKLC3,BPO,328
2026-07-28,Tábor,SPO,8
2026-07-28,Tábor,BPO,3
2026-07-28,Třebíč,SPO,5
2026-07-28,Zlín,SPO,8
2026-07-28,Zlín,BPO,2
2026-07-28,Ústí nad Labem,SPO,5
2026-07-28,Ústí nad Labem,BPO,1
2026-07-28,České Budějovice,SPO,14
2026-07-28,České Budějovice,BPO,1
2026-07-29,Anděl,SPO,26
2026-07-29,Anděl,BPO,2
2026-07-29,Benešov,SPO,3
2026-07-29,Beroun,SPO,3
2026-07-29,Beroun,BPO,2
2026-07-29,Brno,SPO,30
2026-07-29,Brno,BPO,6
2026-07-29,Brno Lískovec,SPO,22
2026-07-29,Brno Lískovec,BPO,6
2026-07-29,Brno Lískovec,XPO,1
2026-07-29,Budějovická,SPO,18
2026-07-29,Budějovická,BPO,7
2026-07-29,Chomutov,SPO,1
2026-07-29,Dejvice,SPO,1
2026-07-29,Děčín,SPO,5
2026-07-29,Děčín,BPO,1
2026-07-29,Frýdek-Místek,SPO,10
2026-07-29,HULC1,SPO,28
2026-07-29,Hradec,SPO,10
2026-07-29,Hradec,BPO,2
2026-07-29,Háje,SPO,3
2026-07-29,Háje,BPO,4
2026-07-29,Jihlava,SPO,14
2026-07-29,Karlovy Vary,SPO,12
2026-07-29,Karlovy Vary,BPO,2
2026-07-29,Kladno,SPO,1
2026-07-29,LCU,SPO,4
2026-07-29,LCU,BPO,4
2026-07-29,Liberec,SPO,7
2026-07-29,Mladá Boleslav,SPO,8
2026-07-29,Mladá Boleslav,BPO,1
2026-07-29,Most,SPO,6
2026-07-29,Most,BPO,2
2026-07-29,Mělník,SPO,9
2026-07-29,Olomouc,SPO,9
2026-07-29,Olomouc,BPO,1
2026-07-29,Ostrava,SPO,16
2026-07-29,Ostrava,BPO,7
2026-07-29,Pardubice,SPO,11
2026-07-29,Pardubice,BPO,3
2026-07-29,Plzeň město,SPO,14
2026-07-29,Plzeň město,BPO,3
2026-07-29,Pobočka Chrášťany,SPO,108
2026-07-29,Pobočka Chrášťany,BPO,16
2026-07-29,Počernice,SPO,10
2026-07-29,Počernice,BPO,3
2026-07-29,Praha - centrála,SPO,146
2026-07-29,Praha - centrála,BPO,27
2026-07-29,Příbram,SPO,18
2026-07-29,SKLC3,SPO,852
2026-07-29,SKLC3,BPO,343
2026-07-29,Tábor,SPO,8
2026-07-29,Tábor,BPO,3
2026-07-29,Zlín,SPO,1
2026-07-29,Zlín,BPO,2
2026-07-29,Ústí nad Labem,SPO,7
2026-07-29,Ústí nad Labem,BPO,4
2026-07-29,Čakovice,SPO,19
2026-07-29,Čakovice,BPO,7
2026-07-29,České Budějovice,SPO,20
2026-07-29,České Budějovice,BPO,10
2026-07-30,Anděl,SPO,38
2026-07-30,Anděl,BPO,1
2026-07-30,Benešov,SPO,3
2026-07-30,Beroun,SPO,8
2026-07-30,Beroun,BPO,2
2026-07-30,Brno,SPO,10
2026-07-30,Brno,BPO,1
2026-07-30,Brno Lískovec,SPO,28
2026-07-30,Brno Lískovec,BPO,6
2026-07-30,Budějovická,SPO,25
2026-07-30,Dejvice,SPO,3
2026-07-30,Dejvice,BPO,1
2026-07-30,Děčín,SPO,3
2026-07-30,Děčín,BPO,2
2026-07-30,Frýdek-Místek,SPO,26
2026-07-30,Frýdek-Místek,BPO,7
2026-07-30,HULC1,SPO,47
2026-07-30,HULC1,BPO,2
2026-07-30,Hradec,SPO,29
2026-07-30,Hradec,BPO,6
2026-07-30,Háje,SPO,13
2026-07-30,Jihlava,SPO,2
2026-07-30,Jihlava,BPO,2
2026-07-30,Karlovy Vary,SPO,15
2026-07-30,Karlovy Vary,BPO,2
2026-07-30,Kladno,SPO,21
2026-07-30,Kladno,BPO,6
2026-07-30,Kolín,SPO,1
2026-07-30,Kolín,BPO,1
2026-07-30,LCU,SPO,19
2026-07-30,LCU,BPO,5
2026-07-30,Liberec,SPO,8
2026-07-30,Liberec,BPO,1
2026-07-30,Mladá Boleslav,SPO,21
2026-07-30,Mladá Boleslav,BPO,1
2026-07-30,Most,SPO,25
2026-07-30,Most,BPO,6
2026-07-30,Mělník,SPO,23
2026-07-30,Mělník,BPO,3
2026-07-30,Olomouc,SPO,28
2026-07-30,Olomouc,BPO,1
2026-07-30,Opava,SPO,3
2026-07-30,Opava,BPO,1
2026-07-30,Ostrava,SPO,22
2026-07-30,Ostrava,BPO,13
2026-07-30,Pardubice,SPO,35
2026-07-30,Pardubice,BPO,5
2026-07-30,Plzeň město,SPO,19
2026-07-30,Plzeň město,BPO,2
2026-07-30,Pobočka Chrášťany,SPO,115
2026-07-30,Pobočka Chrášťany,BPO,9
2026-07-30,Počernice,SPO,9
2026-07-30,Praha - centrála,SPO,130
2026-07-30,Praha - centrála,BPO,22
2026-07-30,SKLC3,SPO,1141
2026-07-30,SKLC3,BPO,641
2026-07-30,Tábor,SPO,20
2026-07-30,Tábor,BPO,5
2026-07-30,Třebíč,SPO,1
2026-07-30,Třebíč,BPO,1
2026-07-30,Zlín,SPO,1
2026-07-30,Zlín,BPO,1
2026-07-30,Ústí nad Labem,SPO,26
2026-07-30,Ústí nad Labem,BPO,5
2026-07-30,Čakovice,SPO,33
2026-07-30,Čakovice,BPO,14
2026-07-30,České Budějovice,SPO,16
2026-07-30,České Budějovice,BPO,1
2026-07-31,Anděl,SPO,45
2026-07-31,Anděl,BPO,7
2026-07-31,Benešov,SPO,12
2026-07-31,Beroun,SPO,1
2026-07-31,Brno,SPO,22
2026-07-31,Brno,BPO,5
2026-07-31,Brno Lískovec,SPO,4
2026-07-31,Budějovická,SPO,21
2026-07-31,Chomutov,SPO,1
2026-07-31,Chomutov,BPO,1
2026-07-31,Dejvice,SPO,4
2026-07-31,Dejvice,BPO,2
2026-07-31,Děčín,SPO,5
2026-07-31,Děčín,BPO,1
2026-07-31,Frýdek-Místek,SPO,19
2026-07-31,HULC1,SPO,1
2026-07-31,HULC1,BPO,3
2026-07-31,Hradec,SPO,9
2026-07-31,Hradec,BPO,4
2026-07-31,Hradec,XPO,6
2026-07-31,Háje,SPO,13
2026-07-31,Háje,BPO,4
2026-07-31,Jihlava,SPO,4
2026-07-31,Karlovy Vary,SPO,11
2026-07-31,Karlovy Vary,BPO,1
2026-07-31,Kladno,SPO,5
2026-07-31,Kolín,SPO,3
2026-07-31,LCU,SPO,3
2026-07-31,LCU,BPO,1
2026-07-31,Liberec,SPO,4
2026-07-31,Liberec,BPO,1
2026-07-31,Mladá Boleslav,SPO,18
2026-07-31,Mladá Boleslav,BPO,1
2026-07-31,Most,SPO,5
2026-07-31,Mělník,SPO,3
2026-07-31,Olomouc,SPO,20
2026-07-31,Olomouc,BPO,2
2026-07-31,Opava,SPO,3
2026-07-31,Ostrava,SPO,33
2026-07-31,Ostrava,BPO,13
2026-07-31,Pardubice,SPO,15
2026-07-31,Plzeň město,SPO,13
2026-07-31,Plzeň město,BPO,2
2026-07-31,Pobočka Chrášťany,SPO,96
2026-07-31,Pobočka Chrášťany,BPO,14
2026-07-31,Počernice,SPO,17
2026-07-31,Praha - centrála,SPO,156
2026-07-31,Praha - centrála,BPO,17
2026-07-31,Příbram,SPO,8
2026-07-31,SKLC3,SPO,902
2026-07-31,SKLC3,BPO,486
2026-07-31,Tábor,SPO,9
2026-07-31,Tábor,BPO,8
2026-07-31,Třebíč,SPO,2
2026-07-31,Zlín,SPO,6
2026-07-31,Ústí nad Labem,SPO,8
2026-07-31,Ústí nad Labem,BPO,2
2026-07-31,České Budějovice,SPO,16
2026-07-31,České Budějovice,BPO,4
2026-08-01,Anděl,SPO,43
2026-08-01,Anděl,BPO,5
2026-08-01,Benešov,SPO,14
2026-08-01,Benešov,BPO,3
2026-08-01,Brno,SPO,38
2026-08-01,Brno,BPO,11
2026-08-01,Brno Lískovec,SPO,22
2026-08-01,Brno Lískovec,BPO,2
2026-08-01,Budějovická,SPO,17
2026-08-01,Budějovická,BPO,14
2026-08-01,Dejvice,SPO,12
2026-08-01,Dejvice,BPO,1
2026-08-01,Děčín,SPO,6
2026-08-01,Frýdek-Místek,SPO,10
2026-08-01,HULC1,SPO,1
2026-08-01,Hradec,SPO,25
2026-08-01,Hradec,BPO,1
2026-08-01,Háje,SPO,18
2026-08-01,Háje,BPO,3
2026-08-01,Jihlava,SPO,6
2026-08-01,Karlovy Vary,SPO,8
2026-08-01,Karlovy Vary,BPO,1
2026-08-01,Kladno,SPO,3
2026-08-01,Kladno,BPO,3
2026-08-01,Kolín,SPO,2
2026-08-01,LCU,SPO,2
2026-08-01,LCU,BPO,1
2026-08-01,Liberec,SPO,20
2026-08-01,Liberec,BPO,3
2026-08-01,Mladá Boleslav,SPO,16
2026-08-01,Mladá Boleslav,BPO,1
2026-08-01,Most,SPO,6
2026-08-01,Most,BPO,3
2026-08-01,Mělník,SPO,8
2026-08-01,Olomouc,SPO,31
2026-08-01,Olomouc,BPO,8
2026-08-01,Opava,SPO,1
2026-08-01,Ostrava,SPO,35
2026-08-01,Ostrava,BPO,9
2026-08-01,Pardubice,SPO,12
2026-08-01,Pardubice,BPO,4
2026-08-01,Plzeň město,SPO,19
2026-08-01,Plzeň město,BPO,4
2026-08-01,Pobočka Chrášťany,SPO,90
2026-08-01,Pobočka Chrášťany,BPO,30
2026-08-01,Počernice,SPO,18
2026-08-01,Počernice,BPO,2
2026-08-01,Praha - centrála,SPO,182
2026-08-01,Praha - centrála,BPO,35
2026-08-01,Prostějov,SPO,1
2026-08-01,SKLC3,SPO,672
2026-08-01,SKLC3,BPO,226
2026-08-01,Tábor,SPO,8
2026-08-01,Tábor,BPO,2
2026-08-01,Třebíč,SPO,2
2026-08-01,Zlín,SPO,6
2026-08-01,Ústí nad Labem,SPO,13
2026-08-01,Ústí nad Labem,BPO,1
2026-08-01,České Budějovice,SPO,17
2026-08-01,České Budějovice,BPO,2
2026-08-02,Anděl,SPO,29
2026-08-02,Anděl,BPO,13
2026-08-02,Benešov,SPO,12
2026-08-02,Brno,SPO,6
2026-08-02,Brno,BPO,3
2026-08-02,Brno Lískovec,SPO,10
2026-08-02,Brno Lískovec,BPO,3
2026-08-02,Budějovická,SPO,26
2026-08-02,Budějovická,BPO,11
2026-08-02,Dejvice,SPO,5
2026-08-02,Dejvice,BPO,1
2026-08-02,Děčín,SPO,11
2026-08-02,Frýdek-Místek,SPO,6
2026-08-02,Hradec,SPO,7
2026-08-02,Hradec,BPO,4
2026-08-02,Háje,SPO,16
2026-08-02,Háje,BPO,1
2026-08-02,Jihlava,SPO,4
2026-08-02,Karlovy Vary,SPO,12
2026-08-02,Karlovy Vary,BPO,1
2026-08-02,Kladno,SPO,1
2026-08-02,Kladno,BPO,2
2026-08-02,LCU,SPO,3
2026-08-02,LCU,BPO,10
2026-08-02,Liberec,SPO,2
2026-08-02,Liberec,BPO,1
2026-08-02,Mladá Boleslav,SPO,16
2026-08-02,Mladá Boleslav,BPO,1
2026-08-02,Most,SPO,18
2026-08-02,Mělník,SPO,14
2026-08-02,Mělník,BPO,1
2026-08-02,Olomouc,SPO,6
2026-08-02,Olomouc,BPO,1
2026-08-02,Opava,SPO,1
2026-08-02,Opava,BPO,1
2026-08-02,Ostrava,SPO,12
2026-08-02,Ostrava,BPO,14
2026-08-02,Pardubice,SPO,9
2026-08-02,Pardubice,BPO,2
2026-08-02,Plzeň město,SPO,16
2026-08-02,Plzeň město,BPO,2
2026-08-02,Pobočka Chrášťany,SPO,95
2026-08-02,Pobočka Chrášťany,BPO,17
2026-08-02,Počernice,SPO,6
2026-08-02,Praha - centrála,SPO,197
2026-08-02,Praha - centrála,BPO,30
2026-08-02,Prostějov,SPO,7
2026-08-02,SKLC3,SPO,787
2026-08-02,SKLC3,BPO,202
2026-08-02,Tábor,SPO,13
2026-08-02,Tábor,BPO,4
2026-08-02,Zlín,SPO,2
2026-08-02,Ústí nad Labem,SPO,2
2026-08-02,Ústí nad Labem,BPO,3
2026-08-02,České Budějovice,SPO,32
2026-08-02,České Budějovice,BPO,3
2026-08-03,Anděl,SPO,28
2026-08-03,Anděl,BPO,4
2026-08-03,Benešov,SPO,4
2026-08-03,Beroun,SPO,21
2026-08-03,Beroun,BPO,4
2026-08-03,Brno,SPO,17
2026-08-03,Brno,BPO,6
2026-08-03,Brno Lískovec,SPO,14
2026-08-03,Brno Lískovec,BPO,2
2026-08-03,Budějovická,SPO,31
2026-08-03,Budějovická,BPO,6
2026-08-03,Chomutov,SPO,3
2026-08-03,Dejvice,SPO,5
2026-08-03,Děčín,SPO,10
2026-08-03,Děčín,BPO,4
2026-08-03,Frýdek-Místek,SPO,7
2026-08-03,Frýdek-Místek,BPO,4
2026-08-03,HULC1,SPO,1
2026-08-03,HULC1,BPO,1
2026-08-03,Hradec,SPO,20
2026-08-03,Hradec,BPO,5
2026-08-03,Háje,SPO,18
2026-08-03,Háje,BPO,1
2026-08-03,Jihlava,SPO,16
2026-08-03,Jihlava,BPO,1
2026-08-03,Karlovy Vary,SPO,10
2026-08-03,Karlovy Vary,BPO,3
2026-08-03,Kolín,SPO,3
2026-08-03,LCU,SPO,27
2026-08-03,LCU,BPO,88
2026-08-03,Liberec,SPO,7
2026-08-03,Liberec,BPO,2
2026-08-03,Mladá Boleslav,SPO,21
2026-08-03,Mladá Boleslav,BPO,1
2026-08-03,Most,SPO,9
2026-08-03,Most,BPO,1
2026-08-03,Mělník,SPO,17
2026-08-03,Mělník,BPO,4
2026-08-03,Olomouc,SPO,4
2026-08-03,Olomouc,BPO,1
2026-08-03,Opava,SPO,2
2026-08-03,Ostrava,SPO,58
2026-08-03,Ostrava,BPO,19
2026-08-03,Pardubice,SPO,18
2026-08-03,Pardubice,BPO,4
2026-08-03,Plzeň město,SPO,29
2026-08-03,Plzeň město,BPO,4
2026-08-03,Pobočka Chrášťany,SPO,78
2026-08-03,Pobočka Chrášťany,BPO,18
2026-08-03,Počernice,SPO,17
2026-08-03,Praha - centrála,SPO,121
2026-08-03,Praha - centrála,BPO,13
2026-08-03,Příbram,SPO,8
2026-08-03,Příbram,BPO,5
2026-08-03,SKLC3,SPO,819
2026-08-03,SKLC3,BPO,394
2026-08-03,Tábor,SPO,4
2026-08-03,Tábor,BPO,1
2026-08-03,Třebíč,SPO,7
2026-08-03,Zlín,BPO,1
2026-08-03,Ústí nad Labem,SPO,16
2026-08-03,Čakovice,SPO,38
2026-08-03,Čakovice,BPO,17
2026-08-03,České Budějovice,SPO,12
2026-08-03,České Budějovice,BPO,2
2026-08-04,Anděl,SPO,17
2026-08-04,Benešov,SPO,9
2026-08-04,Benešov,BPO,9
2026-08-04,Beroun,SPO,7
2026-08-04,Beroun,BPO,1
2026-08-04,Budějovická,SPO,31
2026-08-04,Budějovická,BPO,7
2026-08-04,Dejvice,SPO,2
2026-08-04,Dejvice,BPO,8
2026-08-04,Děčín,SPO,6
2026-08-04,Frýdek-Místek,SPO,8
2026-08-04,HULC1,SPO,10
2026-08-04,HULC1,BPO,2
2026-08-04,Hradec,SPO,10
2026-08-04,Hradec,BPO,9
2026-08-04,Háje,SPO,22
2026-08-04,Jihlava,SPO,4
2026-08-04,Jihlava,BPO,3
2026-08-04,Karlovy Vary,SPO,9
2026-08-04,Kladno,SPO,7
2026-08-04,Kladno,BPO,1
2026-08-04,Kolín,SPO,6
2026-08-04,Kolín,BPO,1
2026-08-04,LCU,SPO,12
2026-08-04,LCU,BPO,4
2026-08-04,Liberec,SPO,13
2026-08-04,Liberec,BPO,1
2026-08-04,Mladá Boleslav,SPO,3
2026-08-04,Mladá Boleslav,BPO,1
2026-08-04,Most,SPO,6
2026-08-04,Mělník,SPO,15
2026-08-04,Mělník,BPO,1
2026-08-04,Opava,SPO,2
2026-08-04,Ostrava,SPO,45
2026-08-04,Ostrava,BPO,8
2026-08-04,Pardubice,SPO,8
2026-08-04,Plzeň město,SPO,32
2026-08-04,Plzeň město,BPO,2
2026-08-04,Pobočka Chrášťany,SPO,101
2026-08-04,Pobočka Chrášťany,BPO,14
2026-08-04,Počernice,SPO,14
2026-08-04,Počernice,BPO,2
2026-08-04,Praha - centrála,SPO,91
2026-08-04,Praha - centrála,BPO,12
2026-08-04,Příbram,SPO,12
2026-08-04,Příbram,BPO,1
2026-08-04,SKLC3,SPO,1365
2026-08-04,SKLC3,BPO,160
2026-08-04,Tábor,SPO,4
2026-08-04,Třebíč,SPO,2
2026-08-04,Třebíč,BPO,1
2026-08-04,Ústí nad Labem,SPO,13
2026-08-04,Ústí nad Labem,BPO,2
2026-08-04,Čakovice,SPO,32
2026-08-04,Čakovice,BPO,11
2026-08-04,České Budějovice,SPO,4
2026-08-04,České Budějovice,BPO,1
2026-08-05,Anděl,SPO,10
2026-08-05,Anděl,BPO,3
2026-08-05,Benešov,SPO,5
2026-08-05,Benešov,BPO,3
2026-08-05,Budějovická,SPO,4
2026-08-05,Budějovická,BPO,2
2026-08-05,Chomutov,SPO,3
2026-08-05,Chomutov,BPO,3
2026-08-05,Dejvice,SPO,2
2026-08-05,Děčín,SPO,4
2026-08-05,Frýdek-Místek,SPO,4
2026-08-05,Frýdek-Místek,BPO,1
2026-08-05,HULC1,SPO,14
2026-08-05,HULC1,BPO,8
2026-08-05,Hradec,SPO,11
2026-08-05,Háje,SPO,25
2026-08-05,Háje,BPO,5
2026-08-05,Jihlava,SPO,7
2026-08-05,Jihlava,BPO,1
2026-08-05,Karlovy Vary,SPO,6
2026-08-05,Kladno,SPO,4
2026-08-05,Kladno,BPO,3
2026-08-05,LCS,SPO,2
2026-08-05,LCS,BPO,1
2026-08-05,LCU,BPO,2
2026-08-05,Liberec,SPO,1
2026-08-05,Liberec,BPO,2
2026-08-05,Most,SPO,2
2026-08-05,Most,BPO,2
2026-08-05,Mělník,SPO,4
2026-08-05,Ostrava,SPO,28
2026-08-05,Ostrava,BPO,9
2026-08-05,Pardubice,SPO,5
2026-08-05,Pardubice,BPO,1
2026-08-05,Plzeň město,SPO,5
2026-08-05,Plzeň město,BPO,5
2026-08-05,Pobočka Chrášťany,SPO,67
2026-08-05,Pobočka Chrášťany,BPO,8
2026-08-05,Počernice,SPO,11
2026-08-05,Počernice,BPO,3
2026-08-05,Praha - centrála,SPO,90
2026-08-05,Praha - centrála,BPO,9
2026-08-05,Příbram,SPO,15
2026-08-05,SKLC3,SPO,951
2026-08-05,SKLC3,BPO,277
2026-08-05,Tábor,SPO,4
2026-08-05,Třebíč,BPO,1
2026-08-05,Ústí nad Labem,SPO,2
2026-08-05,Ústí nad Labem,BPO,2
2026-08-05,Čakovice,SPO,24
2026-08-05,Čakovice,BPO,42
2026-08-05,České Budějovice,SPO,23
2026-08-05,České Budějovice,BPO,2
2026-08-06,Anděl,SPO,21
2026-08-06,Anděl,BPO,10
2026-08-06,Benešov,SPO,10
2026-08-06,Beroun,SPO,19
2026-08-06,Beroun,BPO,5
2026-08-06,Budějovická,SPO,12
2026-08-06,Budějovická,BPO,7
2026-08-06,Chomutov,SPO,1
2026-08-06,Dejvice,SPO,2
2026-08-06,Děčín,BPO,1
2026-08-06,Frýdek-Místek,SPO,8
2026-08-06,Frýdek-Místek,BPO,3
2026-08-06,HULC1,SPO,2
2026-08-06,HULC1,BPO,3
2026-08-06,Hradec,SPO,166
2026-08-06,Hradec,BPO,22
2026-08-06,Háje,SPO,9
2026-08-06,Háje,BPO,5
2026-08-06,Jihlava,SPO,16
2026-08-06,Kladno,SPO,4
2026-08-06,Kolín,SPO,6
2026-08-06,LCU,SPO,5
2026-08-06,LCU,BPO,1
2026-08-06,Liberec,SPO,2
2026-08-06,Mladá Boleslav,SPO,8
2026-08-06,Most,SPO,9
2026-08-06,Most,BPO,3
2026-08-06,Mělník,SPO,4
2026-08-06,Ostrava,SPO,24
2026-08-06,Ostrava,BPO,13
2026-08-06,Pardubice,SPO,3
2026-08-06,Pardubice,BPO,1
2026-08-06,Plzeň město,SPO,8
2026-08-06,Plzeň město,BPO,1
2026-08-06,Pobočka Chrášťany,SPO,62
2026-08-06,Pobočka Chrášťany,BPO,23
2026-08-06,Počernice,SPO,4
2026-08-06,Počernice,BPO,1
2026-08-06,Praha - centrála,SPO,53
2026-08-06,Praha - centrála,BPO,12
2026-08-06,Příbram,SPO,11
2026-08-06,Příbram,BPO,1
2026-08-06,SKLC3,SPO,785
2026-08-06,SKLC3,BPO,325
2026-08-06,Třebíč,SPO,1
2026-08-06,Ústí nad Labem,SPO,8
2026-08-06,Ústí nad Labem,BPO,2
2026-08-06,Čakovice,SPO,11
2026-08-06,Čakovice,BPO,5
2026-08-06,České Budějovice,SPO,21
2026-08-06,České Budějovice,BPO,1
2026-08-07,Anděl,SPO,23
2026-08-07,Benešov,SPO,7
2026-08-07,Benešov,BPO,1
2026-08-07,Budějovická,SPO,9
2026-08-07,Budějovická,BPO,2
2026-08-07,Chomutov,SPO,3
2026-08-07,Chomutov,BPO,1
2026-08-07,Dejvice,SPO,4
2026-08-07,Dejvice,BPO,1
2026-08-07,Děčín,SPO,4
2026-08-07,Děčín,BPO,1
2026-08-07,Frýdek-Místek,SPO,1
2026-08-07,Frýdek-Místek,BPO,1
2026-08-07,HULC1,SPO,3
2026-08-07,Hradec,SPO,27
2026-08-07,Hradec,BPO,1
2026-08-07,Háje,SPO,8
2026-08-07,Háje,BPO,1
2026-08-07,Jihlava,SPO,2
2026-08-07,Jihlava,BPO,1
2026-08-07,Karlovy Vary,SPO,3
2026-08-07,Kladno,SPO,6
2026-08-07,Kolín,SPO,6
2026-08-07,LCU,SPO,14
2026-08-07,LCU,BPO,2
2026-08-07,Liberec,SPO,19
2026-08-07,Liberec,BPO,5
2026-08-07,Mladá Boleslav,SPO,3
2026-08-07,Most,SPO,12
2026-08-07,Most,BPO,4
2026-08-07,Opava,SPO,8
2026-08-07,Opava,BPO,5
2026-08-07,Ostrava,SPO,11
2026-08-07,Ostrava,BPO,23
2026-08-07,Pardubice,SPO,13
2026-08-07,Pardubice,BPO,3
2026-08-07,Plzeň město,SPO,10
2026-08-07,Plzeň město,BPO,1
2026-08-07,Pobočka Chrášťany,SPO,66
2026-08-07,Pobočka Chrášťany,BPO,16
2026-08-07,Počernice,SPO,13
2026-08-07,Počernice,BPO,3
2026-08-07,Praha - centrála,SPO,77
2026-08-07,Praha - centrála,BPO,18
2026-08-07,Příbram,SPO,5
2026-08-07,SKLC3,SPO,1101
2026-08-07,SKLC3,BPO,374
2026-08-07,Tábor,SPO,5
2026-08-07,Třebíč,SPO,1
2026-08-07,Ústí nad Labem,SPO,15
2026-08-07,Ústí nad Labem,BPO,1
2026-08-07,Čakovice,SPO,24
2026-08-07,Čakovice,BPO,14
2026-08-07,České Budějovice,SPO,16
2026-08-07,České Budějovice,BPO,2
2026-08-08,Anděl,SPO,26
2026-08-08,Anděl,BPO,2
2026-08-08,Benešov,SPO,9
2026-08-08,Benešov,BPO,5
2026-08-08,Budějovická,SPO,17
2026-08-08,Budějovická,BPO,4
2026-08-08,Dejvice,SPO,6
2026-08-08,Děčín,SPO,5
2026-08-08,Děčín,BPO,2
2026-08-08,Frýdek-Místek,SPO,1
2026-08-08,Frýdek-Místek,BPO,1
2026-08-08,HULC1,SPO,3
2026-08-08,Hradec,SPO,25
2026-08-08,Háje,SPO,15
2026-08-08,Háje,BPO,3
2026-08-08,Jihlava,SPO,3
2026-08-08,Karlovy Vary,SPO,6
2026-08-08,Kladno,SPO,5
2026-08-08,Kladno,BPO,3
2026-08-08,Kolín,SPO,7
2026-08-08,Kolín,BPO,2
2026-08-08,LCU,SPO,1
2026-08-08,LCU,BPO,33
2026-08-08,Liberec,SPO,14
2026-08-08,Mladá Boleslav,SPO,23
2026-08-08,Mladá Boleslav,BPO,4
2026-08-08,Most,SPO,10
2026-08-08,Mělník,SPO,14
2026-08-08,Mělník,BPO,2
2026-08-08,Opava,SPO,7
2026-08-08,Ostrava,SPO,15
2026-08-08,Ostrava,BPO,10
2026-08-08,Pardubice,BPO,2
2026-08-08,Plzeň město,SPO,11
2026-08-08,Plzeň město,BPO,3
2026-08-08,Pobočka Chrášťany,SPO,78
2026-08-08,Pobočka Chrášťany,BPO,17
2026-08-08,Počernice,SPO,11
2026-08-08,Počernice,BPO,1
2026-08-08,Praha - centrála,SPO,104
2026-08-08,Praha - centrála,BPO,16
2026-08-08,SKLC3,SPO,606
2026-08-08,SKLC3,BPO,373
2026-08-08,Tábor,SPO,2
2026-08-08,Tábor,BPO,1
2026-08-08,Ústí nad Labem,SPO,1
2026-08-08,Ústí nad Labem,BPO,1
2026-08-08,Čakovice,SPO,18
2026-08-08,Čakovice,BPO,2
2026-08-08,České Budějovice,SPO,11
2026-08-08,České Budějovice,BPO,4
2026-08-09,Anděl,SPO,17
2026-08-09,Anděl,BPO,13
2026-08-09,Benešov,SPO,2
2026-08-09,Benešov,BPO,1
2026-08-09,Budějovická,SPO,20
2026-08-09,Budějovická,BPO,7
2026-08-09,Dejvice,SPO,13
2026-08-09,Děčín,SPO,5
2026-08-09,Děčín,BPO,5
2026-08-09,Frýdek-Místek,SPO,5
2026-08-09,Frýdek-Místek,BPO,2
2026-08-09,Hradec,SPO,6
2026-08-09,Hradec,BPO,1
2026-08-09,Háje,SPO,9
2026-08-09,Háje,BPO,2
2026-08-09,Jihlava,SPO,10
2026-08-09,Karlovy Vary,SPO,5
2026-08-09,Karlovy Vary,BPO,1
2026-08-09,Kladno,SPO,2
2026-08-09,Kolín,SPO,8
2026-08-09,Kolín,BPO,1
2026-08-09,LCU,SPO,11
2026-08-09,LCU,BPO,29
2026-08-09,Liberec,SPO,6
2026-08-09,Mladá Boleslav,SPO,2
2026-08-09,Mladá Boleslav,BPO,6
2026-08-09,Most,SPO,26
2026-08-09,Most,BPO,2
2026-08-09,Mělník,SPO,5
2026-08-09,Opava,BPO,1
2026-08-09,Ostrava,SPO,36
2026-08-09,Ostrava,BPO,6
2026-08-09,Pardubice,SPO,10
2026-08-09,Plzeň město,SPO,9
2026-08-09,Plzeň město,BPO,2
2026-08-09,Pobočka Chrášťany,SPO,63
2026-08-09,Pobočka Chrášťany,BPO,8
2026-08-09,Počernice,SPO,7
2026-08-09,Praha - centrála,SPO,106
2026-08-09,Praha - centrála,BPO,19
2026-08-09,SKLC3,SPO,536
2026-08-09,SKLC3,BPO,133
2026-08-09,Tábor,SPO,10
2026-08-09,Ústí nad Labem,SPO,10
2026-08-09,Ústí nad Labem,BPO,1
2026-08-09,Čakovice,SPO,9
2026-08-09,Čakovice,BPO,3
2026-08-09,České Budějovice,SPO,8
2026-08-09,České Budějovice,BPO,2
2026-08-10,Anděl,SPO,2
2026-08-10,Anděl,BPO,3
2026-08-10,Benešov,SPO,4
2026-08-10,Benešov,BPO,1
2026-08-10,Beroun,SPO,14
2026-08-10,Beroun,BPO,2
2026-08-10,Budějovická,SPO,16
2026-08-10,Budějovická,BPO,2
2026-08-10,Chomutov,SPO,6
2026-08-10,Dejvice,SPO,14
2026-08-10,Dejvice,BPO,1
2026-08-10,Děčín,SPO,4
2026-08-10,Děčín,BPO,2
2026-08-10,Frýdek-Místek,SPO,3
2026-08-10,Frýdek-Místek,BPO,1
2026-08-10,HULC1,SPO,1
2026-08-10,Hradec,SPO,7
2026-08-10,Háje,SPO,17
2026-08-10,Háje,BPO,2
2026-08-10,Jihlava,SPO,6
2026-08-10,Karlovy Vary,SPO,2
2026-08-10,Karlovy Vary,BPO,2
2026-08-10,Kladno,SPO,3
2026-08-10,Kolín,SPO,1
2026-08-10,LCU,SPO,2
2026-08-10,Liberec,SPO,1
2026-08-10,Mladá Boleslav,SPO,6
2026-08-10,Mladá Boleslav,BPO,1
2026-08-10,Most,SPO,3
2026-08-10,Mělník,SPO,4
2026-08-10,Opava,SPO,1
2026-08-10,Ostrava,SPO,17
2026-08-10,Ostrava,BPO,3
2026-08-10,Pardubice,SPO,21
2026-08-10,Pardubice,BPO,1
2026-08-10,Plzeň město,SPO,20
2026-08-10,Plzeň město,BPO,3
2026-08-10,Pobočka Chrášťany,SPO,75
2026-08-10,Pobočka Chrášťany,BPO,21
2026-08-10,Počernice,SPO,13
2026-08-10,Počernice,BPO,4
2026-08-10,Praha - centrála,SPO,98
2026-08-10,Praha - centrála,BPO,16
2026-08-10,Příbram,SPO,11
2026-08-10,Příbram,BPO,2
2026-08-10,SKLC3,SPO,875
2026-08-10,SKLC3,BPO,422
2026-08-10,Tábor,SPO,2
2026-08-10,Tábor,BPO,1
2026-08-10,Ústí nad Labem,SPO,3
2026-08-10,Čakovice,SPO,18
2026-08-10,Čakovice,BPO,2
2026-08-10,České Budějovice,SPO,13
2026-08-10,České Budějovice,BPO,1
2026-08-11,Anděl,SPO,26
2026-08-11,Anděl,BPO,5
2026-08-11,Benešov,SPO,4
2026-08-11,Benešov,BPO,1
2026-08-11,Beroun,SPO,2
2026-08-11,Budějovická,SPO,29
2026-08-11,Budějovická,BPO,1
2026-08-11,Chomutov,SPO,1
2026-08-11,Chomutov,BPO,1
2026-08-11,Dejvice,SPO,3
2026-08-11,Děčín,SPO,6
2026-08-11,Frýdek-Místek,SPO,9
2026-08-11,HULC1,SPO,3
2026-08-11,Hradec,SPO,9
2026-08-11,Hradec,BPO,5
2026-08-11,Háje,SPO,33
2026-08-11,Háje,BPO,4
2026-08-11,Jihlava,SPO,2
2026-08-11,Jihlava,BPO,2
2026-08-11,Karlovy Vary,SPO,12
2026-08-11,Karlovy Vary,BPO,4
2026-08-11,Kladno,SPO,4
2026-08-11,Kladno,BPO,1
2026-08-11,Kolín,SPO,3
2026-08-11,LCU,SPO,3
2026-08-11,LCU,BPO,2
2026-08-11,Liberec,SPO,6
2026-08-11,Liberec,BPO,3
2026-08-11,Mladá Boleslav,SPO,3
2026-08-11,Mladá Boleslav,BPO,3
2026-08-11,Most,SPO,26
2026-08-11,Most,BPO,1
2026-08-11,Mělník,SPO,12
2026-08-11,Mělník,BPO,2
2026-08-11,Opava,SPO,8
2026-08-11,Opava,BPO,1
2026-08-11,Ostrava,SPO,20
2026-08-11,Ostrava,BPO,11
2026-08-11,Pardubice,SPO,10
2026-08-11,Pardubice,BPO,2
2026-08-11,Plzeň město,SPO,12
2026-08-11,Plzeň město,BPO,1
2026-08-11,Pobočka Chrášťany,SPO,77
2026-08-11,Pobočka Chrášťany,BPO,17
2026-08-11,Počernice,SPO,13
2026-08-11,Počernice,BPO,4
2026-08-11,Praha - centrála,SPO,153
2026-08-11,Praha - centrála,BPO,12
2026-08-11,Příbram,SPO,24
2026-08-11,Příbram,BPO,2
2026-08-11,SKLC3,SPO,1054
2026-08-11,SKLC3,BPO,276
2026-08-11,Tábor,SPO,4
2026-08-11,Třebíč,SPO,18
2026-08-11,Ústí nad Labem,SPO,7
2026-08-11,Ústí nad Labem,BPO,1
2026-08-11,Čakovice,SPO,24
2026-08-11,Čakovice,BPO,2
2026-08-11,České Budějovice,SPO,15
2026-08-11,České Budějovice,BPO,2
2026-08-12,Anděl,SPO,5
2026-08-12,Anděl,BPO,1
2026-08-12,Benešov,SPO,14
2026-08-12,Benešov,BPO,1
2026-08-12,Beroun,SPO,7
2026-08-12,Budějovická,SPO,8
2026-08-12,Budějovická,BPO,4
2026-08-12,Chomutov,SPO,7
2026-08-12,Dejvice,SPO,13
2026-08-12,Děčín,SPO,7
2026-08-12,Frýdek-Místek,SPO,7
2026-08-12,HULC1,BPO,1
2026-08-12,Hradec,SPO,10
2026-08-12,Háje,SPO,21
2026-08-12,Háje,BPO,6
2026-08-12,Jihlava,SPO,4
2026-08-12,Karlovy Vary,SPO,16
2026-08-12,Kladno,SPO,8
2026-08-12,Kolín,SPO,5
2026-08-12,LCU,SPO,1
2026-08-12,Liberec,SPO,22
2026-08-12,Liberec,BPO,1
2026-08-12,Mladá Boleslav,SPO,8
2026-08-12,Most,SPO,8
2026-08-12,Mělník,SPO,7
2026-08-12,Opava,SPO,6
2026-08-12,Opava,BPO,1
2026-08-12,Ostrava,SPO,20
2026-08-12,Ostrava,BPO,12
2026-08-12,Pardubice,SPO,8
2026-08-12,Pardubice,BPO,1
2026-08-12,Plzeň město,SPO,7
2026-08-12,Plzeň město,BPO,1
2026-08-12,Pobočka Chrášťany,SPO,43
2026-08-12,Pobočka Chrášťany,BPO,6
2026-08-12,Počernice,SPO,3
2026-08-12,Počernice,BPO,3
2026-08-12,Praha - centrála,SPO,217
2026-08-12,Praha - centrála,BPO,28
2026-08-12,Příbram,SPO,8
2026-08-12,Příbram,BPO,1
2026-08-12,SKLC3,SPO,1461
2026-08-12,SKLC3,BPO,349
2026-08-12,Tábor,SPO,8
2026-08-12,Třebíč,SPO,7
2026-08-12,Ústí nad Labem,SPO,9
2026-08-12,Čakovice,SPO,12
2026-08-12,Čakovice,BPO,2
2026-08-12,České Budějovice,SPO,19
2026-08-12,České Budějovice,BPO,1
