datum,protistrana,geosize,joblines
2026-02-28,Anděl,SPO,52
2026-02-28,Anděl,BPO,9
2026-02-28,Benešov,SPO,16
2026-02-28,Beroun,SPO,8
2026-02-28,Brno,SPO,74
2026-02-28,Brno,BPO,10
2026-02-28,Brno,XPO,10
2026-02-28,Brno Lískovec,SPO,192
2026-02-28,Brno Lískovec,BPO,20
2026-02-28,Budějovická,SPO,27
2026-02-28,Chomutov,SPO,4
2026-02-28,Dejvice,SPO,18
2026-02-28,Děčín,SPO,1
2026-02-28,Frýdek-Místek,SPO,7
2026-02-28,Hradec,SPO,5
2026-02-28,Háje,SPO,73
2026-02-28,Háje,BPO,4
2026-02-28,Jihlava,SPO,6
2026-02-28,Karlovy Vary,SPO,7
2026-02-28,Kladno,SPO,183
2026-02-28,Kladno,BPO,20
2026-02-28,Kolín,SPO,4
2026-02-28,LCU,XPO,66
2026-02-28,LCU,XL,1
2026-02-28,Liberec,SPO,8
2026-02-28,Mladá Boleslav,SPO,5
2026-02-28,Most,SPO,4
2026-02-28,Mělník,SPO,11
2026-02-28,Olomouc,SPO,9
2026-02-28,Opava,SPO,5
2026-02-28,Ostrava,SPO,109
2026-02-28,Ostrava,BPO,13
2026-02-28,Ostrava,XPO,4
2026-02-28,Pardubice,SPO,12
2026-02-28,Plzeň město,SPO,60
2026-02-28,Plzeň město,BPO,9
2026-02-28,Plzeň město,XPO,4
2026-02-28,Pobočka Chrášťany,SPO,53
2026-02-28,Pobočka Chrášťany,BPO,2
2026-02-28,Počernice,SPO,35
2026-02-28,Počernice,BPO,11
2026-02-28,Počernice,XPO,1
2026-02-28,Praha - centrála,SPO,557
2026-02-28,Praha - centrála,BPO,167
2026-02-28,Praha - centrála,XPO,20
2026-02-28,Prostějov,SPO,3
2026-02-28,Příbram,SPO,4
2026-02-28,SKLC3,SPO,2463
2026-02-28,SKLC3,BPO,447
2026-02-28,SKLC3,XPO,120
2026-02-28,Tábor,SPO,8
2026-02-28,Třebíč,SPO,7
2026-02-28,Zlín,SPO,12
2026-02-28,Ústí nad Labem,SPO,3
2026-02-28,Čakovice,SPO,53
2026-02-28,Čakovice,BPO,25
2026-02-28,Čakovice,XPO,2
2026-02-28,České Budějovice,SPO,7
2026-03-01,Anděl,SPO,31
2026-03-01,Anděl,BPO,8
2026-03-01,Anděl,XPO,2
2026-03-01,Benešov,SPO,8
2026-03-01,Beroun,SPO,7
2026-03-01,Brno,SPO,50
2026-03-01,Brno,BPO,3
2026-03-01,Brno Lískovec,SPO,4
2026-03-01,Budějovická,SPO,10
2026-03-01,Chomutov,SPO,7
2026-03-01,Dejvice,SPO,13
2026-03-01,Děčín,SPO,7
2026-03-01,Frýdek-Místek,SPO,11
2026-03-01,Hradec,SPO,6
2026-03-01,Háje,SPO,23
2026-03-01,Háje,BPO,6
2026-03-01,Jihlava,SPO,3
2026-03-01,Karlovy Vary,SPO,2
2026-03-01,Kladno,SPO,8
2026-03-01,Kolín,SPO,7
2026-03-01,LCU,XPO,91
2026-03-01,LCU,XL,1
2026-03-01,Liberec,SPO,2
2026-03-01,Mladá Boleslav,SPO,9
2026-03-01,Most,SPO,3
2026-03-01,Mělník,SPO,10
2026-03-01,Olomouc,SPO,13
2026-03-01,Olomouc,BPO,1
2026-03-01,Opava,SPO,4
2026-03-01,Ostrava,SPO,373
2026-03-01,Ostrava,BPO,12
2026-03-01,Ostrava,XPO,2
2026-03-01,Pardubice,SPO,4
2026-03-01,Plzeň město,SPO,40
2026-03-01,Plzeň město,BPO,8
2026-03-01,Plzeň město,XPO,5
2026-03-01,Pobočka Chrášťany,SPO,35
2026-03-01,Počernice,SPO,27
2026-03-01,Počernice,BPO,3
2026-03-01,Praha - centrála,SPO,480
2026-03-01,Praha - centrála,BPO,131
2026-03-01,Praha - centrála,XPO,17
2026-03-01,Prostějov,SPO,1
2026-03-01,Příbram,SPO,5
2026-03-01,SKLC3,SPO,10438
2026-03-01,SKLC3,BPO,2606
2026-03-01,SKLC3,XPO,422
2026-03-01,Tábor,SPO,8
2026-03-01,Třebíč,SPO,6
2026-03-01,Zlín,SPO,11
2026-03-01,Ústí nad Labem,SPO,8
2026-03-01,Čakovice,SPO,35
2026-03-01,Čakovice,BPO,30
2026-03-01,České Budějovice,SPO,6
2026-03-02,Anděl,SPO,29
2026-03-02,Anděl,BPO,1
2026-03-02,Benešov,SPO,9
2026-03-02,Beroun,SPO,4
2026-03-02,Brno,SPO,47
2026-03-02,Brno,BPO,3
2026-03-02,Brno,XPO,6
2026-03-02,Brno Lískovec,SPO,6
2026-03-02,Brno Lískovec,BPO,5
2026-03-02,Budějovická,SPO,16
2026-03-02,Chomutov,SPO,4
2026-03-02,Dejvice,SPO,11
2026-03-02,Děčín,SPO,3
2026-03-02,Frýdek-Místek,SPO,6
2026-03-02,Hradec,SPO,2
2026-03-02,Háje,SPO,63
2026-03-02,Háje,BPO,11
2026-03-02,Háje,XPO,1
2026-03-02,Jihlava,SPO,1
2026-03-02,Karlovy Vary,SPO,3
2026-03-02,Kladno,SPO,10
2026-03-02,Kladno,BPO,4
2026-03-02,Kolín,SPO,2
2026-03-02,LCU,XPO,33
2026-03-02,Liberec,SPO,3
2026-03-02,Mladá Boleslav,SPO,1
2026-03-02,Most,SPO,3
2026-03-02,Mělník,SPO,7
2026-03-02,Olomouc,SPO,6
2026-03-02,Olomouc,BPO,1
2026-03-02,Opava,SPO,4
2026-03-02,Ostrava,SPO,79
2026-03-02,Ostrava,BPO,15
2026-03-02,Ostrava,XPO,7
2026-03-02,Pardubice,SPO,4
2026-03-02,Plzeň město,SPO,33
2026-03-02,Pobočka Chrášťany,SPO,44
2026-03-02,Počernice,SPO,25
2026-03-02,Počernice,BPO,2
2026-03-02,Praha - centrála,SPO,398
2026-03-02,Praha - centrála,BPO,74
2026-03-02,Praha - centrála,XPO,15
2026-03-02,Prostějov,BPO,1
2026-03-02,Příbram,SPO,8
2026-03-02,SKLC3,SPO,877
2026-03-02,SKLC3,BPO,146
2026-03-02,SKLC3,XPO,23
2026-03-02,Tábor,SPO,6
2026-03-02,Zlín,SPO,1
2026-03-02,Ústí nad Labem,SPO,4
2026-03-02,Čakovice,SPO,36
2026-03-02,Čakovice,BPO,14
2026-03-02,České Budějovice,SPO,7
2026-03-03,Anděl,SPO,50
2026-03-03,Anděl,BPO,7
2026-03-03,Benešov,SPO,7
2026-03-03,Beroun,SPO,10
2026-03-03,Brno,SPO,57
2026-03-03,Brno,BPO,7
2026-03-03,Brno Lískovec,SPO,9
2026-03-03,Budějovická,SPO,21
2026-03-03,Budějovická,BPO,6
2026-03-03,Chomutov,SPO,4
2026-03-03,Chomutov,BPO,1
2026-03-03,Dejvice,SPO,18
2026-03-03,Děčín,SPO,2
2026-03-03,Frýdek-Místek,SPO,7
2026-03-03,Frýdek-Místek,BPO,1
2026-03-03,Hradec,SPO,3
2026-03-03,Háje,SPO,52
2026-03-03,Háje,BPO,11
2026-03-03,Jihlava,SPO,7
2026-03-03,Karlovy Vary,SPO,2
2026-03-03,Kladno,SPO,4
2026-03-03,Kolín,SPO,5
2026-03-03,LCU,XPO,20
2026-03-03,LCU,XL,1
2026-03-03,Liberec,SPO,2
2026-03-03,Mladá Boleslav,SPO,11
2026-03-03,Most,SPO,3
2026-03-03,Mělník,SPO,7
2026-03-03,Olomouc,SPO,7
2026-03-03,Olomouc,BPO,1
2026-03-03,Opava,SPO,6
2026-03-03,Ostrava,SPO,143
2026-03-03,Ostrava,BPO,20
2026-03-03,Ostrava,XPO,1
2026-03-03,Pardubice,SPO,7
2026-03-03,Plzeň město,SPO,34
2026-03-03,Plzeň město,BPO,6
2026-03-03,Pobočka Chrášťany,SPO,25
2026-03-03,Počernice,SPO,24
2026-03-03,Počernice,BPO,1
2026-03-03,Praha - centrála,SPO,530
2026-03-03,Praha - centrála,BPO,137
2026-03-03,Praha - centrála,XPO,25
2026-03-03,Prostějov,SPO,4
2026-03-03,Příbram,SPO,9
2026-03-03,SKLC3,SPO,2098
2026-03-03,SKLC3,BPO,653
2026-03-03,SKLC3,XPO,54
2026-03-03,Tábor,SPO,8
2026-03-03,Tábor,BPO,1
2026-03-03,Třebíč,SPO,6
2026-03-03,Zlín,SPO,4
2026-03-03,Zlín,BPO,2
2026-03-03,Ústí nad Labem,SPO,4
2026-03-03,Čakovice,SPO,38
2026-03-03,Čakovice,BPO,35
2026-03-03,České Budějovice,SPO,4
2026-03-03,České Budějovice,BPO,1
2026-03-04,Anděl,SPO,58
2026-03-04,Anděl,BPO,11
2026-03-04,Benešov,SPO,9
2026-03-04,Beroun,SPO,9
2026-03-04,Brno,SPO,68
2026-03-04,Brno,BPO,19
2026-03-04,Brno Lískovec,SPO,9
2026-03-04,Budějovická,SPO,20
2026-03-04,Budějovická,BPO,5
2026-03-04,Dejvice,SPO,17
2026-03-04,Děčín,SPO,5
2026-03-04,Frýdek-Místek,SPO,7
2026-03-04,Hradec,SPO,5
2026-03-04,Háje,SPO,37
2026-03-04,Háje,BPO,16
2026-03-04,Jihlava,SPO,5
2026-03-04,Karlovy Vary,SPO,2
2026-03-04,Kladno,SPO,11
2026-03-04,Kolín,SPO,3
2026-03-04,LCU,XPO,102
2026-03-04,LCU,VB,1
2026-03-04,Liberec,SPO,5
2026-03-04,Mladá Boleslav,SPO,5
2026-03-04,Most,SPO,1
2026-03-04,Mělník,SPO,3
2026-03-04,Olomouc,SPO,3
2026-03-04,Olomouc,BPO,1
2026-03-04,Opava,SPO,1
2026-03-04,Ostrava,SPO,80
2026-03-04,Ostrava,BPO,38
2026-03-04,Ostrava,XPO,5
2026-03-04,Pardubice,SPO,7
2026-03-04,Plzeň město,SPO,33
2026-03-04,Plzeň město,BPO,8
2026-03-04,Pobočka Chrášťany,SPO,24
2026-03-04,Pobočka Chrášťany,BPO,5
2026-03-04,Počernice,SPO,53
2026-03-04,Počernice,BPO,15
2026-03-04,Praha - centrála,SPO,435
2026-03-04,Praha - centrála,BPO,95
2026-03-04,Praha - centrála,XPO,22
2026-03-04,Prostějov,SPO,9
2026-03-04,Příbram,SPO,7
2026-03-04,SKLC3,SPO,1695
2026-03-04,SKLC3,BPO,246
2026-03-04,SKLC3,XPO,42
2026-03-04,SKLC3,XL,1
2026-03-04,Tábor,SPO,3
2026-03-04,Třebíč,SPO,7
2026-03-04,Zlín,SPO,4
2026-03-04,Ústí nad Labem,SPO,3
2026-03-04,Čakovice,SPO,42
2026-03-04,Čakovice,BPO,12
2026-03-04,České Budějovice,SPO,8
2026-03-05,Anděl,SPO,43
2026-03-05,Anděl,BPO,5
2026-03-05,Anděl,XPO,4
2026-03-05,Benešov,SPO,16
2026-03-05,Benešov,BPO,2
2026-03-05,Beroun,SPO,7
2026-03-05,Brno,SPO,40
2026-03-05,Brno,BPO,8
2026-03-05,Brno Lískovec,SPO,8
2026-03-05,Budějovická,SPO,17
2026-03-05,Budějovická,BPO,3
2026-03-05,Chomutov,SPO,2
2026-03-05,Dejvice,SPO,15
2026-03-05,Děčín,SPO,5
2026-03-05,Frýdek-Místek,SPO,8
2026-03-05,Hradec,SPO,4
2026-03-05,Háje,SPO,47
2026-03-05,Háje,BPO,10
2026-03-05,Háje,XPO,5
2026-03-05,Jihlava,SPO,3
2026-03-05,Karlovy Vary,SPO,8
2026-03-05,Kladno,SPO,9
2026-03-05,Kolín,SPO,6
2026-03-05,LCU,XPO,120
2026-03-05,LCU,XL,6
2026-03-05,Liberec,SPO,7
2026-03-05,Mladá Boleslav,SPO,3
2026-03-05,Most,SPO,6
2026-03-05,Mělník,SPO,5
2026-03-05,Olomouc,SPO,8
2026-03-05,Opava,SPO,4
2026-03-05,Ostrava,SPO,82
2026-03-05,Ostrava,BPO,89
2026-03-05,Ostrava,XPO,16
2026-03-05,Pardubice,SPO,3
2026-03-05,Plzeň město,SPO,26
2026-03-05,Plzeň město,BPO,24
2026-03-05,Pobočka Chrášťany,SPO,31
2026-03-05,Pobočka Chrášťany,BPO,6
2026-03-05,Počernice,SPO,17
2026-03-05,Počernice,BPO,3
2026-03-05,Praha - centrála,SPO,415
2026-03-05,Praha - centrála,BPO,139
2026-03-05,Praha - centrála,XPO,17
2026-03-05,Prostějov,SPO,11
2026-03-05,Příbram,SPO,7
2026-03-05,SKLC3,SPO,1307
2026-03-05,SKLC3,BPO,263
2026-03-05,SKLC3,XPO,40
2026-03-05,Tábor,SPO,7
2026-03-05,Třebíč,SPO,4
2026-03-05,Zlín,SPO,11
2026-03-05,Ústí nad Labem,SPO,2
2026-03-05,Čakovice,SPO,66
2026-03-05,Čakovice,BPO,15
2026-03-05,České Budějovice,SPO,6
2026-03-06,Anděl,SPO,75
2026-03-06,Anděl,BPO,2
2026-03-06,Benešov,SPO,32
2026-03-06,Beroun,SPO,22
2026-03-06,Brno,SPO,90
2026-03-06,Brno,BPO,14
2026-03-06,Brno Lískovec,SPO,7
2026-03-06,Budějovická,SPO,19
2026-03-06,Budějovická,BPO,6
2026-03-06,Chomutov,SPO,21
2026-03-06,Dejvice,SPO,40
2026-03-06,Děčín,SPO,6
2026-03-06,Frýdek-Místek,SPO,6
2026-03-06,Hradec,SPO,21
2026-03-06,Háje,SPO,55
2026-03-06,Háje,BPO,1
2026-03-06,Jihlava,SPO,9
2026-03-06,Karlovy Vary,SPO,4
2026-03-06,Kladno,SPO,9
2026-03-06,Kolín,SPO,2
2026-03-06,LCU,XPO,28
2026-03-06,Liberec,SPO,7
2026-03-06,Mladá Boleslav,SPO,24
2026-03-06,Most,SPO,8
2026-03-06,Mělník,SPO,6
2026-03-06,Olomouc,SPO,7
2026-03-06,Opava,SPO,6
2026-03-06,Ostrava,SPO,120
2026-03-06,Ostrava,BPO,20
2026-03-06,Pardubice,SPO,9
2026-03-06,Plzeň město,SPO,48
2026-03-06,Plzeň město,BPO,11
2026-03-06,Plzeň město,XPO,1
2026-03-06,Pobočka Chrášťany,SPO,73
2026-03-06,Počernice,SPO,14
2026-03-06,Počernice,BPO,5
2026-03-06,Praha - centrála,SPO,480
2026-03-06,Praha - centrála,BPO,79
2026-03-06,Praha - centrála,XPO,16
2026-03-06,Prostějov,SPO,5
2026-03-06,Příbram,SPO,3
2026-03-06,SKLC3,SPO,1322
2026-03-06,SKLC3,BPO,258
2026-03-06,SKLC3,XPO,86
2026-03-06,SKLC3,XL,2
2026-03-06,Tábor,SPO,9
2026-03-06,Třebíč,SPO,8
2026-03-06,Zlín,SPO,5
2026-03-06,Ústí nad Labem,SPO,7
2026-03-06,Čakovice,SPO,52
2026-03-06,Čakovice,BPO,5
2026-03-06,České Budějovice,SPO,29
2026-03-07,Anděl,SPO,45
2026-03-07,Anděl,BPO,7
2026-03-07,Benešov,SPO,9
2026-03-07,Beroun,SPO,8
2026-03-07,Beroun,BPO,1
2026-03-07,Brno,SPO,95
2026-03-07,Brno,BPO,5
2026-03-07,Brno Lískovec,SPO,8
2026-03-07,Budějovická,SPO,17
2026-03-07,Chomutov,SPO,6
2026-03-07,Dejvice,SPO,11
2026-03-07,Dejvice,BPO,2
2026-03-07,Děčín,SPO,6
2026-03-07,Frýdek-Místek,SPO,11
2026-03-07,Hradec,SPO,10
2026-03-07,Háje,SPO,71
2026-03-07,Háje,BPO,6
2026-03-07,Jihlava,SPO,9
2026-03-07,Karlovy Vary,SPO,9
2026-03-07,Kladno,SPO,15
2026-03-07,Kolín,SPO,5
2026-03-07,LCU,XPO,41
2026-03-07,Liberec,SPO,8
2026-03-07,Mladá Boleslav,SPO,6
2026-03-07,Most,SPO,9
2026-03-07,Mělník,SPO,7
2026-03-07,Olomouc,SPO,21
2026-03-07,Olomouc,BPO,2
2026-03-07,Opava,SPO,1
2026-03-07,Ostrava,SPO,157
2026-03-07,Ostrava,BPO,8
2026-03-07,Pardubice,SPO,9
2026-03-07,Plzeň město,SPO,45
2026-03-07,Pobočka Chrášťany,SPO,52
2026-03-07,Pobočka Chrášťany,BPO,1
2026-03-07,Počernice,SPO,31
2026-03-07,Počernice,BPO,7
2026-03-07,Praha - centrála,SPO,485
2026-03-07,Praha - centrála,BPO,98
2026-03-07,Prostějov,SPO,8
2026-03-07,Příbram,SPO,12
2026-03-07,Příbram,BPO,2
2026-03-07,SKLC3,SPO,1482
2026-03-07,SKLC3,BPO,320
2026-03-07,SKLC3,XPO,644
2026-03-07,Tábor,SPO,10
2026-03-07,Třebíč,SPO,8
2026-03-07,Zlín,SPO,9
2026-03-07,Ústí nad Labem,SPO,12
2026-03-07,Čakovice,SPO,62
2026-03-07,Čakovice,BPO,10
2026-03-07,České Budějovice,SPO,8
2026-03-08,Anděl,SPO,52
2026-03-08,Anděl,BPO,9
2026-03-08,Benešov,SPO,14
2026-03-08,Beroun,SPO,15
2026-03-08,Brno,SPO,58
2026-03-08,Brno,BPO,17
2026-03-08,Brno Lískovec,SPO,13
2026-03-08,Budějovická,SPO,30
2026-03-08,Chomutov,SPO,10
2026-03-08,Dejvice,SPO,14
2026-03-08,Děčín,SPO,7
2026-03-08,Frýdek-Místek,SPO,11
2026-03-08,Hradec,SPO,7
2026-03-08,Háje,SPO,48
2026-03-08,Háje,BPO,14
2026-03-08,Jihlava,SPO,7
2026-03-08,Karlovy Vary,SPO,11
2026-03-08,Kladno,SPO,8
2026-03-08,Kolín,SPO,10
2026-03-08,LCU,XPO,110
2026-03-08,Liberec,SPO,6
2026-03-08,Mladá Boleslav,SPO,11
2026-03-08,Most,SPO,7
2026-03-08,Most,BPO,1
2026-03-08,Mělník,SPO,6
2026-03-08,Olomouc,SPO,10
2026-03-08,Opava,SPO,5
2026-03-08,Ostrava,SPO,109
2026-03-08,Ostrava,BPO,20
2026-03-08,Pardubice,SPO,10
2026-03-08,Plzeň město,SPO,47
2026-03-08,Plzeň město,BPO,19
2026-03-08,Pobočka Chrášťany,SPO,67
2026-03-08,Pobočka Chrášťany,BPO,13
2026-03-08,Počernice,SPO,32
2026-03-08,Počernice,BPO,1
2026-03-08,Praha - centrála,SPO,578
2026-03-08,Praha - centrála,BPO,96
2026-03-08,Praha - centrála,XPO,6
2026-03-08,Prostějov,SPO,2
2026-03-08,Příbram,SPO,13
2026-03-08,SKLC3,SPO,1475
2026-03-08,SKLC3,BPO,247
2026-03-08,SKLC3,XPO,687
2026-03-08,SKLC3,XL,1
2026-03-08,Tábor,SPO,7
2026-03-08,Třebíč,SPO,5
2026-03-08,Zlín,SPO,6
2026-03-08,Ústí nad Labem,SPO,11
2026-03-08,Čakovice,SPO,52
2026-03-08,Čakovice,BPO,23
2026-03-08,České Budějovice,SPO,8
2026-03-09,Anděl,SPO,71
2026-03-09,Anděl,BPO,2
2026-03-09,Benešov,SPO,3
2026-03-09,Beroun,SPO,5
2026-03-09,Brno,SPO,61
2026-03-09,Brno,BPO,12
2026-03-09,Brno Lískovec,SPO,13
2026-03-09,Budějovická,SPO,25
2026-03-09,Chomutov,SPO,6
2026-03-09,Dejvice,SPO,16
2026-03-09,Děčín,SPO,3
2026-03-09,Frýdek-Místek,SPO,3
2026-03-09,Hradec,SPO,7
2026-03-09,Háje,SPO,53
2026-03-09,Háje,BPO,8
2026-03-09,Jihlava,SPO,4
2026-03-09,Karlovy Vary,SPO,8
2026-03-09,Kladno,SPO,10
2026-03-09,Kolín,SPO,7
2026-03-09,LCU,SPO,1
2026-03-09,LCU,BPO,2
2026-03-09,LCU,XPO,351
2026-03-09,LCU,XL,2
2026-03-09,LCU,VB,1
2026-03-09,Liberec,SPO,6
2026-03-09,Liberec,BPO,2
2026-03-09,Mladá Boleslav,SPO,9
2026-03-09,Most,SPO,2
2026-03-09,Mělník,SPO,5
2026-03-09,Olomouc,SPO,7
2026-03-09,Olomouc,BPO,1
2026-03-09,Opava,SPO,4
2026-03-09,Ostrava,SPO,83
2026-03-09,Ostrava,BPO,19
2026-03-09,Pardubice,SPO,3
2026-03-09,Plzeň město,SPO,49
2026-03-09,Plzeň město,BPO,1
2026-03-09,Pobočka Chrášťany,SPO,45
2026-03-09,Pobočka Chrášťany,BPO,1
2026-03-09,Počernice,SPO,20
2026-03-09,Praha - centrála,SPO,498
2026-03-09,Praha - centrála,BPO,105
2026-03-09,Prostějov,SPO,2
2026-03-09,Příbram,SPO,7
2026-03-09,SKLC3,SPO,1172
2026-03-09,SKLC3,BPO,279
2026-03-09,SKLC3,XPO,91
2026-03-09,Tábor,SPO,8
2026-03-09,Třebíč,SPO,3
2026-03-09,Zlín,SPO,4
2026-03-09,Ústí nad Labem,SPO,8
2026-03-09,Čakovice,SPO,65
2026-03-09,Čakovice,BPO,6
2026-03-09,České Budějovice,SPO,12
2026-03-09,České Budějovice,BPO,2
2026-03-10,Anděl,SPO,51
2026-03-10,Anděl,BPO,9
2026-03-10,Benešov,SPO,8
2026-03-10,Beroun,SPO,4
2026-03-10,Brno,SPO,56
2026-03-10,Brno,BPO,11
2026-03-10,Brno Lískovec,SPO,8
2026-03-10,Budějovická,SPO,16
2026-03-10,Budějovická,BPO,2
2026-03-10,Chomutov,SPO,5
2026-03-10,Dejvice,SPO,15
2026-03-10,Děčín,SPO,2
2026-03-10,Frýdek-Místek,SPO,9
2026-03-10,Hradec,SPO,10
2026-03-10,Háje,SPO,53
2026-03-10,Háje,BPO,12
2026-03-10,Jihlava,SPO,7
2026-03-10,Jihlava,BPO,1
2026-03-10,Karlovy Vary,SPO,4
2026-03-10,Kladno,SPO,6
2026-03-10,Kolín,SPO,1
2026-03-10,LCU,BPO,3
2026-03-10,LCU,XPO,409
2026-03-10,LCU,XL,2
2026-03-10,Liberec,SPO,4
2026-03-10,Mladá Boleslav,SPO,7
2026-03-10,Most,SPO,5
2026-03-10,Mělník,SPO,5
2026-03-10,Olomouc,SPO,13
2026-03-10,Opava,SPO,2
2026-03-10,Opava,BPO,2
2026-03-10,Ostrava,SPO,108
2026-03-10,Ostrava,BPO,18
2026-03-10,Pardubice,SPO,13
2026-03-10,Plzeň město,SPO,40
2026-03-10,Plzeň město,BPO,15
2026-03-10,Pobočka Chrášťany,SPO,63
2026-03-10,Pobočka Chrášťany,BPO,7
2026-03-10,Počernice,SPO,31
2026-03-10,Počernice,BPO,3
2026-03-10,Praha - centrála,SPO,547
2026-03-10,Praha - centrála,BPO,150
2026-03-10,Prostějov,SPO,4
2026-03-10,Příbram,SPO,5
2026-03-10,SKLC3,SPO,3068
2026-03-10,SKLC3,BPO,658
2026-03-10,SKLC3,XPO,239
2026-03-10,Tábor,SPO,6
2026-03-10,Třebíč,SPO,2
2026-03-10,Zlín,SPO,8
2026-03-10,Ústí nad Labem,SPO,3
2026-03-10,Čakovice,SPO,60
2026-03-10,Čakovice,BPO,13
2026-03-10,České Budějovice,SPO,8
2026-03-11,Anděl,SPO,41
2026-03-11,Anděl,BPO,9
2026-03-11,Benešov,SPO,6
2026-03-11,Beroun,SPO,6
2026-03-11,Brno,SPO,69
2026-03-11,Brno,BPO,9
2026-03-11,Brno Lískovec,SPO,27
2026-03-11,Brno Lískovec,BPO,2
2026-03-11,Budějovická,SPO,37
2026-03-11,Budějovická,BPO,2
2026-03-11,Chomutov,SPO,8
2026-03-11,Dejvice,SPO,23
2026-03-11,Frýdek-Místek,SPO,7
2026-03-11,Hradec,SPO,25
2026-03-11,Háje,SPO,47
2026-03-11,Háje,BPO,11
2026-03-11,Jihlava,SPO,21
2026-03-11,Karlovy Vary,SPO,5
2026-03-11,Kladno,SPO,27
2026-03-11,Kolín,SPO,10
2026-03-11,LCU,SPO,1
2026-03-11,LCU,XPO,217
2026-03-11,LCU,XL,1
2026-03-11,Liberec,SPO,1
2026-03-11,Mladá Boleslav,SPO,8
2026-03-11,Most,SPO,7
2026-03-11,Mělník,SPO,9
2026-03-11,Olomouc,SPO,22
2026-03-11,Opava,SPO,9
2026-03-11,Ostrava,SPO,281
2026-03-11,Ostrava,BPO,39
2026-03-11,Pardubice,SPO,5
2026-03-11,Plzeň město,SPO,40
2026-03-11,Plzeň město,BPO,6
2026-03-11,Pobočka Chrášťany,SPO,56
2026-03-11,Pobočka Chrášťany,BPO,16
2026-03-11,Počernice,SPO,29
2026-03-11,Počernice,BPO,7
2026-03-11,Počernice,XPO,1
2026-03-11,Praha - centrála,SPO,557
2026-03-11,Praha - centrála,BPO,110
2026-03-11,Prostějov,SPO,3
2026-03-11,Příbram,SPO,4
2026-03-11,SKLC3,SPO,1354
2026-03-11,SKLC3,BPO,319
2026-03-11,SKLC3,XPO,63
2026-03-11,Tábor,SPO,7
2026-03-11,Třebíč,SPO,5
2026-03-11,Zlín,SPO,24
2026-03-11,Ústí nad Labem,SPO,3
2026-03-11,Čakovice,SPO,57
2026-03-11,Čakovice,BPO,17
2026-03-11,České Budějovice,SPO,24
2026-03-12,Anděl,SPO,53
2026-03-12,Anděl,BPO,5
2026-03-12,Benešov,SPO,7
2026-03-12,Beroun,SPO,3
2026-03-12,Brno,SPO,79
2026-03-12,Brno,BPO,4
2026-03-12,Brno Lískovec,SPO,26
2026-03-12,Budějovická,SPO,51
2026-03-12,Chomutov,SPO,3
2026-03-12,Dejvice,SPO,24
2026-03-12,Děčín,SPO,1
2026-03-12,Frýdek-Místek,SPO,5
2026-03-12,Hradec,SPO,22
2026-03-12,Háje,SPO,56
2026-03-12,Háje,BPO,5
2026-03-12,Jihlava,SPO,14
2026-03-12,Karlovy Vary,SPO,5
2026-03-12,Kladno,SPO,28
2026-03-12,Kladno,BPO,1
2026-03-12,Kolín,SPO,6
2026-03-12,LCU,BPO,1
2026-03-12,LCU,XPO,203
2026-03-12,LCU,XL,2
2026-03-12,Liberec,SPO,8
2026-03-12,Mladá Boleslav,SPO,9
2026-03-12,Most,SPO,20
2026-03-12,Mělník,SPO,26
2026-03-12,Olomouc,SPO,10
2026-03-12,Opava,SPO,7
2026-03-12,Ostrava,SPO,137
2026-03-12,Ostrava,BPO,21
2026-03-12,Pardubice,SPO,16
2026-03-12,Plzeň město,SPO,68
2026-03-12,Plzeň město,BPO,4
2026-03-12,Pobočka Chrášťany,SPO,58
2026-03-12,Počernice,SPO,31
2026-03-12,Počernice,BPO,6
2026-03-12,Praha - centrála,SPO,471
2026-03-12,Praha - centrála,BPO,129
2026-03-12,Prostějov,SPO,5
2026-03-12,Příbram,SPO,8
2026-03-12,SKLC3,SPO,1409
2026-03-12,SKLC3,BPO,277
2026-03-12,SKLC3,XPO,93
2026-03-12,Tábor,SPO,27
2026-03-12,Třebíč,SPO,17
2026-03-12,Zlín,SPO,12
2026-03-12,Ústí nad Labem,SPO,3
2026-03-12,Čakovice,SPO,74
2026-03-12,Čakovice,BPO,12
2026-03-12,České Budějovice,SPO,16
2026-03-13,Anděl,SPO,50
2026-03-13,Anděl,BPO,7
2026-03-13,Benešov,SPO,10
2026-03-13,Beroun,SPO,5
2026-03-13,Brno,SPO,50
2026-03-13,Brno,BPO,14
2026-03-13,Brno Lískovec,SPO,9
2026-03-13,Budějovická,SPO,21
2026-03-13,Chomutov,SPO,6
2026-03-13,Dejvice,SPO,19
2026-03-13,Děčín,SPO,3
2026-03-13,Frýdek-Místek,SPO,4
2026-03-13,Hradec,SPO,10
2026-03-13,Háje,SPO,54
2026-03-13,Háje,BPO,6
2026-03-13,Jihlava,SPO,4
2026-03-13,Karlovy Vary,SPO,9
2026-03-13,Kladno,SPO,8
2026-03-13,Kolín,SPO,5
2026-03-13,LCU,BPO,1
2026-03-13,LCU,XPO,303
2026-03-13,LCU,XL,5
2026-03-13,Liberec,SPO,7
2026-03-13,Mladá Boleslav,SPO,10
2026-03-13,Most,SPO,6
2026-03-13,Mělník,SPO,10
2026-03-13,Olomouc,SPO,6
2026-03-13,Opava,SPO,7
2026-03-13,Ostrava,SPO,85
2026-03-13,Ostrava,BPO,18
2026-03-13,Pardubice,SPO,11
2026-03-13,Plzeň město,SPO,49
2026-03-13,Pobočka Chrášťany,SPO,34
2026-03-13,Pobočka Chrášťany,BPO,8
2026-03-13,Počernice,SPO,20
2026-03-13,Počernice,BPO,8
2026-03-13,Praha - centrála,SPO,533
2026-03-13,Praha - centrála,BPO,153
2026-03-13,Prostějov,SPO,6
2026-03-13,Příbram,SPO,4
2026-03-13,SKLC3,SPO,1330
2026-03-13,SKLC3,BPO,284
2026-03-13,SKLC3,XPO,59
2026-03-13,Tábor,SPO,8
2026-03-13,Třebíč,SPO,5
2026-03-13,Zlín,SPO,11
2026-03-13,Ústí nad Labem,SPO,5
2026-03-13,Čakovice,SPO,63
2026-03-13,Čakovice,BPO,18
2026-03-13,České Budějovice,SPO,11
2026-03-14,Anděl,SPO,77
2026-03-14,Anděl,BPO,8
2026-03-14,Benešov,SPO,44
2026-03-14,Benešov,BPO,1
2026-03-14,Beroun,SPO,34
2026-03-14,Brno,SPO,94
2026-03-14,Brno,BPO,4
2026-03-14,Brno Lískovec,SPO,18
2026-03-14,Brno Lískovec,BPO,1
2026-03-14,Budějovická,SPO,38
2026-03-14,Chomutov,SPO,25
2026-03-14,Dejvice,SPO,67
2026-03-14,Děčín,SPO,20
2026-03-14,Frýdek-Místek,SPO,41
2026-03-14,Hradec,SPO,6
2026-03-14,Háje,SPO,79
2026-03-14,Háje,BPO,5
2026-03-14,Jihlava,SPO,6
2026-03-14,Karlovy Vary,SPO,27
2026-03-14,Kladno,SPO,3
2026-03-14,Kolín,SPO,24
2026-03-14,Kolín,BPO,2
2026-03-14,LCU,BPO,2
2026-03-14,LCU,XPO,178
2026-03-14,LCU,XL,2
2026-03-14,Liberec,SPO,40
2026-03-14,Mladá Boleslav,SPO,49
2026-03-14,Most,SPO,3
2026-03-14,Mělník,SPO,13
2026-03-14,Olomouc,SPO,43
2026-03-14,Opava,SPO,24
2026-03-14,Ostrava,SPO,120
2026-03-14,Ostrava,BPO,23
2026-03-14,Pardubice,SPO,12
2026-03-14,Plzeň město,SPO,82
2026-03-14,Plzeň město,BPO,19
2026-03-14,Pobočka Chrášťany,SPO,53
2026-03-14,Pobočka Chrášťany,BPO,10
2026-03-14,Počernice,SPO,44
2026-03-14,Počernice,BPO,8
2026-03-14,Praha - centrála,SPO,555
2026-03-14,Praha - centrála,BPO,125
2026-03-14,Prostějov,SPO,14
2026-03-14,Příbram,SPO,19
2026-03-14,SKLC3,SPO,1304
2026-03-14,SKLC3,BPO,309
2026-03-14,SKLC3,XPO,65
2026-03-14,Tábor,SPO,5
2026-03-14,Třebíč,SPO,4
2026-03-14,Zlín,SPO,25
2026-03-14,Ústí nad Labem,SPO,29
2026-03-14,Čakovice,SPO,83
2026-03-14,Čakovice,BPO,17
2026-03-14,České Budějovice,SPO,4
2026-03-15,Anděl,SPO,60
2026-03-15,Anděl,BPO,2
2026-03-15,Benešov,SPO,15
2026-03-15,Beroun,SPO,14
2026-03-15,Brno,SPO,58
2026-03-15,Brno,BPO,9
2026-03-15,Brno Lískovec,SPO,13
2026-03-15,Budějovická,SPO,18
2026-03-15,Budějovická,BPO,3
2026-03-15,Chomutov,SPO,6
2026-03-15,Dejvice,SPO,10
2026-03-15,Dejvice,BPO,1
2026-03-15,Děčín,SPO,6
2026-03-15,Frýdek-Místek,SPO,10
2026-03-15,Hradec,SPO,13
2026-03-15,Háje,SPO,53
2026-03-15,Háje,BPO,1
2026-03-15,Jihlava,SPO,12
2026-03-15,Karlovy Vary,SPO,6
2026-03-15,Kladno,SPO,8
2026-03-15,Kolín,SPO,3
2026-03-15,LCU,SPO,1
2026-03-15,LCU,XPO,130
2026-03-15,LCU,XL,1
2026-03-15,Liberec,SPO,5
2026-03-15,Mladá Boleslav,SPO,7
2026-03-15,Most,SPO,9
2026-03-15,Mělník,SPO,14
2026-03-15,Olomouc,SPO,10
2026-03-15,Olomouc,BPO,1
2026-03-15,Opava,SPO,12
2026-03-15,Ostrava,SPO,98
2026-03-15,Ostrava,BPO,232
2026-03-15,Pardubice,SPO,14
2026-03-15,Plzeň město,SPO,57
2026-03-15,Plzeň město,BPO,1
2026-03-15,Pobočka Chrášťany,SPO,66
2026-03-15,Pobočka Chrášťany,BPO,29
2026-03-15,Počernice,SPO,35
2026-03-15,Počernice,BPO,3
2026-03-15,Praha - centrála,SPO,571
2026-03-15,Praha - centrála,BPO,89
2026-03-15,Prostějov,SPO,9
2026-03-15,Příbram,SPO,9
2026-03-15,SKLC3,SPO,1307
2026-03-15,SKLC3,BPO,243
2026-03-15,SKLC3,XPO,37
2026-03-15,Tábor,SPO,11
2026-03-15,Třebíč,SPO,8
2026-03-15,Zlín,SPO,12
2026-03-15,Ústí nad Labem,SPO,4
2026-03-15,Čakovice,SPO,70
2026-03-15,Čakovice,BPO,22
2026-03-15,České Budějovice,SPO,12
2026-03-16,Anděl,SPO,36
2026-03-16,Anděl,BPO,4
2026-03-16,Benešov,SPO,14
2026-03-16,Beroun,SPO,10
2026-03-16,Brno,SPO,53
2026-03-16,Brno,BPO,18
2026-03-16,Brno Lískovec,SPO,10
2026-03-16,Budějovická,SPO,19
2026-03-16,Chomutov,SPO,1
2026-03-16,Dejvice,SPO,11
2026-03-16,Děčín,SPO,5
2026-03-16,Frýdek-Místek,SPO,7
2026-03-16,Hradec,SPO,4
2026-03-16,Háje,SPO,48
2026-03-16,Háje,BPO,7
2026-03-16,Jihlava,SPO,3
2026-03-16,Karlovy Vary,SPO,4
2026-03-16,Kladno,SPO,7
2026-03-16,Kolín,SPO,5
2026-03-16,LCU,SPO,1
2026-03-16,LCU,BPO,1
2026-03-16,LCU,XPO,179
2026-03-16,Liberec,SPO,5
2026-03-16,Mladá Boleslav,SPO,7
2026-03-16,Most,SPO,4
2026-03-16,Mělník,SPO,7
2026-03-16,Olomouc,SPO,15
2026-03-16,Opava,SPO,2
2026-03-16,Ostrava,SPO,88
2026-03-16,Ostrava,BPO,13
2026-03-16,Pardubice,SPO,5
2026-03-16,Plzeň město,SPO,43
2026-03-16,Plzeň město,BPO,2
2026-03-16,Pobočka Chrášťany,SPO,39
2026-03-16,Počernice,SPO,18
2026-03-16,Počernice,BPO,4
2026-03-16,Praha - centrála,SPO,475
2026-03-16,Praha - centrála,BPO,105
2026-03-16,Prostějov,SPO,2
2026-03-16,Příbram,SPO,6
2026-03-16,SKLC3,SPO,1149
2026-03-16,SKLC3,BPO,348
2026-03-16,SKLC3,XPO,26
2026-03-16,Tábor,SPO,4
2026-03-16,Třebíč,SPO,1
2026-03-16,Zlín,SPO,6
2026-03-16,Ústí nad Labem,SPO,2
2026-03-16,Čakovice,SPO,64
2026-03-16,Čakovice,BPO,14
2026-03-16,České Budějovice,SPO,5
2026-03-17,Anděl,SPO,53
2026-03-17,Anděl,BPO,9
2026-03-17,Benešov,SPO,10
2026-03-17,Beroun,SPO,1
2026-03-17,Brno,SPO,51
2026-03-17,Brno,BPO,15
2026-03-17,Brno Lískovec,SPO,7
2026-03-17,Budějovická,SPO,14
2026-03-17,Chomutov,SPO,4
2026-03-17,Dejvice,SPO,20
2026-03-17,Dejvice,BPO,2
2026-03-17,Děčín,SPO,5
2026-03-17,Frýdek-Místek,SPO,8
2026-03-17,Hradec,SPO,5
2026-03-17,Háje,SPO,88
2026-03-17,Háje,BPO,2
2026-03-17,Karlovy Vary,SPO,7
2026-03-17,Kladno,SPO,8
2026-03-17,Kolín,SPO,2
2026-03-17,LCU,BPO,1
2026-03-17,LCU,XPO,245
2026-03-17,LCU,XL,1
2026-03-17,Liberec,SPO,6
2026-03-17,Mladá Boleslav,SPO,3
2026-03-17,Most,SPO,1
2026-03-17,Mělník,SPO,14
2026-03-17,Olomouc,SPO,13
2026-03-17,Opava,SPO,8
2026-03-17,Ostrava,SPO,81
2026-03-17,Ostrava,BPO,15
2026-03-17,Pardubice,SPO,4
2026-03-17,Plzeň město,SPO,34
2026-03-17,Plzeň město,BPO,8
2026-03-17,Pobočka Chrášťany,SPO,48
2026-03-17,Pobočka Chrášťany,BPO,6
2026-03-17,Počernice,SPO,33
2026-03-17,Počernice,BPO,2
2026-03-17,Praha - centrála,SPO,480
2026-03-17,Praha - centrála,BPO,69
2026-03-17,Praha - centrála,XPO,14
2026-03-17,Prostějov,SPO,4
2026-03-17,Příbram,SPO,5
2026-03-17,SKLC3,SPO,2413
2026-03-17,SKLC3,BPO,665
2026-03-17,SKLC3,XPO,159
2026-03-17,Tábor,SPO,3
2026-03-17,Třebíč,SPO,2
2026-03-17,Zlín,SPO,5
2026-03-17,Zlín,BPO,2
2026-03-17,Ústí nad Labem,SPO,4
2026-03-17,Čakovice,SPO,50
2026-03-17,Čakovice,BPO,18
2026-03-17,České Budějovice,SPO,10
2026-03-18,Anděl,SPO,40
2026-03-18,Anděl,BPO,2
2026-03-18,Benešov,SPO,11
2026-03-18,Beroun,SPO,8
2026-03-18,Beroun,BPO,2
2026-03-18,Brno,SPO,72
2026-03-18,Brno,BPO,21
2026-03-18,Brno Lískovec,SPO,7
2026-03-18,Budějovická,SPO,33
2026-03-18,Budějovická,BPO,5
2026-03-18,Chomutov,SPO,7
2026-03-18,Dejvice,SPO,13
2026-03-18,Děčín,SPO,6
2026-03-18,Frýdek-Místek,SPO,8
2026-03-18,Frýdek-Místek,BPO,2
2026-03-18,Hradec,SPO,8
2026-03-18,Háje,SPO,53
2026-03-18,Háje,BPO,10
2026-03-18,Jihlava,SPO,12
2026-03-18,Karlovy Vary,SPO,8
2026-03-18,Kladno,SPO,6
2026-03-18,Kolín,SPO,4
2026-03-18,LCU,BPO,4
2026-03-18,LCU,XPO,274
2026-03-18,LCU,XL,5
2026-03-18,LCU,VB,1
2026-03-18,Liberec,SPO,3
2026-03-18,Mladá Boleslav,SPO,12
2026-03-18,Most,SPO,6
2026-03-18,Mělník,SPO,10
2026-03-18,Mělník,BPO,2
2026-03-18,Olomouc,SPO,6
2026-03-18,Opava,SPO,6
2026-03-18,Ostrava,SPO,165
2026-03-18,Ostrava,BPO,69
2026-03-18,Pardubice,SPO,5
2026-03-18,Plzeň město,SPO,38
2026-03-18,Plzeň město,BPO,13
2026-03-18,Pobočka Chrášťany,SPO,46
2026-03-18,Pobočka Chrášťany,BPO,8
2026-03-18,Počernice,SPO,24
2026-03-18,Počernice,BPO,11
2026-03-18,Praha - centrála,SPO,514
2026-03-18,Praha - centrála,BPO,122
2026-03-18,Prostějov,SPO,6
2026-03-18,Příbram,SPO,12
2026-03-18,SKLC3,SPO,1502
2026-03-18,SKLC3,BPO,270
2026-03-18,SKLC3,XPO,115
2026-03-18,Tábor,SPO,12
2026-03-18,Tábor,BPO,2
2026-03-18,Třebíč,SPO,2
2026-03-18,Zlín,SPO,9
2026-03-18,Ústí nad Labem,SPO,7
2026-03-18,Čakovice,SPO,62
2026-03-18,Čakovice,BPO,11
2026-03-18,České Budějovice,SPO,5
2026-03-19,Anděl,SPO,59
2026-03-19,Anděl,BPO,1
2026-03-19,Benešov,SPO,16
2026-03-19,Beroun,SPO,3
2026-03-19,Brno,SPO,63
2026-03-19,Brno,BPO,26
2026-03-19,Brno Lískovec,SPO,11
2026-03-19,Budějovická,SPO,22
2026-03-19,Budějovická,BPO,3
2026-03-19,Chomutov,SPO,3
2026-03-19,Dejvice,SPO,19
2026-03-19,Děčín,SPO,2
2026-03-19,Frýdek-Místek,SPO,13
2026-03-19,Hradec,SPO,5
2026-03-19,Háje,SPO,55
2026-03-19,Háje,BPO,2
2026-03-19,Jihlava,SPO,6
2026-03-19,Karlovy Vary,SPO,8
2026-03-19,Kladno,SPO,11
2026-03-19,Kolín,SPO,10
2026-03-19,LCU,BPO,3
2026-03-19,LCU,XPO,212
2026-03-19,LCU,XL,3
2026-03-19,Liberec,SPO,4
2026-03-19,Mladá Boleslav,SPO,12
2026-03-19,Most,SPO,4
2026-03-19,Mělník,SPO,5
2026-03-19,Olomouc,SPO,16
2026-03-19,Olomouc,BPO,1
2026-03-19,Opava,SPO,5
2026-03-19,Ostrava,SPO,88
2026-03-19,Ostrava,BPO,22
2026-03-19,Pardubice,SPO,8
2026-03-19,Plzeň město,SPO,49
2026-03-19,Plzeň město,BPO,2
2026-03-19,Pobočka Chrášťany,SPO,63
2026-03-19,Pobočka Chrášťany,BPO,6
2026-03-19,Počernice,SPO,33
2026-03-19,Počernice,BPO,4
2026-03-19,Praha - centrála,SPO,546
2026-03-19,Praha - centrála,BPO,116
2026-03-19,Prostějov,SPO,4
2026-03-19,Příbram,SPO,7
2026-03-19,SKLC3,SPO,1564
2026-03-19,SKLC3,BPO,273
2026-03-19,SKLC3,XPO,37
2026-03-19,SKLC3,XL,2
2026-03-19,Tábor,SPO,6
2026-03-19,Třebíč,SPO,7
2026-03-19,Zlín,SPO,6
2026-03-19,Ústí nad Labem,SPO,8
2026-03-19,Čakovice,SPO,52
2026-03-19,Čakovice,BPO,7
2026-03-19,České Budějovice,SPO,6
2026-03-20,Anděl,SPO,55
2026-03-20,Anděl,BPO,2
2026-03-20,Benešov,SPO,5
2026-03-20,Beroun,SPO,5
2026-03-20,Brno,SPO,76
2026-03-20,Brno,BPO,9
2026-03-20,Brno Lískovec,SPO,41
2026-03-20,Budějovická,SPO,25
2026-03-20,Chomutov,SPO,3
2026-03-20,Dejvice,SPO,8
2026-03-20,Děčín,SPO,3
2026-03-20,Frýdek-Místek,SPO,6
2026-03-20,Hradec,SPO,13
2026-03-20,Háje,SPO,43
2026-03-20,Háje,BPO,7
2026-03-20,Jihlava,SPO,11
2026-03-20,Karlovy Vary,SPO,3
2026-03-20,Karlovy Vary,BPO,1
2026-03-20,Kladno,SPO,18
2026-03-20,Kolín,SPO,2
2026-03-20,LCU,BPO,1
2026-03-20,LCU,XPO,187
2026-03-20,LCU,XL,5
2026-03-20,Liberec,SPO,4
2026-03-20,Mladá Boleslav,SPO,8
2026-03-20,Most,SPO,4
2026-03-20,Mělník,SPO,11
2026-03-20,Olomouc,SPO,8
2026-03-20,Opava,SPO,9
2026-03-20,Ostrava,SPO,124
2026-03-20,Ostrava,BPO,91
2026-03-20,Pardubice,SPO,5
2026-03-20,Plzeň město,SPO,43
2026-03-20,Plzeň město,BPO,10
2026-03-20,Pobočka Chrášťany,SPO,55
2026-03-20,Pobočka Chrášťany,BPO,4
2026-03-20,Počernice,SPO,24
2026-03-20,Počernice,BPO,2
2026-03-20,Praha - centrála,SPO,510
2026-03-20,Praha - centrála,BPO,91
2026-03-20,Prostějov,SPO,2
2026-03-20,Příbram,SPO,10
2026-03-20,SKLC3,SPO,1328
2026-03-20,SKLC3,BPO,360
2026-03-20,SKLC3,XPO,81
2026-03-20,Tábor,SPO,4
2026-03-20,Třebíč,SPO,1
2026-03-20,Zlín,SPO,11
2026-03-20,Čakovice,SPO,56
2026-03-20,Čakovice,BPO,38
2026-03-20,České Budějovice,SPO,8
2026-03-21,Anděl,SPO,51
2026-03-21,Anděl,BPO,14
2026-03-21,Benešov,SPO,19
2026-03-21,Beroun,SPO,4
2026-03-21,Brno,SPO,87
2026-03-21,Brno,BPO,16
2026-03-21,Brno Lískovec,SPO,10
2026-03-21,Budějovická,SPO,18
2026-03-21,Budějovická,BPO,3
2026-03-21,Chomutov,SPO,4
2026-03-21,Dejvice,SPO,13
2026-03-21,Děčín,SPO,2
2026-03-21,Frýdek-Místek,SPO,11
2026-03-21,Hradec,SPO,6
2026-03-21,Hradec,BPO,2
2026-03-21,Háje,SPO,60
2026-03-21,Háje,BPO,7
2026-03-21,Jihlava,SPO,9
2026-03-21,Karlovy Vary,SPO,5
2026-03-21,Kladno,SPO,6
2026-03-21,Kolín,SPO,4
2026-03-21,LCU,XPO,169
2026-03-21,LCU,XL,2
2026-03-21,Liberec,SPO,7
2026-03-21,Mladá Boleslav,SPO,12
2026-03-21,Most,SPO,5
2026-03-21,Mělník,SPO,15
2026-03-21,Olomouc,SPO,15
2026-03-21,Opava,SPO,2
2026-03-21,Ostrava,SPO,124
2026-03-21,Ostrava,BPO,23
2026-03-21,Pardubice,SPO,13
2026-03-21,Plzeň město,SPO,61
2026-03-21,Plzeň město,BPO,16
2026-03-21,Pobočka Chrášťany,SPO,43
2026-03-21,Pobočka Chrášťany,BPO,1
2026-03-21,Počernice,SPO,40
2026-03-21,Počernice,BPO,8
2026-03-21,Praha - centrála,SPO,562
2026-03-21,Praha - centrála,BPO,109
2026-03-21,Prostějov,SPO,4
2026-03-21,Příbram,SPO,9
2026-03-21,SKLC3,SPO,1211
2026-03-21,SKLC3,BPO,355
2026-03-21,SKLC3,XPO,137
2026-03-21,Tábor,SPO,11
2026-03-21,Třebíč,SPO,11
2026-03-21,Zlín,SPO,13
2026-03-21,Ústí nad Labem,SPO,2
2026-03-21,Ústí nad Labem,BPO,2
2026-03-21,Čakovice,SPO,62
2026-03-21,Čakovice,BPO,16
2026-03-21,České Budějovice,SPO,18
2026-03-22,Anděl,SPO,48
2026-03-22,Anděl,BPO,9
2026-03-22,Benešov,SPO,12
2026-03-22,Beroun,SPO,6
2026-03-22,Brno,SPO,42
2026-03-22,Brno,BPO,10
2026-03-22,Brno Lískovec,SPO,8
2026-03-22,Budějovická,SPO,44
2026-03-22,Chomutov,SPO,4
2026-03-22,Dejvice,SPO,12
2026-03-22,Děčín,SPO,4
2026-03-22,Frýdek-Místek,SPO,5
2026-03-22,Hradec,SPO,10
2026-03-22,Háje,SPO,55
2026-03-22,Háje,BPO,12
2026-03-22,Jihlava,SPO,2
2026-03-22,Karlovy Vary,SPO,3
2026-03-22,Kladno,SPO,15
2026-03-22,Kolín,SPO,11
2026-03-22,Kolín,BPO,3
2026-03-22,LCU,BPO,1
2026-03-22,LCU,XPO,109
2026-03-22,LCU,XL,2
2026-03-22,Liberec,SPO,5
2026-03-22,Mladá Boleslav,SPO,12
2026-03-22,Most,SPO,2
2026-03-22,Mělník,SPO,4
2026-03-22,Olomouc,SPO,13
2026-03-22,Opava,SPO,2
2026-03-22,Ostrava,SPO,94
2026-03-22,Ostrava,BPO,24
2026-03-22,Pardubice,SPO,9
2026-03-22,Plzeň město,SPO,55
2026-03-22,Plzeň město,BPO,3
2026-03-22,Pobočka Chrášťany,SPO,98
2026-03-22,Počernice,SPO,30
2026-03-22,Počernice,BPO,3
2026-03-22,Praha - centrála,SPO,598
2026-03-22,Praha - centrála,BPO,114
2026-03-22,Prostějov,SPO,2
2026-03-22,Příbram,SPO,9
2026-03-22,SKLC3,SPO,1200
2026-03-22,SKLC3,BPO,360
2026-03-22,SKLC3,XPO,92
2026-03-22,Tábor,SPO,9
2026-03-22,Tábor,BPO,1
2026-03-22,Třebíč,SPO,4
2026-03-22,Zlín,SPO,13
2026-03-22,Ústí nad Labem,SPO,11
2026-03-22,Čakovice,SPO,54
2026-03-22,Čakovice,BPO,14
2026-03-22,České Budějovice,SPO,11
2026-03-23,Anděl,SPO,38
2026-03-23,Anděl,BPO,14
2026-03-23,Benešov,SPO,7
2026-03-23,Beroun,SPO,3
2026-03-23,Brno,SPO,59
2026-03-23,Brno,BPO,8
2026-03-23,Budějovická,SPO,13
2026-03-23,Chomutov,SPO,1
2026-03-23,Dejvice,SPO,1
2026-03-23,Děčín,SPO,1
2026-03-23,Frýdek-Místek,SPO,3
2026-03-23,Hradec,SPO,1
2026-03-23,Háje,SPO,37
2026-03-23,Háje,BPO,7
2026-03-23,Jihlava,SPO,8
2026-03-23,Karlovy Vary,SPO,1
2026-03-23,Kladno,SPO,6
2026-03-23,Kolín,SPO,1
2026-03-23,LCU,SPO,1
2026-03-23,LCU,BPO,1
2026-03-23,LCU,XPO,140
2026-03-23,LCU,XL,4
2026-03-23,Liberec,SPO,2
2026-03-23,Most,SPO,3
2026-03-23,Mělník,SPO,4
2026-03-23,Olomouc,SPO,9
2026-03-23,Olomouc,BPO,1
2026-03-23,Opava,SPO,3
2026-03-23,Ostrava,SPO,76
2026-03-23,Ostrava,BPO,29
2026-03-23,Ostrava,XPO,1
2026-03-23,Pardubice,SPO,5
2026-03-23,Plzeň město,SPO,36
2026-03-23,Plzeň město,BPO,2
2026-03-23,Pobočka Chrášťany,SPO,37
2026-03-23,Pobočka Chrášťany,BPO,20
2026-03-23,Počernice,SPO,25
2026-03-23,Počernice,BPO,10
2026-03-23,Počernice,XPO,1
2026-03-23,Praha - centrála,SPO,463
2026-03-23,Praha - centrála,BPO,154
2026-03-23,Praha - centrála,XPO,3
2026-03-23,Prostějov,SPO,1
2026-03-23,Příbram,SPO,4
2026-03-23,SKLC3,SPO,1398
2026-03-23,SKLC3,BPO,372
2026-03-23,SKLC3,XPO,54
2026-03-23,Tábor,SPO,1
2026-03-23,Třebíč,SPO,8
2026-03-23,Zlín,SPO,3
2026-03-23,Ústí nad Labem,SPO,6
2026-03-23,Čakovice,SPO,46
2026-03-23,České Budějovice,SPO,4
2026-03-24,Anděl,SPO,52
2026-03-24,Anděl,BPO,8
2026-03-24,Benešov,SPO,11
2026-03-24,Beroun,SPO,5
2026-03-24,Brno,SPO,65
2026-03-24,Brno,BPO,15
2026-03-24,Brno Lískovec,SPO,3
2026-03-24,Budějovická,SPO,26
2026-03-24,Chomutov,SPO,3
2026-03-24,Dejvice,SPO,4
2026-03-24,Děčín,SPO,2
2026-03-24,Frýdek-Místek,SPO,7
2026-03-24,Hradec,SPO,3
2026-03-24,Háje,SPO,54
2026-03-24,Háje,BPO,4
2026-03-24,Jihlava,SPO,6
2026-03-24,Karlovy Vary,SPO,8
2026-03-24,Kladno,SPO,13
2026-03-24,Kolín,SPO,10
2026-03-24,LCU,BPO,2
2026-03-24,LCU,XPO,329
2026-03-24,LCU,XL,4
2026-03-24,LCU,VB,1
2026-03-24,Liberec,SPO,8
2026-03-24,Mladá Boleslav,SPO,8
2026-03-24,Most,SPO,7
2026-03-24,Mělník,SPO,12
2026-03-24,Olomouc,SPO,11
2026-03-24,Opava,SPO,7
2026-03-24,Ostrava,SPO,103
2026-03-24,Ostrava,BPO,12
2026-03-24,Pardubice,SPO,2
2026-03-24,Plzeň město,SPO,39
2026-03-24,Plzeň město,BPO,9
2026-03-24,Pobočka Chrášťany,SPO,63
2026-03-24,Pobočka Chrášťany,BPO,22
2026-03-24,Počernice,SPO,16
2026-03-24,Počernice,BPO,3
2026-03-24,Praha - centrála,SPO,525
2026-03-24,Praha - centrála,BPO,146
2026-03-24,Prostějov,SPO,7
2026-03-24,Příbram,SPO,3
2026-03-24,SKLC3,SPO,2310
2026-03-24,SKLC3,BPO,799
2026-03-24,SKLC3,XPO,184
2026-03-24,Tábor,SPO,5
2026-03-24,Třebíč,SPO,6
2026-03-24,Zlín,SPO,11
2026-03-24,Ústí nad Labem,SPO,6
2026-03-24,Čakovice,SPO,36
2026-03-24,České Budějovice,SPO,5
2026-03-25,Anděl,SPO,54
2026-03-25,Anděl,BPO,10
2026-03-25,Benešov,SPO,46
2026-03-25,Beroun,SPO,42
2026-03-25,Brno,SPO,78
2026-03-25,Brno,BPO,4
2026-03-25,Brno Lískovec,SPO,50
2026-03-25,Brno Lískovec,BPO,2
2026-03-25,Budějovická,SPO,37
2026-03-25,Budějovická,BPO,2
2026-03-25,Chomutov,SPO,37
2026-03-25,Dejvice,SPO,46
2026-03-25,Děčín,SPO,38
2026-03-25,Frýdek-Místek,SPO,46
2026-03-25,Hradec,SPO,46
2026-03-25,Háje,SPO,73
2026-03-25,Háje,BPO,11
2026-03-25,Jihlava,SPO,40
2026-03-25,Karlovy Vary,SPO,35
2026-03-25,Kladno,SPO,43
2026-03-25,Kolín,SPO,26
2026-03-25,LCU,BPO,3
2026-03-25,LCU,XPO,274
2026-03-25,LCU,XL,4
2026-03-25,Liberec,SPO,39
2026-03-25,Mladá Boleslav,SPO,43
2026-03-25,Most,SPO,36
2026-03-25,Mělník,SPO,41
2026-03-25,Olomouc,SPO,48
2026-03-25,Opava,SPO,38
2026-03-25,Ostrava,SPO,199
2026-03-25,Ostrava,BPO,28
2026-03-25,Pardubice,SPO,44
2026-03-25,Plzeň město,SPO,58
2026-03-25,Plzeň město,BPO,21
2026-03-25,Pobočka Chrášťany,SPO,63
2026-03-25,Pobočka Chrášťany,BPO,3
2026-03-25,Počernice,SPO,38
2026-03-25,Počernice,BPO,7
2026-03-25,Praha - centrála,SPO,538
2026-03-25,Praha - centrála,BPO,106
2026-03-25,Prostějov,SPO,27
2026-03-25,Příbram,SPO,40
2026-03-25,SKLC3,SPO,1522
2026-03-25,SKLC3,BPO,424
2026-03-25,SKLC3,XPO,82
2026-03-25,Tábor,SPO,47
2026-03-25,Třebíč,SPO,36
2026-03-25,Zlín,SPO,42
2026-03-25,Ústí nad Labem,SPO,29
2026-03-25,Čakovice,SPO,86
2026-03-25,Čakovice,BPO,14
2026-03-25,České Budějovice,SPO,42
2026-03-26,Anděl,SPO,40
2026-03-26,Anděl,BPO,3
2026-03-26,Benešov,SPO,20
2026-03-26,Beroun,SPO,8
2026-03-26,Brno,SPO,56
2026-03-26,Brno,BPO,14
2026-03-26,Brno Lískovec,SPO,8
2026-03-26,Budějovická,SPO,15
2026-03-26,Budějovická,BPO,4
2026-03-26,Chomutov,SPO,2
2026-03-26,Dejvice,SPO,9
2026-03-26,Děčín,SPO,2
2026-03-26,Frýdek-Místek,SPO,9
2026-03-26,Hradec,SPO,4
2026-03-26,Háje,SPO,43
2026-03-26,Háje,BPO,7
2026-03-26,Jihlava,SPO,5
2026-03-26,Karlovy Vary,SPO,3
2026-03-26,Kladno,SPO,7
2026-03-26,Kolín,SPO,7
2026-03-26,LCU,XPO,133
2026-03-26,LCU,XL,1
2026-03-26,Liberec,SPO,8
2026-03-26,Mladá Boleslav,SPO,14
2026-03-26,Mladá Boleslav,BPO,2
2026-03-26,Most,SPO,8
2026-03-26,Mělník,SPO,8
2026-03-26,Olomouc,SPO,9
2026-03-26,Opava,SPO,7
2026-03-26,Opava,BPO,2
2026-03-26,Ostrava,SPO,92
2026-03-26,Ostrava,BPO,89
2026-03-26,Pardubice,SPO,4
2026-03-26,Plzeň město,SPO,58
2026-03-26,Plzeň město,BPO,9
2026-03-26,Plzeň město,XPO,2
2026-03-26,Pobočka Chrášťany,SPO,37
2026-03-26,Počernice,SPO,22
2026-03-26,Počernice,BPO,6
2026-03-26,Počernice,XPO,3
2026-03-26,Praha - centrála,SPO,451
2026-03-26,Praha - centrála,BPO,122
2026-03-26,Prostějov,SPO,7
2026-03-26,Příbram,SPO,7
2026-03-26,SKLC3,SPO,1295
2026-03-26,SKLC3,BPO,289
2026-03-26,SKLC3,XPO,45
2026-03-26,Tábor,SPO,8
2026-03-26,Třebíč,SPO,8
2026-03-26,Zlín,SPO,8
2026-03-26,Ústí nad Labem,SPO,4
2026-03-26,Čakovice,SPO,80
2026-03-26,Čakovice,BPO,28
2026-03-26,České Budějovice,SPO,6
2026-03-27,Anděl,SPO,35
2026-03-27,Anděl,BPO,3
2026-03-27,Benešov,SPO,14
2026-03-27,Beroun,SPO,3
2026-03-27,Beroun,BPO,1
2026-03-27,Brno,SPO,50
2026-03-27,Brno,BPO,9
2026-03-27,Brno Lískovec,SPO,11
2026-03-27,Budějovická,SPO,79
2026-03-27,Budějovická,BPO,19
2026-03-27,Chomutov,SPO,5
2026-03-27,Dejvice,SPO,4
2026-03-27,Děčín,SPO,4
2026-03-27,Frýdek-Místek,SPO,12
2026-03-27,Hradec,SPO,11
2026-03-27,Háje,SPO,38
2026-03-27,Háje,BPO,9
2026-03-27,Jihlava,SPO,5
2026-03-27,Karlovy Vary,SPO,6
2026-03-27,Kladno,SPO,4
2026-03-27,Kolín,SPO,5
2026-03-27,Kolín,BPO,1
2026-03-27,LCU,SPO,1
2026-03-27,LCU,BPO,1
2026-03-27,LCU,XPO,100
2026-03-27,LCU,XL,2
2026-03-27,Liberec,SPO,6
2026-03-27,Mladá Boleslav,SPO,3
2026-03-27,Most,SPO,6
2026-03-27,Mělník,SPO,5
2026-03-27,Olomouc,SPO,9
2026-03-27,Opava,SPO,14
2026-03-27,Ostrava,SPO,81
2026-03-27,Ostrava,BPO,21
2026-03-27,Pardubice,SPO,2
2026-03-27,Plzeň město,SPO,42
2026-03-27,Pobočka Chrášťany,SPO,52
2026-03-27,Pobočka Chrášťany,BPO,9
2026-03-27,Počernice,SPO,15
2026-03-27,Počernice,BPO,2
2026-03-27,Praha - centrála,SPO,413
2026-03-27,Praha - centrála,BPO,101
2026-03-27,Prostějov,SPO,5
2026-03-27,Příbram,SPO,2
2026-03-27,SKLC3,SPO,1502
2026-03-27,SKLC3,BPO,371
2026-03-27,SKLC3,XPO,38
2026-03-27,Tábor,SPO,6
2026-03-27,Třebíč,SPO,3
2026-03-27,Zlín,SPO,6
2026-03-27,Ústí nad Labem,SPO,3
2026-03-27,Čakovice,SPO,54
2026-03-27,Čakovice,BPO,40
2026-03-27,České Budějovice,SPO,10
2026-03-28,Anděl,SPO,51
2026-03-28,Anděl,BPO,12
2026-03-28,Benešov,SPO,7
2026-03-28,Beroun,SPO,7
2026-03-28,Brno,SPO,63
2026-03-28,Brno,BPO,23
2026-03-28,Brno Lískovec,SPO,7
2026-03-28,Budějovická,SPO,26
2026-03-28,Chomutov,SPO,3
2026-03-28,Dejvice,SPO,3
2026-03-28,Frýdek-Místek,SPO,14
2026-03-28,Hradec,SPO,7
2026-03-28,Háje,SPO,34
2026-03-28,Háje,BPO,3
2026-03-28,Jihlava,SPO,6
2026-03-28,Karlovy Vary,SPO,7
2026-03-28,Kladno,SPO,1
2026-03-28,Kolín,SPO,2
2026-03-28,Kolín,BPO,1
2026-03-28,LCU,BPO,1
2026-03-28,LCU,XPO,150
2026-03-28,LCU,XL,2
2026-03-28,Liberec,SPO,3
2026-03-28,Mladá Boleslav,SPO,5
2026-03-28,Most,SPO,6
2026-03-28,Mělník,SPO,5
2026-03-28,Olomouc,SPO,7
2026-03-28,Olomouc,BPO,1
2026-03-28,Opava,SPO,9
2026-03-28,Ostrava,SPO,109
2026-03-28,Ostrava,BPO,33
2026-03-28,Pardubice,SPO,7
2026-03-28,Plzeň město,SPO,51
2026-03-28,Pobočka Chrášťany,SPO,37
2026-03-28,Počernice,SPO,31
2026-03-28,Počernice,BPO,5
2026-03-28,Praha - centrála,SPO,501
2026-03-28,Praha - centrála,BPO,116
2026-03-28,Prostějov,SPO,6
2026-03-28,Příbram,SPO,6
2026-03-28,SKLC3,SPO,1739
2026-03-28,SKLC3,BPO,184
2026-03-28,SKLC3,XPO,29
2026-03-28,Tábor,SPO,12
2026-03-28,Třebíč,SPO,2
2026-03-28,Zlín,SPO,10
2026-03-28,Ústí nad Labem,SPO,5
2026-03-28,Čakovice,SPO,52
2026-03-28,Čakovice,BPO,12
2026-03-28,České Budějovice,SPO,9
2026-03-29,Anděl,SPO,43
2026-03-29,Anděl,BPO,9
2026-03-29,Benešov,SPO,11
2026-03-29,Benešov,BPO,2
2026-03-29,Beroun,SPO,5
2026-03-29,Brno,SPO,47
2026-03-29,Brno,BPO,12
2026-03-29,Brno Lískovec,SPO,8
2026-03-29,Budějovická,SPO,41
2026-03-29,Chomutov,SPO,1
2026-03-29,Dejvice,SPO,1
2026-03-29,Děčín,SPO,7
2026-03-29,Frýdek-Místek,SPO,9
2026-03-29,Hradec,SPO,10
2026-03-29,Hradec,BPO,1
2026-03-29,Háje,SPO,34
2026-03-29,Háje,BPO,9
2026-03-29,Jihlava,SPO,2
2026-03-29,Jihlava,BPO,2
2026-03-29,Karlovy Vary,SPO,3
2026-03-29,Kladno,SPO,6
2026-03-29,Kolín,SPO,6
2026-03-29,LCU,XPO,81
2026-03-29,LCU,XL,3
2026-03-29,Liberec,SPO,8
2026-03-29,Mladá Boleslav,SPO,9
2026-03-29,Most,SPO,4
2026-03-29,Mělník,SPO,4
2026-03-29,Olomouc,SPO,4
2026-03-29,Opava,SPO,3
2026-03-29,Ostrava,SPO,88
2026-03-29,Ostrava,BPO,42
2026-03-29,Pardubice,SPO,2
2026-03-29,Plzeň město,SPO,40
2026-03-29,Plzeň město,BPO,38
2026-03-29,Pobočka Chrášťany,SPO,36
2026-03-29,Počernice,SPO,20
2026-03-29,Počernice,BPO,3
2026-03-29,Praha - centrála,SPO,435
2026-03-29,Praha - centrála,BPO,89
2026-03-29,Prostějov,SPO,7
2026-03-29,Prostějov,BPO,1
2026-03-29,Příbram,SPO,7
2026-03-29,SKLC3,SPO,1105
2026-03-29,SKLC3,BPO,291
2026-03-29,SKLC3,XPO,100
2026-03-29,Tábor,SPO,4
2026-03-29,Třebíč,SPO,5
2026-03-29,Zlín,SPO,8
2026-03-29,Ústí nad Labem,SPO,6
2026-03-29,Čakovice,SPO,55
2026-03-29,Čakovice,BPO,17
2026-03-29,České Budějovice,SPO,8
2026-03-30,Anděl,SPO,30
2026-03-30,Benešov,SPO,8
2026-03-30,Beroun,SPO,4
2026-03-30,Brno,SPO,37
2026-03-30,Brno,BPO,8
2026-03-30,Brno Lískovec,SPO,7
2026-03-30,Budějovická,SPO,21
2026-03-30,Budějovická,BPO,3
2026-03-30,Dejvice,SPO,2
2026-03-30,Dejvice,BPO,2
2026-03-30,Děčín,SPO,3
2026-03-30,Frýdek-Místek,SPO,3
2026-03-30,Hradec,SPO,5
2026-03-30,Háje,SPO,36
2026-03-30,Háje,BPO,4
2026-03-30,Jihlava,SPO,4
2026-03-30,Karlovy Vary,SPO,1
2026-03-30,Kladno,SPO,5
2026-03-30,Kolín,SPO,2
2026-03-30,LCU,BPO,2
2026-03-30,LCU,XPO,115
2026-03-30,LCU,XL,2
2026-03-30,Liberec,SPO,2
2026-03-30,Mladá Boleslav,SPO,7
2026-03-30,Most,SPO,5
2026-03-30,Mělník,SPO,4
2026-03-30,Olomouc,SPO,6
2026-03-30,Opava,SPO,4
2026-03-30,Ostrava,SPO,83
2026-03-30,Ostrava,BPO,24
2026-03-30,Pardubice,SPO,1
2026-03-30,Plzeň město,SPO,27
2026-03-30,Pobočka Chrášťany,SPO,51
2026-03-30,Počernice,SPO,15
2026-03-30,Počernice,BPO,4
2026-03-30,Praha - centrála,SPO,480
2026-03-30,Praha - centrála,BPO,85
2026-03-30,Prostějov,SPO,3
2026-03-30,Příbram,SPO,3
2026-03-30,SKLC3,SPO,1450
2026-03-30,SKLC3,BPO,403
2026-03-30,SKLC3,XPO,61
2026-03-30,Tábor,SPO,11
2026-03-30,Třebíč,SPO,5
2026-03-30,Zlín,SPO,9
2026-03-30,Čakovice,SPO,53
2026-03-30,Čakovice,BPO,7
2026-03-30,České Budějovice,SPO,3
2026-03-31,Anděl,SPO,45
2026-03-31,Anděl,BPO,2
2026-03-31,Benešov,SPO,10
2026-03-31,Beroun,SPO,3
2026-03-31,Brno,SPO,52
2026-03-31,Brno,BPO,11
2026-03-31,Brno Lískovec,SPO,3
2026-03-31,Budějovická,SPO,14
2026-03-31,Dejvice,SPO,3
2026-03-31,Děčín,SPO,3
2026-03-31,Děčín,BPO,2
2026-03-31,Frýdek-Místek,SPO,11
2026-03-31,Hradec,SPO,1
2026-03-31,Háje,SPO,57
2026-03-31,Háje,BPO,4
2026-03-31,Jihlava,SPO,7
2026-03-31,Karlovy Vary,SPO,2
2026-03-31,Kladno,SPO,5
2026-03-31,Kolín,SPO,10
2026-03-31,LCU,XPO,63
2026-03-31,LCU,XL,10
2026-03-31,Liberec,SPO,3
2026-03-31,Mladá Boleslav,SPO,4
2026-03-31,Most,SPO,3
2026-03-31,Mělník,SPO,8
2026-03-31,Olomouc,SPO,6
2026-03-31,Opava,SPO,6
2026-03-31,Ostrava,SPO,88
2026-03-31,Ostrava,BPO,24
2026-03-31,Pardubice,SPO,7
2026-03-31,Plzeň město,SPO,31
2026-03-31,Plzeň město,BPO,3
2026-03-31,Pobočka Chrášťany,SPO,36
2026-03-31,Počernice,SPO,27
2026-03-31,Počernice,BPO,4
2026-03-31,Praha - centrála,SPO,517
2026-03-31,Praha - centrála,BPO,130
2026-03-31,Prostějov,SPO,3
2026-03-31,Příbram,SPO,6
2026-03-31,SKLC3,SPO,2611
2026-03-31,SKLC3,BPO,585
2026-03-31,SKLC3,XPO,81
2026-03-31,SKLC3,XL,2
2026-03-31,Tábor,SPO,6
2026-03-31,Třebíč,SPO,4
2026-03-31,Zlín,SPO,9
2026-03-31,Ústí nad Labem,SPO,3
2026-03-31,Čakovice,SPO,24
2026-03-31,Čakovice,BPO,33
2026-03-31,České Budějovice,SPO,8
2026-04-01,Anděl,SPO,38
2026-04-01,Anděl,BPO,9
2026-04-01,Benešov,SPO,9
2026-04-01,Beroun,SPO,9
2026-04-01,Brno,SPO,52
2026-04-01,Brno,BPO,3
2026-04-01,Brno Lískovec,SPO,3
2026-04-01,Budějovická,SPO,55
2026-04-01,Chomutov,SPO,10
2026-04-01,Dejvice,SPO,5
2026-04-01,Děčín,SPO,7
2026-04-01,Frýdek-Místek,SPO,9
2026-04-01,Hradec,SPO,8
2026-04-01,Hradec,BPO,15
2026-04-01,Háje,SPO,39
2026-04-01,Háje,BPO,7
2026-04-01,Jihlava,SPO,6
2026-04-01,Karlovy Vary,SPO,5
2026-04-01,Kladno,SPO,8
2026-04-01,Kolín,SPO,13
2026-04-01,Kolín,BPO,1
2026-04-01,LCU,XPO,127
2026-04-01,LCU,XL,3
2026-04-01,LCU,VB,1
2026-04-01,Liberec,SPO,6
2026-04-01,Mladá Boleslav,SPO,3
2026-04-01,Most,SPO,9
2026-04-01,Mělník,SPO,5
2026-04-01,Olomouc,SPO,4
2026-04-01,Opava,SPO,4
2026-04-01,Ostrava,SPO,76
2026-04-01,Ostrava,BPO,15
2026-04-01,Pardubice,SPO,7
2026-04-01,Plzeň město,SPO,44
2026-04-01,Plzeň město,BPO,16
2026-04-01,Pobočka Chrášťany,SPO,43
2026-04-01,Pobočka Chrášťany,BPO,4
2026-04-01,Počernice,SPO,26
2026-04-01,Počernice,BPO,5
2026-04-01,Praha - centrála,SPO,481
2026-04-01,Praha - centrála,BPO,144
2026-04-01,Prostějov,SPO,12
2026-04-01,Příbram,SPO,9
2026-04-01,SKLC3,SPO,1369
2026-04-01,SKLC3,BPO,395
2026-04-01,SKLC3,XPO,30
2026-04-01,SKLC3,XL,1
2026-04-01,Tábor,SPO,5
2026-04-01,Třebíč,SPO,3
2026-04-01,Zlín,SPO,10
2026-04-01,Ústí nad Labem,SPO,4
2026-04-01,Čakovice,SPO,42
2026-04-01,Čakovice,BPO,18
2026-04-01,České Budějovice,SPO,3
2026-04-02,Anděl,SPO,26
2026-04-02,Anděl,BPO,10
2026-04-02,Benešov,SPO,2
2026-04-02,Beroun,SPO,1
2026-04-02,Brno,SPO,15
2026-04-02,Brno,BPO,1
2026-04-02,Brno Lískovec,SPO,2
2026-04-02,Budějovická,SPO,3
2026-04-02,Chomutov,SPO,1
2026-04-02,Děčín,SPO,2
2026-04-02,Frýdek-Místek,SPO,2
2026-04-02,Hradec,SPO,2
2026-04-02,Háje,SPO,13
2026-04-02,Háje,BPO,3
2026-04-02,Jihlava,SPO,1
2026-04-02,Karlovy Vary,SPO,4
2026-04-02,Kladno,SPO,2
2026-04-02,Kolín,SPO,2
2026-04-02,LCU,BPO,1
2026-04-02,LCU,XPO,143
2026-04-02,LCU,XL,2
2026-04-02,LCU,VB,1
2026-04-02,Most,SPO,2
2026-04-02,Mělník,SPO,1
2026-04-02,Olomouc,SPO,2
2026-04-02,Opava,SPO,1
2026-04-02,Ostrava,SPO,26
2026-04-02,Ostrava,BPO,4
2026-04-02,Pardubice,SPO,7
2026-04-02,Plzeň město,SPO,6
2026-04-02,Pobočka Chrášťany,SPO,9
2026-04-02,Pobočka Chrášťany,BPO,10
2026-04-02,Počernice,SPO,7
2026-04-02,Praha - centrála,SPO,144
2026-04-02,Praha - centrála,BPO,28
2026-04-02,Prostějov,SPO,3
2026-04-02,SKLC3,SPO,811
2026-04-02,SKLC3,BPO,122
2026-04-02,SKLC3,XPO,15
2026-04-02,Třebíč,SPO,1
2026-04-02,Zlín,SPO,1
2026-04-02,Čakovice,SPO,170
2026-04-02,Čakovice,BPO,26
2026-04-02,České Budějovice,SPO,1
2026-04-03,Anděl,SPO,66
2026-04-03,Anděl,BPO,5
2026-04-03,Benešov,SPO,21
2026-04-03,Beroun,SPO,19
2026-04-03,Brno,SPO,111
2026-04-03,Brno,BPO,16
2026-04-03,Brno Lískovec,SPO,22
2026-04-03,Budějovická,SPO,52
2026-04-03,Chomutov,SPO,11
2026-04-03,Dejvice,SPO,3
2026-04-03,Děčín,SPO,2
2026-04-03,Frýdek-Místek,SPO,15
2026-04-03,Hradec,SPO,14
2026-04-03,Háje,SPO,80
2026-04-03,Háje,BPO,15
2026-04-03,Jihlava,SPO,7
2026-04-03,Karlovy Vary,SPO,7
2026-04-03,Kladno,SPO,11
2026-04-03,Kolín,SPO,12
2026-04-03,LCU,XPO,101
2026-04-03,LCU,XL,3
2026-04-03,Liberec,SPO,10
2026-04-03,Mladá Boleslav,SPO,12
2026-04-03,Most,SPO,15
2026-04-03,Mělník,SPO,12
2026-04-03,Olomouc,SPO,21
2026-04-03,Opava,SPO,14
2026-04-03,Ostrava,SPO,168
2026-04-03,Ostrava,BPO,41
2026-04-03,Pardubice,SPO,7
2026-04-03,Plzeň město,SPO,79
2026-04-03,Plzeň město,BPO,17
2026-04-03,Pobočka Chrášťany,SPO,81
2026-04-03,Počernice,SPO,61
2026-04-03,Počernice,BPO,9
2026-04-03,Praha - centrála,SPO,855
2026-04-03,Praha - centrála,BPO,171
2026-04-03,Prostějov,SPO,8
2026-04-03,Příbram,SPO,8
2026-04-03,SKLC3,SPO,2159
2026-04-03,SKLC3,BPO,437
2026-04-03,SKLC3,XPO,61
2026-04-03,Tábor,SPO,13
2026-04-03,Tábor,BPO,4
2026-04-03,Třebíč,SPO,17
2026-04-03,Zlín,SPO,18
2026-04-03,Ústí nad Labem,SPO,15
2026-04-03,Čakovice,SPO,100
2026-04-03,Čakovice,BPO,37
2026-04-03,České Budějovice,SPO,18
2026-04-04,Anděl,SPO,28
2026-04-04,Anděl,BPO,2
2026-04-04,Benešov,SPO,13
2026-04-04,Beroun,SPO,6
2026-04-04,Brno,SPO,56
2026-04-04,Brno,BPO,16
2026-04-04,Brno Lískovec,SPO,8
2026-04-04,Budějovická,SPO,20
2026-04-04,Dejvice,SPO,1
2026-04-04,Děčín,SPO,3
2026-04-04,Frýdek-Místek,SPO,5
2026-04-04,Hradec,SPO,9
2026-04-04,Háje,SPO,30
2026-04-04,Háje,BPO,12
2026-04-04,Jihlava,SPO,8
2026-04-04,Karlovy Vary,SPO,3
2026-04-04,Kladno,SPO,10
2026-04-04,Kolín,SPO,1
2026-04-04,LCU,XPO,83
2026-04-04,LCU,XL,2
2026-04-04,Liberec,SPO,5
2026-04-04,Mladá Boleslav,SPO,2
2026-04-04,Most,SPO,1
2026-04-04,Mělník,SPO,5
2026-04-04,Olomouc,SPO,9
2026-04-04,Opava,SPO,1
2026-04-04,Ostrava,SPO,73
2026-04-04,Ostrava,BPO,13
2026-04-04,Pardubice,SPO,4
2026-04-04,Plzeň město,SPO,43
2026-04-04,Plzeň město,BPO,1
2026-04-04,Pobočka Chrášťany,SPO,38
2026-04-04,Pobočka Chrášťany,BPO,4
2026-04-04,Počernice,SPO,11
2026-04-04,Počernice,BPO,6
2026-04-04,Praha - centrála,SPO,464
2026-04-04,Praha - centrála,BPO,108
2026-04-04,Prostějov,SPO,1
2026-04-04,Příbram,SPO,2
2026-04-04,SKLC3,SPO,1290
2026-04-04,SKLC3,BPO,270
2026-04-04,SKLC3,XPO,59
2026-04-04,Tábor,SPO,11
2026-04-04,Třebíč,SPO,2
2026-04-04,Zlín,SPO,3
2026-04-04,Ústí nad Labem,SPO,5
2026-04-04,Čakovice,SPO,46
2026-04-04,Čakovice,BPO,34
2026-04-04,České Budějovice,SPO,10
2026-04-05,Anděl,SPO,36
2026-04-05,Anděl,BPO,1
2026-04-05,Benešov,SPO,4
2026-04-05,Beroun,SPO,4
2026-04-05,Brno,SPO,34
2026-04-05,Brno,BPO,5
2026-04-05,Brno Lískovec,SPO,6
2026-04-05,Budějovická,SPO,18
2026-04-05,Chomutov,SPO,2
2026-04-05,Dejvice,SPO,4
2026-04-05,Děčín,SPO,1
2026-04-05,Frýdek-Místek,SPO,12
2026-04-05,Hradec,SPO,12
2026-04-05,Háje,SPO,38
2026-04-05,Háje,BPO,6
2026-04-05,Jihlava,SPO,9
2026-04-05,Karlovy Vary,SPO,4
2026-04-05,Kladno,SPO,11
2026-04-05,Kolín,SPO,10
2026-04-05,LCU,BPO,1
2026-04-05,LCU,XPO,99
2026-04-05,LCU,XL,1
2026-04-05,Liberec,SPO,10
2026-04-05,Mladá Boleslav,SPO,4
2026-04-05,Most,SPO,2
2026-04-05,Most,BPO,1
2026-04-05,Mělník,SPO,12
2026-04-05,Olomouc,SPO,8
2026-04-05,Opava,SPO,2
2026-04-05,Ostrava,SPO,93
2026-04-05,Ostrava,BPO,9
2026-04-05,Pardubice,SPO,7
2026-04-05,Plzeň město,SPO,41
2026-04-05,Plzeň město,BPO,12
2026-04-05,Pobočka Chrášťany,SPO,43
2026-04-05,Počernice,SPO,23
2026-04-05,Počernice,BPO,10
2026-04-05,Praha - centrála,SPO,471
2026-04-05,Praha - centrála,BPO,119
2026-04-05,Prostějov,SPO,4
2026-04-05,Příbram,SPO,5
2026-04-05,SKLC3,SPO,1251
2026-04-05,SKLC3,BPO,254
2026-04-05,SKLC3,XPO,38
2026-04-05,Tábor,SPO,4
2026-04-05,Třebíč,SPO,4
2026-04-05,Zlín,SPO,10
2026-04-05,Ústí nad Labem,SPO,7
2026-04-05,Čakovice,SPO,58
2026-04-05,Čakovice,BPO,5
2026-04-05,České Budějovice,SPO,8
2026-04-06,Anděl,SPO,20
2026-04-06,Anděl,BPO,6
2026-04-06,Benešov,SPO,8
2026-04-06,Beroun,SPO,5
2026-04-06,Brno,SPO,25
2026-04-06,Brno,BPO,18
2026-04-06,Brno Lískovec,SPO,2
2026-04-06,Budějovická,SPO,15
2026-04-06,Budějovická,BPO,3
2026-04-06,Chomutov,SPO,4
2026-04-06,Dejvice,SPO,10
2026-04-06,Děčín,SPO,2
2026-04-06,Frýdek-Místek,SPO,8
2026-04-06,Frýdek-Místek,BPO,1
2026-04-06,Hradec,SPO,5
2026-04-06,Hradec,BPO,1
2026-04-06,Háje,SPO,22
2026-04-06,Háje,BPO,5
2026-04-06,Jihlava,SPO,1
2026-04-06,Karlovy Vary,SPO,5
2026-04-06,Kladno,SPO,8
2026-04-06,Kladno,BPO,2
2026-04-06,Kolín,SPO,3
2026-04-06,LCU,XPO,129
2026-04-06,LCU,XL,5
2026-04-06,Liberec,SPO,6
2026-04-06,Mladá Boleslav,SPO,2
2026-04-06,Most,SPO,2
2026-04-06,Mělník,SPO,5
2026-04-06,Olomouc,SPO,4
2026-04-06,Opava,SPO,3
2026-04-06,Ostrava,SPO,72
2026-04-06,Ostrava,BPO,15
2026-04-06,Pardubice,SPO,4
2026-04-06,Plzeň město,SPO,17
2026-04-06,Pobočka Chrášťany,SPO,25
2026-04-06,Počernice,SPO,13
2026-04-06,Počernice,BPO,2
2026-04-06,Praha - centrála,SPO,359
2026-04-06,Praha - centrála,BPO,93
2026-04-06,Prostějov,SPO,2
2026-04-06,Příbram,SPO,3
2026-04-06,SKLC3,SPO,1042
2026-04-06,SKLC3,BPO,272
2026-04-06,SKLC3,XPO,64
2026-04-06,Tábor,SPO,4
2026-04-06,Třebíč,SPO,1
2026-04-06,Zlín,SPO,2
2026-04-06,Ústí nad Labem,SPO,2
2026-04-06,Čakovice,SPO,53
2026-04-06,Čakovice,BPO,11
2026-04-06,České Budějovice,SPO,3
2026-04-07,Anděl,SPO,16
2026-04-07,Anděl,BPO,1
2026-04-07,Benešov,SPO,5
2026-04-07,Beroun,SPO,2
2026-04-07,Brno,SPO,20
2026-04-07,Brno Lískovec,SPO,1
2026-04-07,Budějovická,SPO,6
2026-04-07,Chomutov,SPO,2
2026-04-07,Dejvice,SPO,3
2026-04-07,Frýdek-Místek,SPO,1
2026-04-07,Hradec,SPO,2
2026-04-07,Háje,SPO,24
2026-04-07,Háje,BPO,8
2026-04-07,Karlovy Vary,SPO,1
2026-04-07,Kladno,SPO,2
2026-04-07,LCU,SPO,1
2026-04-07,LCU,XPO,78
2026-04-07,LCU,XL,6
2026-04-07,Liberec,SPO,1
2026-04-07,Mladá Boleslav,SPO,3
2026-04-07,Mělník,SPO,1
2026-04-07,Olomouc,SPO,7
2026-04-07,Ostrava,SPO,54
2026-04-07,Ostrava,BPO,9
2026-04-07,Plzeň město,SPO,11
2026-04-07,Pobočka Chrášťany,SPO,13
2026-04-07,Počernice,SPO,6
2026-04-07,Počernice,BPO,2
2026-04-07,Praha - centrála,SPO,299
2026-04-07,Praha - centrála,BPO,92
2026-04-07,Příbram,SPO,4
2026-04-07,SKLC3,SPO,2178
2026-04-07,SKLC3,BPO,650
2026-04-07,SKLC3,XPO,62
2026-04-07,Tábor,SPO,3
2026-04-07,Třebíč,SPO,1
2026-04-07,Zlín,SPO,1
2026-04-07,Ústí nad Labem,SPO,1
2026-04-07,Čakovice,SPO,14
2026-04-07,Čakovice,BPO,9
2026-04-07,České Budějovice,SPO,2
2026-04-08,Anděl,SPO,53
2026-04-08,Benešov,SPO,6
2026-04-08,Beroun,SPO,2
2026-04-08,Brno,SPO,62
2026-04-08,Brno,BPO,5
2026-04-08,Brno Lískovec,SPO,11
2026-04-08,Brno Lískovec,BPO,2
2026-04-08,Budějovická,SPO,15
2026-04-08,Chomutov,SPO,8
2026-04-08,Dejvice,SPO,16
2026-04-08,Děčín,SPO,5
2026-04-08,Frýdek-Místek,SPO,9
2026-04-08,Hradec,SPO,15
2026-04-08,Háje,SPO,44
2026-04-08,Háje,BPO,8
2026-04-08,Jihlava,SPO,3
2026-04-08,Karlovy Vary,SPO,4
2026-04-08,Kladno,SPO,13
2026-04-08,Kolín,SPO,5
2026-04-08,LCU,XPO,85
2026-04-08,LCU,XL,10
2026-04-08,LCU,VB,1
2026-04-08,Liberec,SPO,3
2026-04-08,Mladá Boleslav,SPO,6
2026-04-08,Most,SPO,12
2026-04-08,Mělník,SPO,9
2026-04-08,Olomouc,SPO,14
2026-04-08,Opava,SPO,3
2026-04-08,Ostrava,SPO,93
2026-04-08,Ostrava,BPO,26
2026-04-08,Pardubice,SPO,4
2026-04-08,Plzeň město,SPO,45
2026-04-08,Pobočka Chrášťany,SPO,36
2026-04-08,Pobočka Chrášťany,BPO,7
2026-04-08,Počernice,SPO,24
2026-04-08,Počernice,BPO,2
2026-04-08,Praha - centrála,SPO,513
2026-04-08,Praha - centrála,BPO,100
2026-04-08,Prostějov,SPO,4
2026-04-08,Příbram,SPO,2
2026-04-08,SKLC3,SPO,1778
2026-04-08,SKLC3,BPO,663
2026-04-08,SKLC3,XPO,29
2026-04-08,Tábor,SPO,7
2026-04-08,Třebíč,SPO,6
2026-04-08,Zlín,SPO,6
2026-04-08,Ústí nad Labem,SPO,2
2026-04-08,Čakovice,SPO,48
2026-04-08,Čakovice,BPO,6
2026-04-08,České Budějovice,SPO,1
2026-04-08,České Budějovice,BPO,2
2026-04-09,Anděl,SPO,32
2026-04-09,Anděl,BPO,6
2026-04-09,Benešov,SPO,13
2026-04-09,Beroun,SPO,8
2026-04-09,Brno,SPO,45
2026-04-09,Brno,BPO,5
2026-04-09,Brno Lískovec,SPO,7
2026-04-09,Budějovická,SPO,20
2026-04-09,Budějovická,BPO,8
2026-04-09,Chomutov,SPO,4
2026-04-09,Dejvice,SPO,13
2026-04-09,Děčín,SPO,3
2026-04-09,Frýdek-Místek,SPO,6
2026-04-09,Hradec,SPO,6
2026-04-09,Háje,SPO,46
2026-04-09,Háje,BPO,12
2026-04-09,Jihlava,SPO,3
2026-04-09,Karlovy Vary,SPO,6
2026-04-09,Kladno,SPO,6
2026-04-09,Kolín,SPO,1
2026-04-09,LCU,XPO,61
2026-04-09,LCU,XL,7
2026-04-09,Liberec,SPO,5
2026-04-09,Mladá Boleslav,SPO,10
2026-04-09,Most,SPO,4
2026-04-09,Mělník,SPO,1
2026-04-09,Olomouc,SPO,6
2026-04-09,Opava,SPO,6
2026-04-09,Ostrava,SPO,81
2026-04-09,Ostrava,BPO,19
2026-04-09,Pardubice,SPO,6
2026-04-09,Plzeň město,SPO,50
2026-04-09,Pobočka Chrášťany,SPO,22
2026-04-09,Pobočka Chrášťany,BPO,15
2026-04-09,Počernice,SPO,21
2026-04-09,Počernice,BPO,4
2026-04-09,Praha - centrála,SPO,589
2026-04-09,Praha - centrála,BPO,191
2026-04-09,Prostějov,SPO,2
2026-04-09,Příbram,SPO,4
2026-04-09,SKLC3,SPO,1682
2026-04-09,SKLC3,BPO,347
2026-04-09,SKLC3,XPO,13
2026-04-09,Tábor,SPO,7
2026-04-09,Tábor,BPO,2
2026-04-09,Zlín,SPO,7
2026-04-09,Ústí nad Labem,SPO,9
2026-04-09,Čakovice,SPO,55
2026-04-09,České Budějovice,SPO,3
2026-04-09,České Budějovice,BPO,1
2026-04-10,Anděl,SPO,51
2026-04-10,Anděl,BPO,3
2026-04-10,Benešov,SPO,6
2026-04-10,Beroun,SPO,6
2026-04-10,Brno,SPO,54
2026-04-10,Brno,BPO,12
2026-04-10,Brno Lískovec,SPO,9
2026-04-10,Brno Lískovec,BPO,2
2026-04-10,Budějovická,SPO,33
2026-04-10,Chomutov,SPO,5
2026-04-10,Dejvice,SPO,14
2026-04-10,Děčín,SPO,1
2026-04-10,Frýdek-Místek,SPO,5
2026-04-10,Hradec,SPO,9
2026-04-10,Háje,SPO,63
2026-04-10,Háje,BPO,3
2026-04-10,Jihlava,SPO,4
2026-04-10,Karlovy Vary,SPO,6
2026-04-10,Kladno,SPO,5
2026-04-10,Kolín,SPO,3
2026-04-10,LCU,BPO,1
2026-04-10,LCU,XPO,76
2026-04-10,LCU,XL,8
2026-04-10,Liberec,SPO,9
2026-04-10,Mladá Boleslav,SPO,6
2026-04-10,Most,SPO,4
2026-04-10,Mělník,SPO,7
2026-04-10,Olomouc,SPO,9
2026-04-10,Opava,SPO,8
2026-04-10,Ostrava,SPO,96
2026-04-10,Ostrava,BPO,33
2026-04-10,Ostrava,XPO,2
2026-04-10,Plzeň město,SPO,44
2026-04-10,Pobočka Chrášťany,SPO,30
2026-04-10,Pobočka Chrášťany,BPO,13
2026-04-10,Počernice,SPO,18
2026-04-10,Počernice,BPO,2
2026-04-10,Praha - centrála,SPO,563
2026-04-10,Praha - centrála,BPO,134
2026-04-10,Prostějov,SPO,2
2026-04-10,Příbram,SPO,2
2026-04-10,SKLC3,SPO,1493
2026-04-10,SKLC3,BPO,351
2026-04-10,SKLC3,XPO,55
2026-04-10,Tábor,SPO,5
2026-04-10,Třebíč,SPO,1
2026-04-10,Zlín,SPO,6
2026-04-10,Zlín,BPO,3
2026-04-10,Ústí nad Labem,SPO,6
2026-04-10,Čakovice,SPO,53
2026-04-10,Čakovice,BPO,27
2026-04-10,České Budějovice,SPO,7
2026-04-11,Anděl,SPO,51
2026-04-11,Anděl,BPO,3
2026-04-11,Benešov,SPO,12
2026-04-11,Beroun,SPO,7
2026-04-11,Brno,SPO,41
2026-04-11,Brno,BPO,6
2026-04-11,Brno Lískovec,SPO,5
2026-04-11,Budějovická,SPO,20
2026-04-11,Chomutov,SPO,6
2026-04-11,Dejvice,SPO,14
2026-04-11,Děčín,SPO,7
2026-04-11,Frýdek-Místek,SPO,4
2026-04-11,Hradec,SPO,9
2026-04-11,Háje,SPO,57
2026-04-11,Háje,BPO,2
2026-04-11,Jihlava,SPO,5
2026-04-11,Karlovy Vary,SPO,2
2026-04-11,Kladno,SPO,9
2026-04-11,Kolín,SPO,6
2026-04-11,LCU,XPO,84
2026-04-11,LCU,XL,6
2026-04-11,Liberec,SPO,7
2026-04-11,Mladá Boleslav,SPO,11
2026-04-11,Most,SPO,2
2026-04-11,Mělník,SPO,10
2026-04-11,Olomouc,SPO,28
2026-04-11,Opava,SPO,7
2026-04-11,Ostrava,SPO,93
2026-04-11,Ostrava,BPO,35
2026-04-11,Pardubice,SPO,4
2026-04-11,Plzeň město,SPO,52
2026-04-11,Plzeň město,BPO,26
2026-04-11,Pobočka Chrášťany,SPO,26
2026-04-11,Počernice,SPO,28
2026-04-11,Počernice,BPO,1
2026-04-11,Praha - centrála,SPO,570
2026-04-11,Praha - centrála,BPO,135
2026-04-11,Prostějov,SPO,7
2026-04-11,Příbram,SPO,1
2026-04-11,SKLC3,SPO,1570
2026-04-11,SKLC3,BPO,444
2026-04-11,SKLC3,XPO,71
2026-04-11,Tábor,SPO,10
2026-04-11,Třebíč,SPO,2
2026-04-11,Zlín,SPO,13
2026-04-11,Ústí nad Labem,SPO,8
2026-04-11,Čakovice,SPO,59
2026-04-11,Čakovice,BPO,16
2026-04-11,České Budějovice,SPO,10
2026-04-12,Anděl,SPO,38
2026-04-12,Anděl,BPO,5
2026-04-12,Benešov,SPO,10
2026-04-12,Benešov,BPO,1
2026-04-12,Beroun,SPO,7
2026-04-12,Brno,SPO,41
2026-04-12,Brno,BPO,9
2026-04-12,Brno Lískovec,SPO,12
2026-04-12,Budějovická,SPO,27
2026-04-12,Budějovická,BPO,7
2026-04-12,Chomutov,SPO,2
2026-04-12,Dejvice,SPO,8
2026-04-12,Děčín,SPO,3
2026-04-12,Frýdek-Místek,SPO,6
2026-04-12,Hradec,SPO,12
2026-04-12,Háje,SPO,62
2026-04-12,Háje,BPO,8
2026-04-12,Jihlava,SPO,2
2026-04-12,Karlovy Vary,SPO,4
2026-04-12,Kladno,SPO,8
2026-04-12,Kolín,SPO,1
2026-04-12,LCU,XPO,80
2026-04-12,LCU,XL,8
2026-04-12,LCU,VB,1
2026-04-12,Liberec,SPO,4
2026-04-12,Mladá Boleslav,SPO,5
2026-04-12,Most,SPO,5
2026-04-12,Mělník,SPO,7
2026-04-12,Olomouc,SPO,7
2026-04-12,Opava,SPO,5
2026-04-12,Ostrava,SPO,102
2026-04-12,Ostrava,BPO,154
2026-04-12,Pardubice,SPO,1
2026-04-12,Plzeň město,SPO,48
2026-04-12,Plzeň město,BPO,8
2026-04-12,Pobočka Chrášťany,SPO,42
2026-04-12,Pobočka Chrášťany,BPO,3
2026-04-12,Počernice,SPO,30
2026-04-12,Počernice,BPO,8
2026-04-12,Praha - centrála,SPO,523
2026-04-12,Praha - centrála,BPO,150
2026-04-12,Prostějov,SPO,3
2026-04-12,Příbram,SPO,6
2026-04-12,SKLC3,SPO,1788
2026-04-12,SKLC3,BPO,387
2026-04-12,SKLC3,XPO,23
2026-04-12,Tábor,SPO,2
2026-04-12,Třebíč,SPO,6
2026-04-12,Zlín,SPO,6
2026-04-12,Ústí nad Labem,SPO,3
2026-04-12,Čakovice,SPO,56
2026-04-12,Čakovice,BPO,28
2026-04-12,České Budějovice,SPO,8
2026-04-12,České Budějovice,BPO,1
2026-04-13,Anděl,SPO,51
2026-04-13,Anděl,BPO,21
2026-04-13,Benešov,SPO,2
2026-04-13,Beroun,SPO,4
2026-04-13,Brno,SPO,56
2026-04-13,Brno,BPO,6
2026-04-13,Brno Lískovec,SPO,5
2026-04-13,Budějovická,SPO,22
2026-04-13,Chomutov,SPO,7
2026-04-13,Dejvice,SPO,10
2026-04-13,Děčín,SPO,1
2026-04-13,Frýdek-Místek,SPO,7
2026-04-13,Hradec,SPO,3
2026-04-13,Háje,SPO,40
2026-04-13,Háje,BPO,16
2026-04-13,Jihlava,SPO,3
2026-04-13,Karlovy Vary,SPO,3
2026-04-13,Kladno,SPO,8
2026-04-13,Kolín,SPO,2
2026-04-13,LCU,BPO,1
2026-04-13,LCU,XPO,67
2026-04-13,LCU,XL,3
2026-04-13,Liberec,SPO,3
2026-04-13,Mladá Boleslav,SPO,12
2026-04-13,Most,SPO,2
2026-04-13,Mělník,SPO,7
2026-04-13,Olomouc,SPO,14
2026-04-13,Opava,SPO,7
2026-04-13,Ostrava,SPO,89
2026-04-13,Ostrava,BPO,40
2026-04-13,Pardubice,SPO,8
2026-04-13,Plzeň město,SPO,39
2026-04-13,Plzeň město,BPO,5
2026-04-13,Pobočka Chrášťany,SPO,47
2026-04-13,Pobočka Chrášťany,BPO,15
2026-04-13,Počernice,SPO,15
2026-04-13,Počernice,BPO,10
2026-04-13,Praha - centrála,SPO,480
2026-04-13,Praha - centrála,BPO,155
2026-04-13,Prostějov,SPO,1
2026-04-13,Příbram,SPO,3
2026-04-13,SKLC3,SPO,1530
2026-04-13,SKLC3,BPO,583
2026-04-13,SKLC3,XPO,18
2026-04-13,Tábor,SPO,5
2026-04-13,Třebíč,SPO,4
2026-04-13,Zlín,SPO,2
2026-04-13,Ústí nad Labem,SPO,2
2026-04-13,Čakovice,SPO,38
2026-04-13,Čakovice,BPO,14
2026-04-13,České Budějovice,SPO,7
2026-04-14,Anděl,SPO,44
2026-04-14,Anděl,BPO,1
2026-04-14,Benešov,SPO,15
2026-04-14,Beroun,SPO,7
2026-04-14,Brno,SPO,66
2026-04-14,Brno,BPO,9
2026-04-14,Brno Lískovec,SPO,7
2026-04-14,Budějovická,SPO,10
2026-04-14,Chomutov,SPO,3
2026-04-14,Dejvice,SPO,20
2026-04-14,Děčín,SPO,7
2026-04-14,Frýdek-Místek,SPO,17
2026-04-14,Hradec,SPO,11
2026-04-14,Háje,SPO,54
2026-04-14,Háje,BPO,9
2026-04-14,Jihlava,SPO,6
2026-04-14,Karlovy Vary,SPO,12
2026-04-14,Kladno,SPO,17
2026-04-14,Kolín,SPO,7
2026-04-14,LCU,XPO,40
2026-04-14,LCU,XL,2
2026-04-14,Liberec,SPO,5
2026-04-14,Mladá Boleslav,SPO,7
2026-04-14,Most,SPO,9
2026-04-14,Mělník,SPO,8
2026-04-14,Olomouc,SPO,4
2026-04-14,Opava,SPO,8
2026-04-14,Ostrava,SPO,112
2026-04-14,Ostrava,BPO,46
2026-04-14,Pardubice,SPO,9
2026-04-14,Plzeň město,SPO,44
2026-04-14,Pobočka Chrášťany,SPO,31
2026-04-14,Pobočka Chrášťany,BPO,1
2026-04-14,Počernice,SPO,25
2026-04-14,Počernice,BPO,4
2026-04-14,Praha - centrála,SPO,532
2026-04-14,Praha - centrála,BPO,130
2026-04-14,Prostějov,SPO,5
2026-04-14,Příbram,SPO,14
2026-04-14,SKLC3,SPO,2455
2026-04-14,SKLC3,BPO,686
2026-04-14,SKLC3,XPO,233
2026-04-14,Tábor,SPO,8
2026-04-14,Třebíč,SPO,7
2026-04-14,Zlín,SPO,6
2026-04-14,Ústí nad Labem,SPO,10
2026-04-14,Čakovice,SPO,33
2026-04-14,Čakovice,BPO,8
2026-04-14,České Budějovice,SPO,11
2026-04-15,Anděl,SPO,51
2026-04-15,Anděl,BPO,4
2026-04-15,Benešov,SPO,15
2026-04-15,Beroun,SPO,4
2026-04-15,Brno,SPO,50
2026-04-15,Brno,BPO,12
2026-04-15,Brno Lískovec,SPO,15
2026-04-15,Budějovická,SPO,23
2026-04-15,Chomutov,SPO,6
2026-04-15,Dejvice,SPO,53
2026-04-15,Dejvice,BPO,1
2026-04-15,Děčín,SPO,4
2026-04-15,Frýdek-Místek,SPO,5
2026-04-15,Hradec,SPO,11
2026-04-15,Hradec,BPO,1
2026-04-15,Háje,SPO,50
2026-04-15,Háje,BPO,7
2026-04-15,Jihlava,SPO,4
2026-04-15,Karlovy Vary,SPO,3
2026-04-15,Kladno,SPO,9
2026-04-15,Kolín,SPO,8
2026-04-15,Kolín,BPO,1
2026-04-15,LCU,SPO,1
2026-04-15,LCU,XPO,156
2026-04-15,LCU,XL,3
2026-04-15,Liberec,SPO,5
2026-04-15,Mladá Boleslav,SPO,10
2026-04-15,Most,SPO,7
2026-04-15,Mělník,SPO,8
2026-04-15,Olomouc,SPO,5
2026-04-15,Opava,SPO,8
2026-04-15,Ostrava,SPO,105
2026-04-15,Ostrava,BPO,23
2026-04-15,Pardubice,SPO,3
2026-04-15,Plzeň město,SPO,42
2026-04-15,Plzeň město,BPO,3
2026-04-15,Pobočka Chrášťany,SPO,48
2026-04-15,Počernice,SPO,35
2026-04-15,Počernice,BPO,1
2026-04-15,Praha - centrála,SPO,482
2026-04-15,Praha - centrála,BPO,111
2026-04-15,Prostějov,SPO,5
2026-04-15,Příbram,SPO,6
2026-04-15,SKLC3,SPO,1565
2026-04-15,SKLC3,BPO,412
2026-04-15,SKLC3,XPO,23
2026-04-15,Tábor,SPO,8
2026-04-15,Třebíč,SPO,9
2026-04-15,Zlín,SPO,6
2026-04-15,Ústí nad Labem,SPO,13
2026-04-15,Čakovice,SPO,53
2026-04-15,Čakovice,BPO,23
2026-04-15,Čakovice,XPO,1
2026-04-15,České Budějovice,SPO,6
2026-04-16,Anděl,SPO,61
2026-04-16,Anděl,BPO,7
2026-04-16,Benešov,SPO,12
2026-04-16,Beroun,SPO,7
2026-04-16,Brno,SPO,54
2026-04-16,Brno,BPO,13
2026-04-16,Brno Lískovec,SPO,17
2026-04-16,Budějovická,SPO,34
2026-04-16,Chomutov,SPO,1
2026-04-16,Chomutov,BPO,1
2026-04-16,Dejvice,SPO,11
2026-04-16,Frýdek-Místek,SPO,7
2026-04-16,Hradec,SPO,4
2026-04-16,Háje,SPO,81
2026-04-16,Háje,BPO,4
2026-04-16,Jihlava,SPO,6
2026-04-16,Karlovy Vary,SPO,7
2026-04-16,Kladno,SPO,12
2026-04-16,Kolín,SPO,6
2026-04-16,LCU,XPO,125
2026-04-16,LCU,XL,1
2026-04-16,LCU,VB,2
2026-04-16,Liberec,SPO,6
2026-04-16,Mladá Boleslav,SPO,6
2026-04-16,Most,SPO,3
2026-04-16,Mělník,SPO,8
2026-04-16,Olomouc,SPO,13
2026-04-16,Opava,SPO,8
2026-04-16,Ostrava,SPO,112
2026-04-16,Ostrava,BPO,30
2026-04-16,Pardubice,SPO,13
2026-04-16,Plzeň město,SPO,68
2026-04-16,Plzeň město,BPO,23
2026-04-16,Pobočka Chrášťany,SPO,38
2026-04-16,Počernice,SPO,19
2026-04-16,Počernice,BPO,3
2026-04-16,Praha - centrála,SPO,565
2026-04-16,Praha - centrála,BPO,100
2026-04-16,Prostějov,SPO,4
2026-04-16,Příbram,SPO,1
2026-04-16,SKLC3,SPO,1450
2026-04-16,SKLC3,BPO,467
2026-04-16,SKLC3,XPO,37
2026-04-16,Tábor,SPO,8
2026-04-16,Třebíč,SPO,6
2026-04-16,Zlín,SPO,22
2026-04-16,Ústí nad Labem,SPO,12
2026-04-16,Čakovice,SPO,59
2026-04-16,Čakovice,BPO,15
2026-04-16,Čakovice,XPO,1
2026-04-16,České Budějovice,SPO,7
2026-04-16,České Budějovice,BPO,2
2026-04-17,Anděl,SPO,43
2026-04-17,Anděl,BPO,7
2026-04-17,Benešov,SPO,12
2026-04-17,Beroun,SPO,5
2026-04-17,Brno,SPO,56
2026-04-17,Brno,BPO,8
2026-04-17,Brno Lískovec,SPO,16
2026-04-17,Budějovická,SPO,23
2026-04-17,Dejvice,SPO,11
2026-04-17,Frýdek-Místek,SPO,9
2026-04-17,Hradec,SPO,8
2026-04-17,Háje,SPO,49
2026-04-17,Háje,BPO,11
2026-04-17,Jihlava,SPO,8
2026-04-17,Karlovy Vary,SPO,8
2026-04-17,Kladno,SPO,11
2026-04-17,Kolín,SPO,6
2026-04-17,LCU,BPO,1
2026-04-17,LCU,XPO,194
2026-04-17,LCU,XL,4
2026-04-17,LCU,VB,1
2026-04-17,Liberec,SPO,5
2026-04-17,Mladá Boleslav,SPO,6
2026-04-17,Mělník,SPO,7
2026-04-17,Olomouc,SPO,11
2026-04-17,Opava,SPO,2
2026-04-17,Ostrava,SPO,125
2026-04-17,Ostrava,BPO,100
2026-04-17,Pardubice,SPO,4
2026-04-17,Plzeň město,SPO,29
2026-04-17,Pobočka Chrášťany,SPO,33
2026-04-17,Počernice,SPO,26
2026-04-17,Počernice,BPO,3
2026-04-17,Praha - centrála,SPO,436
2026-04-17,Praha - centrála,BPO,133
2026-04-17,Prostějov,SPO,3
2026-04-17,Příbram,SPO,5
2026-04-17,SKLC3,SPO,1495
2026-04-17,SKLC3,BPO,454
2026-04-17,SKLC3,XPO,28
2026-04-17,Tábor,SPO,10
2026-04-17,Třebíč,SPO,4
2026-04-17,Zlín,SPO,7
2026-04-17,Ústí nad Labem,SPO,6
2026-04-17,Čakovice,SPO,54
2026-04-17,Čakovice,BPO,10
2026-04-17,České Budějovice,SPO,4
2026-04-18,Anděl,SPO,48
2026-04-18,Anděl,BPO,9
2026-04-18,Benešov,SPO,13
2026-04-18,Beroun,SPO,5
2026-04-18,Brno,SPO,74
2026-04-18,Brno,BPO,26
2026-04-18,Brno Lískovec,SPO,8
2026-04-18,Budějovická,SPO,18
2026-04-18,Chomutov,SPO,1
2026-04-18,Dejvice,SPO,11
2026-04-18,Děčín,SPO,2
2026-04-18,Frýdek-Místek,SPO,9
2026-04-18,Hradec,SPO,17
2026-04-18,Hradec,BPO,1
2026-04-18,Háje,SPO,63
2026-04-18,Háje,BPO,13
2026-04-18,Jihlava,SPO,16
2026-04-18,Karlovy Vary,SPO,1
2026-04-18,Kladno,SPO,7
2026-04-18,Kladno,BPO,2
2026-04-18,Kolín,SPO,3
2026-04-18,LCU,XPO,113
2026-04-18,LCU,XL,3
2026-04-18,Liberec,SPO,5
2026-04-18,Mladá Boleslav,SPO,3
2026-04-18,Most,SPO,2
2026-04-18,Most,BPO,1
2026-04-18,Mělník,SPO,10
2026-04-18,Olomouc,SPO,11
2026-04-18,Opava,SPO,4
2026-04-18,Ostrava,SPO,129
2026-04-18,Ostrava,BPO,24
2026-04-18,Pardubice,SPO,9
2026-04-18,Plzeň město,SPO,58
2026-04-18,Plzeň město,BPO,17
2026-04-18,Pobočka Chrášťany,SPO,50
2026-04-18,Pobočka Chrášťany,BPO,15
2026-04-18,Počernice,SPO,26
2026-04-18,Počernice,BPO,6
2026-04-18,Praha - centrála,SPO,478
2026-04-18,Praha - centrála,BPO,132
2026-04-18,Prostějov,SPO,3
2026-04-18,Příbram,SPO,2
2026-04-18,SKLC3,SPO,1547
2026-04-18,SKLC3,BPO,377
2026-04-18,SKLC3,XPO,87
2026-04-18,Tábor,SPO,11
2026-04-18,Třebíč,SPO,1
2026-04-18,Zlín,SPO,6
2026-04-18,Ústí nad Labem,SPO,6
2026-04-18,Čakovice,SPO,58
2026-04-18,Čakovice,BPO,14
2026-04-18,České Budějovice,SPO,2
2026-04-19,Anděl,SPO,49
2026-04-19,Anděl,BPO,5
2026-04-19,Benešov,SPO,11
2026-04-19,Beroun,SPO,14
2026-04-19,Brno,SPO,52
2026-04-19,Brno,BPO,12
2026-04-19,Brno Lískovec,SPO,13
2026-04-19,Budějovická,SPO,29
2026-04-19,Chomutov,SPO,2
2026-04-19,Dejvice,SPO,25
2026-04-19,Dejvice,BPO,1
2026-04-19,Děčín,SPO,2
2026-04-19,Frýdek-Místek,SPO,8
2026-04-19,Hradec,SPO,7
2026-04-19,Háje,SPO,58
2026-04-19,Háje,BPO,11
2026-04-19,Jihlava,SPO,13
2026-04-19,Jihlava,BPO,1
2026-04-19,Karlovy Vary,SPO,1
2026-04-19,Kladno,SPO,13
2026-04-19,Kolín,SPO,3
2026-04-19,LCU,XPO,137
2026-04-19,LCU,XL,2
2026-04-19,Liberec,SPO,6
2026-04-19,Liberec,BPO,2
2026-04-19,Mladá Boleslav,SPO,12
2026-04-19,Most,SPO,7
2026-04-19,Mělník,SPO,6
2026-04-19,Olomouc,SPO,14
2026-04-19,Opava,SPO,4
2026-04-19,Opava,BPO,1
2026-04-19,Ostrava,SPO,113
2026-04-19,Ostrava,BPO,62
2026-04-19,Pardubice,SPO,10
2026-04-19,Plzeň město,SPO,49
2026-04-19,Pobočka Chrášťany,SPO,99
2026-04-19,Pobočka Chrášťany,BPO,18
2026-04-19,Počernice,SPO,39
2026-04-19,Počernice,BPO,7
2026-04-19,Praha - centrála,SPO,550
2026-04-19,Praha - centrála,BPO,159
2026-04-19,Prostějov,SPO,5
2026-04-19,Prostějov,BPO,2
2026-04-19,Příbram,SPO,3
2026-04-19,Příbram,BPO,1
2026-04-19,SKLC3,SPO,1788
2026-04-19,SKLC3,BPO,333
2026-04-19,SKLC3,XPO,42
2026-04-19,Tábor,SPO,3
2026-04-19,Třebíč,SPO,5
2026-04-19,Zlín,SPO,8
2026-04-19,Ústí nad Labem,SPO,6
2026-04-19,Čakovice,SPO,62
2026-04-19,Čakovice,BPO,16
2026-04-19,České Budějovice,SPO,7
2026-04-19,České Budějovice,BPO,2
2026-04-20,Anděl,SPO,36
2026-04-20,Anděl,BPO,5
2026-04-20,Benešov,SPO,8
2026-04-20,Beroun,SPO,7
2026-04-20,Beroun,BPO,1
2026-04-20,Brno,SPO,55
2026-04-20,Brno,BPO,21
2026-04-20,Brno Lískovec,SPO,17
2026-04-20,Brno Lískovec,BPO,4
2026-04-20,Budějovická,SPO,33
2026-04-20,Chomutov,SPO,2
2026-04-20,Dejvice,SPO,17
2026-04-20,Děčín,SPO,1
2026-04-20,Frýdek-Místek,SPO,5
2026-04-20,Hradec,SPO,15
2026-04-20,Háje,SPO,59
2026-04-20,Háje,BPO,10
2026-04-20,Jihlava,SPO,6
2026-04-20,Karlovy Vary,SPO,6
2026-04-20,Kladno,SPO,16
2026-04-20,Kolín,SPO,7
2026-04-20,LCU,BPO,1
2026-04-20,LCU,XPO,175
2026-04-20,LCU,XL,4
2026-04-20,LCU,VB,1
2026-04-20,Liberec,SPO,14
2026-04-20,Mladá Boleslav,SPO,8
2026-04-20,Most,SPO,3
2026-04-20,Mělník,SPO,7
2026-04-20,Olomouc,SPO,10
2026-04-20,Opava,SPO,2
2026-04-20,Ostrava,SPO,133
2026-04-20,Ostrava,BPO,39
2026-04-20,Pardubice,SPO,8
2026-04-20,Plzeň město,SPO,52
2026-04-20,Plzeň město,BPO,6
2026-04-20,Pobočka Chrášťany,SPO,37
2026-04-20,Pobočka Chrášťany,BPO,4
2026-04-20,Počernice,SPO,26
2026-04-20,Počernice,BPO,2
2026-04-20,Počernice,XPO,3
2026-04-20,Praha - centrála,SPO,613
2026-04-20,Praha - centrála,BPO,134
2026-04-20,Prostějov,SPO,3
2026-04-20,Příbram,SPO,5
2026-04-20,Příbram,BPO,2
2026-04-20,SKLC3,SPO,1460
2026-04-20,SKLC3,BPO,573
2026-04-20,SKLC3,XPO,20
2026-04-20,Tábor,SPO,13
2026-04-20,Třebíč,SPO,6
2026-04-20,Zlín,SPO,3
2026-04-20,Ústí nad Labem,SPO,6
2026-04-20,Čakovice,SPO,76
2026-04-20,Čakovice,BPO,11
2026-04-20,České Budějovice,SPO,10
2026-04-21,Anděl,SPO,51
2026-04-21,Anděl,BPO,13
2026-04-21,Benešov,SPO,15
2026-04-21,Beroun,SPO,8
2026-04-21,Brno,SPO,54
2026-04-21,Brno,BPO,28
2026-04-21,Brno Lískovec,SPO,25
2026-04-21,Budějovická,SPO,23
2026-04-21,Budějovická,BPO,11
2026-04-21,Chomutov,SPO,3
2026-04-21,Dejvice,SPO,15
2026-04-21,Děčín,SPO,14
2026-04-21,Frýdek-Místek,SPO,20
2026-04-21,Frýdek-Místek,BPO,2
2026-04-21,Hradec,SPO,8
2026-04-21,Hradec,BPO,1
2026-04-21,Háje,SPO,118
2026-04-21,Háje,BPO,27
2026-04-21,Jihlava,SPO,24
2026-04-21,Karlovy Vary,SPO,20
2026-04-21,Kladno,SPO,29
2026-04-21,Kolín,SPO,16
2026-04-21,LCU,XPO,188
2026-04-21,LCU,XL,3
2026-04-21,LCU,VB,1
2026-04-21,Liberec,SPO,16
2026-04-21,Mladá Boleslav,SPO,7
2026-04-21,Most,SPO,24
2026-04-21,Mělník,SPO,15
2026-04-21,Olomouc,SPO,27
2026-04-21,Opava,SPO,17
2026-04-21,Ostrava,SPO,121
2026-04-21,Ostrava,BPO,42
2026-04-21,Pardubice,SPO,17
2026-04-21,Plzeň město,SPO,88
2026-04-21,Pobočka Chrášťany,SPO,72
2026-04-21,Pobočka Chrášťany,BPO,34
2026-04-21,Počernice,SPO,38
2026-04-21,Počernice,BPO,12
2026-04-21,Praha - centrála,SPO,488
2026-04-21,Praha - centrála,BPO,184
2026-04-21,Prostějov,SPO,25
2026-04-21,Příbram,SPO,23
2026-04-21,SKLC3,SPO,2273
2026-04-21,SKLC3,BPO,465
2026-04-21,SKLC3,XPO,56
2026-04-21,Tábor,SPO,20
2026-04-21,Třebíč,SPO,21
2026-04-21,Zlín,SPO,2
2026-04-21,Ústí nad Labem,SPO,19
2026-04-21,Ústí nad Labem,BPO,2
2026-04-21,Čakovice,SPO,76
2026-04-21,Čakovice,BPO,43
2026-04-21,České Budějovice,SPO,8
2026-04-22,Anděl,SPO,58
2026-04-22,Anděl,BPO,5
2026-04-22,Benešov,SPO,18
2026-04-22,Beroun,SPO,17
2026-04-22,Beroun,BPO,1
2026-04-22,Brno,SPO,78
2026-04-22,Brno,BPO,5
2026-04-22,Brno Lískovec,SPO,9
2026-04-22,Budějovická,SPO,28
2026-04-22,Chomutov,SPO,4
2026-04-22,Dejvice,SPO,26
2026-04-22,Děčín,SPO,11
2026-04-22,Frýdek-Místek,SPO,11
2026-04-22,Hradec,SPO,8
2026-04-22,Háje,SPO,47
2026-04-22,Háje,BPO,10
2026-04-22,Jihlava,SPO,8
2026-04-22,Karlovy Vary,SPO,10
2026-04-22,Kladno,SPO,8
2026-04-22,Kolín,SPO,6
2026-04-22,LCU,XPO,95
2026-04-22,Liberec,SPO,13
2026-04-22,Mladá Boleslav,SPO,20
2026-04-22,Most,SPO,2
2026-04-22,Mělník,SPO,5
2026-04-22,Olomouc,SPO,7
2026-04-22,Opava,SPO,8
2026-04-22,Ostrava,SPO,152
2026-04-22,Ostrava,BPO,105
2026-04-22,Pardubice,SPO,5
2026-04-22,Plzeň město,SPO,77
2026-04-22,Plzeň město,BPO,15
2026-04-22,Pobočka Chrášťany,SPO,41
2026-04-22,Pobočka Chrášťany,BPO,3
2026-04-22,Počernice,SPO,34
2026-04-22,Počernice,BPO,12
2026-04-22,Praha - centrála,SPO,564
2026-04-22,Praha - centrála,BPO,85
2026-04-22,Prostějov,SPO,5
2026-04-22,SKLC3,SPO,1484
2026-04-22,SKLC3,BPO,431
2026-04-22,SKLC3,XPO,19
2026-04-22,Tábor,SPO,9
2026-04-22,Třebíč,SPO,12
2026-04-22,Zlín,SPO,1
2026-04-22,Ústí nad Labem,SPO,10
2026-04-22,Čakovice,SPO,63
2026-04-22,Čakovice,BPO,16
2026-04-22,České Budějovice,SPO,5
2026-04-23,Anděl,SPO,55
2026-04-23,Anděl,BPO,5
2026-04-23,Benešov,SPO,12
2026-04-23,Beroun,SPO,3
2026-04-23,Brno,SPO,58
2026-04-23,Brno,BPO,4
2026-04-23,Brno Lískovec,SPO,8
2026-04-23,Budějovická,SPO,20
2026-04-23,Dejvice,SPO,5
2026-04-23,Děčín,SPO,1
2026-04-23,Frýdek-Místek,SPO,9
2026-04-23,Hradec,SPO,7
2026-04-23,Háje,SPO,49
2026-04-23,Háje,BPO,5
2026-04-23,Jihlava,SPO,4
2026-04-23,Karlovy Vary,SPO,30
2026-04-23,Kladno,SPO,6
2026-04-23,Kladno,BPO,2
2026-04-23,Kolín,SPO,4
2026-04-23,LCU,XPO,75
2026-04-23,LCU,XL,4
2026-04-23,Liberec,SPO,3
2026-04-23,Mladá Boleslav,SPO,10
2026-04-23,Most,SPO,3
2026-04-23,Mělník,SPO,5
2026-04-23,Olomouc,SPO,6
2026-04-23,Olomouc,BPO,2
2026-04-23,Opava,SPO,6
2026-04-23,Ostrava,SPO,139
2026-04-23,Ostrava,BPO,23
2026-04-23,Pardubice,SPO,11
2026-04-23,Plzeň město,SPO,46
2026-04-23,Plzeň město,BPO,6
2026-04-23,Pobočka Chrášťany,SPO,47
2026-04-23,Pobočka Chrášťany,BPO,1
2026-04-23,Počernice,SPO,31
2026-04-23,Počernice,BPO,2
2026-04-23,Praha - centrála,SPO,512
2026-04-23,Praha - centrála,BPO,103
2026-04-23,Prostějov,SPO,11
2026-04-23,Příbram,SPO,3
2026-04-23,SKLC3,SPO,1381
2026-04-23,SKLC3,BPO,627
2026-04-23,SKLC3,XPO,29
2026-04-23,Tábor,SPO,12
2026-04-23,Třebíč,SPO,5
2026-04-23,Zlín,SPO,7
2026-04-23,Ústí nad Labem,SPO,2
2026-04-23,Čakovice,SPO,112
2026-04-23,Čakovice,BPO,22
2026-04-23,České Budějovice,SPO,6
2026-04-24,Anděl,SPO,55
2026-04-24,Anděl,BPO,11
2026-04-24,Benešov,SPO,9
2026-04-24,Beroun,SPO,9
2026-04-24,Brno,SPO,60
2026-04-24,Brno,BPO,9
2026-04-24,Brno Lískovec,SPO,6
2026-04-24,Budějovická,SPO,22
2026-04-24,Budějovická,BPO,3
2026-04-24,Chomutov,SPO,3
2026-04-24,Dejvice,SPO,15
2026-04-24,Děčín,SPO,3
2026-04-24,Frýdek-Místek,SPO,3
2026-04-24,Hradec,SPO,7
2026-04-24,Háje,SPO,48
2026-04-24,Háje,BPO,5
2026-04-24,Jihlava,SPO,4
2026-04-24,Jihlava,BPO,2
2026-04-24,Karlovy Vary,SPO,3
2026-04-24,Kladno,SPO,6
2026-04-24,Kolín,SPO,6
2026-04-24,LCU,XPO,151
2026-04-24,LCU,XL,4
2026-04-24,Liberec,SPO,1
2026-04-24,Liberec,BPO,2
2026-04-24,Mladá Boleslav,SPO,13
2026-04-24,Mělník,SPO,12
2026-04-24,Olomouc,SPO,11
2026-04-24,Opava,SPO,6
2026-04-24,Ostrava,SPO,112
2026-04-24,Ostrava,BPO,39
2026-04-24,Pardubice,SPO,9
2026-04-24,Plzeň město,SPO,48
2026-04-24,Plzeň město,BPO,24
2026-04-24,Pobočka Chrášťany,SPO,8
2026-04-24,Počernice,SPO,24
2026-04-24,Počernice,BPO,7
2026-04-24,Praha - centrála,SPO,429
2026-04-24,Praha - centrála,BPO,80
2026-04-24,Prostějov,SPO,8
2026-04-24,Příbram,SPO,5
2026-04-24,SKLC3,SPO,1554
2026-04-24,SKLC3,BPO,344
2026-04-24,SKLC3,XPO,25
2026-04-24,Tábor,SPO,12
2026-04-24,Třebíč,SPO,1
2026-04-24,Zlín,SPO,6
2026-04-24,Ústí nad Labem,SPO,6
2026-04-24,Čakovice,SPO,39
2026-04-24,Čakovice,BPO,12
2026-04-24,České Budějovice,SPO,8
2026-04-25,Anděl,SPO,44
2026-04-25,Anděl,BPO,2
2026-04-25,Benešov,SPO,18
2026-04-25,Beroun,SPO,6
2026-04-25,Brno,SPO,77
2026-04-25,Brno,BPO,5
2026-04-25,Brno Lískovec,SPO,25
2026-04-25,Budějovická,SPO,18
2026-04-25,Budějovická,BPO,2
2026-04-25,Chomutov,SPO,8
2026-04-25,Dejvice,SPO,10
2026-04-25,Dejvice,BPO,1
2026-04-25,Děčín,SPO,7
2026-04-25,Frýdek-Místek,SPO,8
2026-04-25,Hradec,SPO,11
2026-04-25,Háje,SPO,113
2026-04-25,Háje,BPO,11
2026-04-25,Jihlava,SPO,5
2026-04-25,Karlovy Vary,SPO,8
2026-04-25,Kladno,SPO,7
2026-04-25,Kolín,SPO,9
2026-04-25,LCU,XPO,287
2026-04-25,LCU,XL,13
2026-04-25,Liberec,SPO,6
2026-04-25,Mladá Boleslav,SPO,16
2026-04-25,Most,SPO,1
2026-04-25,Mělník,SPO,6
2026-04-25,Olomouc,SPO,31
2026-04-25,Opava,SPO,4
2026-04-25,Ostrava,SPO,171
2026-04-25,Ostrava,BPO,31
2026-04-25,Pardubice,SPO,10
2026-04-25,Plzeň město,SPO,56
2026-04-25,Plzeň město,BPO,17
2026-04-25,Pobočka Chrášťany,SPO,35
2026-04-25,Pobočka Chrášťany,BPO,2
2026-04-25,Počernice,SPO,29
2026-04-25,Počernice,BPO,5
2026-04-25,Praha - centrála,SPO,475
2026-04-25,Praha - centrála,BPO,131
2026-04-25,Prostějov,SPO,4
2026-04-25,Příbram,SPO,7
2026-04-25,SKLC3,SPO,1829
2026-04-25,SKLC3,BPO,485
2026-04-25,SKLC3,XPO,21
2026-04-25,Tábor,SPO,17
2026-04-25,Tábor,BPO,2
2026-04-25,Třebíč,SPO,4
2026-04-25,Zlín,SPO,28
2026-04-25,Ústí nad Labem,SPO,11
2026-04-25,Čakovice,SPO,72
2026-04-25,Čakovice,BPO,10
2026-04-25,České Budějovice,SPO,5
2026-04-26,Anděl,SPO,41
2026-04-26,Anděl,BPO,12
2026-04-26,Benešov,SPO,9
2026-04-26,Beroun,SPO,4
2026-04-26,Brno,SPO,60
2026-04-26,Brno,BPO,8
2026-04-26,Brno Lískovec,SPO,14
2026-04-26,Budějovická,SPO,10
2026-04-26,Chomutov,SPO,2
2026-04-26,Dejvice,SPO,15
2026-04-26,Děčín,SPO,3
2026-04-26,Frýdek-Místek,SPO,28
2026-04-26,Hradec,SPO,6
2026-04-26,Háje,SPO,66
2026-04-26,Háje,BPO,8
2026-04-26,Jihlava,SPO,5
2026-04-26,Karlovy Vary,SPO,7
2026-04-26,Kladno,SPO,6
2026-04-26,Kladno,BPO,2
2026-04-26,Kolín,SPO,10
2026-04-26,LCU,XPO,216
2026-04-26,Liberec,SPO,3
2026-04-26,Mladá Boleslav,SPO,4
2026-04-26,Most,SPO,4
2026-04-26,Mělník,SPO,6
2026-04-26,Olomouc,SPO,13
2026-04-26,Opava,SPO,5
2026-04-26,Ostrava,SPO,104
2026-04-26,Ostrava,BPO,28
2026-04-26,Pardubice,SPO,14
2026-04-26,Pardubice,BPO,1
2026-04-26,Plzeň město,SPO,42
2026-04-26,Plzeň město,BPO,8
2026-04-26,Pobočka Chrášťany,SPO,48
2026-04-26,Pobočka Chrášťany,BPO,5
2026-04-26,Počernice,SPO,33
2026-04-26,Počernice,BPO,5
2026-04-26,Praha - centrála,SPO,498
2026-04-26,Praha - centrála,BPO,140
2026-04-26,Prostějov,SPO,7
2026-04-26,Příbram,SPO,8
2026-04-26,SKLC3,SPO,1798
2026-04-26,SKLC3,BPO,292
2026-04-26,SKLC3,XPO,24
2026-04-26,Tábor,SPO,15
2026-04-26,Třebíč,SPO,3
2026-04-26,Zlín,SPO,12
2026-04-26,Ústí nad Labem,SPO,9
2026-04-26,Čakovice,SPO,61
2026-04-26,Čakovice,BPO,32
2026-04-26,České Budějovice,SPO,3
2026-04-27,Anděl,SPO,49
2026-04-27,Anděl,BPO,9
2026-04-27,Benešov,SPO,12
2026-04-27,Beroun,SPO,9
2026-04-27,Brno,SPO,52
2026-04-27,Brno,BPO,3
2026-04-27,Brno Lískovec,SPO,13
2026-04-27,Budějovická,SPO,35
2026-04-27,Chomutov,SPO,4
2026-04-27,Dejvice,SPO,6
2026-04-27,Děčín,SPO,4
2026-04-27,Frýdek-Místek,SPO,8
2026-04-27,Hradec,SPO,4
2026-04-27,Háje,SPO,52
2026-04-27,Háje,BPO,12
2026-04-27,Jihlava,SPO,3
2026-04-27,Karlovy Vary,SPO,3
2026-04-27,Kladno,SPO,11
2026-04-27,Kolín,SPO,3
2026-04-27,LCU,BPO,1
2026-04-27,LCU,XPO,88
2026-04-27,LCU,XL,1
2026-04-27,Liberec,SPO,3
2026-04-27,Mladá Boleslav,SPO,2
2026-04-27,Most,SPO,8
2026-04-27,Mělník,SPO,1
2026-04-27,Olomouc,SPO,10
2026-04-27,Opava,SPO,3
2026-04-27,Ostrava,SPO,130
2026-04-27,Ostrava,BPO,35
2026-04-27,Pardubice,SPO,9
2026-04-27,Plzeň město,SPO,56
2026-04-27,Plzeň město,BPO,22
2026-04-27,Pobočka Chrášťany,SPO,49
2026-04-27,Počernice,SPO,32
2026-04-27,Počernice,BPO,4
2026-04-27,Praha - centrála,SPO,554
2026-04-27,Praha - centrála,BPO,97
2026-04-27,Prostějov,SPO,3
2026-04-27,Příbram,SPO,2
2026-04-27,SKLC3,SPO,1444
2026-04-27,SKLC3,BPO,563
2026-04-27,SKLC3,XPO,15
2026-04-27,Tábor,SPO,3
2026-04-27,Třebíč,SPO,1
2026-04-27,Zlín,SPO,7
2026-04-27,Ústí nad Labem,SPO,5
2026-04-27,Čakovice,SPO,71
2026-04-27,Čakovice,BPO,14
2026-04-27,České Budějovice,SPO,7
2026-04-28,Anděl,SPO,89
2026-04-28,Anděl,BPO,5
2026-04-28,Benešov,SPO,6
2026-04-28,Beroun,SPO,32
2026-04-28,Brno,SPO,44
2026-04-28,Brno,BPO,11
2026-04-28,Brno Lískovec,SPO,18
2026-04-28,Budějovická,SPO,16
2026-04-28,Chomutov,SPO,2
2026-04-28,Dejvice,SPO,20
2026-04-28,Frýdek-Místek,SPO,8
2026-04-28,Hradec,SPO,19
2026-04-28,Háje,SPO,79
2026-04-28,Háje,BPO,10
2026-04-28,Jihlava,SPO,9
2026-04-28,Karlovy Vary,SPO,2
2026-04-28,Kladno,SPO,11
2026-04-28,Kolín,SPO,4
2026-04-28,LCU,XPO,92
2026-04-28,LCU,XL,6
2026-04-28,LCU,VB,1
2026-04-28,Liberec,SPO,6
2026-04-28,Mladá Boleslav,SPO,7
2026-04-28,Most,SPO,12
2026-04-28,Mělník,SPO,6
2026-04-28,Olomouc,SPO,12
2026-04-28,Opava,SPO,4
2026-04-28,Ostrava,SPO,116
2026-04-28,Ostrava,BPO,38
2026-04-28,Pardubice,SPO,16
2026-04-28,Plzeň město,SPO,49
2026-04-28,Pobočka Chrášťany,SPO,28
2026-04-28,Pobočka Chrášťany,BPO,10
2026-04-28,Počernice,SPO,24
2026-04-28,Počernice,BPO,2
2026-04-28,Praha - centrála,SPO,503
2026-04-28,Praha - centrála,BPO,108
2026-04-28,Praha - centrála,XPO,1
2026-04-28,Prostějov,SPO,9
2026-04-28,Příbram,SPO,26
2026-04-28,SKLC3,SPO,2389
2026-04-28,SKLC3,BPO,571
2026-04-28,SKLC3,XPO,87
2026-04-28,SKLC3,XL,1
2026-04-28,Tábor,SPO,17
2026-04-28,Třebíč,SPO,17
2026-04-28,Zlín,SPO,4
2026-04-28,Ústí nad Labem,SPO,9
2026-04-28,Čakovice,SPO,52
2026-04-28,Čakovice,BPO,7
2026-04-28,České Budějovice,SPO,23
2026-04-29,Anděl,SPO,75
2026-04-29,Anděl,BPO,3
2026-04-29,Benešov,SPO,14
2026-04-29,Beroun,SPO,14
2026-04-29,Brno,SPO,58
2026-04-29,Brno,BPO,5
2026-04-29,Brno Lískovec,SPO,6
2026-04-29,Budějovická,SPO,75
2026-04-29,Budějovická,BPO,6
2026-04-29,Chomutov,SPO,2
2026-04-29,Dejvice,SPO,31
2026-04-29,Děčín,SPO,6
2026-04-29,Frýdek-Místek,SPO,9
2026-04-29,Hradec,SPO,4
2026-04-29,Háje,SPO,33
2026-04-29,Háje,BPO,9
2026-04-29,Jihlava,SPO,8
2026-04-29,Karlovy Vary,SPO,6
2026-04-29,Kladno,SPO,6
2026-04-29,Kolín,SPO,4
2026-04-29,LCU,SPO,1
2026-04-29,LCU,XPO,113
2026-04-29,LCU,XL,5
2026-04-29,Liberec,SPO,11
2026-04-29,Mladá Boleslav,SPO,3
2026-04-29,Most,SPO,2
2026-04-29,Mělník,SPO,5
2026-04-29,Olomouc,SPO,7
2026-04-29,Opava,SPO,3
2026-04-29,Ostrava,SPO,71
2026-04-29,Ostrava,BPO,32
2026-04-29,Pardubice,SPO,7
2026-04-29,Plzeň město,SPO,80
2026-04-29,Plzeň město,BPO,7
2026-04-29,Pobočka Chrášťany,SPO,91
2026-04-29,Pobočka Chrášťany,BPO,6
2026-04-29,Počernice,SPO,47
2026-04-29,Počernice,BPO,8
2026-04-29,Praha - centrála,SPO,436
2026-04-29,Praha - centrála,BPO,130
2026-04-29,Praha - centrála,XPO,1
2026-04-29,Prostějov,SPO,8
2026-04-29,Příbram,SPO,8
2026-04-29,SKLC3,SPO,1680
2026-04-29,SKLC3,BPO,342
2026-04-29,SKLC3,XPO,14
2026-04-29,Tábor,SPO,17
2026-04-29,Třebíč,SPO,1
2026-04-29,Zlín,SPO,8
2026-04-29,Ústí nad Labem,SPO,21
2026-04-29,Čakovice,SPO,48
2026-04-29,Čakovice,BPO,10
2026-04-29,České Budějovice,SPO,3
2026-04-30,Anděl,SPO,48
2026-04-30,Anděl,BPO,1
2026-04-30,Benešov,SPO,14
2026-04-30,Beroun,SPO,4
2026-04-30,Brno,SPO,48
2026-04-30,Brno,BPO,16
2026-04-30,Brno Lískovec,SPO,10
2026-04-30,Budějovická,SPO,13
2026-04-30,Chomutov,SPO,3
2026-04-30,Dejvice,SPO,17
2026-04-30,Děčín,SPO,4
2026-04-30,Frýdek-Místek,SPO,15
2026-04-30,Hradec,SPO,5
2026-04-30,Háje,SPO,43
2026-04-30,Háje,BPO,3
2026-04-30,Jihlava,SPO,4
2026-04-30,Karlovy Vary,SPO,4
2026-04-30,Kladno,SPO,10
2026-04-30,Kolín,SPO,8
2026-04-30,LCU,XPO,140
2026-04-30,LCU,XL,5
2026-04-30,LCU,VB,1
2026-04-30,Liberec,SPO,6
2026-04-30,Mladá Boleslav,SPO,4
2026-04-30,Mělník,SPO,3
2026-04-30,Olomouc,SPO,8
2026-04-30,Opava,SPO,4
2026-04-30,Ostrava,SPO,88
2026-04-30,Ostrava,BPO,27
2026-04-30,Pardubice,SPO,6
2026-04-30,Plzeň město,SPO,28
2026-04-30,Plzeň město,BPO,30
2026-04-30,Pobočka Chrášťany,SPO,31
2026-04-30,Pobočka Chrášťany,BPO,4
2026-04-30,Počernice,SPO,53
2026-04-30,Počernice,BPO,8
2026-04-30,Počernice,XPO,3
2026-04-30,Praha - centrála,SPO,488
2026-04-30,Praha - centrála,BPO,199
2026-04-30,Praha - centrála,XPO,20
2026-04-30,Prostějov,SPO,3
2026-04-30,Příbram,SPO,3
2026-04-30,SKLC3,SPO,1726
2026-04-30,SKLC3,BPO,376
2026-04-30,SKLC3,XPO,30
2026-04-30,Tábor,SPO,4
2026-04-30,Třebíč,SPO,6
2026-04-30,Třebíč,BPO,2
2026-04-30,Zlín,SPO,10
2026-04-30,Ústí nad Labem,SPO,8
2026-04-30,Čakovice,SPO,44
2026-04-30,Čakovice,BPO,18
2026-04-30,České Budějovice,SPO,7
2026-05-01,Anděl,SPO,64
2026-05-01,Anděl,BPO,6
2026-05-01,Benešov,SPO,17
2026-05-01,Beroun,SPO,7
2026-05-01,Brno,SPO,60
2026-05-01,Brno,BPO,7
2026-05-01,Brno Lískovec,SPO,14
2026-05-01,Brno Lískovec,BPO,2
2026-05-01,Budějovická,SPO,23
2026-05-01,Chomutov,SPO,10
2026-05-01,Dejvice,SPO,16
2026-05-01,Děčín,SPO,3
2026-05-01,Frýdek-Místek,SPO,6
2026-05-01,Hradec,SPO,11
2026-05-01,Háje,SPO,66
2026-05-01,Háje,BPO,16
2026-05-01,Jihlava,SPO,16
2026-05-01,Karlovy Vary,SPO,7
2026-05-01,Kladno,SPO,8
2026-05-01,Kladno,BPO,2
2026-05-01,Kolín,SPO,9
2026-05-01,LCU,XPO,119
2026-05-01,LCU,XL,9
2026-05-01,LCU,VB,2
2026-05-01,Liberec,SPO,11
2026-05-01,Mladá Boleslav,SPO,9
2026-05-01,Most,SPO,8
2026-05-01,Mělník,SPO,11
2026-05-01,Olomouc,SPO,11
2026-05-01,Opava,SPO,4
2026-05-01,Ostrava,SPO,88
2026-05-01,Ostrava,BPO,35
2026-05-01,Pardubice,SPO,5
2026-05-01,Plzeň město,SPO,31
2026-05-01,Plzeň město,BPO,8
2026-05-01,Pobočka Chrášťany,SPO,36
2026-05-01,Pobočka Chrášťany,BPO,4
2026-05-01,Počernice,SPO,25
2026-05-01,Počernice,BPO,7
2026-05-01,Praha - centrála,SPO,430
2026-05-01,Praha - centrála,BPO,109
2026-05-01,Praha - centrála,XPO,3
2026-05-01,Prostějov,SPO,6
2026-05-01,Příbram,SPO,6
2026-05-01,SKLC3,SPO,1320
2026-05-01,SKLC3,BPO,388
2026-05-01,SKLC3,XPO,9
2026-05-01,Tábor,SPO,14
2026-05-01,Třebíč,SPO,1
2026-05-01,Zlín,SPO,14
2026-05-01,Ústí nad Labem,SPO,6
2026-05-01,Čakovice,SPO,58
2026-05-01,Čakovice,BPO,27
2026-05-01,České Budějovice,SPO,5
2026-05-02,Anděl,SPO,46
2026-05-02,Anděl,BPO,3
2026-05-02,Benešov,SPO,10
2026-05-02,Benešov,BPO,2
2026-05-02,Beroun,SPO,13
2026-05-02,Brno,SPO,45
2026-05-02,Brno,BPO,18
2026-05-02,Brno Lískovec,SPO,12
2026-05-02,Budějovická,SPO,20
2026-05-02,Budějovická,BPO,3
2026-05-02,Chomutov,SPO,1
2026-05-02,Dejvice,SPO,6
2026-05-02,Děčín,SPO,5
2026-05-02,Frýdek-Místek,SPO,7
2026-05-02,Frýdek-Místek,BPO,1
2026-05-02,Hradec,SPO,6
2026-05-02,Háje,SPO,44
2026-05-02,Háje,BPO,12
2026-05-02,Jihlava,SPO,2
2026-05-02,Karlovy Vary,SPO,4
2026-05-02,Kladno,SPO,4
2026-05-02,Kolín,SPO,5
2026-05-02,LCU,XPO,194
2026-05-02,LCU,XL,3
2026-05-02,Liberec,SPO,3
2026-05-02,Mladá Boleslav,SPO,3
2026-05-02,Most,SPO,2
2026-05-02,Mělník,SPO,3
2026-05-02,Olomouc,SPO,7
2026-05-02,Opava,SPO,5
2026-05-02,Opava,BPO,1
2026-05-02,Ostrava,SPO,101
2026-05-02,Ostrava,BPO,15
2026-05-02,Pardubice,SPO,4
2026-05-02,Plzeň město,SPO,36
2026-05-02,Plzeň město,BPO,1
2026-05-02,Pobočka Chrášťany,SPO,46
2026-05-02,Pobočka Chrášťany,BPO,3
2026-05-02,Počernice,SPO,28
2026-05-02,Počernice,BPO,10
2026-05-02,Praha - centrála,SPO,411
2026-05-02,Praha - centrála,BPO,161
2026-05-02,Prostějov,SPO,4
2026-05-02,Příbram,SPO,4
2026-05-02,SKLC3,SPO,1331
2026-05-02,SKLC3,BPO,391
2026-05-02,SKLC3,XPO,28
2026-05-02,Tábor,SPO,10
2026-05-02,Třebíč,SPO,4
2026-05-02,Zlín,SPO,7
2026-05-02,Ústí nad Labem,SPO,8
2026-05-02,Čakovice,SPO,66
2026-05-02,Čakovice,BPO,18
2026-05-02,České Budějovice,SPO,1
2026-05-03,Anděl,SPO,36
2026-05-03,Anděl,BPO,2
2026-05-03,Benešov,SPO,3
2026-05-03,Beroun,SPO,12
2026-05-03,Brno,SPO,33
2026-05-03,Brno,BPO,4
2026-05-03,Brno Lískovec,SPO,5
2026-05-03,Budějovická,SPO,38
2026-05-03,Chomutov,SPO,4
2026-05-03,Dejvice,SPO,17
2026-05-03,Děčín,SPO,2
2026-05-03,Frýdek-Místek,SPO,8
2026-05-03,Hradec,SPO,7
2026-05-03,Háje,SPO,51
2026-05-03,Háje,BPO,4
2026-05-03,Jihlava,SPO,6
2026-05-03,Karlovy Vary,SPO,4
2026-05-03,Kladno,SPO,11
2026-05-03,Kolín,SPO,2
2026-05-03,LCU,XPO,166
2026-05-03,LCU,XL,5
2026-05-03,LCU,VB,1
2026-05-03,Liberec,SPO,5
2026-05-03,Mladá Boleslav,SPO,9
2026-05-03,Most,SPO,1
2026-05-03,Mělník,SPO,7
2026-05-03,Olomouc,SPO,6
2026-05-03,Opava,SPO,1
2026-05-03,Ostrava,SPO,85
2026-05-03,Ostrava,BPO,15
2026-05-03,Pardubice,SPO,10
2026-05-03,Plzeň město,SPO,42
2026-05-03,Pobočka Chrášťany,SPO,28
2026-05-03,Pobočka Chrášťany,BPO,5
2026-05-03,Počernice,SPO,19
2026-05-03,Počernice,BPO,2
2026-05-03,Praha - centrála,SPO,423
2026-05-03,Praha - centrála,BPO,135
2026-05-03,Prostějov,SPO,9
2026-05-03,Příbram,SPO,3
2026-05-03,SKLC3,SPO,1455
2026-05-03,SKLC3,BPO,220
2026-05-03,SKLC3,XPO,11
2026-05-03,Tábor,SPO,7
2026-05-03,Třebíč,SPO,5
2026-05-03,Zlín,SPO,3
2026-05-03,Ústí nad Labem,SPO,5
2026-05-03,Čakovice,SPO,65
2026-05-03,Čakovice,BPO,12
2026-05-03,České Budějovice,SPO,5
2026-05-04,Anděl,SPO,30
2026-05-04,Anděl,BPO,3
2026-05-04,Benešov,SPO,6
2026-05-04,Beroun,SPO,3
2026-05-04,Brno,SPO,44
2026-05-04,Brno,BPO,9
2026-05-04,Brno Lískovec,SPO,3
2026-05-04,Budějovická,SPO,23
2026-05-04,Chomutov,SPO,3
2026-05-04,Dejvice,SPO,6
2026-05-04,Dejvice,BPO,2
2026-05-04,Děčín,SPO,3
2026-05-04,Frýdek-Místek,SPO,4
2026-05-04,Hradec,SPO,6
2026-05-04,Háje,SPO,33
2026-05-04,Háje,BPO,4
2026-05-04,Jihlava,SPO,2
2026-05-04,Karlovy Vary,SPO,2
2026-05-04,Kladno,SPO,6
2026-05-04,Kolín,SPO,3
2026-05-04,LCU,BPO,1
2026-05-04,LCU,XPO,161
2026-05-04,LCU,XL,8
2026-05-04,Liberec,SPO,5
2026-05-04,Mladá Boleslav,SPO,2
2026-05-04,Most,SPO,5
2026-05-04,Mělník,SPO,4
2026-05-04,Olomouc,SPO,2
2026-05-04,Olomouc,BPO,1
2026-05-04,Opava,SPO,3
2026-05-04,Ostrava,SPO,82
2026-05-04,Ostrava,BPO,21
2026-05-04,Pardubice,SPO,3
2026-05-04,Plzeň město,SPO,29
2026-05-04,Pobočka Chrášťany,SPO,31
2026-05-04,Pobočka Chrášťany,BPO,4
2026-05-04,Počernice,SPO,11
2026-05-04,Počernice,BPO,9
2026-05-04,Praha - centrála,SPO,373
2026-05-04,Praha - centrála,BPO,95
2026-05-04,Prostějov,SPO,1
2026-05-04,Příbram,SPO,3
2026-05-04,SKLC3,SPO,1790
2026-05-04,SKLC3,BPO,360
2026-05-04,SKLC3,XPO,9
2026-05-04,Tábor,SPO,2
2026-05-04,Třebíč,SPO,7
2026-05-04,Zlín,SPO,5
2026-05-04,Ústí nad Labem,SPO,5
2026-05-04,Čakovice,SPO,51
2026-05-04,Čakovice,BPO,14
2026-05-04,České Budějovice,SPO,5
2026-05-05,Anděl,SPO,47
2026-05-05,Anděl,BPO,1
2026-05-05,Benešov,SPO,8
2026-05-05,Beroun,SPO,5
2026-05-05,Brno,SPO,56
2026-05-05,Brno,BPO,1
2026-05-05,Brno Lískovec,SPO,11
2026-05-05,Budějovická,SPO,18
2026-05-05,Budějovická,BPO,2
2026-05-05,Chomutov,SPO,2
2026-05-05,Dejvice,SPO,19
2026-05-05,Děčín,SPO,3
2026-05-05,Frýdek-Místek,SPO,11
2026-05-05,Hradec,SPO,3
2026-05-05,Háje,SPO,41
2026-05-05,Háje,BPO,1
2026-05-05,Jihlava,SPO,5
2026-05-05,Karlovy Vary,SPO,2
2026-05-05,Kladno,SPO,6
2026-05-05,Kolín,SPO,5
2026-05-05,LCU,XPO,60
2026-05-05,LCU,XL,4
2026-05-05,Liberec,SPO,6
2026-05-05,Mladá Boleslav,SPO,11
2026-05-05,Most,SPO,4
2026-05-05,Mělník,SPO,7
2026-05-05,Olomouc,SPO,9
2026-05-05,Opava,SPO,1
2026-05-05,Ostrava,SPO,115
2026-05-05,Ostrava,BPO,31
2026-05-05,Pardubice,SPO,4
2026-05-05,Plzeň město,SPO,41
2026-05-05,Pobočka Chrášťany,SPO,28
2026-05-05,Pobočka Chrášťany,BPO,9
2026-05-05,Počernice,SPO,22
2026-05-05,Počernice,BPO,2
2026-05-05,Praha - centrála,SPO,628
2026-05-05,Praha - centrála,BPO,118
2026-05-05,Praha - centrála,XPO,1
2026-05-05,Prostějov,SPO,2
2026-05-05,Příbram,SPO,7
2026-05-05,SKLC3,SPO,2450
2026-05-05,SKLC3,BPO,954
2026-05-05,SKLC3,XPO,91
2026-05-05,Tábor,SPO,6
2026-05-05,Třebíč,SPO,4
2026-05-05,Zlín,SPO,7
2026-05-05,Ústí nad Labem,SPO,5
2026-05-05,Čakovice,SPO,48
2026-05-05,Čakovice,BPO,11
2026-05-05,České Budějovice,SPO,4
2026-05-06,Anděl,SPO,52
2026-05-06,Anděl,BPO,1
2026-05-06,Benešov,SPO,11
2026-05-06,Beroun,SPO,10
2026-05-06,Brno,SPO,68
2026-05-06,Brno,BPO,7
2026-05-06,Brno Lískovec,SPO,12
2026-05-06,Budějovická,SPO,12
2026-05-06,Chomutov,SPO,2
2026-05-06,Dejvice,SPO,16
2026-05-06,Dejvice,BPO,2
2026-05-06,Děčín,SPO,3
2026-05-06,Frýdek-Místek,SPO,9
2026-05-06,Hradec,SPO,15
2026-05-06,Háje,SPO,60
2026-05-06,Háje,BPO,9
2026-05-06,Jihlava,SPO,7
2026-05-06,Karlovy Vary,SPO,5
2026-05-06,Kladno,SPO,5
2026-05-06,Kolín,SPO,6
2026-05-06,LCU,BPO,3
2026-05-06,LCU,XPO,69
2026-05-06,LCU,XL,19
2026-05-06,Liberec,SPO,5
2026-05-06,Mladá Boleslav,SPO,9
2026-05-06,Most,SPO,11
2026-05-06,Mělník,SPO,11
2026-05-06,Olomouc,SPO,13
2026-05-06,Opava,SPO,4
2026-05-06,Ostrava,SPO,99
2026-05-06,Ostrava,BPO,70
2026-05-06,Pardubice,SPO,8
2026-05-06,Plzeň město,SPO,44
2026-05-06,Pobočka Chrášťany,SPO,50
2026-05-06,Počernice,SPO,22
2026-05-06,Počernice,BPO,5
2026-05-06,Praha - centrála,SPO,523
2026-05-06,Praha - centrála,BPO,136
2026-05-06,Prostějov,SPO,4
2026-05-06,Příbram,SPO,16
2026-05-06,SKLC3,SPO,1936
2026-05-06,SKLC3,BPO,550
2026-05-06,SKLC3,XPO,39
2026-05-06,SKLC3,XL,1
2026-05-06,Tábor,SPO,10
2026-05-06,Třebíč,SPO,10
2026-05-06,Zlín,SPO,14
2026-05-06,Ústí nad Labem,SPO,13
2026-05-06,Čakovice,SPO,64
2026-05-06,Čakovice,BPO,3
2026-05-06,České Budějovice,SPO,8
2026-05-07,Anděl,SPO,45
2026-05-07,Anděl,BPO,8
2026-05-07,Benešov,SPO,21
2026-05-07,Beroun,SPO,7
2026-05-07,Brno,SPO,44
2026-05-07,Brno,BPO,23
2026-05-07,Brno Lískovec,SPO,15
2026-05-07,Budějovická,SPO,27
2026-05-07,Chomutov,SPO,3
2026-05-07,Dejvice,SPO,12
2026-05-07,Děčín,SPO,1
2026-05-07,Frýdek-Místek,SPO,6
2026-05-07,Hradec,SPO,5
2026-05-07,Háje,SPO,53
2026-05-07,Háje,BPO,12
2026-05-07,Jihlava,SPO,6
2026-05-07,Karlovy Vary,SPO,5
2026-05-07,Kladno,SPO,6
2026-05-07,Kolín,SPO,3
2026-05-07,LCU,XPO,117
2026-05-07,LCU,XL,1
2026-05-07,Liberec,SPO,9
2026-05-07,Mladá Boleslav,SPO,10
2026-05-07,Most,SPO,6
2026-05-07,Mělník,SPO,9
2026-05-07,Olomouc,SPO,12
2026-05-07,Opava,SPO,39
2026-05-07,Opava,BPO,3
2026-05-07,Ostrava,SPO,148
2026-05-07,Ostrava,BPO,44
2026-05-07,Pardubice,SPO,6
2026-05-07,Plzeň město,SPO,51
2026-05-07,Pobočka Chrášťany,SPO,76
2026-05-07,Pobočka Chrášťany,BPO,95
2026-05-07,Počernice,SPO,31
2026-05-07,Počernice,BPO,5
2026-05-07,Praha - centrála,SPO,464
2026-05-07,Praha - centrála,BPO,105
2026-05-07,Prostějov,SPO,1
2026-05-07,Příbram,SPO,10
2026-05-07,SKLC3,SPO,1587
2026-05-07,SKLC3,BPO,452
2026-05-07,SKLC3,XPO,43
2026-05-07,Tábor,SPO,9
2026-05-07,Třebíč,SPO,2
2026-05-07,Zlín,SPO,5
2026-05-07,Ústí nad Labem,SPO,9
2026-05-07,Čakovice,SPO,53
2026-05-07,Čakovice,BPO,32
2026-05-07,České Budějovice,SPO,8
2026-05-08,Anděl,SPO,84
2026-05-08,Anděl,BPO,3
2026-05-08,Benešov,SPO,11
2026-05-08,Beroun,SPO,8
2026-05-08,Brno,SPO,68
2026-05-08,Brno,BPO,5
2026-05-08,Brno Lískovec,SPO,7
2026-05-08,Budějovická,SPO,35
2026-05-08,Chomutov,SPO,2
2026-05-08,Dejvice,SPO,13
2026-05-08,Děčín,SPO,3
2026-05-08,Frýdek-Místek,SPO,3
2026-05-08,Hradec,SPO,9
2026-05-08,Háje,SPO,38
2026-05-08,Háje,BPO,11
2026-05-08,Jihlava,SPO,2
2026-05-08,Karlovy Vary,SPO,4
2026-05-08,Kladno,SPO,13
2026-05-08,Kolín,SPO,5
2026-05-08,LCU,SPO,1
2026-05-08,LCU,XPO,189
2026-05-08,LCU,XL,6
2026-05-08,LCU,VB,1
2026-05-08,Liberec,SPO,3
2026-05-08,Mladá Boleslav,SPO,11
2026-05-08,Most,SPO,5
2026-05-08,Mělník,SPO,6
2026-05-08,Olomouc,SPO,5
2026-05-08,Opava,SPO,9
2026-05-08,Ostrava,SPO,122
2026-05-08,Ostrava,BPO,23
2026-05-08,Pardubice,SPO,9
2026-05-08,Plzeň město,SPO,43
2026-05-08,Plzeň město,BPO,30
2026-05-08,Pobočka Chrášťany,SPO,70
2026-05-08,Pobočka Chrášťany,BPO,3
2026-05-08,Počernice,SPO,29
2026-05-08,Počernice,BPO,1
2026-05-08,Praha - centrála,SPO,537
2026-05-08,Praha - centrála,BPO,177
2026-05-08,Prostějov,SPO,7
2026-05-08,Příbram,SPO,7
2026-05-08,SKLC3,SPO,2334
2026-05-08,SKLC3,BPO,561
2026-05-08,SKLC3,XPO,27
2026-05-08,Tábor,SPO,4
2026-05-08,Třebíč,SPO,30
2026-05-08,Třebíč,BPO,3
2026-05-08,Zlín,SPO,3
2026-05-08,Ústí nad Labem,SPO,2
2026-05-08,Čakovice,SPO,53
2026-05-08,Čakovice,BPO,8
2026-05-08,České Budějovice,SPO,4
2026-05-08,České Budějovice,BPO,2
2026-05-09,Anděl,SPO,37
2026-05-09,Anděl,BPO,2
2026-05-09,Benešov,SPO,12
2026-05-09,Beroun,SPO,3
2026-05-09,Brno,SPO,39
2026-05-09,Brno,BPO,11
2026-05-09,Brno Lískovec,SPO,4
2026-05-09,Budějovická,SPO,8
2026-05-09,Chomutov,SPO,4
2026-05-09,Dejvice,SPO,12
2026-05-09,Frýdek-Místek,SPO,3
2026-05-09,Hradec,SPO,5
2026-05-09,Háje,SPO,36
2026-05-09,Háje,BPO,7
2026-05-09,Jihlava,SPO,6
2026-05-09,Karlovy Vary,SPO,6
2026-05-09,Kladno,SPO,2
2026-05-09,Kolín,SPO,6
2026-05-09,LCU,XPO,151
2026-05-09,LCU,XL,3
2026-05-09,Liberec,SPO,5
2026-05-09,Mladá Boleslav,SPO,10
2026-05-09,Most,SPO,1
2026-05-09,Mělník,SPO,2
2026-05-09,Olomouc,SPO,9
2026-05-09,Opava,SPO,5
2026-05-09,Ostrava,SPO,81
2026-05-09,Ostrava,BPO,18
2026-05-09,Pardubice,SPO,4
2026-05-09,Plzeň město,SPO,33
2026-05-09,Plzeň město,BPO,6
2026-05-09,Pobočka Chrášťany,SPO,44
2026-05-09,Pobočka Chrášťany,BPO,3
2026-05-09,Počernice,SPO,13
2026-05-09,Počernice,BPO,7
2026-05-09,Praha - centrála,SPO,495
2026-05-09,Praha - centrála,BPO,176
2026-05-09,Prostějov,SPO,1
2026-05-09,Příbram,SPO,1
2026-05-09,SKLC3,SPO,1999
2026-05-09,SKLC3,BPO,316
2026-05-09,SKLC3,XPO,4
2026-05-09,Tábor,SPO,5
2026-05-09,Třebíč,SPO,2
2026-05-09,Zlín,SPO,3
2026-05-09,Ústí nad Labem,SPO,3
2026-05-09,Čakovice,SPO,29
2026-05-09,Čakovice,BPO,6
2026-05-09,České Budějovice,SPO,3
2026-05-10,Anděl,SPO,33
2026-05-10,Anděl,BPO,1
2026-05-10,Benešov,SPO,7
2026-05-10,Beroun,SPO,5
2026-05-10,Brno,SPO,38
2026-05-10,Brno,BPO,13
2026-05-10,Brno Lískovec,SPO,4
2026-05-10,Budějovická,SPO,8
2026-05-10,Chomutov,SPO,9
2026-05-10,Dejvice,SPO,10
2026-05-10,Děčín,SPO,4
2026-05-10,Frýdek-Místek,SPO,11
2026-05-10,Hradec,SPO,3
2026-05-10,Háje,SPO,45
2026-05-10,Háje,BPO,10
2026-05-10,Jihlava,SPO,6
2026-05-10,Karlovy Vary,SPO,1
2026-05-10,Kladno,SPO,12
2026-05-10,Kolín,SPO,10
2026-05-10,Kolín,BPO,1
2026-05-10,LCU,XPO,136
2026-05-10,LCU,XL,3
2026-05-10,LCU,VB,1
2026-05-10,Liberec,SPO,7
2026-05-10,Mladá Boleslav,SPO,9
2026-05-10,Most,SPO,4
2026-05-10,Mělník,SPO,8
2026-05-10,Olomouc,SPO,2
2026-05-10,Opava,SPO,1
2026-05-10,Ostrava,SPO,84
2026-05-10,Ostrava,BPO,69
2026-05-10,Pardubice,SPO,2
2026-05-10,Plzeň město,SPO,25
2026-05-10,Plzeň město,BPO,4
2026-05-10,Pobočka Chrášťany,SPO,42
2026-05-10,Pobočka Chrášťany,BPO,10
2026-05-10,Počernice,SPO,15
2026-05-10,Počernice,BPO,1
2026-05-10,Praha - centrála,SPO,481
2026-05-10,Praha - centrála,BPO,118
2026-05-10,Prostějov,SPO,4
2026-05-10,Příbram,SPO,9
2026-05-10,SKLC3,SPO,1502
2026-05-10,SKLC3,BPO,377
2026-05-10,SKLC3,XPO,11
2026-05-10,Tábor,SPO,3
2026-05-10,Zlín,SPO,7
2026-05-10,Ústí nad Labem,SPO,5
2026-05-10,Čakovice,SPO,45
2026-05-10,Čakovice,BPO,19
2026-05-10,České Budějovice,SPO,7
2026-05-11,Anděl,SPO,55
2026-05-11,Anděl,BPO,4
2026-05-11,Benešov,SPO,16
2026-05-11,Beroun,SPO,3
2026-05-11,Brno,SPO,37
2026-05-11,Brno,BPO,11
2026-05-11,Brno Lískovec,SPO,7
2026-05-11,Budějovická,SPO,12
2026-05-11,Chomutov,SPO,6
2026-05-11,Dejvice,SPO,8
2026-05-11,Děčín,SPO,2
2026-05-11,Frýdek-Místek,SPO,4
2026-05-11,Hradec,SPO,6
2026-05-11,Háje,SPO,41
2026-05-11,Háje,BPO,2
2026-05-11,Jihlava,SPO,3
2026-05-11,Karlovy Vary,SPO,1
2026-05-11,Kladno,SPO,7
2026-05-11,LCU,XPO,194
2026-05-11,LCU,XL,2
2026-05-11,Liberec,SPO,1
2026-05-11,Mladá Boleslav,SPO,11
2026-05-11,Mladá Boleslav,BPO,2
2026-05-11,Most,SPO,1
2026-05-11,Mělník,SPO,7
2026-05-11,Olomouc,SPO,5
2026-05-11,Opava,SPO,5
2026-05-11,Ostrava,SPO,83
2026-05-11,Ostrava,BPO,19
2026-05-11,Pardubice,SPO,3
2026-05-11,Plzeň město,SPO,35
2026-05-11,Pobočka Chrášťany,SPO,43
2026-05-11,Počernice,SPO,14
2026-05-11,Počernice,BPO,1
2026-05-11,Praha - centrála,SPO,419
2026-05-11,Praha - centrála,BPO,66
2026-05-11,Prostějov,SPO,1
2026-05-11,SKLC3,SPO,1629
2026-05-11,SKLC3,BPO,335
2026-05-11,SKLC3,XPO,36
2026-05-11,Tábor,SPO,6
2026-05-11,Třebíč,SPO,5
2026-05-11,Zlín,SPO,13
2026-05-11,Ústí nad Labem,SPO,3
2026-05-11,Čakovice,SPO,49
2026-05-11,Čakovice,BPO,9
2026-05-11,České Budějovice,SPO,3
2026-05-12,Anděl,SPO,45
2026-05-12,Anděl,BPO,3
2026-05-12,Benešov,SPO,10
2026-05-12,Beroun,SPO,4
2026-05-12,Brno,SPO,83
2026-05-12,Brno,BPO,8
2026-05-12,Brno Lískovec,SPO,22
2026-05-12,Brno Lískovec,BPO,1
2026-05-12,Budějovická,SPO,13
2026-05-12,Chomutov,SPO,7
2026-05-12,Dejvice,SPO,17
2026-05-12,Děčín,SPO,3
2026-05-12,Frýdek-Místek,SPO,8
2026-05-12,Hradec,SPO,16
2026-05-12,Háje,SPO,58
2026-05-12,Háje,BPO,5
2026-05-12,Jihlava,SPO,3
2026-05-12,Karlovy Vary,SPO,6
2026-05-12,Kladno,SPO,7
2026-05-12,Kolín,SPO,3
2026-05-12,LCU,XPO,139
2026-05-12,LCU,XL,2
2026-05-12,Liberec,SPO,5
2026-05-12,Mladá Boleslav,SPO,6
2026-05-12,Most,SPO,5
2026-05-12,Mělník,SPO,5
2026-05-12,Olomouc,SPO,5
2026-05-12,Opava,SPO,2
2026-05-12,Ostrava,SPO,135
2026-05-12,Ostrava,BPO,44
2026-05-12,Pardubice,SPO,5
2026-05-12,Plzeň město,SPO,49
2026-05-12,Pobočka Chrášťany,SPO,30
2026-05-12,Počernice,SPO,16
2026-05-12,Praha - centrála,SPO,563
2026-05-12,Praha - centrála,BPO,106
2026-05-12,Prostějov,SPO,6
2026-05-12,Příbram,SPO,1
2026-05-12,SKLC3,SPO,3350
2026-05-12,SKLC3,BPO,704
2026-05-12,SKLC3,XPO,71
2026-05-12,SKLC3,XL,1
2026-05-12,Tábor,SPO,7
2026-05-12,Třebíč,SPO,8
2026-05-12,Zlín,SPO,14
2026-05-12,Ústí nad Labem,SPO,3
2026-05-12,Čakovice,SPO,64
2026-05-12,České Budějovice,SPO,7
2026-05-13,Anděl,SPO,49
2026-05-13,Anděl,BPO,14
2026-05-13,Benešov,SPO,16
2026-05-13,Beroun,SPO,3
2026-05-13,Brno,SPO,83
2026-05-13,Brno,BPO,26
2026-05-13,Brno Lískovec,SPO,12
2026-05-13,Budějovická,SPO,15
2026-05-13,Chomutov,SPO,2
2026-05-13,Dejvice,SPO,19
2026-05-13,Dejvice,BPO,2
2026-05-13,Děčín,SPO,5
2026-05-13,Frýdek-Místek,SPO,9
2026-05-13,Hradec,SPO,16
2026-05-13,Háje,SPO,53
2026-05-13,Háje,BPO,3
2026-05-13,Jihlava,SPO,13
2026-05-13,Karlovy Vary,SPO,8
2026-05-13,Kladno,SPO,13
2026-05-13,Kolín,SPO,9
2026-05-13,LCU,XPO,155
2026-05-13,LCU,XL,5
2026-05-13,Liberec,SPO,11
2026-05-13,Mladá Boleslav,SPO,11
2026-05-13,Most,SPO,13
2026-05-13,Mělník,SPO,11
2026-05-13,Olomouc,SPO,17
2026-05-13,Opava,SPO,9
2026-05-13,Ostrava,SPO,150
2026-05-13,Ostrava,BPO,2
2026-05-13,Pardubice,SPO,14
2026-05-13,Plzeň město,SPO,52
2026-05-13,Pobočka Chrášťany,SPO,43
2026-05-13,Pobočka Chrášťany,BPO,3
2026-05-13,Počernice,SPO,26
2026-05-13,Počernice,BPO,10
2026-05-13,Praha - centrála,SPO,522
2026-05-13,Praha - centrála,BPO,153
2026-05-13,Prostějov,SPO,9
2026-05-13,Příbram,SPO,12
2026-05-13,SKLC3,SPO,1918
2026-05-13,SKLC3,BPO,620
2026-05-13,SKLC3,XPO,20
2026-05-13,Tábor,SPO,10
2026-05-13,Třebíč,SPO,8
2026-05-13,Zlín,SPO,6
2026-05-13,Ústí nad Labem,SPO,20
2026-05-13,Čakovice,SPO,66
2026-05-13,Čakovice,BPO,3
2026-05-13,České Budějovice,SPO,6
2026-05-14,Anděl,SPO,64
2026-05-14,Anděl,BPO,6
2026-05-14,Benešov,SPO,9
2026-05-14,Beroun,SPO,6
2026-05-14,Brno,SPO,85
2026-05-14,Brno,BPO,10
2026-05-14,Brno Lískovec,SPO,16
2026-05-14,Budějovická,SPO,32
2026-05-14,Chomutov,SPO,7
2026-05-14,Dejvice,SPO,11
2026-05-14,Děčín,SPO,3
2026-05-14,Frýdek-Místek,SPO,10
2026-05-14,Hradec,SPO,23
2026-05-14,Háje,SPO,49
2026-05-14,Háje,BPO,12
2026-05-14,Jihlava,SPO,10
2026-05-14,Karlovy Vary,SPO,10
2026-05-14,Kladno,SPO,12
2026-05-14,Kolín,SPO,6
2026-05-14,LCU,BPO,3
2026-05-14,LCU,XPO,197
2026-05-14,LCU,XL,7
2026-05-14,Liberec,SPO,2
2026-05-14,Mladá Boleslav,SPO,11
2026-05-14,Most,SPO,10
2026-05-14,Mělník,SPO,13
2026-05-14,Olomouc,SPO,11
2026-05-14,Opava,SPO,9
2026-05-14,Ostrava,SPO,115
2026-05-14,Ostrava,BPO,12
2026-05-14,Pardubice,SPO,7
2026-05-14,Plzeň město,SPO,48
2026-05-14,Plzeň město,BPO,34
2026-05-14,Pobočka Chrášťany,SPO,54
2026-05-14,Počernice,SPO,45
2026-05-14,Počernice,BPO,5
2026-05-14,Praha - centrála,SPO,471
2026-05-14,Praha - centrála,BPO,126
2026-05-14,Prostějov,SPO,11
2026-05-14,Příbram,SPO,3
2026-05-14,SKLC3,SPO,1996
2026-05-14,SKLC3,BPO,367
2026-05-14,SKLC3,XPO,582
2026-05-14,Tábor,SPO,9
2026-05-14,Třebíč,SPO,6
2026-05-14,Zlín,SPO,9
2026-05-14,Ústí nad Labem,SPO,4
2026-05-14,Čakovice,SPO,65
2026-05-14,Čakovice,BPO,19
2026-05-14,České Budějovice,SPO,10
2026-05-15,Anděl,SPO,59
2026-05-15,Anděl,BPO,5
2026-05-15,Benešov,SPO,16
2026-05-15,Beroun,SPO,3
2026-05-15,Brno,SPO,60
2026-05-15,Brno,BPO,15
2026-05-15,Brno Lískovec,SPO,19
2026-05-15,Budějovická,SPO,28
2026-05-15,Chomutov,SPO,7
2026-05-15,Dejvice,SPO,16
2026-05-15,Děčín,SPO,2
2026-05-15,Hradec,SPO,8
2026-05-15,Háje,SPO,45
2026-05-15,Háje,BPO,2
2026-05-15,Jihlava,SPO,4
2026-05-15,Karlovy Vary,SPO,8
2026-05-15,Kladno,SPO,11
2026-05-15,Kolín,SPO,5
2026-05-15,LCU,XPO,64
2026-05-15,LCU,XL,3
2026-05-15,Liberec,SPO,5
2026-05-15,Mladá Boleslav,SPO,6
2026-05-15,Most,SPO,6
2026-05-15,Mělník,SPO,9
2026-05-15,Olomouc,SPO,8
2026-05-15,Opava,SPO,6
2026-05-15,Ostrava,SPO,195
2026-05-15,Ostrava,BPO,64
2026-05-15,Pardubice,SPO,6
2026-05-15,Plzeň město,SPO,49
2026-05-15,Plzeň město,BPO,11
2026-05-15,Pobočka Chrášťany,SPO,34
2026-05-15,Pobočka Chrášťany,BPO,2
2026-05-15,Počernice,SPO,22
2026-05-15,Počernice,BPO,4
2026-05-15,Praha - centrála,SPO,540
2026-05-15,Praha - centrála,BPO,121
2026-05-15,Prostějov,SPO,3
2026-05-15,Příbram,SPO,7
2026-05-15,SKLC3,SPO,1765
2026-05-15,SKLC3,BPO,575
2026-05-15,SKLC3,XPO,22
2026-05-15,Tábor,SPO,6
2026-05-15,Třebíč,SPO,6
2026-05-15,Zlín,SPO,13
2026-05-15,Ústí nad Labem,SPO,4
2026-05-15,Čakovice,SPO,51
2026-05-15,Čakovice,BPO,11
2026-05-15,České Budějovice,SPO,7
2026-05-15,České Budějovice,BPO,2
2026-05-16,Anděl,SPO,63
2026-05-16,Anděl,BPO,9
2026-05-16,Benešov,SPO,13
2026-05-16,Beroun,SPO,8
2026-05-16,Brno,SPO,69
2026-05-16,Brno,BPO,18
2026-05-16,Brno Lískovec,SPO,12
2026-05-16,Budějovická,SPO,25
2026-05-16,Budějovická,BPO,3
2026-05-16,Chomutov,SPO,3
2026-05-16,Dejvice,SPO,22
2026-05-16,Děčín,SPO,6
2026-05-16,Frýdek-Místek,SPO,9
2026-05-16,Hradec,SPO,9
2026-05-16,Hradec,BPO,1
2026-05-16,Háje,SPO,55
2026-05-16,Háje,BPO,7
2026-05-16,Jihlava,SPO,8
2026-05-16,Karlovy Vary,SPO,7
2026-05-16,Kladno,SPO,10
2026-05-16,Kolín,SPO,8
2026-05-16,LCU,XPO,168
2026-05-16,LCU,XL,3
2026-05-16,Liberec,SPO,5
2026-05-16,Mladá Boleslav,SPO,16
2026-05-16,Most,SPO,8
2026-05-16,Mělník,SPO,5
2026-05-16,Olomouc,SPO,8
2026-05-16,Olomouc,BPO,1
2026-05-16,Opava,SPO,5
2026-05-16,Ostrava,SPO,124
2026-05-16,Ostrava,BPO,36
2026-05-16,Pardubice,SPO,13
2026-05-16,Plzeň město,SPO,46
2026-05-16,Plzeň město,BPO,4
2026-05-16,Pobočka Chrášťany,SPO,54
2026-05-16,Pobočka Chrášťany,BPO,4
2026-05-16,Počernice,SPO,27
2026-05-16,Počernice,BPO,11
2026-05-16,Praha - centrála,SPO,500
2026-05-16,Praha - centrála,BPO,135
2026-05-16,Prostějov,SPO,3
2026-05-16,Příbram,SPO,5
2026-05-16,SKLC3,SPO,2021
2026-05-16,SKLC3,BPO,520
2026-05-16,SKLC3,XPO,20
2026-05-16,Tábor,SPO,8
2026-05-16,Třebíč,SPO,7
2026-05-16,Zlín,SPO,5
2026-05-16,Ústí nad Labem,SPO,14
2026-05-16,Čakovice,SPO,66
2026-05-16,Čakovice,BPO,25
2026-05-16,České Budějovice,SPO,10
2026-05-17,Anděl,SPO,48
2026-05-17,Anděl,BPO,7
2026-05-17,Benešov,SPO,6
2026-05-17,Beroun,SPO,6
2026-05-17,Brno,SPO,66
2026-05-17,Brno,BPO,5
2026-05-17,Brno Lískovec,SPO,11
2026-05-17,Budějovická,SPO,19
2026-05-17,Chomutov,SPO,5
2026-05-17,Dejvice,SPO,10
2026-05-17,Děčín,SPO,5
2026-05-17,Frýdek-Místek,SPO,16
2026-05-17,Hradec,SPO,7
2026-05-17,Háje,SPO,46
2026-05-17,Háje,BPO,3
2026-05-17,Jihlava,SPO,13
2026-05-17,Karlovy Vary,SPO,7
2026-05-17,Kladno,SPO,14
2026-05-17,Kolín,SPO,13
2026-05-17,LCU,XPO,86
2026-05-17,LCU,XL,4
2026-05-17,LCU,VB,1
2026-05-17,Liberec,SPO,6
2026-05-17,Mladá Boleslav,SPO,8
2026-05-17,Most,SPO,4
2026-05-17,Mělník,SPO,5
2026-05-17,Olomouc,SPO,5
2026-05-17,Opava,SPO,6
2026-05-17,Ostrava,SPO,116
2026-05-17,Ostrava,BPO,55
2026-05-17,Pardubice,SPO,4
2026-05-17,Plzeň město,SPO,49
2026-05-17,Plzeň město,BPO,7
2026-05-17,Pobočka Chrášťany,SPO,66
2026-05-17,Pobočka Chrášťany,BPO,5
2026-05-17,Počernice,SPO,36
2026-05-17,Počernice,BPO,5
2026-05-17,Praha - centrála,SPO,518
2026-05-17,Praha - centrála,BPO,161
2026-05-17,Prostějov,SPO,4
2026-05-17,Příbram,SPO,5
2026-05-17,SKLC3,SPO,1710
2026-05-17,SKLC3,BPO,445
2026-05-17,SKLC3,XPO,38
2026-05-17,Tábor,SPO,6
2026-05-17,Třebíč,SPO,8
2026-05-17,Zlín,SPO,6
2026-05-17,Ústí nad Labem,SPO,4
2026-05-17,Čakovice,SPO,70
2026-05-17,Čakovice,BPO,13
2026-05-17,České Budějovice,SPO,9
2026-05-18,Anděl,SPO,42
2026-05-18,Anděl,BPO,10
2026-05-18,Benešov,SPO,10
2026-05-18,Beroun,SPO,6
2026-05-18,Brno,SPO,36
2026-05-18,Brno,BPO,9
2026-05-18,Brno Lískovec,SPO,9
2026-05-18,Budějovická,SPO,13
2026-05-18,Chomutov,SPO,2
2026-05-18,Dejvice,SPO,7
2026-05-18,Děčín,SPO,3
2026-05-18,Frýdek-Místek,SPO,16
2026-05-18,Hradec,SPO,7
2026-05-18,Háje,SPO,68
2026-05-18,Jihlava,SPO,2
2026-05-18,Karlovy Vary,SPO,7
2026-05-18,Kladno,SPO,6
2026-05-18,Kolín,SPO,7
2026-05-18,LCU,XPO,163
2026-05-18,LCU,XL,4
2026-05-18,Liberec,SPO,3
2026-05-18,Mladá Boleslav,SPO,12
2026-05-18,Most,SPO,4
2026-05-18,Mělník,SPO,7
2026-05-18,Olomouc,SPO,12
2026-05-18,Olomouc,BPO,1
2026-05-18,Opava,SPO,4
2026-05-18,Ostrava,SPO,115
2026-05-18,Ostrava,BPO,38
2026-05-18,Pardubice,SPO,7
2026-05-18,Plzeň město,SPO,35
2026-05-18,Pobočka Chrášťany,SPO,34
2026-05-18,Pobočka Chrášťany,BPO,8
2026-05-18,Počernice,SPO,28
2026-05-18,Počernice,BPO,2
2026-05-18,Praha - centrála,SPO,409
2026-05-18,Praha - centrála,BPO,138
2026-05-18,Prostějov,SPO,3
2026-05-18,Příbram,SPO,23
2026-05-18,SKLC3,SPO,1870
2026-05-18,SKLC3,BPO,520
2026-05-18,SKLC3,XPO,21
2026-05-18,Tábor,SPO,7
2026-05-18,Třebíč,SPO,8
2026-05-18,Zlín,SPO,7
2026-05-18,Ústí nad Labem,SPO,3
2026-05-18,Čakovice,SPO,59
2026-05-18,Čakovice,BPO,5
2026-05-18,České Budějovice,SPO,4
2026-05-19,Anděl,SPO,48
2026-05-19,Anděl,BPO,2
2026-05-19,Benešov,SPO,13
2026-05-19,Benešov,BPO,2
2026-05-19,Beroun,SPO,14
2026-05-19,Brno,SPO,68
2026-05-19,Brno,BPO,19
2026-05-19,Brno Lískovec,SPO,9
2026-05-19,Budějovická,SPO,13
2026-05-19,Chomutov,SPO,3
2026-05-19,Dejvice,SPO,10
2026-05-19,Děčín,SPO,5
2026-05-19,Frýdek-Místek,SPO,15
2026-05-19,Hradec,SPO,10
2026-05-19,Hradec,BPO,3
2026-05-19,Háje,SPO,45
2026-05-19,Háje,BPO,8
2026-05-19,Jihlava,SPO,9
2026-05-19,Karlovy Vary,SPO,7
2026-05-19,Kladno,SPO,8
2026-05-19,Kolín,SPO,7
2026-05-19,LCU,BPO,1
2026-05-19,LCU,XPO,285
2026-05-19,LCU,XL,3
2026-05-19,Liberec,SPO,11
2026-05-19,Mladá Boleslav,SPO,16
2026-05-19,Most,SPO,5
2026-05-19,Mělník,SPO,9
2026-05-19,Olomouc,SPO,20
2026-05-19,Olomouc,BPO,1
2026-05-19,Opava,SPO,5
2026-05-19,Ostrava,SPO,214
2026-05-19,Ostrava,BPO,1
2026-05-19,Pardubice,SPO,14
2026-05-19,Plzeň město,SPO,42
2026-05-19,Pobočka Chrášťany,SPO,30
2026-05-19,Pobočka Chrášťany,BPO,7
2026-05-19,Počernice,SPO,35
2026-05-19,Počernice,BPO,5
2026-05-19,Praha - centrála,SPO,518
2026-05-19,Praha - centrála,BPO,142
2026-05-19,Prostějov,SPO,8
2026-05-19,Příbram,SPO,13
2026-05-19,SKLC3,SPO,2627
2026-05-19,SKLC3,BPO,605
2026-05-19,SKLC3,XPO,20
2026-05-19,Tábor,SPO,11
2026-05-19,Třebíč,SPO,7
2026-05-19,Zlín,SPO,14
2026-05-19,Ústí nad Labem,SPO,7
2026-05-19,Ústí nad Labem,BPO,1
2026-05-19,Čakovice,SPO,73
2026-05-19,Čakovice,BPO,16
2026-05-19,České Budějovice,SPO,11
2026-05-20,Anděl,SPO,51
2026-05-20,Anděl,BPO,8
2026-05-20,Benešov,SPO,12
2026-05-20,Benešov,BPO,1
2026-05-20,Beroun,SPO,4
2026-05-20,Brno,SPO,62
2026-05-20,Brno,BPO,11
2026-05-20,Brno Lískovec,SPO,11
2026-05-20,Brno Lískovec,BPO,4
2026-05-20,Budějovická,SPO,18
2026-05-20,Budějovická,BPO,2
2026-05-20,Chomutov,SPO,4
2026-05-20,Dejvice,SPO,12
2026-05-20,Děčín,SPO,3
2026-05-20,Frýdek-Místek,SPO,12
2026-05-20,Hradec,SPO,7
2026-05-20,Háje,SPO,30
2026-05-20,Háje,BPO,2
2026-05-20,Jihlava,SPO,6
2026-05-20,Karlovy Vary,SPO,7
2026-05-20,Kladno,SPO,9
2026-05-20,Kolín,SPO,1
2026-05-20,LCU,XPO,161
2026-05-20,LCU,XL,2
2026-05-20,LCU,VB,1
2026-05-20,Liberec,SPO,11
2026-05-20,Mladá Boleslav,SPO,4
2026-05-20,Most,SPO,7
2026-05-20,Mělník,SPO,8
2026-05-20,Olomouc,SPO,9
2026-05-20,Opava,SPO,1
2026-05-20,Ostrava,SPO,85
2026-05-20,Ostrava,BPO,16
2026-05-20,Pardubice,SPO,7
2026-05-20,Plzeň město,SPO,36
2026-05-20,Plzeň město,BPO,17
2026-05-20,Pobočka Chrášťany,SPO,47
2026-05-20,Pobočka Chrášťany,BPO,11
2026-05-20,Počernice,SPO,20
2026-05-20,Počernice,BPO,10
2026-05-20,Praha - centrála,SPO,421
2026-05-20,Praha - centrála,BPO,161
2026-05-20,Prostějov,SPO,4
2026-05-20,Prostějov,BPO,1
2026-05-20,Příbram,SPO,4
2026-05-20,SKLC3,SPO,1704
2026-05-20,SKLC3,BPO,340
2026-05-20,SKLC3,XPO,26
2026-05-20,Tábor,SPO,8
2026-05-20,Tábor,BPO,1
2026-05-20,Třebíč,SPO,7
2026-05-20,Zlín,SPO,11
2026-05-20,Ústí nad Labem,SPO,5
2026-05-20,Čakovice,SPO,40
2026-05-20,Čakovice,BPO,13
2026-05-20,České Budějovice,SPO,18
2026-05-21,Anděl,SPO,51
2026-05-21,Anděl,BPO,6
2026-05-21,Benešov,SPO,7
2026-05-21,Beroun,SPO,10
2026-05-21,Brno,SPO,46
2026-05-21,Brno,BPO,4
2026-05-21,Brno Lískovec,SPO,9
2026-05-21,Budějovická,SPO,26
2026-05-21,Chomutov,SPO,2
2026-05-21,Dejvice,SPO,12
2026-05-21,Děčín,SPO,2
2026-05-21,Frýdek-Místek,SPO,7
2026-05-21,Hradec,SPO,16
2026-05-21,Háje,SPO,46
2026-05-21,Háje,BPO,7
2026-05-21,Jihlava,SPO,3
2026-05-21,Karlovy Vary,SPO,5
2026-05-21,Kladno,SPO,5
2026-05-21,Kolín,SPO,8
2026-05-21,Kolín,BPO,6
2026-05-21,LCU,XPO,135
2026-05-21,LCU,XL,9
2026-05-21,Liberec,SPO,7
2026-05-21,Mladá Boleslav,SPO,11
2026-05-21,Most,SPO,1
2026-05-21,Mělník,SPO,12
2026-05-21,Olomouc,SPO,8
2026-05-21,Ostrava,SPO,82
2026-05-21,Ostrava,BPO,9
2026-05-21,Pardubice,SPO,9
2026-05-21,Plzeň město,SPO,45
2026-05-21,Plzeň město,BPO,32
2026-05-21,Pobočka Chrášťany,SPO,30
2026-05-21,Počernice,SPO,22
2026-05-21,Počernice,BPO,2
2026-05-21,Praha - centrála,SPO,409
2026-05-21,Praha - centrála,BPO,113
2026-05-21,Prostějov,SPO,3
2026-05-21,Příbram,SPO,8
2026-05-21,SKLC3,SPO,1625
2026-05-21,SKLC3,BPO,400
2026-05-21,SKLC3,XPO,6
2026-05-21,Tábor,SPO,9
2026-05-21,Třebíč,SPO,3
2026-05-21,Zlín,SPO,5
2026-05-21,Ústí nad Labem,SPO,5
2026-05-21,Čakovice,SPO,56
2026-05-21,Čakovice,BPO,7
2026-05-21,České Budějovice,SPO,1
2026-05-22,Anděl,SPO,69
2026-05-22,Anděl,BPO,5
2026-05-22,Benešov,SPO,8
2026-05-22,Beroun,SPO,4
2026-05-22,Brno,SPO,58
2026-05-22,Brno,BPO,2
2026-05-22,Brno Lískovec,SPO,18
2026-05-22,Budějovická,SPO,16
2026-05-22,Chomutov,SPO,2
2026-05-22,Dejvice,SPO,15
2026-05-22,Děčín,SPO,1
2026-05-22,Frýdek-Místek,SPO,11
2026-05-22,Hradec,SPO,9
2026-05-22,Háje,SPO,69
2026-05-22,Háje,BPO,6
2026-05-22,Jihlava,SPO,11
2026-05-22,Karlovy Vary,SPO,10
2026-05-22,Kladno,SPO,11
2026-05-22,Kolín,SPO,5
2026-05-22,LCU,BPO,1
2026-05-22,LCU,XPO,121
2026-05-22,LCU,XL,7
2026-05-22,LCU,VB,1
2026-05-22,Liberec,SPO,3
2026-05-22,Mladá Boleslav,SPO,7
2026-05-22,Most,SPO,7
2026-05-22,Mělník,SPO,7
2026-05-22,Olomouc,SPO,11
2026-05-22,Opava,SPO,1
2026-05-22,Ostrava,SPO,118
2026-05-22,Ostrava,BPO,34
2026-05-22,Pardubice,SPO,10
2026-05-22,Plzeň město,SPO,44
2026-05-22,Plzeň město,BPO,6
2026-05-22,Pobočka Chrášťany,SPO,55
2026-05-22,Pobočka Chrášťany,BPO,6
2026-05-22,Počernice,SPO,47
2026-05-22,Počernice,BPO,6
2026-05-22,Praha - centrála,SPO,496
2026-05-22,Praha - centrála,BPO,208
2026-05-22,Prostějov,SPO,2
2026-05-22,Příbram,SPO,10
2026-05-22,SKLC3,SPO,1637
2026-05-22,SKLC3,BPO,348
2026-05-22,SKLC3,XPO,9
2026-05-22,Tábor,SPO,15
2026-05-22,Třebíč,SPO,9
2026-05-22,Zlín,SPO,15
2026-05-22,Ústí nad Labem,SPO,10
2026-05-22,Ústí nad Labem,BPO,1
2026-05-22,Čakovice,SPO,50
2026-05-22,Čakovice,BPO,20
2026-05-22,České Budějovice,SPO,7
2026-05-23,Anděl,SPO,52
2026-05-23,Anděl,BPO,4
2026-05-23,Benešov,SPO,12
2026-05-23,Beroun,SPO,2
2026-05-23,Brno,SPO,72
2026-05-23,Brno,BPO,10
2026-05-23,Brno Lískovec,SPO,8
2026-05-23,Budějovická,SPO,18
2026-05-23,Chomutov,SPO,8
2026-05-23,Dejvice,SPO,11
2026-05-23,Děčín,SPO,7
2026-05-23,Frýdek-Místek,SPO,5
2026-05-23,Hradec,SPO,6
2026-05-23,Hradec,BPO,2
2026-05-23,Háje,SPO,41
2026-05-23,Háje,BPO,9
2026-05-23,Jihlava,SPO,3
2026-05-23,Karlovy Vary,SPO,4
2026-05-23,Kladno,SPO,5
2026-05-23,Kolín,SPO,4
2026-05-23,LCU,XPO,188
2026-05-23,LCU,XL,5
2026-05-23,LCU,VB,1
2026-05-23,Liberec,SPO,8
2026-05-23,Mladá Boleslav,SPO,10
2026-05-23,Most,SPO,3
2026-05-23,Mělník,SPO,9
2026-05-23,Olomouc,SPO,5
2026-05-23,Opava,SPO,4
2026-05-23,Ostrava,SPO,83
2026-05-23,Ostrava,BPO,42
2026-05-23,Pardubice,SPO,7
2026-05-23,Plzeň město,SPO,35
2026-05-23,Pobočka Chrášťany,SPO,45
2026-05-23,Pobočka Chrášťany,BPO,11
2026-05-23,Počernice,SPO,33
2026-05-23,Praha - centrála,SPO,369
2026-05-23,Praha - centrála,BPO,162
2026-05-23,Prostějov,SPO,7
2026-05-23,Příbram,SPO,4
2026-05-23,SKLC3,SPO,1587
2026-05-23,SKLC3,BPO,328
2026-05-23,SKLC3,XPO,8
2026-05-23,Tábor,SPO,12
2026-05-23,Tábor,BPO,3
2026-05-23,Třebíč,SPO,3
2026-05-23,Zlín,SPO,2
2026-05-23,Ústí nad Labem,SPO,5
2026-05-23,Čakovice,SPO,66
2026-05-23,Čakovice,BPO,22
2026-05-23,České Budějovice,SPO,3
2026-05-24,Anděl,SPO,37
2026-05-24,Anděl,BPO,5
2026-05-24,Benešov,SPO,11
2026-05-24,Beroun,SPO,6
2026-05-24,Brno,SPO,39
2026-05-24,Brno,BPO,2
2026-05-24,Brno Lískovec,SPO,12
2026-05-24,Brno Lískovec,BPO,1
2026-05-24,Budějovická,SPO,23
2026-05-24,Chomutov,SPO,4
2026-05-24,Dejvice,SPO,16
2026-05-24,Děčín,SPO,9
2026-05-24,Frýdek-Místek,SPO,10
2026-05-24,Hradec,SPO,8
2026-05-24,Háje,SPO,42
2026-05-24,Háje,BPO,10
2026-05-24,Jihlava,SPO,6
2026-05-24,Karlovy Vary,SPO,6
2026-05-24,Kladno,SPO,7
2026-05-24,Kolín,SPO,5
2026-05-24,LCU,XPO,145
2026-05-24,LCU,XL,5
2026-05-24,Liberec,SPO,5
2026-05-24,Mladá Boleslav,SPO,6
2026-05-24,Most,SPO,6
2026-05-24,Mělník,SPO,12
2026-05-24,Olomouc,SPO,13
2026-05-24,Opava,SPO,17
2026-05-24,Ostrava,SPO,124
2026-05-24,Ostrava,BPO,73
2026-05-24,Pardubice,SPO,8
2026-05-24,Plzeň město,SPO,36
2026-05-24,Plzeň město,BPO,5
2026-05-24,Pobočka Chrášťany,SPO,53
2026-05-24,Pobočka Chrášťany,BPO,6
2026-05-24,Počernice,SPO,26
2026-05-24,Počernice,BPO,11
2026-05-24,Praha - centrála,SPO,423
2026-05-24,Praha - centrála,BPO,100
2026-05-24,Prostějov,SPO,6
2026-05-24,Příbram,SPO,7
2026-05-24,SKLC3,SPO,1518
2026-05-24,SKLC3,BPO,291
2026-05-24,SKLC3,XPO,7
2026-05-24,Tábor,SPO,14
2026-05-24,Třebíč,SPO,8
2026-05-24,Zlín,SPO,6
2026-05-24,Ústí nad Labem,SPO,7
2026-05-24,Čakovice,SPO,63
2026-05-24,Čakovice,BPO,14
2026-05-24,České Budějovice,SPO,11
2026-05-25,Anděl,SPO,29
2026-05-25,Anděl,BPO,11
2026-05-25,Benešov,SPO,9
2026-05-25,Beroun,SPO,10
2026-05-25,Brno,SPO,36
2026-05-25,Brno,BPO,2
2026-05-25,Brno Lískovec,SPO,8
2026-05-25,Budějovická,SPO,14
2026-05-25,Chomutov,SPO,4
2026-05-25,Dejvice,SPO,10
2026-05-25,Děčín,SPO,2
2026-05-25,Frýdek-Místek,SPO,5
2026-05-25,Hradec,SPO,4
2026-05-25,Háje,SPO,50
2026-05-25,Háje,BPO,2
2026-05-25,Jihlava,SPO,3
2026-05-25,Karlovy Vary,SPO,5
2026-05-25,Kladno,SPO,4
2026-05-25,LCU,XPO,149
2026-05-25,LCU,XL,2
2026-05-25,Liberec,SPO,2
2026-05-25,Mladá Boleslav,SPO,8
2026-05-25,Most,SPO,5
2026-05-25,Mělník,SPO,8
2026-05-25,Olomouc,SPO,15
2026-05-25,Opava,SPO,10
2026-05-25,Ostrava,SPO,89
2026-05-25,Pardubice,SPO,8
2026-05-25,Plzeň město,SPO,36
2026-05-25,Pobočka Chrášťany,SPO,45
2026-05-25,Pobočka Chrášťany,BPO,8
2026-05-25,Počernice,SPO,26
2026-05-25,Praha - centrála,SPO,394
2026-05-25,Praha - centrála,BPO,116
2026-05-25,Prostějov,SPO,3
2026-05-25,Příbram,SPO,9
2026-05-25,SKLC3,SPO,1930
2026-05-25,SKLC3,BPO,425
2026-05-25,SKLC3,XPO,14
2026-05-25,Tábor,SPO,8
2026-05-25,Třebíč,SPO,4
2026-05-25,Zlín,SPO,8
2026-05-25,Ústí nad Labem,SPO,6
2026-05-25,Čakovice,SPO,51
2026-05-25,Čakovice,BPO,8
2026-05-25,České Budějovice,SPO,5
2026-05-26,Anděl,SPO,47
2026-05-26,Anděl,BPO,8
2026-05-26,Benešov,SPO,11
2026-05-26,Beroun,SPO,3
2026-05-26,Brno,SPO,53
2026-05-26,Brno,BPO,16
2026-05-26,Brno Lískovec,SPO,7
2026-05-26,Budějovická,SPO,17
2026-05-26,Chomutov,SPO,3
2026-05-26,Dejvice,SPO,12
2026-05-26,Děčín,SPO,4
2026-05-26,Frýdek-Místek,SPO,5
2026-05-26,Hradec,SPO,7
2026-05-26,Háje,SPO,47
2026-05-26,Háje,BPO,8
2026-05-26,Jihlava,SPO,4
2026-05-26,Karlovy Vary,SPO,1
2026-05-26,Kladno,SPO,11
2026-05-26,Kolín,SPO,4
2026-05-26,LCU,XPO,114
2026-05-26,LCU,XL,3
2026-05-26,Liberec,SPO,15
2026-05-26,Mladá Boleslav,SPO,4
2026-05-26,Most,SPO,3
2026-05-26,Most,BPO,1
2026-05-26,Mělník,SPO,3
2026-05-26,Olomouc,SPO,11
2026-05-26,Opava,SPO,2
2026-05-26,Ostrava,SPO,147
2026-05-26,Pardubice,SPO,6
2026-05-26,Plzeň město,SPO,31
2026-05-26,Pobočka Chrášťany,SPO,22
2026-05-26,Pobočka Chrášťany,BPO,2
2026-05-26,Počernice,SPO,24
2026-05-26,Počernice,BPO,4
2026-05-26,Praha - centrála,SPO,577
2026-05-26,Praha - centrála,BPO,87
2026-05-26,Prostějov,SPO,2
2026-05-26,Příbram,SPO,3
2026-05-26,SKLC3,SPO,2520
2026-05-26,SKLC3,BPO,593
2026-05-26,SKLC3,XPO,29
2026-05-26,Tábor,SPO,3
2026-05-26,Třebíč,SPO,3
2026-05-26,Zlín,SPO,9
2026-05-26,Ústí nad Labem,SPO,7
2026-05-26,Čakovice,SPO,44
2026-05-26,Čakovice,BPO,6
2026-05-26,České Budějovice,SPO,5
2026-05-27,Anděl,SPO,39
2026-05-27,Anděl,BPO,7
2026-05-27,Benešov,SPO,18
2026-05-27,Beroun,SPO,5
2026-05-27,Brno,SPO,41
2026-05-27,Brno,BPO,3
2026-05-27,Brno Lískovec,SPO,13
2026-05-27,Budějovická,SPO,18
2026-05-27,Chomutov,SPO,3
2026-05-27,Dejvice,SPO,15
2026-05-27,Děčín,SPO,1
2026-05-27,Frýdek-Místek,SPO,6
2026-05-27,Hradec,SPO,4
2026-05-27,Hradec,BPO,2
2026-05-27,Háje,SPO,48
2026-05-27,Háje,BPO,11
2026-05-27,Jihlava,SPO,4
2026-05-27,Karlovy Vary,SPO,5
2026-05-27,Kladno,SPO,11
2026-05-27,Kolín,SPO,1
2026-05-27,LCU,XPO,179
2026-05-27,LCU,XL,2
2026-05-27,Liberec,SPO,5
2026-05-27,Mladá Boleslav,SPO,7
2026-05-27,Most,SPO,9
2026-05-27,Mělník,SPO,5
2026-05-27,Olomouc,SPO,3
2026-05-27,Opava,SPO,6
2026-05-27,Ostrava,SPO,132
2026-05-27,Ostrava,BPO,8
2026-05-27,Pardubice,SPO,8
2026-05-27,Plzeň město,SPO,41
2026-05-27,Pobočka Chrášťany,SPO,33
2026-05-27,Pobočka Chrášťany,BPO,3
2026-05-27,Počernice,SPO,19
2026-05-27,Počernice,BPO,12
2026-05-27,Praha - centrála,SPO,508
2026-05-27,Praha - centrála,BPO,161
2026-05-27,Prostějov,SPO,4
2026-05-27,Příbram,SPO,6
2026-05-27,SKLC3,SPO,1584
2026-05-27,SKLC3,BPO,338
2026-05-27,SKLC3,XPO,12
2026-05-27,Tábor,SPO,5
2026-05-27,Třebíč,SPO,3
2026-05-27,Zlín,SPO,7
2026-05-27,Ústí nad Labem,SPO,5
2026-05-27,Čakovice,SPO,68
2026-05-27,Čakovice,BPO,12
2026-05-27,České Budějovice,SPO,11
2026-05-28,Anděl,SPO,46
2026-05-28,Anděl,BPO,8
2026-05-28,Benešov,SPO,11
2026-05-28,Benešov,BPO,1
2026-05-28,Beroun,SPO,2
2026-05-28,Brno,SPO,60
2026-05-28,Brno,BPO,13
2026-05-28,Brno Lískovec,SPO,13
2026-05-28,Budějovická,SPO,20
2026-05-28,Chomutov,SPO,1
2026-05-28,Dejvice,SPO,10
2026-05-28,Dejvice,BPO,2
2026-05-28,Frýdek-Místek,SPO,8
2026-05-28,Hradec,SPO,3
2026-05-28,Háje,SPO,41
2026-05-28,Háje,BPO,4
2026-05-28,Jihlava,SPO,8
2026-05-28,Karlovy Vary,SPO,4
2026-05-28,Kladno,SPO,8
2026-05-28,Kolín,SPO,4
2026-05-28,LCU,BPO,1
2026-05-28,LCU,XPO,174
2026-05-28,LCU,XL,2
2026-05-28,LCU,VB,2
2026-05-28,Liberec,SPO,3
2026-05-28,Mladá Boleslav,SPO,5
2026-05-28,Most,SPO,1
2026-05-28,Mělník,SPO,8
2026-05-28,Olomouc,SPO,13
2026-05-28,Opava,SPO,3
2026-05-28,Ostrava,SPO,93
2026-05-28,Ostrava,BPO,112
2026-05-28,Pardubice,SPO,2
2026-05-28,Plzeň město,SPO,38
2026-05-28,Pobočka Chrášťany,SPO,25
2026-05-28,Pobočka Chrášťany,BPO,3
2026-05-28,Počernice,SPO,25
2026-05-28,Počernice,BPO,6
2026-05-28,Praha - centrála,SPO,460
2026-05-28,Praha - centrála,BPO,71
2026-05-28,Prostějov,SPO,6
2026-05-28,Příbram,SPO,4
2026-05-28,SKLC3,SPO,1739
2026-05-28,SKLC3,BPO,522
2026-05-28,SKLC3,XPO,7
2026-05-28,Tábor,SPO,7
2026-05-28,Třebíč,SPO,4
2026-05-28,Třebíč,BPO,2
2026-05-28,Zlín,SPO,8
2026-05-28,Ústí nad Labem,SPO,3
2026-05-28,Ústí nad Labem,BPO,1
2026-05-28,Čakovice,SPO,45
2026-05-28,Čakovice,BPO,12
2026-05-28,České Budějovice,SPO,4
2026-05-29,Anděl,SPO,48
2026-05-29,Anděl,BPO,16
2026-05-29,Benešov,SPO,9
2026-05-29,Beroun,SPO,4
2026-05-29,Brno,SPO,60
2026-05-29,Brno,BPO,22
2026-05-29,Brno Lískovec,SPO,14
2026-05-29,Budějovická,SPO,17
2026-05-29,Dejvice,SPO,25
2026-05-29,Děčín,SPO,5
2026-05-29,Frýdek-Místek,SPO,21
2026-05-29,Frýdek-Místek,BPO,1
2026-05-29,Hradec,SPO,7
2026-05-29,Hradec,BPO,5
2026-05-29,Háje,SPO,42
2026-05-29,Háje,BPO,6
2026-05-29,Jihlava,SPO,7
2026-05-29,Karlovy Vary,SPO,4
2026-05-29,Kladno,SPO,11
2026-05-29,Kolín,SPO,3
2026-05-29,Kolín,BPO,5
2026-05-29,LCU,XPO,150
2026-05-29,LCU,XL,3
2026-05-29,LCU,VB,1
2026-05-29,Liberec,SPO,10
2026-05-29,Mladá Boleslav,SPO,15
2026-05-29,Mladá Boleslav,BPO,2
2026-05-29,Most,SPO,3
2026-05-29,Most,BPO,1
2026-05-29,Mělník,SPO,5
2026-05-29,Olomouc,SPO,4
2026-05-29,Opava,SPO,2
2026-05-29,Ostrava,SPO,95
2026-05-29,Ostrava,BPO,29
2026-05-29,Pardubice,SPO,1
2026-05-29,Plzeň město,SPO,29
2026-05-29,Plzeň město,BPO,42
2026-05-29,Pobočka Chrášťany,SPO,33
2026-05-29,Pobočka Chrášťany,BPO,50
2026-05-29,Počernice,SPO,29
2026-05-29,Počernice,BPO,3
2026-05-29,Praha - centrála,SPO,445
2026-05-29,Praha - centrála,BPO,150
2026-05-29,Praha - centrála,XPO,14
2026-05-29,Prostějov,SPO,2
2026-05-29,Příbram,SPO,9
2026-05-29,SKLC3,SPO,1965
2026-05-29,SKLC3,BPO,500
2026-05-29,SKLC3,XPO,9
2026-05-29,Tábor,SPO,7
2026-05-29,Třebíč,SPO,3
2026-05-29,Třebíč,BPO,2
2026-05-29,Zlín,SPO,4
2026-05-29,Ústí nad Labem,SPO,6
2026-05-29,Ústí nad Labem,BPO,3
2026-05-29,Čakovice,SPO,44
2026-05-29,Čakovice,BPO,8
2026-05-29,České Budějovice,SPO,4
2026-05-30,Anděl,SPO,46
2026-05-30,Anděl,BPO,4
2026-05-30,Benešov,SPO,17
2026-05-30,Beroun,SPO,11
2026-05-30,Brno,SPO,62
2026-05-30,Brno,BPO,20
2026-05-30,Brno Lískovec,SPO,18
2026-05-30,Brno Lískovec,BPO,3
2026-05-30,Budějovická,SPO,14
2026-05-30,Chomutov,SPO,1
2026-05-30,Dejvice,SPO,21
2026-05-30,Děčín,SPO,1
2026-05-30,Frýdek-Místek,SPO,8
2026-05-30,Hradec,SPO,11
2026-05-30,Háje,SPO,48
2026-05-30,Háje,BPO,42
2026-05-30,Jihlava,SPO,7
2026-05-30,Karlovy Vary,SPO,5
2026-05-30,Kladno,SPO,5
2026-05-30,Kolín,SPO,8
2026-05-30,LCU,XPO,206
2026-05-30,LCU,XL,6
2026-05-30,LCU,VB,1
2026-05-30,Liberec,SPO,7
2026-05-30,Mladá Boleslav,SPO,13
2026-05-30,Most,SPO,4
2026-05-30,Mělník,SPO,7
2026-05-30,Olomouc,SPO,32
2026-05-30,Opava,SPO,6
2026-05-30,Ostrava,SPO,103
2026-05-30,Ostrava,BPO,67
2026-05-30,Pardubice,SPO,5
2026-05-30,Plzeň město,SPO,46
2026-05-30,Plzeň město,BPO,13
2026-05-30,Pobočka Chrášťany,SPO,54
2026-05-30,Počernice,SPO,33
2026-05-30,Počernice,BPO,14
2026-05-30,Praha - centrála,SPO,774
2026-05-30,Praha - centrála,BPO,575
2026-05-30,Prostějov,SPO,2
2026-05-30,Příbram,SPO,10
2026-05-30,SKLC3,SPO,1608
2026-05-30,SKLC3,BPO,346
2026-05-30,SKLC3,XPO,13
2026-05-30,Tábor,SPO,14
2026-05-30,Třebíč,SPO,2
2026-05-30,Zlín,SPO,13
2026-05-30,Ústí nad Labem,SPO,7
2026-05-30,Čakovice,SPO,51
2026-05-30,Čakovice,BPO,57
2026-05-30,České Budějovice,SPO,6
2026-05-31,Anděl,SPO,41
2026-05-31,Anděl,BPO,5
2026-05-31,Benešov,SPO,20
2026-05-31,Beroun,SPO,9
2026-05-31,Brno,SPO,51
2026-05-31,Brno,BPO,6
2026-05-31,Brno Lískovec,SPO,7
2026-05-31,Budějovická,SPO,14
2026-05-31,Chomutov,SPO,6
2026-05-31,Dejvice,SPO,7
2026-05-31,Děčín,SPO,5
2026-05-31,Frýdek-Místek,SPO,6
2026-05-31,Frýdek-Místek,BPO,2
2026-05-31,Hradec,SPO,2
2026-05-31,Háje,SPO,50
2026-05-31,Háje,BPO,2
2026-05-31,Jihlava,SPO,8
2026-05-31,Karlovy Vary,SPO,9
2026-05-31,Kladno,SPO,13
2026-05-31,Kolín,SPO,6
2026-05-31,LCU,XPO,163
2026-05-31,LCU,XL,4
2026-05-31,Liberec,SPO,3
2026-05-31,Mladá Boleslav,SPO,11
2026-05-31,Most,SPO,3
2026-05-31,Mělník,SPO,8
2026-05-31,Olomouc,SPO,8
2026-05-31,Opava,SPO,3
2026-05-31,Ostrava,SPO,94
2026-05-31,Ostrava,BPO,18
2026-05-31,Pardubice,SPO,10
2026-05-31,Plzeň město,SPO,34
2026-05-31,Plzeň město,BPO,7
2026-05-31,Pobočka Chrášťany,SPO,23
2026-05-31,Pobočka Chrášťany,BPO,2
2026-05-31,Počernice,SPO,19
2026-05-31,Počernice,BPO,2
2026-05-31,Praha - centrála,SPO,463
2026-05-31,Praha - centrála,BPO,166
2026-05-31,Prostějov,SPO,7
2026-05-31,Příbram,SPO,7
2026-05-31,SKLC3,SPO,1282
2026-05-31,SKLC3,BPO,333
2026-05-31,SKLC3,XPO,50
2026-05-31,Tábor,SPO,6
2026-05-31,Třebíč,SPO,9
2026-05-31,Zlín,SPO,8
2026-05-31,Ústí nad Labem,SPO,11
2026-05-31,Ústí nad Labem,BPO,2
2026-05-31,Čakovice,SPO,56
2026-05-31,České Budějovice,SPO,7
2026-06-01,Anděl,SPO,42
2026-06-01,Anděl,BPO,5
2026-06-01,Benešov,SPO,10
2026-06-01,Beroun,SPO,4
2026-06-01,Brno,SPO,35
2026-06-01,Brno,BPO,6
2026-06-01,Brno Lískovec,SPO,7
2026-06-01,Budějovická,SPO,23
2026-06-01,Chomutov,SPO,5
2026-06-01,Dejvice,SPO,14
2026-06-01,Děčín,SPO,1
2026-06-01,Frýdek-Místek,SPO,7
2026-06-01,Hradec,SPO,5
2026-06-01,Háje,SPO,45
2026-06-01,Háje,BPO,7
2026-06-01,Jihlava,SPO,4
2026-06-01,Karlovy Vary,SPO,2
2026-06-01,Kladno,SPO,4
2026-06-01,Kolín,SPO,2
2026-06-01,LCU,BPO,1
2026-06-01,LCU,XPO,141
2026-06-01,LCU,XL,5
2026-06-01,Liberec,SPO,3
2026-06-01,Mladá Boleslav,SPO,3
2026-06-01,Most,SPO,1
2026-06-01,Mělník,SPO,1
2026-06-01,Olomouc,SPO,7
2026-06-01,Opava,SPO,1
2026-06-01,Ostrava,SPO,81
2026-06-01,Ostrava,BPO,9
2026-06-01,Pardubice,SPO,3
2026-06-01,Plzeň město,SPO,22
2026-06-01,Plzeň město,BPO,11
2026-06-01,Pobočka Chrášťany,SPO,33
2026-06-01,Počernice,SPO,25
2026-06-01,Praha - centrála,SPO,435
2026-06-01,Praha - centrála,BPO,104
2026-06-01,Prostějov,SPO,2
2026-06-01,Příbram,SPO,3
2026-06-01,SKLC3,SPO,1472
2026-06-01,SKLC3,BPO,393
2026-06-01,SKLC3,XPO,15
2026-06-01,Tábor,SPO,2
2026-06-01,Třebíč,SPO,3
2026-06-01,Zlín,SPO,2
2026-06-01,Ústí nad Labem,SPO,4
2026-06-01,Čakovice,SPO,64
2026-06-01,České Budějovice,SPO,4
2026-06-02,Anděl,SPO,43
2026-06-02,Anděl,BPO,4
2026-06-02,Benešov,SPO,8
2026-06-02,Benešov,BPO,3
2026-06-02,Beroun,SPO,8
2026-06-02,Brno,SPO,48
2026-06-02,Brno,BPO,20
2026-06-02,Brno Lískovec,SPO,9
2026-06-02,Budějovická,SPO,18
2026-06-02,Chomutov,SPO,2
2026-06-02,Dejvice,SPO,9
2026-06-02,Děčín,SPO,4
2026-06-02,Frýdek-Místek,SPO,11
2026-06-02,Hradec,SPO,7
2026-06-02,Háje,SPO,43
2026-06-02,Háje,BPO,5
2026-06-02,Jihlava,SPO,8
2026-06-02,Karlovy Vary,SPO,9
2026-06-02,Kladno,SPO,10
2026-06-02,Kladno,BPO,2
2026-06-02,Kolín,SPO,2
2026-06-02,LCU,BPO,1
2026-06-02,LCU,XPO,127
2026-06-02,LCU,XL,3
2026-06-02,Liberec,SPO,9
2026-06-02,Mladá Boleslav,SPO,8
2026-06-02,Most,BPO,1
2026-06-02,Mělník,SPO,13
2026-06-02,Mělník,BPO,2
2026-06-02,Olomouc,SPO,11
2026-06-02,Olomouc,BPO,1
2026-06-02,Opava,SPO,7
2026-06-02,Ostrava,SPO,103
2026-06-02,Ostrava,BPO,2
2026-06-02,Pardubice,SPO,10
2026-06-02,Plzeň město,SPO,26
2026-06-02,Plzeň město,BPO,6
2026-06-02,Pobočka Chrášťany,SPO,135
2026-06-02,Pobočka Chrášťany,BPO,162
2026-06-02,Počernice,SPO,26
2026-06-02,Počernice,BPO,3
2026-06-02,Praha - centrála,SPO,460
2026-06-02,Praha - centrála,BPO,102
2026-06-02,Praha - centrála,XPO,1
2026-06-02,Prostějov,SPO,2
2026-06-02,Příbram,SPO,7
2026-06-02,SKLC3,SPO,2418
2026-06-02,SKLC3,BPO,567
2026-06-02,SKLC3,XPO,7
2026-06-02,Tábor,SPO,6
2026-06-02,Třebíč,SPO,2
2026-06-02,Zlín,SPO,6
2026-06-02,Ústí nad Labem,SPO,4
2026-06-02,Čakovice,SPO,45
2026-06-02,České Budějovice,SPO,6
2026-06-03,Anděl,SPO,52
2026-06-03,Anděl,BPO,4
2026-06-03,Benešov,SPO,7
2026-06-03,Beroun,SPO,5
2026-06-03,Brno,SPO,53
2026-06-03,Brno,BPO,18
2026-06-03,Brno Lískovec,SPO,9
2026-06-03,Budějovická,SPO,22
2026-06-03,Chomutov,SPO,5
2026-06-03,Dejvice,SPO,14
2026-06-03,Děčín,SPO,5
2026-06-03,Frýdek-Místek,SPO,7
2026-06-03,Frýdek-Místek,BPO,2
2026-06-03,Hradec,SPO,13
2026-06-03,Háje,SPO,59
2026-06-03,Háje,BPO,24
2026-06-03,Jihlava,SPO,7
2026-06-03,Karlovy Vary,SPO,4
2026-06-03,Kladno,SPO,6
2026-06-03,Kolín,SPO,4
2026-06-03,LCU,XPO,128
2026-06-03,LCU,XL,1
2026-06-03,LCU,VB,1
2026-06-03,Liberec,SPO,6
2026-06-03,Mladá Boleslav,SPO,7
2026-06-03,Most,SPO,7
2026-06-03,Mělník,SPO,3
2026-06-03,Olomouc,SPO,8
2026-06-03,Opava,SPO,1
2026-06-03,Ostrava,SPO,122
2026-06-03,Ostrava,BPO,9
2026-06-03,Pardubice,SPO,7
2026-06-03,Plzeň město,SPO,45
2026-06-03,Plzeň město,BPO,6
2026-06-03,Pobočka Chrášťany,SPO,21
2026-06-03,Pobočka Chrášťany,BPO,19
2026-06-03,Počernice,SPO,38
2026-06-03,Počernice,BPO,3
2026-06-03,Praha - centrála,SPO,646
2026-06-03,Praha - centrála,BPO,185
2026-06-03,Prostějov,SPO,9
2026-06-03,Příbram,SPO,4
2026-06-03,SKLC3,SPO,3032
2026-06-03,SKLC3,BPO,778
2026-06-03,SKLC3,XPO,49
2026-06-03,Tábor,SPO,21
2026-06-03,Třebíč,SPO,6
2026-06-03,Zlín,SPO,12
2026-06-03,Ústí nad Labem,SPO,5
2026-06-03,Čakovice,SPO,67
2026-06-03,České Budějovice,SPO,5
2026-06-04,Anděl,SPO,42
2026-06-04,Anděl,BPO,12
2026-06-04,Benešov,SPO,4
2026-06-04,Beroun,SPO,6
2026-06-04,Brno,SPO,58
2026-06-04,Brno,BPO,16
2026-06-04,Brno Lískovec,SPO,24
2026-06-04,Budějovická,SPO,412
2026-06-04,Budějovická,BPO,99
2026-06-04,Chomutov,SPO,2
2026-06-04,Chomutov,BPO,1
2026-06-04,Dejvice,SPO,8
2026-06-04,Děčín,SPO,1
2026-06-04,Frýdek-Místek,SPO,9
2026-06-04,Hradec,SPO,12
2026-06-04,Háje,SPO,44
2026-06-04,Háje,BPO,6
2026-06-04,Jihlava,SPO,7
2026-06-04,Karlovy Vary,SPO,9
2026-06-04,Kladno,SPO,9
2026-06-04,Kladno,BPO,1
2026-06-04,Kolín,SPO,9
2026-06-04,LCU,XPO,162
2026-06-04,LCU,XL,5
2026-06-04,Liberec,SPO,3
2026-06-04,Mladá Boleslav,SPO,5
2026-06-04,Most,SPO,12
2026-06-04,Mělník,SPO,8
2026-06-04,Olomouc,SPO,9
2026-06-04,Opava,SPO,6
2026-06-04,Ostrava,SPO,117
2026-06-04,Ostrava,BPO,58
2026-06-04,Pardubice,SPO,7
2026-06-04,Plzeň město,SPO,40
2026-06-04,Plzeň město,BPO,9
2026-06-04,Pobočka Chrášťany,SPO,42
2026-06-04,Pobočka Chrášťany,BPO,9
2026-06-04,Počernice,SPO,35
2026-06-04,Počernice,BPO,10
2026-06-04,Praha - centrála,SPO,557
2026-06-04,Praha - centrála,BPO,159
2026-06-04,Prostějov,SPO,3
2026-06-04,Příbram,SPO,9
2026-06-04,SKLC3,SPO,2064
2026-06-04,SKLC3,BPO,503
2026-06-04,SKLC3,XPO,5
2026-06-04,SKLC3,XL,1
2026-06-04,Tábor,SPO,14
2026-06-04,Třebíč,SPO,9
2026-06-04,Zlín,SPO,6
2026-06-04,Ústí nad Labem,SPO,2
2026-06-04,Čakovice,SPO,56
2026-06-04,Čakovice,BPO,4
2026-06-04,České Budějovice,SPO,2
2026-06-05,Anděl,SPO,75
2026-06-05,Anděl,BPO,11
2026-06-05,Benešov,SPO,10
2026-06-05,Benešov,BPO,1
2026-06-05,Beroun,SPO,31
2026-06-05,Beroun,BPO,11
2026-06-05,Brno,SPO,71
2026-06-05,Brno,BPO,23
2026-06-05,Brno Lískovec,SPO,38
2026-06-05,Brno Lískovec,BPO,11
2026-06-05,Budějovická,SPO,75
2026-06-05,Budějovická,BPO,8
2026-06-05,Chomutov,SPO,29
2026-06-05,Chomutov,BPO,11
2026-06-05,Dejvice,SPO,14
2026-06-05,Dejvice,BPO,1
2026-06-05,Děčín,SPO,29
2026-06-05,Děčín,BPO,12
2026-06-05,Frýdek-Místek,SPO,28
2026-06-05,Frýdek-Místek,BPO,11
2026-06-05,Hradec,SPO,9
2026-06-05,Háje,SPO,49
2026-06-05,Háje,BPO,10
2026-06-05,Jihlava,SPO,34
2026-06-05,Jihlava,BPO,11
2026-06-05,Karlovy Vary,SPO,35
2026-06-05,Karlovy Vary,BPO,11
2026-06-05,Kladno,SPO,31
2026-06-05,Kladno,BPO,13
2026-06-05,Kolín,SPO,32
2026-06-05,Kolín,BPO,11
2026-06-05,LCU,BPO,1
2026-06-05,LCU,XPO,122
2026-06-05,LCU,XL,4
2026-06-05,Liberec,SPO,36
2026-06-05,Liberec,BPO,11
2026-06-05,Mladá Boleslav,SPO,31
2026-06-05,Mladá Boleslav,BPO,12
2026-06-05,Most,SPO,4
2026-06-05,Mělník,SPO,24
2026-06-05,Mělník,BPO,12
2026-06-05,Olomouc,SPO,7
2026-06-05,Opava,SPO,28
2026-06-05,Opava,BPO,11
2026-06-05,Ostrava,SPO,124
2026-06-05,Ostrava,BPO,47
2026-06-05,Pardubice,SPO,35
2026-06-05,Pardubice,BPO,11
2026-06-05,Plzeň město,SPO,64
2026-06-05,Plzeň město,BPO,4
2026-06-05,Pobočka Chrášťany,SPO,72
2026-06-05,Pobočka Chrášťany,BPO,15
2026-06-05,Počernice,SPO,37
2026-06-05,Počernice,BPO,8
2026-06-05,Praha - centrála,SPO,509
2026-06-05,Praha - centrála,BPO,286
2026-06-05,Praha - centrála,XPO,1
2026-06-05,Prostějov,SPO,22
2026-06-05,Prostějov,BPO,11
2026-06-05,Příbram,SPO,6
2026-06-05,SKLC3,SPO,1830
2026-06-05,SKLC3,BPO,279
2026-06-05,SKLC3,XPO,14
2026-06-05,Tábor,SPO,6
2026-06-05,Třebíč,SPO,23
2026-06-05,Třebíč,BPO,11
2026-06-05,Zlín,SPO,16
2026-06-05,Zlín,BPO,1
2026-06-05,Ústí nad Labem,SPO,37
2026-06-05,Ústí nad Labem,BPO,12
2026-06-05,Čakovice,SPO,73
2026-06-05,Čakovice,BPO,38
2026-06-05,České Budějovice,SPO,10
2026-06-05,České Budějovice,BPO,1
2026-06-06,Anděl,SPO,63
2026-06-06,Anděl,BPO,7
2026-06-06,Benešov,SPO,19
2026-06-06,Beroun,SPO,11
2026-06-06,Brno,SPO,74
2026-06-06,Brno,BPO,16
2026-06-06,Brno Lískovec,SPO,16
2026-06-06,Brno Lískovec,BPO,1
2026-06-06,Budějovická,SPO,71
2026-06-06,Budějovická,BPO,11
2026-06-06,Chomutov,SPO,16
2026-06-06,Dejvice,SPO,38
2026-06-06,Děčín,SPO,13
2026-06-06,Frýdek-Místek,SPO,21
2026-06-06,Hradec,SPO,26
2026-06-06,Hradec,BPO,5
2026-06-06,Háje,SPO,64
2026-06-06,Háje,BPO,3
2026-06-06,Jihlava,SPO,7
2026-06-06,Karlovy Vary,SPO,18
2026-06-06,Kladno,SPO,15
2026-06-06,Kolín,SPO,11
2026-06-06,LCU,XPO,155
2026-06-06,LCU,XL,2
2026-06-06,Liberec,SPO,12
2026-06-06,Mladá Boleslav,SPO,22
2026-06-06,Most,SPO,14
2026-06-06,Mělník,SPO,22
2026-06-06,Olomouc,SPO,30
2026-06-06,Opava,SPO,10
2026-06-06,Ostrava,SPO,155
2026-06-06,Ostrava,BPO,67
2026-06-06,Ostrava,XPO,1
2026-06-06,Pardubice,SPO,11
2026-06-06,Plzeň město,SPO,43
2026-06-06,Plzeň město,BPO,8
2026-06-06,Pobočka Chrášťany,SPO,33
2026-06-06,Pobočka Chrášťany,BPO,6
2026-06-06,Počernice,SPO,34
2026-06-06,Počernice,BPO,8
2026-06-06,Praha - centrála,SPO,455
2026-06-06,Praha - centrála,BPO,94
2026-06-06,Prostějov,SPO,12
2026-06-06,Příbram,SPO,15
2026-06-06,SKLC3,SPO,2140
2026-06-06,SKLC3,BPO,277
2026-06-06,SKLC3,XPO,12
2026-06-06,Tábor,SPO,21
2026-06-06,Třebíč,SPO,18
2026-06-06,Zlín,SPO,18
2026-06-06,Ústí nad Labem,SPO,17
2026-06-06,Čakovice,SPO,59
2026-06-06,Čakovice,BPO,35
2026-06-06,České Budějovice,SPO,9
2026-06-07,Anděl,SPO,43
2026-06-07,Anděl,BPO,2
2026-06-07,Benešov,SPO,4
2026-06-07,Beroun,SPO,14
2026-06-07,Brno,SPO,44
2026-06-07,Brno,BPO,11
2026-06-07,Brno Lískovec,SPO,14
2026-06-07,Budějovická,SPO,28
2026-06-07,Budějovická,BPO,22
2026-06-07,Chomutov,SPO,10
2026-06-07,Dejvice,SPO,11
2026-06-07,Děčín,SPO,9
2026-06-07,Frýdek-Místek,SPO,12
2026-06-07,Hradec,SPO,2
2026-06-07,Háje,SPO,36
2026-06-07,Háje,BPO,12
2026-06-07,Jihlava,SPO,5
2026-06-07,Karlovy Vary,SPO,6
2026-06-07,Kladno,SPO,11
2026-06-07,Kolín,SPO,6
2026-06-07,LCU,XPO,231
2026-06-07,LCU,XL,4
2026-06-07,Liberec,SPO,7
2026-06-07,Mladá Boleslav,SPO,8
2026-06-07,Most,SPO,5
2026-06-07,Mělník,SPO,12
2026-06-07,Olomouc,SPO,4
2026-06-07,Olomouc,BPO,1
2026-06-07,Opava,SPO,10
2026-06-07,Ostrava,SPO,143
2026-06-07,Ostrava,BPO,51
2026-06-07,Pardubice,SPO,7
2026-06-07,Plzeň město,SPO,43
2026-06-07,Plzeň město,BPO,7
2026-06-07,Pobočka Chrášťany,SPO,48
2026-06-07,Pobočka Chrášťany,BPO,14
2026-06-07,Počernice,SPO,27
2026-06-07,Počernice,BPO,9
2026-06-07,Praha - centrála,SPO,472
2026-06-07,Praha - centrála,BPO,174
2026-06-07,Prostějov,SPO,12
2026-06-07,Příbram,SPO,6
2026-06-07,SKLC3,SPO,1404
2026-06-07,SKLC3,BPO,426
2026-06-07,SKLC3,XPO,8
2026-06-07,Tábor,SPO,3
2026-06-07,Třebíč,SPO,11
2026-06-07,Zlín,SPO,5
2026-06-07,Ústí nad Labem,SPO,8
2026-06-07,Čakovice,SPO,58
2026-06-07,Čakovice,BPO,9
2026-06-07,České Budějovice,SPO,5
2026-06-08,Anděl,SPO,46
2026-06-08,Anděl,BPO,10
2026-06-08,Benešov,SPO,13
2026-06-08,Beroun,SPO,5
2026-06-08,Brno,SPO,48
2026-06-08,Brno,BPO,8
2026-06-08,Brno Lískovec,SPO,17
2026-06-08,Budějovická,SPO,56
2026-06-08,Budějovická,BPO,6
2026-06-08,Chomutov,SPO,2
2026-06-08,Dejvice,SPO,11
2026-06-08,Frýdek-Místek,SPO,12
2026-06-08,Frýdek-Místek,BPO,1
2026-06-08,Hradec,SPO,7
2026-06-08,Háje,SPO,49
2026-06-08,Háje,BPO,17
2026-06-08,Jihlava,SPO,3
2026-06-08,Karlovy Vary,SPO,3
2026-06-08,Kladno,SPO,12
2026-06-08,Kolín,SPO,7
2026-06-08,LCU,XPO,301
2026-06-08,LCU,XL,9
2026-06-08,Liberec,SPO,3
2026-06-08,Mladá Boleslav,SPO,13
2026-06-08,Most,SPO,4
2026-06-08,Mělník,SPO,3
2026-06-08,Olomouc,SPO,4
2026-06-08,Opava,SPO,13
2026-06-08,Ostrava,SPO,148
2026-06-08,Pardubice,SPO,10
2026-06-08,Plzeň město,SPO,29
2026-06-08,Pobočka Chrášťany,SPO,29
2026-06-08,Pobočka Chrášťany,BPO,20
2026-06-08,Počernice,SPO,17
2026-06-08,Počernice,BPO,12
2026-06-08,Praha - centrála,SPO,533
2026-06-08,Praha - centrála,BPO,151
2026-06-08,Prostějov,SPO,8
2026-06-08,Příbram,SPO,5
2026-06-08,SKLC3,SPO,2410
2026-06-08,SKLC3,BPO,843
2026-06-08,SKLC3,XPO,36
2026-06-08,Tábor,SPO,7
2026-06-08,Třebíč,SPO,6
2026-06-08,Zlín,SPO,11
2026-06-08,Ústí nad Labem,SPO,9
2026-06-08,Čakovice,SPO,62
2026-06-08,Čakovice,BPO,27
2026-06-08,České Budějovice,SPO,6
2026-06-09,Anděl,SPO,67
2026-06-09,Anděl,BPO,4
2026-06-09,Benešov,SPO,11
2026-06-09,Beroun,SPO,6
2026-06-09,Brno,SPO,71
2026-06-09,Brno,BPO,8
2026-06-09,Brno Lískovec,SPO,10
2026-06-09,Budějovická,SPO,48
2026-06-09,Budějovická,BPO,5
2026-06-09,Chomutov,SPO,7
2026-06-09,Dejvice,SPO,12
2026-06-09,Děčín,SPO,2
2026-06-09,Frýdek-Místek,SPO,7
2026-06-09,Frýdek-Místek,BPO,1
2026-06-09,Hradec,SPO,8
2026-06-09,Háje,SPO,67
2026-06-09,Háje,BPO,4
2026-06-09,Jihlava,SPO,11
2026-06-09,Karlovy Vary,SPO,5
2026-06-09,Kladno,SPO,9
2026-06-09,Kolín,SPO,10
2026-06-09,LCU,SPO,1
2026-06-09,LCU,XPO,147
2026-06-09,LCU,XL,3
2026-06-09,LCU,VB,3
2026-06-09,Liberec,SPO,4
2026-06-09,Mladá Boleslav,SPO,14
2026-06-09,Most,SPO,7
2026-06-09,Mělník,SPO,4
2026-06-09,Olomouc,SPO,7
2026-06-09,Opava,SPO,3
2026-06-09,Ostrava,SPO,132
2026-06-09,Ostrava,BPO,20
2026-06-09,Pardubice,SPO,3
2026-06-09,Plzeň město,SPO,34
2026-06-09,Plzeň město,BPO,20
2026-06-09,Pobočka Chrášťany,SPO,39
2026-06-09,Počernice,SPO,24
2026-06-09,Počernice,BPO,10
2026-06-09,Praha - centrála,SPO,622
2026-06-09,Praha - centrála,BPO,160
2026-06-09,Prostějov,SPO,8
2026-06-09,Příbram,SPO,10
2026-06-09,SKLC3,SPO,2665
2026-06-09,SKLC3,BPO,687
2026-06-09,SKLC3,XPO,17
2026-06-09,Tábor,SPO,5
2026-06-09,Třebíč,SPO,2
2026-06-09,Zlín,SPO,9
2026-06-09,Ústí nad Labem,SPO,8
2026-06-09,Čakovice,SPO,63
2026-06-09,Čakovice,BPO,5
2026-06-09,České Budějovice,SPO,7
2026-06-10,Anděl,SPO,72
2026-06-10,Anděl,BPO,28
2026-06-10,Benešov,SPO,35
2026-06-10,Benešov,BPO,11
2026-06-10,Beroun,SPO,3
2026-06-10,Beroun,BPO,4
2026-06-10,Brno,SPO,74
2026-06-10,Brno,BPO,32
2026-06-10,Brno Lískovec,SPO,10
2026-06-10,Budějovická,SPO,107
2026-06-10,Budějovická,BPO,115
2026-06-10,Chomutov,SPO,3
2026-06-10,Dejvice,SPO,43
2026-06-10,Dejvice,BPO,11
2026-06-10,Děčín,SPO,2
2026-06-10,Frýdek-Místek,SPO,10
2026-06-10,Hradec,SPO,31
2026-06-10,Hradec,BPO,24
2026-06-10,Háje,SPO,145
2026-06-10,Háje,BPO,104
2026-06-10,Jihlava,SPO,5
2026-06-10,Karlovy Vary,SPO,4
2026-06-10,Kladno,SPO,8
2026-06-10,Kolín,SPO,2
2026-06-10,LCU,XPO,157
2026-06-10,LCU,XL,2
2026-06-10,Liberec,SPO,3
2026-06-10,Mladá Boleslav,SPO,7
2026-06-10,Most,SPO,3
2026-06-10,Most,BPO,1
2026-06-10,Mělník,SPO,7
2026-06-10,Olomouc,SPO,11
2026-06-10,Opava,SPO,8
2026-06-10,Ostrava,SPO,159
2026-06-10,Ostrava,BPO,32
2026-06-10,Pardubice,SPO,5
2026-06-10,Plzeň město,SPO,106
2026-06-10,Plzeň město,BPO,96
2026-06-10,Pobočka Chrášťany,SPO,29
2026-06-10,Pobočka Chrášťany,BPO,9
2026-06-10,Počernice,SPO,85
2026-06-10,Počernice,BPO,54
2026-06-10,Praha - centrála,SPO,561
2026-06-10,Praha - centrála,BPO,121
2026-06-10,Prostějov,SPO,4
2026-06-10,Příbram,SPO,11
2026-06-10,SKLC3,SPO,2275
2026-06-10,SKLC3,BPO,630
2026-06-10,SKLC3,XPO,38
2026-06-10,Tábor,SPO,30
2026-06-10,Tábor,BPO,11
2026-06-10,Třebíč,SPO,2
2026-06-10,Zlín,SPO,29
2026-06-10,Zlín,BPO,19
2026-06-10,Ústí nad Labem,SPO,11
2026-06-10,Čakovice,SPO,64
2026-06-10,Čakovice,BPO,13
2026-06-10,České Budějovice,SPO,28
2026-06-10,České Budějovice,BPO,11
2026-06-11,Anděl,SPO,59
2026-06-11,Anděl,BPO,7
2026-06-11,Benešov,SPO,6
2026-06-11,Beroun,SPO,8
2026-06-11,Brno,SPO,67
2026-06-11,Brno,BPO,2
2026-06-11,Brno Lískovec,SPO,12
2026-06-11,Brno Lískovec,BPO,2
2026-06-11,Budějovická,SPO,72
2026-06-11,Budějovická,BPO,22
2026-06-11,Chomutov,SPO,4
2026-06-11,Dejvice,SPO,13
2026-06-11,Děčín,SPO,6
2026-06-11,Frýdek-Místek,SPO,6
2026-06-11,Hradec,SPO,13
2026-06-11,Háje,SPO,57
2026-06-11,Háje,BPO,26
2026-06-11,Jihlava,SPO,5
2026-06-11,Karlovy Vary,SPO,1
2026-06-11,Kladno,SPO,11
2026-06-11,Kolín,SPO,4
2026-06-11,LCU,XPO,203
2026-06-11,LCU,XL,8
2026-06-11,Liberec,SPO,6
2026-06-11,Mladá Boleslav,SPO,10
2026-06-11,Most,SPO,2
2026-06-11,Mělník,SPO,11
2026-06-11,Olomouc,SPO,9
2026-06-11,Opava,SPO,3
2026-06-11,Ostrava,SPO,126
2026-06-11,Ostrava,BPO,48
2026-06-11,Pardubice,SPO,3
2026-06-11,Plzeň město,SPO,24
2026-06-11,Pobočka Chrášťany,SPO,23
2026-06-11,Počernice,SPO,18
2026-06-11,Počernice,BPO,5
2026-06-11,Praha - centrála,SPO,532
2026-06-11,Praha - centrála,BPO,115
2026-06-11,Prostějov,SPO,3
2026-06-11,Příbram,SPO,4
2026-06-11,SKLC3,SPO,1992
2026-06-11,SKLC3,BPO,592
2026-06-11,SKLC3,XPO,15
2026-06-11,Tábor,SPO,6
2026-06-11,Třebíč,SPO,7
2026-06-11,Zlín,SPO,2
2026-06-11,Ústí nad Labem,SPO,2
2026-06-11,Čakovice,SPO,76
2026-06-11,Čakovice,BPO,21
2026-06-11,České Budějovice,SPO,5
2026-06-12,Anděl,SPO,38
2026-06-12,Anděl,BPO,16
2026-06-12,Benešov,SPO,23
2026-06-12,Benešov,BPO,3
2026-06-12,Beroun,SPO,25
2026-06-12,Brno,SPO,58
2026-06-12,Brno,BPO,20
2026-06-12,Brno Lískovec,SPO,11
2026-06-12,Budějovická,SPO,46
2026-06-12,Budějovická,BPO,9
2026-06-12,Chomutov,SPO,9
2026-06-12,Dejvice,SPO,10
2026-06-12,Děčín,SPO,4
2026-06-12,Frýdek-Místek,SPO,7
2026-06-12,Hradec,SPO,8
2026-06-12,Háje,SPO,50
2026-06-12,Háje,BPO,14
2026-06-12,Jihlava,SPO,7
2026-06-12,Karlovy Vary,SPO,6
2026-06-12,Kladno,SPO,7
2026-06-12,Kolín,SPO,4
2026-06-12,LCU,XPO,131
2026-06-12,LCU,XL,4
2026-06-12,Liberec,SPO,3
2026-06-12,Mladá Boleslav,SPO,16
2026-06-12,Most,SPO,6
2026-06-12,Mělník,SPO,1
2026-06-12,Olomouc,SPO,8
2026-06-12,Opava,SPO,2
2026-06-12,Ostrava,SPO,105
2026-06-12,Ostrava,BPO,53
2026-06-12,Pardubice,SPO,6
2026-06-12,Plzeň město,SPO,13
2026-06-12,Pobočka Chrášťany,SPO,52
2026-06-12,Pobočka Chrášťany,BPO,10
2026-06-12,Počernice,SPO,33
2026-06-12,Počernice,BPO,10
2026-06-12,Praha - centrála,SPO,475
2026-06-12,Praha - centrála,BPO,155
2026-06-12,Prostějov,SPO,5
2026-06-12,Příbram,SPO,6
2026-06-12,SKLC3,SPO,1954
2026-06-12,SKLC3,BPO,646
2026-06-12,SKLC3,XPO,18
2026-06-12,Tábor,SPO,6
2026-06-12,Třebíč,SPO,3
2026-06-12,Zlín,SPO,11
2026-06-12,Ústí nad Labem,SPO,3
2026-06-12,Čakovice,SPO,58
2026-06-12,Čakovice,BPO,8
2026-06-12,České Budějovice,SPO,7
2026-06-13,Anděl,SPO,81
2026-06-13,Anděl,BPO,8
2026-06-13,Benešov,SPO,14
2026-06-13,Beroun,SPO,15
2026-06-13,Brno,SPO,68
2026-06-13,Brno,BPO,10
2026-06-13,Brno Lískovec,SPO,13
2026-06-13,Brno Lískovec,BPO,1
2026-06-13,Budějovická,SPO,54
2026-06-13,Budějovická,BPO,7
2026-06-13,Chomutov,SPO,4
2026-06-13,Dejvice,SPO,21
2026-06-13,Děčín,SPO,3
2026-06-13,Frýdek-Místek,SPO,12
2026-06-13,Hradec,SPO,10
2026-06-13,Háje,SPO,60
2026-06-13,Háje,BPO,5
2026-06-13,Jihlava,SPO,4
2026-06-13,Karlovy Vary,SPO,11
2026-06-13,Kladno,SPO,14
2026-06-13,Kolín,SPO,4
2026-06-13,LCU,BPO,1
2026-06-13,LCU,XPO,143
2026-06-13,LCU,XL,4
2026-06-13,Liberec,SPO,10
2026-06-13,Mladá Boleslav,SPO,17
2026-06-13,Most,SPO,27
2026-06-13,Most,BPO,7
2026-06-13,Mělník,SPO,9
2026-06-13,Olomouc,SPO,37
2026-06-13,Olomouc,BPO,7
2026-06-13,Opava,SPO,7
2026-06-13,Ostrava,SPO,121
2026-06-13,Ostrava,BPO,31
2026-06-13,Pardubice,SPO,12
2026-06-13,Plzeň město,SPO,29
2026-06-13,Pobočka Chrášťany,SPO,61
2026-06-13,Pobočka Chrášťany,BPO,13
2026-06-13,Počernice,SPO,31
2026-06-13,Počernice,BPO,9
2026-06-13,Praha - centrála,SPO,428
2026-06-13,Praha - centrála,BPO,214
2026-06-13,Prostějov,SPO,5
2026-06-13,Příbram,SPO,12
2026-06-13,Příbram,BPO,4
2026-06-13,SKLC3,SPO,1519
2026-06-13,SKLC3,BPO,263
2026-06-13,SKLC3,XPO,9
2026-06-13,Tábor,SPO,12
2026-06-13,Třebíč,SPO,5
2026-06-13,Zlín,SPO,16
2026-06-13,Ústí nad Labem,SPO,12
2026-06-13,Čakovice,SPO,159
2026-06-13,Čakovice,BPO,130
2026-06-13,České Budějovice,SPO,10
2026-06-14,Anděl,SPO,40
2026-06-14,Anděl,BPO,5
2026-06-14,Benešov,SPO,8
2026-06-14,Beroun,SPO,6
2026-06-14,Beroun,BPO,1
2026-06-14,Brno,SPO,50
2026-06-14,Brno,BPO,8
2026-06-14,Brno Lískovec,SPO,6
2026-06-14,Budějovická,SPO,45
2026-06-14,Budějovická,BPO,8
2026-06-14,Dejvice,SPO,16
2026-06-14,Děčín,BPO,2
2026-06-14,Frýdek-Místek,SPO,6
2026-06-14,Hradec,SPO,2
2026-06-14,Háje,SPO,35
2026-06-14,Háje,BPO,6
2026-06-14,Jihlava,SPO,3
2026-06-14,Karlovy Vary,SPO,3
2026-06-14,Kladno,SPO,13
2026-06-14,Kladno,BPO,1
2026-06-14,Kolín,SPO,6
2026-06-14,Kolín,BPO,1
2026-06-14,LCU,XPO,151
2026-06-14,LCU,XL,6
2026-06-14,LCU,VB,2
2026-06-14,Liberec,SPO,10
2026-06-14,Mladá Boleslav,SPO,9
2026-06-14,Most,SPO,7
2026-06-14,Mělník,SPO,9
2026-06-14,Olomouc,SPO,11
2026-06-14,Opava,SPO,1
2026-06-14,Ostrava,SPO,94
2026-06-14,Ostrava,BPO,61
2026-06-14,Pardubice,SPO,9
2026-06-14,Plzeň město,SPO,17
2026-06-14,Plzeň město,BPO,12
2026-06-14,Pobočka Chrášťany,SPO,52
2026-06-14,Pobočka Chrášťany,BPO,4
2026-06-14,Počernice,SPO,23
2026-06-14,Počernice,BPO,8
2026-06-14,Praha - centrála,SPO,441
2026-06-14,Praha - centrála,BPO,113
2026-06-14,Prostějov,SPO,8
2026-06-14,Příbram,SPO,2
2026-06-14,SKLC3,SPO,1470
2026-06-14,SKLC3,BPO,340
2026-06-14,SKLC3,XPO,36
2026-06-14,Tábor,SPO,7
2026-06-14,Třebíč,SPO,5
2026-06-14,Zlín,SPO,5
2026-06-14,Ústí nad Labem,SPO,8
2026-06-14,Čakovice,SPO,66
2026-06-14,Čakovice,BPO,7
2026-06-14,České Budějovice,SPO,1
2026-06-15,Anděl,SPO,30
2026-06-15,Anděl,BPO,6
2026-06-15,Benešov,SPO,8
2026-06-15,Benešov,BPO,2
2026-06-15,Beroun,SPO,10
2026-06-15,Brno,SPO,38
2026-06-15,Brno,BPO,4
2026-06-15,Brno Lískovec,SPO,12
2026-06-15,Budějovická,SPO,50
2026-06-15,Budějovická,BPO,12
2026-06-15,Chomutov,SPO,3
2026-06-15,Dejvice,SPO,9
2026-06-15,Dejvice,BPO,2
2026-06-15,Děčín,SPO,3
2026-06-15,Frýdek-Místek,SPO,11
2026-06-15,Hradec,SPO,13
2026-06-15,Háje,SPO,51
2026-06-15,Háje,BPO,12
2026-06-15,Jihlava,SPO,4
2026-06-15,Karlovy Vary,SPO,3
2026-06-15,Kladno,SPO,10
2026-06-15,Kolín,SPO,6
2026-06-15,LCU,XPO,192
2026-06-15,LCU,XL,4
2026-06-15,LCU,VB,2
2026-06-15,Liberec,SPO,3
2026-06-15,Mladá Boleslav,SPO,5
2026-06-15,Most,SPO,1
2026-06-15,Mělník,SPO,4
2026-06-15,Olomouc,SPO,7
2026-06-15,Opava,SPO,3
2026-06-15,Ostrava,SPO,130
2026-06-15,Ostrava,BPO,24
2026-06-15,Pardubice,SPO,4
2026-06-15,Plzeň město,BPO,19
2026-06-15,Pobočka Chrášťany,SPO,36
2026-06-15,Pobočka Chrášťany,BPO,3
2026-06-15,Počernice,SPO,21
2026-06-15,Počernice,BPO,5
2026-06-15,Praha - centrála,SPO,534
2026-06-15,Praha - centrála,BPO,137
2026-06-15,Prostějov,SPO,2
2026-06-15,Příbram,SPO,11
2026-06-15,SKLC3,SPO,2438
2026-06-15,SKLC3,BPO,501
2026-06-15,SKLC3,XPO,18
2026-06-15,Tábor,SPO,6
2026-06-15,Třebíč,SPO,6
2026-06-15,Zlín,SPO,7
2026-06-15,Ústí nad Labem,SPO,8
2026-06-15,Čakovice,SPO,58
2026-06-15,Čakovice,BPO,13
2026-06-15,České Budějovice,SPO,8
2026-06-16,Anděl,SPO,55
2026-06-16,Anděl,BPO,10
2026-06-16,Benešov,SPO,8
2026-06-16,Beroun,SPO,11
2026-06-16,Brno,SPO,83
2026-06-16,Brno,BPO,12
2026-06-16,Brno Lískovec,SPO,16
2026-06-16,Budějovická,SPO,64
2026-06-16,Budějovická,BPO,5
2026-06-16,Chomutov,SPO,2
2026-06-16,Dejvice,SPO,15
2026-06-16,Děčín,SPO,3
2026-06-16,Frýdek-Místek,SPO,19
2026-06-16,Hradec,SPO,19
2026-06-16,Háje,SPO,46
2026-06-16,Háje,BPO,6
2026-06-16,Jihlava,SPO,13
2026-06-16,Karlovy Vary,SPO,11
2026-06-16,Kladno,SPO,17
2026-06-16,Kolín,SPO,15
2026-06-16,LCU,XPO,175
2026-06-16,LCU,XL,5
2026-06-16,LCU,VB,3
2026-06-16,Liberec,SPO,9
2026-06-16,Mladá Boleslav,SPO,17
2026-06-16,Most,SPO,7
2026-06-16,Mělník,SPO,11
2026-06-16,Olomouc,SPO,23
2026-06-16,Opava,SPO,10
2026-06-16,Ostrava,SPO,152
2026-06-16,Pardubice,SPO,18
2026-06-16,Plzeň město,SPO,24
2026-06-16,Pobočka Chrášťany,SPO,36
2026-06-16,Pobočka Chrášťany,BPO,24
2026-06-16,Počernice,SPO,36
2026-06-16,Počernice,BPO,5
2026-06-16,Praha - centrála,SPO,565
2026-06-16,Praha - centrála,BPO,130
2026-06-16,Prostějov,SPO,13
2026-06-16,Příbram,SPO,2
2026-06-16,SKLC3,SPO,2240
2026-06-16,SKLC3,BPO,715
2026-06-16,SKLC3,XPO,23
2026-06-16,Tábor,SPO,9
2026-06-16,Třebíč,SPO,8
2026-06-16,Zlín,SPO,12
2026-06-16,Ústí nad Labem,SPO,12
2026-06-16,Čakovice,SPO,75
2026-06-16,České Budějovice,SPO,15
2026-06-17,Anděl,SPO,60
2026-06-17,Anděl,BPO,5
2026-06-17,Benešov,SPO,4
2026-06-17,Benešov,BPO,1
2026-06-17,Beroun,SPO,10
2026-06-17,Brno,SPO,58
2026-06-17,Brno,BPO,17
2026-06-17,Brno Lískovec,SPO,13
2026-06-17,Budějovická,SPO,49
2026-06-17,Budějovická,BPO,13
2026-06-17,Chomutov,SPO,10
2026-06-17,Dejvice,SPO,13
2026-06-17,Děčín,SPO,1
2026-06-17,Frýdek-Místek,SPO,5
2026-06-17,Hradec,SPO,12
2026-06-17,Háje,SPO,37
2026-06-17,Jihlava,SPO,5
2026-06-17,Karlovy Vary,SPO,6
2026-06-17,Kladno,SPO,10
2026-06-17,Kolín,SPO,8
2026-06-17,LCU,XPO,118
2026-06-17,LCU,XL,6
2026-06-17,Liberec,SPO,5
2026-06-17,Mladá Boleslav,SPO,15
2026-06-17,Most,SPO,7
2026-06-17,Mělník,SPO,7
2026-06-17,Olomouc,SPO,10
2026-06-17,Opava,SPO,7
2026-06-17,Ostrava,SPO,141
2026-06-17,Pardubice,SPO,9
2026-06-17,Plzeň město,SPO,24
2026-06-17,Pobočka Chrášťany,SPO,24
2026-06-17,Počernice,SPO,27
2026-06-17,Počernice,BPO,2
2026-06-17,Praha - centrála,SPO,496
2026-06-17,Praha - centrála,BPO,129
2026-06-17,Praha - centrála,XPO,1
2026-06-17,Prostějov,SPO,10
2026-06-17,Příbram,SPO,4
2026-06-17,SKLC3,SPO,2027
2026-06-17,SKLC3,BPO,490
2026-06-17,SKLC3,XPO,27
2026-06-17,Tábor,SPO,12
2026-06-17,Třebíč,SPO,10
2026-06-17,Zlín,SPO,5
2026-06-17,Ústí nad Labem,SPO,6
2026-06-17,Čakovice,SPO,89
2026-06-17,Čakovice,BPO,24
2026-06-17,České Budějovice,SPO,7
2026-06-18,Anděl,SPO,48
2026-06-18,Anděl,BPO,12
2026-06-18,Benešov,SPO,9
2026-06-18,Beroun,SPO,7
2026-06-18,Brno,SPO,45
2026-06-18,Brno,BPO,23
2026-06-18,Brno Lískovec,SPO,7
2026-06-18,Brno Lískovec,BPO,2
2026-06-18,Budějovická,SPO,46
2026-06-18,Budějovická,BPO,8
2026-06-18,Chomutov,SPO,1
2026-06-18,Dejvice,SPO,19
2026-06-18,Děčín,SPO,2
2026-06-18,Frýdek-Místek,SPO,7
2026-06-18,Hradec,SPO,8
2026-06-18,Háje,SPO,41
2026-06-18,Jihlava,SPO,7
2026-06-18,Karlovy Vary,SPO,3
2026-06-18,Kladno,SPO,6
2026-06-18,Kladno,BPO,1
2026-06-18,Kolín,SPO,5
2026-06-18,LCU,XPO,192
2026-06-18,LCU,XL,6
2026-06-18,Liberec,SPO,3
2026-06-18,Mladá Boleslav,SPO,15
2026-06-18,Most,SPO,11
2026-06-18,Mělník,SPO,5
2026-06-18,Olomouc,SPO,12
2026-06-18,Opava,SPO,4
2026-06-18,Ostrava,SPO,86
2026-06-18,Ostrava,BPO,40
2026-06-18,Pardubice,SPO,4
2026-06-18,Plzeň město,SPO,104
2026-06-18,Plzeň město,BPO,37
2026-06-18,Pobočka Chrášťany,SPO,44
2026-06-18,Pobočka Chrášťany,BPO,7
2026-06-18,Počernice,SPO,20
2026-06-18,Počernice,BPO,5
2026-06-18,Praha - centrála,SPO,509
2026-06-18,Praha - centrála,BPO,99
2026-06-18,Prostějov,SPO,3
2026-06-18,Příbram,SPO,5
2026-06-18,SKLC3,SPO,2038
2026-06-18,SKLC3,BPO,576
2026-06-18,SKLC3,XPO,23
2026-06-18,Tábor,SPO,10
2026-06-18,Třebíč,SPO,3
2026-06-18,Zlín,SPO,8
2026-06-18,Ústí nad Labem,SPO,8
2026-06-18,Čakovice,SPO,72
2026-06-18,Čakovice,BPO,13
2026-06-18,České Budějovice,SPO,7
2026-06-19,Anděl,SPO,58
2026-06-19,Anděl,BPO,9
2026-06-19,Benešov,SPO,16
2026-06-19,Beroun,SPO,7
2026-06-19,Brno,SPO,60
2026-06-19,Brno,BPO,16
2026-06-19,Brno Lískovec,SPO,7
2026-06-19,Budějovická,SPO,61
2026-06-19,Budějovická,BPO,6
2026-06-19,Chomutov,SPO,5
2026-06-19,Dejvice,SPO,12
2026-06-19,Děčín,SPO,2
2026-06-19,Frýdek-Místek,SPO,9
2026-06-19,Hradec,SPO,11
2026-06-19,Háje,SPO,44
2026-06-19,Jihlava,SPO,6
2026-06-19,Karlovy Vary,SPO,8
2026-06-19,Kladno,SPO,8
2026-06-19,Kolín,SPO,5
2026-06-19,LCU,SPO,1
2026-06-19,LCU,BPO,1
2026-06-19,LCU,XPO,187
2026-06-19,LCU,XL,4
2026-06-19,LCU,VB,1
2026-06-19,Liberec,SPO,9
2026-06-19,Mladá Boleslav,SPO,5
2026-06-19,Most,SPO,10
2026-06-19,Mělník,SPO,8
2026-06-19,Olomouc,SPO,11
2026-06-19,Opava,SPO,7
2026-06-19,Ostrava,SPO,113
2026-06-19,Ostrava,BPO,63
2026-06-19,Pardubice,SPO,13
2026-06-19,Plzeň město,SPO,67
2026-06-19,Plzeň město,BPO,3
2026-06-19,Pobočka Chrášťany,SPO,44
2026-06-19,Pobočka Chrášťany,BPO,5
2026-06-19,Počernice,SPO,30
2026-06-19,Počernice,BPO,6
2026-06-19,Praha - centrála,SPO,451
2026-06-19,Praha - centrála,BPO,228
2026-06-19,Prostějov,SPO,4
2026-06-19,Příbram,SPO,4
2026-06-19,SKLC3,SPO,2227
2026-06-19,SKLC3,BPO,528
2026-06-19,SKLC3,XPO,16
2026-06-19,Tábor,SPO,10
2026-06-19,Třebíč,SPO,2
2026-06-19,Zlín,SPO,5
2026-06-19,Ústí nad Labem,SPO,11
2026-06-19,Čakovice,SPO,58
2026-06-19,Čakovice,BPO,15
2026-06-19,České Budějovice,SPO,6
2026-06-20,Anděl,SPO,62
2026-06-20,Anděl,BPO,8
2026-06-20,Benešov,SPO,10
2026-06-20,Beroun,SPO,14
2026-06-20,Brno,SPO,63
2026-06-20,Brno,BPO,29
2026-06-20,Brno Lískovec,SPO,5
2026-06-20,Budějovická,SPO,51
2026-06-20,Budějovická,BPO,10
2026-06-20,Chomutov,SPO,4
2026-06-20,Dejvice,SPO,12
2026-06-20,Děčín,SPO,5
2026-06-20,Frýdek-Místek,SPO,7
2026-06-20,Hradec,SPO,13
2026-06-20,Háje,SPO,60
2026-06-20,Háje,BPO,15
2026-06-20,Jihlava,SPO,4
2026-06-20,Karlovy Vary,SPO,7
2026-06-20,Kladno,SPO,9
2026-06-20,Kolín,SPO,7
2026-06-20,LCU,XPO,114
2026-06-20,LCU,XL,3
2026-06-20,LCU,VB,1
2026-06-20,Liberec,SPO,3
2026-06-20,Mladá Boleslav,SPO,6
2026-06-20,Most,SPO,5
2026-06-20,Mělník,SPO,11
2026-06-20,Olomouc,SPO,10
2026-06-20,Opava,SPO,3
2026-06-20,Ostrava,SPO,110
2026-06-20,Ostrava,BPO,66
2026-06-20,Pardubice,SPO,7
2026-06-20,Plzeň město,SPO,88
2026-06-20,Plzeň město,BPO,25
2026-06-20,Pobočka Chrášťany,SPO,27
2026-06-20,Pobočka Chrášťany,BPO,5
2026-06-20,Počernice,SPO,35
2026-06-20,Počernice,BPO,2
2026-06-20,Praha - centrála,SPO,485
2026-06-20,Praha - centrála,BPO,128
2026-06-20,Prostějov,SPO,8
2026-06-20,Příbram,SPO,14
2026-06-20,SKLC3,SPO,1713
2026-06-20,SKLC3,BPO,507
2026-06-20,SKLC3,XPO,11
2026-06-20,Tábor,SPO,14
2026-06-20,Třebíč,SPO,12
2026-06-20,Zlín,SPO,12
2026-06-20,Ústí nad Labem,SPO,8
2026-06-20,Čakovice,SPO,66
2026-06-20,Čakovice,BPO,40
2026-06-20,České Budějovice,SPO,9
2026-06-21,Anděl,SPO,58
2026-06-21,Anděl,BPO,19
2026-06-21,Benešov,SPO,8
2026-06-21,Beroun,SPO,14
2026-06-21,Brno,SPO,83
2026-06-21,Brno,BPO,18
2026-06-21,Brno Lískovec,SPO,13
2026-06-21,Budějovická,SPO,26
2026-06-21,Budějovická,BPO,14
2026-06-21,Chomutov,SPO,4
2026-06-21,Dejvice,SPO,18
2026-06-21,Děčín,SPO,3
2026-06-21,Frýdek-Místek,SPO,3
2026-06-21,Hradec,SPO,12
2026-06-21,Háje,SPO,60
2026-06-21,Háje,BPO,15
2026-06-21,Jihlava,SPO,2
2026-06-21,Karlovy Vary,SPO,8
2026-06-21,Kladno,SPO,12
2026-06-21,Kladno,BPO,1
2026-06-21,Kolín,SPO,9
2026-06-21,LCU,XPO,175
2026-06-21,LCU,XL,3
2026-06-21,Liberec,SPO,6
2026-06-21,Liberec,BPO,2
2026-06-21,Mladá Boleslav,SPO,15
2026-06-21,Most,SPO,6
2026-06-21,Mělník,SPO,6
2026-06-21,Olomouc,SPO,4
2026-06-21,Opava,SPO,10
2026-06-21,Ostrava,SPO,124
2026-06-21,Ostrava,BPO,29
2026-06-21,Pardubice,SPO,5
2026-06-21,Plzeň město,SPO,9
2026-06-21,Pobočka Chrášťany,SPO,48
2026-06-21,Pobočka Chrášťany,BPO,32
2026-06-21,Počernice,SPO,37
2026-06-21,Počernice,BPO,6
2026-06-21,Praha - centrála,SPO,433
2026-06-21,Praha - centrála,BPO,135
2026-06-21,Příbram,SPO,12
2026-06-21,SKLC3,SPO,1582
2026-06-21,SKLC3,BPO,435
2026-06-21,SKLC3,XPO,24
2026-06-21,Tábor,SPO,10
2026-06-21,Tábor,BPO,1
2026-06-21,Třebíč,SPO,7
2026-06-21,Zlín,SPO,10
2026-06-21,Ústí nad Labem,SPO,8
2026-06-21,Čakovice,SPO,64
2026-06-21,Čakovice,BPO,12
2026-06-21,České Budějovice,SPO,10
2026-06-22,Anděl,SPO,36
2026-06-22,Anděl,BPO,15
2026-06-22,Benešov,SPO,6
2026-06-22,Beroun,SPO,9
2026-06-22,Brno,SPO,41
2026-06-22,Brno,BPO,17
2026-06-22,Brno Lískovec,SPO,10
2026-06-22,Budějovická,SPO,35
2026-06-22,Budějovická,BPO,18
2026-06-22,Chomutov,SPO,3
2026-06-22,Dejvice,SPO,10
2026-06-22,Děčín,SPO,5
2026-06-22,Frýdek-Místek,SPO,5
2026-06-22,Hradec,SPO,6
2026-06-22,Háje,SPO,64
2026-06-22,Háje,BPO,16
2026-06-22,Jihlava,SPO,7
2026-06-22,Karlovy Vary,SPO,2
2026-06-22,Kladno,SPO,8
2026-06-22,Kolín,SPO,5
2026-06-22,LCU,XPO,182
2026-06-22,LCU,XL,2
2026-06-22,LCU,VB,1
2026-06-22,Liberec,SPO,4
2026-06-22,Mladá Boleslav,SPO,3
2026-06-22,Most,SPO,2
2026-06-22,Mělník,SPO,5
2026-06-22,Olomouc,SPO,5
2026-06-22,Opava,SPO,6
2026-06-22,Ostrava,SPO,155
2026-06-22,Pardubice,SPO,1
2026-06-22,Plzeň město,SPO,5
2026-06-22,Pobočka Chrášťany,SPO,54
2026-06-22,Pobočka Chrášťany,BPO,9
2026-06-22,Počernice,SPO,20
2026-06-22,Počernice,BPO,7
2026-06-22,Praha - centrála,SPO,510
2026-06-22,Praha - centrála,BPO,108
2026-06-22,Prostějov,SPO,2
2026-06-22,Příbram,SPO,3
2026-06-22,SKLC3,SPO,2411
2026-06-22,SKLC3,BPO,616
2026-06-22,SKLC3,XPO,10
2026-06-22,Tábor,SPO,7
2026-06-22,Třebíč,SPO,2
2026-06-22,Zlín,SPO,3
2026-06-22,Ústí nad Labem,SPO,3
2026-06-22,Čakovice,SPO,62
2026-06-22,České Budějovice,SPO,4
2026-06-23,Anděl,SPO,41
2026-06-23,Anděl,BPO,7
2026-06-23,Benešov,SPO,12
2026-06-23,Beroun,SPO,3
2026-06-23,Brno,SPO,56
2026-06-23,Brno,BPO,8
2026-06-23,Brno Lískovec,SPO,6
2026-06-23,Budějovická,SPO,45
2026-06-23,Budějovická,BPO,22
2026-06-23,Chomutov,SPO,1
2026-06-23,Dejvice,SPO,14
2026-06-23,Děčín,SPO,1
2026-06-23,Frýdek-Místek,SPO,10
2026-06-23,Hradec,SPO,188
2026-06-23,Hradec,BPO,31
2026-06-23,Háje,SPO,49
2026-06-23,Háje,BPO,8
2026-06-23,Jihlava,SPO,3
2026-06-23,Karlovy Vary,SPO,3
2026-06-23,Kladno,SPO,8
2026-06-23,Kolín,SPO,5
2026-06-23,LCU,BPO,1
2026-06-23,LCU,XPO,134
2026-06-23,LCU,XL,2
2026-06-23,LCU,VB,1
2026-06-23,Liberec,SPO,3
2026-06-23,Mladá Boleslav,SPO,3
2026-06-23,Most,SPO,3
2026-06-23,Mělník,SPO,9
2026-06-23,Olomouc,SPO,7
2026-06-23,Opava,SPO,6
2026-06-23,Ostrava,SPO,127
2026-06-23,Ostrava,BPO,19
2026-06-23,Pardubice,SPO,7
2026-06-23,Pobočka Chrášťany,SPO,25
2026-06-23,Pobočka Chrášťany,BPO,12
2026-06-23,Počernice,SPO,14
2026-06-23,Počernice,BPO,1
2026-06-23,Praha - centrála,SPO,476
2026-06-23,Praha - centrála,BPO,121
2026-06-23,Prostějov,SPO,4
2026-06-23,Příbram,SPO,8
2026-06-23,SKLC3,SPO,2396
2026-06-23,SKLC3,BPO,541
2026-06-23,SKLC3,XPO,20
2026-06-23,Třebíč,SPO,4
2026-06-23,Zlín,SPO,5
2026-06-23,Ústí nad Labem,SPO,4
2026-06-23,Čakovice,SPO,67
2026-06-23,Čakovice,BPO,18
2026-06-23,České Budějovice,SPO,3
2026-06-24,Anděl,SPO,57
2026-06-24,Anděl,BPO,13
2026-06-24,Benešov,SPO,3
2026-06-24,Beroun,SPO,5
2026-06-24,Brno,SPO,74
2026-06-24,Brno,BPO,35
2026-06-24,Brno Lískovec,SPO,13
2026-06-24,Budějovická,SPO,49
2026-06-24,Budějovická,BPO,13
2026-06-24,Chomutov,SPO,3
2026-06-24,Dejvice,SPO,12
2026-06-24,Děčín,SPO,3
2026-06-24,Frýdek-Místek,SPO,9
2026-06-24,Hradec,SPO,13
2026-06-24,Hradec,BPO,1
2026-06-24,Háje,SPO,37
2026-06-24,Háje,BPO,12
2026-06-24,Jihlava,SPO,5
2026-06-24,Karlovy Vary,SPO,4
2026-06-24,Kladno,SPO,7
2026-06-24,Kolín,SPO,3
2026-06-24,LCU,XPO,187
2026-06-24,LCU,XL,4
2026-06-24,LCU,VB,1
2026-06-24,Liberec,SPO,2
2026-06-24,Mladá Boleslav,SPO,12
2026-06-24,Most,SPO,1
2026-06-24,Mělník,SPO,5
2026-06-24,Olomouc,SPO,9
2026-06-24,Opava,SPO,2
2026-06-24,Ostrava,SPO,100
2026-06-24,Ostrava,BPO,1
2026-06-24,Pardubice,SPO,6
2026-06-24,Plzeň město,SPO,33
2026-06-24,Pobočka Chrášťany,SPO,39
2026-06-24,Pobočka Chrášťany,BPO,34
2026-06-24,Počernice,SPO,20
2026-06-24,Počernice,BPO,19
2026-06-24,Praha - centrála,SPO,465
2026-06-24,Praha - centrála,BPO,103
2026-06-24,Prostějov,SPO,12
2026-06-24,Příbram,SPO,5
2026-06-24,SKLC3,SPO,2062
2026-06-24,SKLC3,BPO,752
2026-06-24,SKLC3,XPO,28
2026-06-24,Tábor,SPO,4
2026-06-24,Třebíč,SPO,4
2026-06-24,Zlín,SPO,12
2026-06-24,Ústí nad Labem,SPO,5
2026-06-24,Ústí nad Labem,BPO,1
2026-06-24,Čakovice,SPO,54
2026-06-24,České Budějovice,SPO,5
2026-06-25,Anděl,SPO,65
2026-06-25,Anděl,BPO,3
2026-06-25,Benešov,SPO,9
2026-06-25,Benešov,BPO,2
2026-06-25,Beroun,SPO,12
2026-06-25,Brno,SPO,58
2026-06-25,Brno,BPO,13
2026-06-25,Brno Lískovec,SPO,9
2026-06-25,Brno Lískovec,BPO,2
2026-06-25,Budějovická,SPO,66
2026-06-25,Budějovická,BPO,7
2026-06-25,Chomutov,SPO,6
2026-06-25,Dejvice,SPO,23
2026-06-25,Děčín,SPO,9
2026-06-25,Frýdek-Místek,SPO,5
2026-06-25,Hradec,SPO,18
2026-06-25,Hradec,BPO,9
2026-06-25,Háje,SPO,45
2026-06-25,Háje,BPO,5
2026-06-25,Jihlava,SPO,1
2026-06-25,Karlovy Vary,SPO,9
2026-06-25,Kladno,SPO,18
2026-06-25,Kladno,BPO,2
2026-06-25,Kolín,SPO,9
2026-06-25,LCU,SPO,1
2026-06-25,LCU,BPO,1
2026-06-25,LCU,XPO,223
2026-06-25,LCU,XL,3
2026-06-25,Liberec,SPO,15
2026-06-25,Mladá Boleslav,SPO,10
2026-06-25,Mladá Boleslav,BPO,2
2026-06-25,Most,SPO,5
2026-06-25,Mělník,SPO,11
2026-06-25,Olomouc,SPO,8
2026-06-25,Opava,SPO,8
2026-06-25,Ostrava,SPO,96
2026-06-25,Ostrava,BPO,69
2026-06-25,Pardubice,SPO,6
2026-06-25,Plzeň město,SPO,83
2026-06-25,Pobočka Chrášťany,SPO,30
2026-06-25,Pobočka Chrášťany,BPO,2
2026-06-25,Počernice,SPO,30
2026-06-25,Počernice,BPO,8
2026-06-25,Praha - centrála,SPO,407
2026-06-25,Praha - centrála,BPO,107
2026-06-25,Prostějov,SPO,2
2026-06-25,Příbram,SPO,7
2026-06-25,SKLC3,SPO,1421
2026-06-25,SKLC3,BPO,345
2026-06-25,SKLC3,XPO,43
2026-06-25,Tábor,SPO,3
2026-06-25,Třebíč,SPO,9
2026-06-25,Zlín,SPO,9
2026-06-25,Ústí nad Labem,SPO,22
2026-06-25,Čakovice,SPO,54
2026-06-25,České Budějovice,SPO,11
2026-06-26,Anděl,SPO,48
2026-06-26,Anděl,BPO,8
2026-06-26,Benešov,SPO,9
2026-06-26,Beroun,SPO,7
2026-06-26,Brno,SPO,63
2026-06-26,Brno,BPO,18
2026-06-26,Brno Lískovec,SPO,10
2026-06-26,Budějovická,SPO,52
2026-06-26,Budějovická,BPO,4
2026-06-26,Chomutov,SPO,1
2026-06-26,Dejvice,SPO,15
2026-06-26,Děčín,SPO,1
2026-06-26,Frýdek-Místek,SPO,1
2026-06-26,Hradec,SPO,9
2026-06-26,Hradec,BPO,1
2026-06-26,Háje,SPO,57
2026-06-26,Háje,BPO,4
2026-06-26,Jihlava,SPO,5
2026-06-26,Karlovy Vary,SPO,4
2026-06-26,Karlovy Vary,BPO,1
2026-06-26,Kladno,SPO,5
2026-06-26,Kolín,SPO,6
2026-06-26,LCU,XPO,110
2026-06-26,LCU,XL,1
2026-06-26,Liberec,SPO,4
2026-06-26,Mladá Boleslav,SPO,2
2026-06-26,Most,SPO,2
2026-06-26,Mělník,SPO,9
2026-06-26,Olomouc,SPO,3
2026-06-26,Opava,SPO,8
2026-06-26,Ostrava,SPO,109
2026-06-26,Ostrava,BPO,44
2026-06-26,Pardubice,SPO,13
2026-06-26,Plzeň město,SPO,110
2026-06-26,Plzeň město,BPO,3
2026-06-26,Pobočka Chrášťany,SPO,32
2026-06-26,Pobočka Chrášťany,BPO,3
2026-06-26,Počernice,SPO,25
2026-06-26,Počernice,BPO,7
2026-06-26,Praha - centrála,SPO,397
2026-06-26,Praha - centrála,BPO,81
2026-06-26,Prostějov,SPO,2
2026-06-26,Příbram,SPO,5
2026-06-26,SKLC3,SPO,1963
2026-06-26,SKLC3,BPO,433
2026-06-26,SKLC3,XPO,36
2026-06-26,Tábor,SPO,7
2026-06-26,Tábor,BPO,2
2026-06-26,Třebíč,SPO,3
2026-06-26,Zlín,SPO,8
2026-06-26,Ústí nad Labem,SPO,6
2026-06-26,Čakovice,SPO,57
2026-06-26,Čakovice,BPO,15
2026-06-26,České Budějovice,SPO,2
2026-06-27,Anděl,SPO,42
2026-06-27,Anděl,BPO,2
2026-06-27,Benešov,SPO,8
2026-06-27,Beroun,SPO,3
2026-06-27,Brno,SPO,49
2026-06-27,Brno,BPO,10
2026-06-27,Brno Lískovec,SPO,12
2026-06-27,Budějovická,SPO,49
2026-06-27,Budějovická,BPO,14
2026-06-27,Chomutov,SPO,2
2026-06-27,Dejvice,SPO,16
2026-06-27,Děčín,SPO,1
2026-06-27,Frýdek-Místek,SPO,4
2026-06-27,Hradec,SPO,9
2026-06-27,Háje,SPO,31
2026-06-27,Háje,BPO,10
2026-06-27,Jihlava,SPO,3
2026-06-27,Karlovy Vary,SPO,4
2026-06-27,Kladno,SPO,8
2026-06-27,Kolín,SPO,9
2026-06-27,LCU,XPO,160
2026-06-27,LCU,XL,2
2026-06-27,Liberec,SPO,7
2026-06-27,Mladá Boleslav,SPO,5
2026-06-27,Mělník,SPO,3
2026-06-27,Olomouc,SPO,4
2026-06-27,Opava,SPO,9
2026-06-27,Ostrava,SPO,90
2026-06-27,Ostrava,BPO,23
2026-06-27,Pardubice,SPO,8
2026-06-27,Plzeň město,SPO,44
2026-06-27,Plzeň město,BPO,34
2026-06-27,Pobočka Chrášťany,SPO,68
2026-06-27,Pobočka Chrášťany,BPO,7
2026-06-27,Počernice,SPO,29
2026-06-27,Počernice,BPO,8
2026-06-27,Praha - centrála,SPO,398
2026-06-27,Praha - centrála,BPO,110
2026-06-27,Prostějov,SPO,5
2026-06-27,Příbram,SPO,8
2026-06-27,SKLC3,SPO,1441
2026-06-27,SKLC3,BPO,259
2026-06-27,SKLC3,XPO,16
2026-06-27,Tábor,SPO,14
2026-06-27,Třebíč,SPO,2
2026-06-27,Zlín,SPO,7
2026-06-27,Ústí nad Labem,SPO,6
2026-06-27,Čakovice,SPO,60
2026-06-27,Čakovice,BPO,26
2026-06-27,České Budějovice,SPO,9
2026-06-28,Anděl,SPO,39
2026-06-28,Anděl,BPO,1
2026-06-28,Benešov,SPO,5
2026-06-28,Beroun,SPO,4
2026-06-28,Brno,SPO,34
2026-06-28,Brno,BPO,19
2026-06-28,Brno Lískovec,SPO,7
2026-06-28,Budějovická,SPO,51
2026-06-28,Budějovická,BPO,4
2026-06-28,Chomutov,SPO,3
2026-06-28,Dejvice,SPO,11
2026-06-28,Děčín,SPO,6
2026-06-28,Frýdek-Místek,SPO,9
2026-06-28,Hradec,SPO,7
2026-06-28,Háje,SPO,40
2026-06-28,Háje,BPO,11
2026-06-28,Karlovy Vary,SPO,7
2026-06-28,Kladno,SPO,7
2026-06-28,Kladno,BPO,2
2026-06-28,Kolín,SPO,5
2026-06-28,Kolín,BPO,1
2026-06-28,LCU,XPO,85
2026-06-28,LCU,XL,1
2026-06-28,Liberec,SPO,4
2026-06-28,Mladá Boleslav,SPO,3
2026-06-28,Most,SPO,3
2026-06-28,Mělník,SPO,5
2026-06-28,Olomouc,SPO,2
2026-06-28,Opava,SPO,6
2026-06-28,Ostrava,SPO,95
2026-06-28,Ostrava,BPO,33
2026-06-28,Pardubice,SPO,7
2026-06-28,Plzeň město,SPO,36
2026-06-28,Pobočka Chrášťany,SPO,47
2026-06-28,Pobočka Chrášťany,BPO,18
2026-06-28,Počernice,SPO,25
2026-06-28,Počernice,BPO,5
2026-06-28,Praha - centrála,SPO,324
2026-06-28,Praha - centrála,BPO,95
2026-06-28,Prostějov,SPO,3
2026-06-28,Příbram,SPO,5
2026-06-28,SKLC3,SPO,1358
2026-06-28,SKLC3,BPO,268
2026-06-28,SKLC3,XPO,13
2026-06-28,Tábor,SPO,6
2026-06-28,Zlín,SPO,11
2026-06-28,Ústí nad Labem,SPO,7
2026-06-28,Čakovice,SPO,68
2026-06-28,Čakovice,BPO,36
2026-06-28,České Budějovice,SPO,1
2026-06-29,Anděl,SPO,54
2026-06-29,Anděl,BPO,9
2026-06-29,Benešov,SPO,9
2026-06-29,Beroun,SPO,4
2026-06-29,Brno,SPO,63
2026-06-29,Brno,BPO,11
2026-06-29,Brno Lískovec,SPO,6
2026-06-29,Budějovická,SPO,40
2026-06-29,Budějovická,BPO,8
2026-06-29,Chomutov,SPO,4
2026-06-29,Dejvice,SPO,16
2026-06-29,Dejvice,BPO,2
2026-06-29,Děčín,SPO,2
2026-06-29,Frýdek-Místek,SPO,7
2026-06-29,Hradec,SPO,11
2026-06-29,Háje,SPO,46
2026-06-29,Háje,BPO,7
2026-06-29,Jihlava,SPO,5
2026-06-29,Karlovy Vary,SPO,8
2026-06-29,Kladno,SPO,10
2026-06-29,Kolín,SPO,3
2026-06-29,LCU,XPO,182
2026-06-29,LCU,XL,3
2026-06-29,Liberec,SPO,3
2026-06-29,Mladá Boleslav,SPO,4
2026-06-29,Most,SPO,6
2026-06-29,Mělník,SPO,2
2026-06-29,Olomouc,SPO,9
2026-06-29,Opava,SPO,4
2026-06-29,Ostrava,SPO,95
2026-06-29,Ostrava,BPO,22
2026-06-29,Pardubice,SPO,7
2026-06-29,Plzeň město,SPO,48
2026-06-29,Plzeň město,BPO,10
2026-06-29,Pobočka Chrášťany,SPO,36
2026-06-29,Pobočka Chrášťany,BPO,5
2026-06-29,Počernice,SPO,38
2026-06-29,Počernice,BPO,4
2026-06-29,Praha - centrála,SPO,391
2026-06-29,Praha - centrála,BPO,83
2026-06-29,Prostějov,SPO,5
2026-06-29,Příbram,SPO,3
2026-06-29,SKLC3,SPO,1821
2026-06-29,SKLC3,BPO,569
2026-06-29,SKLC3,XPO,8
2026-06-29,Tábor,SPO,8
2026-06-29,Třebíč,SPO,4
2026-06-29,Zlín,SPO,6
2026-06-29,Ústí nad Labem,SPO,5
2026-06-29,Čakovice,SPO,58
2026-06-29,České Budějovice,SPO,4
2026-06-30,Anděl,SPO,46
2026-06-30,Anděl,BPO,2
2026-06-30,Benešov,SPO,5
2026-06-30,Beroun,SPO,5
2026-06-30,Brno,SPO,65
2026-06-30,Brno,BPO,2
2026-06-30,Brno Lískovec,SPO,9
2026-06-30,Budějovická,SPO,32
2026-06-30,Budějovická,BPO,11
2026-06-30,Chomutov,SPO,6
2026-06-30,Chomutov,BPO,1
2026-06-30,Dejvice,SPO,12
2026-06-30,Děčín,SPO,4
2026-06-30,Frýdek-Místek,SPO,12
2026-06-30,Hradec,SPO,16
2026-06-30,Hradec,BPO,1
2026-06-30,Háje,SPO,37
2026-06-30,Háje,BPO,3
2026-06-30,Jihlava,SPO,9
2026-06-30,Karlovy Vary,SPO,4
2026-06-30,Kladno,SPO,7
2026-06-30,LCU,XPO,173
2026-06-30,LCU,XL,2
2026-06-30,Liberec,SPO,7
2026-06-30,Mladá Boleslav,SPO,14
2026-06-30,Most,SPO,4
2026-06-30,Mělník,SPO,6
2026-06-30,Olomouc,SPO,8
2026-06-30,Opava,SPO,9
2026-06-30,Ostrava,SPO,100
2026-06-30,Ostrava,BPO,43
2026-06-30,Pardubice,SPO,4
2026-06-30,Plzeň město,SPO,23
2026-06-30,Plzeň město,BPO,10
2026-06-30,Pobočka Chrášťany,SPO,40
2026-06-30,Pobočka Chrášťany,BPO,10
2026-06-30,Počernice,SPO,27
2026-06-30,Počernice,BPO,1
2026-06-30,Praha - centrála,SPO,345
2026-06-30,Praha - centrála,BPO,68
2026-06-30,Prostějov,SPO,8
2026-06-30,Příbram,SPO,10
2026-06-30,SKLC3,SPO,1683
2026-06-30,SKLC3,BPO,505
2026-06-30,SKLC3,XPO,4
2026-06-30,Tábor,SPO,7
2026-06-30,Třebíč,SPO,3
2026-06-30,Zlín,SPO,12
2026-06-30,Ústí nad Labem,SPO,8
2026-06-30,Čakovice,SPO,61
2026-06-30,Čakovice,BPO,14
2026-06-30,České Budějovice,SPO,12
2026-07-01,Anděl,SPO,55
2026-07-01,Anděl,BPO,4
2026-07-01,Benešov,SPO,8
2026-07-01,Beroun,SPO,5
2026-07-01,Brno,SPO,62
2026-07-01,Brno,BPO,15
2026-07-01,Brno Lískovec,SPO,12
2026-07-01,Budějovická,SPO,44
2026-07-01,Budějovická,BPO,1
2026-07-01,Chomutov,SPO,2
2026-07-01,Dejvice,SPO,20
2026-07-01,Děčín,SPO,3
2026-07-01,Frýdek-Místek,SPO,4
2026-07-01,Hradec,SPO,48
2026-07-01,Hradec,BPO,23
2026-07-01,Háje,SPO,50
2026-07-01,Háje,BPO,10
2026-07-01,Jihlava,SPO,4
2026-07-01,Karlovy Vary,SPO,5
2026-07-01,Kladno,SPO,8
2026-07-01,Kladno,BPO,1
2026-07-01,Kolín,SPO,2
2026-07-01,LCU,XPO,72
2026-07-01,LCU,XL,2
2026-07-01,Liberec,SPO,5
2026-07-01,Mladá Boleslav,SPO,10
2026-07-01,Most,SPO,3
2026-07-01,Mělník,SPO,7
2026-07-01,Olomouc,SPO,5
2026-07-01,Opava,SPO,6
2026-07-01,Ostrava,SPO,99
2026-07-01,Ostrava,BPO,16
2026-07-01,Pardubice,SPO,4
2026-07-01,Plzeň město,SPO,33
2026-07-01,Pobočka Chrášťany,SPO,24
2026-07-01,Pobočka Chrášťany,BPO,2
2026-07-01,Počernice,SPO,32
2026-07-01,Praha - centrála,SPO,423
2026-07-01,Praha - centrála,BPO,61
2026-07-01,Prostějov,SPO,2
2026-07-01,Příbram,SPO,5
2026-07-01,SKLC3,SPO,1880
2026-07-01,SKLC3,BPO,388
2026-07-01,SKLC3,XPO,48
2026-07-01,Tábor,SPO,14
2026-07-01,Třebíč,SPO,5
2026-07-01,Zlín,SPO,4
2026-07-01,Ústí nad Labem,SPO,5
2026-07-01,Čakovice,SPO,70
2026-07-01,Čakovice,BPO,19
2026-07-01,České Budějovice,SPO,6
2026-07-02,Anděl,SPO,52
2026-07-02,Anděl,BPO,3
2026-07-02,Benešov,SPO,10
2026-07-02,Beroun,SPO,7
2026-07-02,Brno,SPO,62
2026-07-02,Brno,BPO,6
2026-07-02,Brno Lískovec,SPO,14
2026-07-02,Budějovická,SPO,41
2026-07-02,Budějovická,BPO,8
2026-07-02,Chomutov,SPO,4
2026-07-02,Dejvice,SPO,14
2026-07-02,Děčín,SPO,6
2026-07-02,Frýdek-Místek,SPO,9
2026-07-02,Hradec,SPO,11
2026-07-02,Hradec,BPO,2
2026-07-02,Háje,SPO,37
2026-07-02,Háje,BPO,1
2026-07-02,Jihlava,SPO,14
2026-07-02,Karlovy Vary,SPO,8
2026-07-02,Kladno,SPO,5
2026-07-02,Kolín,SPO,4
2026-07-02,LCU,XPO,163
2026-07-02,Liberec,SPO,4
2026-07-02,Mladá Boleslav,SPO,7
2026-07-02,Most,SPO,5
2026-07-02,Mělník,SPO,6
2026-07-02,Olomouc,SPO,7
2026-07-02,Opava,SPO,1
2026-07-02,Ostrava,SPO,86
2026-07-02,Ostrava,BPO,24
2026-07-02,Pardubice,SPO,6
2026-07-02,Plzeň město,SPO,45
2026-07-02,Plzeň město,BPO,6
2026-07-02,Pobočka Chrášťany,SPO,28
2026-07-02,Pobočka Chrášťany,BPO,2
2026-07-02,Počernice,SPO,29
2026-07-02,Počernice,BPO,9
2026-07-02,Praha - centrála,SPO,310
2026-07-02,Praha - centrála,BPO,116
2026-07-02,Praha - centrála,XPO,1
2026-07-02,Prostějov,SPO,6
2026-07-02,Příbram,SPO,5
2026-07-02,SKLC3,SPO,1651
2026-07-02,SKLC3,BPO,698
2026-07-02,SKLC3,XPO,33
2026-07-02,Tábor,SPO,5
2026-07-02,Třebíč,SPO,3
2026-07-02,Zlín,SPO,5
2026-07-02,Ústí nad Labem,SPO,6
2026-07-02,Čakovice,SPO,48
2026-07-02,České Budějovice,SPO,3
2026-07-03,Anděl,SPO,54
2026-07-03,Anděl,BPO,7
2026-07-03,Benešov,SPO,7
2026-07-03,Beroun,SPO,8
2026-07-03,Brno,SPO,58
2026-07-03,Brno,BPO,7
2026-07-03,Brno Lískovec,SPO,6
2026-07-03,Budějovická,SPO,53
2026-07-03,Budějovická,BPO,8
2026-07-03,Chomutov,SPO,1
2026-07-03,Dejvice,SPO,14
2026-07-03,Děčín,SPO,11
2026-07-03,Frýdek-Místek,SPO,4
2026-07-03,Hradec,SPO,16
2026-07-03,Háje,SPO,37
2026-07-03,Háje,BPO,9
2026-07-03,Jihlava,SPO,4
2026-07-03,Karlovy Vary,SPO,9
2026-07-03,Karlovy Vary,BPO,2
2026-07-03,Kladno,SPO,12
2026-07-03,Kolín,SPO,6
2026-07-03,LCU,XPO,312
2026-07-03,LCU,XL,9
2026-07-03,Liberec,SPO,3
2026-07-03,Mladá Boleslav,SPO,10
2026-07-03,Most,SPO,2
2026-07-03,Mělník,SPO,6
2026-07-03,Olomouc,SPO,12
2026-07-03,Opava,SPO,5
2026-07-03,Ostrava,SPO,100
2026-07-03,Ostrava,BPO,31
2026-07-03,Pardubice,SPO,1
2026-07-03,Plzeň město,SPO,28
2026-07-03,Plzeň město,BPO,23
2026-07-03,Pobočka Chrášťany,SPO,26
2026-07-03,Pobočka Chrášťany,BPO,21
2026-07-03,Počernice,SPO,22
2026-07-03,Počernice,BPO,3
2026-07-03,Praha - centrála,SPO,405
2026-07-03,Praha - centrála,BPO,64
2026-07-03,Prostějov,SPO,8
2026-07-03,Příbram,SPO,4
2026-07-03,SKLC3,SPO,1748
2026-07-03,SKLC3,BPO,472
2026-07-03,SKLC3,XPO,8
2026-07-03,Tábor,SPO,4
2026-07-03,Třebíč,SPO,4
2026-07-03,Zlín,SPO,9
2026-07-03,Ústí nad Labem,SPO,8
2026-07-03,Čakovice,SPO,70
2026-07-03,České Budějovice,SPO,1
2026-07-04,Anděl,SPO,54
2026-07-04,Anděl,BPO,9
2026-07-04,Benešov,SPO,16
2026-07-04,Beroun,SPO,8
2026-07-04,Brno,SPO,61
2026-07-04,Brno,BPO,19
2026-07-04,Brno Lískovec,SPO,12
2026-07-04,Brno Lískovec,BPO,2
2026-07-04,Budějovická,SPO,61
2026-07-04,Budějovická,BPO,11
2026-07-04,Chomutov,SPO,6
2026-07-04,Dejvice,SPO,22
2026-07-04,Děčín,SPO,2
2026-07-04,Frýdek-Místek,SPO,10
2026-07-04,Hradec,SPO,15
2026-07-04,Hradec,BPO,1
2026-07-04,Háje,SPO,50
2026-07-04,Háje,BPO,2
2026-07-04,Jihlava,SPO,7
2026-07-04,Jihlava,BPO,2
2026-07-04,Karlovy Vary,SPO,5
2026-07-04,Kladno,SPO,9
2026-07-04,Kolín,SPO,5
2026-07-04,LCU,XPO,381
2026-07-04,LCU,XL,6
2026-07-04,LCU,VB,1
2026-07-04,Liberec,SPO,5
2026-07-04,Mladá Boleslav,SPO,2
2026-07-04,Most,SPO,4
2026-07-04,Mělník,SPO,8
2026-07-04,Olomouc,SPO,10
2026-07-04,Opava,SPO,7
2026-07-04,Ostrava,SPO,133
2026-07-04,Ostrava,BPO,31
2026-07-04,Pardubice,SPO,6
2026-07-04,Plzeň město,SPO,79
2026-07-04,Plzeň město,BPO,33
2026-07-04,Pobočka Chrášťany,SPO,69
2026-07-04,Pobočka Chrášťany,BPO,12
2026-07-04,Počernice,SPO,36
2026-07-04,Počernice,BPO,3
2026-07-04,Praha - centrála,SPO,434
2026-07-04,Praha - centrála,BPO,145
2026-07-04,Prostějov,SPO,5
2026-07-04,Příbram,SPO,11
2026-07-04,SKLC3,SPO,1844
2026-07-04,SKLC3,BPO,278
2026-07-04,SKLC3,XPO,21
2026-07-04,Tábor,SPO,11
2026-07-04,Tábor,BPO,1
2026-07-04,Třebíč,SPO,8
2026-07-04,Zlín,SPO,16
2026-07-04,Ústí nad Labem,SPO,4
2026-07-04,Čakovice,SPO,79
2026-07-04,Čakovice,BPO,23
2026-07-04,České Budějovice,SPO,9
2026-07-05,Anděl,SPO,51
2026-07-05,Anděl,BPO,6
2026-07-05,Benešov,SPO,10
2026-07-05,Beroun,SPO,5
2026-07-05,Brno,SPO,48
2026-07-05,Brno,BPO,5
2026-07-05,Brno Lískovec,SPO,10
2026-07-05,Budějovická,SPO,27
2026-07-05,Budějovická,BPO,9
2026-07-05,Chomutov,SPO,1
2026-07-05,Dejvice,SPO,10
2026-07-05,Děčín,SPO,6
2026-07-05,Frýdek-Místek,SPO,11
2026-07-05,Hradec,SPO,10
2026-07-05,Háje,SPO,45
2026-07-05,Háje,BPO,3
2026-07-05,Jihlava,SPO,6
2026-07-05,Karlovy Vary,SPO,5
2026-07-05,Kladno,SPO,7
2026-07-05,Kolín,SPO,9
2026-07-05,LCU,XPO,299
2026-07-05,LCU,XL,3
2026-07-05,Liberec,SPO,3
2026-07-05,Mladá Boleslav,SPO,3
2026-07-05,Most,SPO,1
2026-07-05,Mělník,SPO,13
2026-07-05,Olomouc,SPO,8
2026-07-05,Opava,SPO,6
2026-07-05,Ostrava,SPO,71
2026-07-05,Ostrava,BPO,20
2026-07-05,Pardubice,SPO,8
2026-07-05,Plzeň město,SPO,36
2026-07-05,Plzeň město,BPO,9
2026-07-05,Pobočka Chrášťany,SPO,61
2026-07-05,Počernice,SPO,20
2026-07-05,Počernice,BPO,3
2026-07-05,Praha - centrála,SPO,359
2026-07-05,Praha - centrála,BPO,75
2026-07-05,Prostějov,SPO,2
2026-07-05,Příbram,SPO,7
2026-07-05,SKLC3,SPO,1580
2026-07-05,SKLC3,BPO,278
2026-07-05,SKLC3,XPO,25
2026-07-05,Tábor,SPO,7
2026-07-05,Tábor,BPO,2
2026-07-05,Třebíč,SPO,3
2026-07-05,Zlín,SPO,11
2026-07-05,Ústí nad Labem,SPO,3
2026-07-05,Čakovice,SPO,46
2026-07-05,České Budějovice,SPO,9
2026-07-06,Anděl,SPO,33
2026-07-06,Benešov,SPO,15
2026-07-06,Beroun,SPO,3
2026-07-06,Brno,SPO,29
2026-07-06,Brno,BPO,4
2026-07-06,Brno Lískovec,SPO,8
2026-07-06,Budějovická,SPO,18
2026-07-06,Budějovická,BPO,5
2026-07-06,Dejvice,SPO,4
2026-07-06,Děčín,SPO,5
2026-07-06,Frýdek-Místek,SPO,7
2026-07-06,Hradec,SPO,10
2026-07-06,Háje,SPO,31
2026-07-06,Háje,BPO,1
2026-07-06,Jihlava,SPO,1
2026-07-06,Karlovy Vary,SPO,2
2026-07-06,Kladno,SPO,2
2026-07-06,Kolín,SPO,1
2026-07-06,LCU,XPO,41
2026-07-06,Liberec,SPO,5
2026-07-06,Mladá Boleslav,SPO,4
2026-07-06,Most,SPO,2
2026-07-06,Mělník,SPO,4
2026-07-06,Olomouc,SPO,7
2026-07-06,Opava,SPO,6
2026-07-06,Ostrava,SPO,129
2026-07-06,Ostrava,BPO,21
2026-07-06,Pardubice,SPO,7
2026-07-06,Plzeň město,SPO,46
2026-07-06,Plzeň město,BPO,5
2026-07-06,Pobočka Chrášťany,SPO,32
2026-07-06,Pobočka Chrášťany,BPO,10
2026-07-06,Počernice,SPO,27
2026-07-06,Počernice,BPO,10
2026-07-06,Praha - centrála,SPO,396
2026-07-06,Praha - centrála,BPO,75
2026-07-06,Prostějov,SPO,1
2026-07-06,Příbram,SPO,1
2026-07-06,SKLC3,SPO,2016
2026-07-06,SKLC3,BPO,781
2026-07-06,SKLC3,XPO,3
2026-07-06,Tábor,SPO,5
2026-07-06,Třebíč,SPO,5
2026-07-06,Zlín,SPO,1
2026-07-06,Ústí nad Labem,SPO,1
2026-07-06,Ústí nad Labem,BPO,1
2026-07-06,Čakovice,SPO,37
2026-07-06,České Budějovice,SPO,3
2026-07-07,Anděl,SPO,29
2026-07-07,Anděl,BPO,7
2026-07-07,Benešov,SPO,6
2026-07-07,Brno,SPO,42
2026-07-07,Brno,BPO,6
2026-07-07,Brno Lískovec,SPO,10
2026-07-07,Budějovická,SPO,16
2026-07-07,Budějovická,BPO,4
2026-07-07,Chomutov,SPO,1
2026-07-07,Dejvice,SPO,7
2026-07-07,Děčín,SPO,3
2026-07-07,Frýdek-Místek,SPO,8
2026-07-07,Hradec,SPO,4
2026-07-07,Háje,SPO,30
2026-07-07,Háje,BPO,6
2026-07-07,Jihlava,SPO,4
2026-07-07,Karlovy Vary,SPO,1
2026-07-07,Kladno,SPO,3
2026-07-07,Kolín,SPO,1
2026-07-07,LCU,XPO,57
2026-07-07,LCU,XL,1
2026-07-07,Liberec,SPO,8
2026-07-07,Mladá Boleslav,SPO,4
2026-07-07,Most,SPO,5
2026-07-07,Mělník,SPO,3
2026-07-07,Olomouc,SPO,4
2026-07-07,Opava,SPO,1
2026-07-07,Ostrava,SPO,110
2026-07-07,Ostrava,BPO,12
2026-07-07,Pardubice,SPO,3
2026-07-07,Plzeň město,SPO,33
2026-07-07,Plzeň město,BPO,4
2026-07-07,Pobočka Chrášťany,SPO,38
2026-07-07,Pobočka Chrášťany,BPO,5
2026-07-07,Počernice,SPO,15
2026-07-07,Počernice,BPO,2
2026-07-07,Praha - centrála,SPO,454
2026-07-07,Praha - centrála,BPO,130
2026-07-07,Prostějov,SPO,1
2026-07-07,Příbram,SPO,3
2026-07-07,SKLC3,SPO,2038
2026-07-07,SKLC3,BPO,935
2026-07-07,SKLC3,XPO,17
2026-07-07,Tábor,SPO,4
2026-07-07,Zlín,SPO,5
2026-07-07,Ústí nad Labem,SPO,2
2026-07-07,Čakovice,SPO,38
2026-07-07,České Budějovice,SPO,5
2026-07-08,Anděl,SPO,41
2026-07-08,Anděl,BPO,13
2026-07-08,Benešov,SPO,5
2026-07-08,Beroun,SPO,2
2026-07-08,Brno,SPO,50
2026-07-08,Brno,BPO,12
2026-07-08,Brno Lískovec,SPO,18
2026-07-08,Budějovická,SPO,45
2026-07-08,Budějovická,BPO,8
2026-07-08,Chomutov,SPO,2
2026-07-08,Dejvice,SPO,10
2026-07-08,Děčín,SPO,2
2026-07-08,Frýdek-Místek,SPO,6
2026-07-08,Hradec,SPO,22
2026-07-08,Hradec,BPO,4
2026-07-08,Háje,SPO,43
2026-07-08,Jihlava,SPO,17
2026-07-08,Karlovy Vary,SPO,10
2026-07-08,Kladno,SPO,19
2026-07-08,Kolín,SPO,4
2026-07-08,LCU,XPO,442
2026-07-08,LCU,XL,2
2026-07-08,Liberec,SPO,10
2026-07-08,Mladá Boleslav,SPO,10
2026-07-08,Most,SPO,4
2026-07-08,Mělník,SPO,10
2026-07-08,Olomouc,SPO,9
2026-07-08,Opava,SPO,6
2026-07-08,Ostrava,SPO,136
2026-07-08,Ostrava,BPO,20
2026-07-08,Pardubice,SPO,11
2026-07-08,Plzeň město,SPO,47
2026-07-08,Pobočka Chrášťany,SPO,35
2026-07-08,Pobočka Chrášťany,BPO,5
2026-07-08,Počernice,SPO,15
2026-07-08,Počernice,BPO,18
2026-07-08,Praha - centrála,SPO,517
2026-07-08,Praha - centrála,BPO,197
2026-07-08,Prostějov,SPO,3
2026-07-08,Příbram,SPO,6
2026-07-08,SKLC3,SPO,2318
2026-07-08,SKLC3,BPO,645
2026-07-08,SKLC3,XPO,21
2026-07-08,Tábor,SPO,6
2026-07-08,Třebíč,SPO,4
2026-07-08,Zlín,SPO,8
2026-07-08,Ústí nad Labem,SPO,11
2026-07-08,Čakovice,SPO,46
2026-07-08,České Budějovice,SPO,13
2026-07-09,Anděl,SPO,66
2026-07-09,Anděl,BPO,5
2026-07-09,Benešov,SPO,17
2026-07-09,Beroun,SPO,15
2026-07-09,Brno,SPO,70
2026-07-09,Brno Lískovec,SPO,5
2026-07-09,Budějovická,SPO,92
2026-07-09,Budějovická,BPO,4
2026-07-09,Chomutov,SPO,30
2026-07-09,Dejvice,SPO,41
2026-07-09,Děčín,SPO,1
2026-07-09,Frýdek-Místek,SPO,38
2026-07-09,Hradec,SPO,37
2026-07-09,Hradec,BPO,1
2026-07-09,Háje,SPO,60
2026-07-09,Háje,BPO,4
2026-07-09,Jihlava,SPO,29
2026-07-09,Karlovy Vary,SPO,31
2026-07-09,Kladno,SPO,37
2026-07-09,Kolín,SPO,24
2026-07-09,LCU,XPO,28
2026-07-09,LCU,XL,2
2026-07-09,Liberec,SPO,31
2026-07-09,Mladá Boleslav,SPO,46
2026-07-09,Mladá Boleslav,BPO,5
2026-07-09,Most,SPO,37
2026-07-09,Mělník,SPO,26
2026-07-09,Olomouc,SPO,29
2026-07-09,Opava,SPO,22
2026-07-09,Ostrava,SPO,113
2026-07-09,Ostrava,BPO,22
2026-07-09,Pardubice,SPO,19
2026-07-09,Plzeň město,SPO,69
2026-07-09,Plzeň město,BPO,17
2026-07-09,Pobočka Chrášťany,SPO,55
2026-07-09,Počernice,SPO,32
2026-07-09,Počernice,BPO,5
2026-07-09,Praha - centrála,SPO,390
2026-07-09,Praha - centrála,BPO,129
2026-07-09,Prostějov,SPO,27
2026-07-09,Příbram,SPO,31
2026-07-09,SKLC3,SPO,1833
2026-07-09,SKLC3,BPO,523
2026-07-09,SKLC3,XPO,12
2026-07-09,Tábor,SPO,21
2026-07-09,Třebíč,SPO,14
2026-07-09,Zlín,SPO,37
2026-07-09,Ústí nad Labem,SPO,17
2026-07-09,Čakovice,SPO,55
2026-07-09,České Budějovice,SPO,18
2026-07-10,Anděl,SPO,49
2026-07-10,Anděl,BPO,3
2026-07-10,Benešov,SPO,10
2026-07-10,Beroun,SPO,12
2026-07-10,Brno,SPO,70
2026-07-10,Brno,BPO,10
2026-07-10,Brno Lískovec,SPO,16
2026-07-10,Budějovická,SPO,73
2026-07-10,Budějovická,BPO,20
2026-07-10,Chomutov,SPO,3
2026-07-10,Dejvice,SPO,15
2026-07-10,Děčín,SPO,3
2026-07-10,Frýdek-Místek,SPO,6
2026-07-10,Hradec,SPO,7
2026-07-10,Hradec,BPO,1
2026-07-10,Háje,SPO,58
2026-07-10,Háje,BPO,8
2026-07-10,Jihlava,SPO,7
2026-07-10,Karlovy Vary,SPO,10
2026-07-10,Kladno,SPO,11
2026-07-10,Kolín,SPO,7
2026-07-10,LCU,XPO,22
2026-07-10,LCU,XL,2
2026-07-10,Liberec,SPO,7
2026-07-10,Mladá Boleslav,SPO,6
2026-07-10,Mladá Boleslav,BPO,2
2026-07-10,Most,SPO,5
2026-07-10,Mělník,SPO,10
2026-07-10,Olomouc,SPO,10
2026-07-10,Opava,SPO,4
2026-07-10,Ostrava,SPO,97
2026-07-10,Ostrava,BPO,19
2026-07-10,Pardubice,SPO,7
2026-07-10,Plzeň město,SPO,47
2026-07-10,Plzeň město,BPO,10
2026-07-10,Pobočka Chrášťany,SPO,40
2026-07-10,Počernice,SPO,25
2026-07-10,Počernice,BPO,1
2026-07-10,Praha - centrála,SPO,474
2026-07-10,Praha - centrála,BPO,77
2026-07-10,Prostějov,SPO,9
2026-07-10,Příbram,SPO,6
2026-07-10,SKLC3,SPO,2334
2026-07-10,SKLC3,BPO,547
2026-07-10,SKLC3,XPO,20
2026-07-10,Tábor,SPO,9
2026-07-10,Třebíč,SPO,3
2026-07-10,Zlín,SPO,5
2026-07-10,Ústí nad Labem,SPO,7
2026-07-10,Čakovice,SPO,47
2026-07-10,Čakovice,BPO,16
2026-07-10,České Budějovice,SPO,14
2026-07-11,Anděl,SPO,32
2026-07-11,Anděl,BPO,9
2026-07-11,Benešov,SPO,7
2026-07-11,Beroun,SPO,36
2026-07-11,Beroun,BPO,8
2026-07-11,Brno,SPO,43
2026-07-11,Brno,BPO,7
2026-07-11,Brno Lískovec,SPO,15
2026-07-11,Budějovická,SPO,52
2026-07-11,Budějovická,BPO,6
2026-07-11,Chomutov,SPO,2
2026-07-11,Dejvice,SPO,15
2026-07-11,Děčín,SPO,4
2026-07-11,Frýdek-Místek,SPO,6
2026-07-11,Hradec,SPO,11
2026-07-11,Hradec,BPO,1
2026-07-11,Háje,SPO,39
2026-07-11,Háje,BPO,8
2026-07-11,Jihlava,SPO,6
2026-07-11,Karlovy Vary,SPO,11
2026-07-11,Kladno,SPO,4
2026-07-11,Kolín,SPO,3
2026-07-11,LCU,XPO,36
2026-07-11,Liberec,SPO,6
2026-07-11,Mladá Boleslav,SPO,7
2026-07-11,Mladá Boleslav,BPO,2
2026-07-11,Most,SPO,2
2026-07-11,Mělník,SPO,5
2026-07-11,Olomouc,SPO,15
2026-07-11,Opava,SPO,3
2026-07-11,Ostrava,SPO,113
2026-07-11,Ostrava,BPO,37
2026-07-11,Pardubice,SPO,4
2026-07-11,Plzeň město,SPO,41
2026-07-11,Plzeň město,BPO,21
2026-07-11,Pobočka Chrášťany,SPO,37
2026-07-11,Počernice,SPO,24
2026-07-11,Počernice,BPO,3
2026-07-11,Praha - centrála,SPO,476
2026-07-11,Praha - centrála,BPO,82
2026-07-11,Prostějov,SPO,7
2026-07-11,Příbram,SPO,10
2026-07-11,SKLC3,SPO,1521
2026-07-11,SKLC3,BPO,773
2026-07-11,SKLC3,XPO,2
2026-07-11,Tábor,SPO,7
2026-07-11,Třebíč,SPO,5
2026-07-11,Zlín,SPO,2
2026-07-11,Ústí nad Labem,SPO,6
2026-07-11,Čakovice,SPO,55
2026-07-11,Čakovice,BPO,14
2026-07-11,České Budějovice,SPO,15
2026-07-11,České Budějovice,BPO,2
2026-07-12,Anděl,SPO,35
2026-07-12,Anděl,BPO,10
2026-07-12,Benešov,SPO,7
2026-07-12,Benešov,BPO,1
2026-07-12,Brno,SPO,39
2026-07-12,Brno,BPO,10
2026-07-12,Brno Lískovec,SPO,11
2026-07-12,Budějovická,SPO,42
2026-07-12,Budějovická,BPO,9
2026-07-12,Dejvice,SPO,8
2026-07-12,Děčín,SPO,1
2026-07-12,Frýdek-Místek,SPO,3
2026-07-12,Hradec,SPO,9
2026-07-12,Háje,SPO,41
2026-07-12,Háje,BPO,4
2026-07-12,Jihlava,SPO,5
2026-07-12,Karlovy Vary,SPO,3
2026-07-12,Kladno,SPO,9
2026-07-12,Kolín,SPO,7
2026-07-12,LCU,XPO,17
2026-07-12,Liberec,SPO,5
2026-07-12,Mladá Boleslav,SPO,10
2026-07-12,Most,SPO,5
2026-07-12,Mělník,SPO,2
2026-07-12,Olomouc,SPO,5
2026-07-12,Opava,SPO,2
2026-07-12,Ostrava,SPO,86
2026-07-12,Ostrava,BPO,20
2026-07-12,Pardubice,SPO,3
2026-07-12,Plzeň město,SPO,49
2026-07-12,Plzeň město,BPO,6
2026-07-12,Pobočka Chrášťany,SPO,35
2026-07-12,Pobočka Chrášťany,BPO,1
2026-07-12,Počernice,SPO,20
2026-07-12,Praha - centrála,SPO,454
2026-07-12,Praha - centrála,BPO,153
2026-07-12,Prostějov,SPO,5
2026-07-12,SKLC3,SPO,1989
2026-07-12,SKLC3,BPO,356
2026-07-12,SKLC3,XPO,11
2026-07-12,Tábor,SPO,5
2026-07-12,Čakovice,SPO,63
2026-07-12,Čakovice,BPO,15
2026-07-12,České Budějovice,SPO,4
2026-07-13,Anděl,SPO,34
2026-07-13,Anděl,BPO,5
2026-07-13,Benešov,SPO,6
2026-07-13,Beroun,SPO,2
2026-07-13,Brno,SPO,38
2026-07-13,Brno,BPO,7
2026-07-13,Brno Lískovec,SPO,6
2026-07-13,Budějovická,SPO,39
2026-07-13,Budějovická,BPO,9
2026-07-13,Dejvice,SPO,7
2026-07-13,Děčín,SPO,3
2026-07-13,Frýdek-Místek,SPO,4
2026-07-13,Hradec,SPO,11
2026-07-13,Háje,SPO,41
2026-07-13,Háje,BPO,6
2026-07-13,Jihlava,SPO,3
2026-07-13,Karlovy Vary,SPO,7
2026-07-13,Kladno,SPO,11
2026-07-13,Kolín,SPO,6
2026-07-13,LCU,XPO,26
2026-07-13,Liberec,SPO,7
2026-07-13,Mladá Boleslav,SPO,6
2026-07-13,Most,SPO,4
2026-07-13,Mělník,SPO,10
2026-07-13,Olomouc,SPO,6
2026-07-13,Opava,SPO,9
2026-07-13,Ostrava,SPO,109
2026-07-13,Ostrava,BPO,26
2026-07-13,Pardubice,SPO,8
2026-07-13,Plzeň město,SPO,47
2026-07-13,Plzeň město,BPO,8
2026-07-13,Pobočka Chrášťany,SPO,39
2026-07-13,Pobočka Chrášťany,BPO,10
2026-07-13,Počernice,SPO,18
2026-07-13,Počernice,BPO,3
2026-07-13,Praha - centrála,SPO,461
2026-07-13,Praha - centrála,BPO,159
2026-07-13,Prostějov,SPO,10
2026-07-13,Příbram,SPO,1
2026-07-13,SKLC3,SPO,2156
2026-07-13,SKLC3,BPO,461
2026-07-13,SKLC3,XPO,2
2026-07-13,Tábor,SPO,4
2026-07-13,Třebíč,SPO,2
2026-07-13,Zlín,SPO,8
2026-07-13,Ústí nad Labem,SPO,14
2026-07-13,Čakovice,SPO,67
2026-07-13,Čakovice,BPO,24
2026-07-13,České Budějovice,SPO,9
2026-07-14,Anděl,SPO,48
2026-07-14,Anděl,BPO,8
2026-07-14,Benešov,SPO,11
2026-07-14,Beroun,SPO,6
2026-07-14,Beroun,BPO,1
2026-07-14,Brno,SPO,60
2026-07-14,Brno,BPO,7
2026-07-14,Brno Lískovec,SPO,10
2026-07-14,Budějovická,SPO,37
2026-07-14,Budějovická,BPO,10
2026-07-14,Chomutov,SPO,4
2026-07-14,Dejvice,SPO,12
2026-07-14,Děčín,SPO,3
2026-07-14,Frýdek-Místek,SPO,11
2026-07-14,Hradec,SPO,7
2026-07-14,Háje,SPO,52
2026-07-14,Háje,BPO,3
2026-07-14,Jihlava,SPO,8
2026-07-14,Karlovy Vary,SPO,2
2026-07-14,Kladno,SPO,6
2026-07-14,Kolín,SPO,3
2026-07-14,LCU,XPO,18
2026-07-14,Liberec,SPO,2
2026-07-14,Mladá Boleslav,SPO,5
2026-07-14,Most,SPO,2
2026-07-14,Mělník,SPO,6
2026-07-14,Olomouc,SPO,4
2026-07-14,Opava,SPO,2
2026-07-14,Ostrava,SPO,100
2026-07-14,Ostrava,BPO,27
2026-07-14,Pardubice,SPO,6
2026-07-14,Plzeň město,SPO,50
2026-07-14,Pobočka Chrášťany,SPO,21
2026-07-14,Pobočka Chrášťany,BPO,2
2026-07-14,Počernice,SPO,28
2026-07-14,Počernice,BPO,5
2026-07-14,Praha - centrála,SPO,421
2026-07-14,Praha - centrála,BPO,89
2026-07-14,Prostějov,SPO,4
2026-07-14,Příbram,SPO,5
2026-07-14,SKLC3,SPO,2654
2026-07-14,SKLC3,BPO,831
2026-07-14,SKLC3,XPO,15
2026-07-14,Tábor,SPO,6
2026-07-14,Třebíč,SPO,4
2026-07-14,Zlín,SPO,9
2026-07-14,Ústí nad Labem,SPO,2
2026-07-14,Čakovice,SPO,51
2026-07-14,České Budějovice,SPO,3
2026-07-15,Anděl,SPO,54
2026-07-15,Anděl,BPO,18
2026-07-15,Benešov,SPO,7
2026-07-15,Benešov,BPO,3
2026-07-15,Beroun,SPO,3
2026-07-15,Brno,SPO,54
2026-07-15,Brno,BPO,10
2026-07-15,Brno Lískovec,SPO,10
2026-07-15,Budějovická,SPO,54
2026-07-15,Budějovická,BPO,7
2026-07-15,Chomutov,SPO,5
2026-07-15,Dejvice,SPO,15
2026-07-15,Dejvice,BPO,3
2026-07-15,Děčín,SPO,2
2026-07-15,Frýdek-Místek,SPO,6
2026-07-15,Hradec,SPO,8
2026-07-15,Hradec,BPO,3
2026-07-15,Háje,SPO,45
2026-07-15,Háje,BPO,5
2026-07-15,Jihlava,SPO,5
2026-07-15,Karlovy Vary,SPO,8
2026-07-15,Kladno,SPO,8
2026-07-15,Kolín,SPO,5
2026-07-15,LCU,XPO,19
2026-07-15,Liberec,SPO,6
2026-07-15,Mladá Boleslav,SPO,8
2026-07-15,Most,SPO,5
2026-07-15,Mělník,SPO,4
2026-07-15,Olomouc,SPO,3
2026-07-15,Opava,SPO,6
2026-07-15,Ostrava,SPO,121
2026-07-15,Ostrava,BPO,26
2026-07-15,Pardubice,SPO,5
2026-07-15,Pardubice,BPO,1
2026-07-15,Plzeň město,SPO,50
2026-07-15,Pobočka Chrášťany,SPO,11
2026-07-15,Pobočka Chrášťany,BPO,11
2026-07-15,Počernice,SPO,26
2026-07-15,Počernice,BPO,6
2026-07-15,Praha - centrála,SPO,497
2026-07-15,Praha - centrála,BPO,124
2026-07-15,Prostějov,SPO,5
2026-07-15,Příbram,SPO,2
2026-07-15,SKLC3,SPO,2242
2026-07-15,SKLC3,BPO,548
2026-07-15,SKLC3,XPO,8
2026-07-15,Tábor,SPO,4
2026-07-15,Tábor,BPO,3
2026-07-15,Třebíč,SPO,3
2026-07-15,Zlín,SPO,8
2026-07-15,Zlín,BPO,3
2026-07-15,Ústí nad Labem,SPO,5
2026-07-15,Čakovice,SPO,47
2026-07-15,Čakovice,BPO,53
2026-07-15,České Budějovice,SPO,5
2026-07-15,České Budějovice,BPO,3
2026-07-16,Anděl,SPO,43
2026-07-16,Anděl,BPO,7
2026-07-16,Benešov,SPO,11
2026-07-16,Beroun,SPO,2
2026-07-16,Brno,SPO,67
2026-07-16,Brno,BPO,7
2026-07-16,Brno Lískovec,SPO,15
2026-07-16,Brno Lískovec,BPO,1
2026-07-16,Budějovická,SPO,55
2026-07-16,Budějovická,BPO,12
2026-07-16,Chomutov,SPO,3
2026-07-16,Dejvice,SPO,11
2026-07-16,Děčín,SPO,6
2026-07-16,Frýdek-Místek,SPO,6
2026-07-16,Hradec,SPO,12
2026-07-16,Hradec,BPO,11
2026-07-16,Háje,SPO,38
2026-07-16,Háje,BPO,3
2026-07-16,Jihlava,SPO,6
2026-07-16,Karlovy Vary,SPO,4
2026-07-16,Kladno,SPO,9
2026-07-16,Kladno,BPO,2
2026-07-16,Kolín,SPO,4
2026-07-16,Kolín,BPO,2
2026-07-16,LCU,XPO,54
2026-07-16,LCU,XL,3
2026-07-16,Liberec,SPO,9
2026-07-16,Mladá Boleslav,SPO,7
2026-07-16,Most,SPO,4
2026-07-16,Mělník,SPO,9
2026-07-16,Olomouc,SPO,9
2026-07-16,Opava,SPO,4
2026-07-16,Ostrava,SPO,114
2026-07-16,Ostrava,BPO,38
2026-07-16,Pardubice,SPO,9
2026-07-16,Plzeň město,SPO,61
2026-07-16,Plzeň město,BPO,15
2026-07-16,Pobočka Chrášťany,SPO,34
2026-07-16,Počernice,SPO,27
2026-07-16,Počernice,BPO,2
2026-07-16,Praha - centrála,SPO,409
2026-07-16,Praha - centrála,BPO,138
2026-07-16,Prostějov,SPO,6
2026-07-16,Příbram,SPO,7
2026-07-16,SKLC3,SPO,2002
2026-07-16,SKLC3,BPO,467
2026-07-16,SKLC3,XPO,9
2026-07-16,SKLC3,XL,1
2026-07-16,Tábor,SPO,2
2026-07-16,Třebíč,SPO,1
2026-07-16,Zlín,SPO,11
2026-07-16,Ústí nad Labem,SPO,11
2026-07-16,Čakovice,SPO,69
2026-07-16,Čakovice,BPO,9
2026-07-16,České Budějovice,SPO,6
2026-07-17,Anděl,SPO,48
2026-07-17,Anděl,BPO,7
2026-07-17,Benešov,SPO,14
2026-07-17,Beroun,SPO,4
2026-07-17,Brno,SPO,60
2026-07-17,Brno,BPO,20
2026-07-17,Brno Lískovec,SPO,15
2026-07-17,Budějovická,SPO,58
2026-07-17,Budějovická,BPO,13
2026-07-17,Chomutov,SPO,4
2026-07-17,Dejvice,SPO,16
2026-07-17,Děčín,SPO,10
2026-07-17,Frýdek-Místek,SPO,7
2026-07-17,Hradec,SPO,9
2026-07-17,Háje,SPO,58
2026-07-17,Háje,BPO,6
2026-07-17,Jihlava,SPO,5
2026-07-17,Karlovy Vary,SPO,7
2026-07-17,Kladno,SPO,14
2026-07-17,Kolín,SPO,9
2026-07-17,LCU,XPO,36
2026-07-17,LCU,XL,1
2026-07-17,Liberec,SPO,8
2026-07-17,Mladá Boleslav,SPO,9
2026-07-17,Most,SPO,5
2026-07-17,Mělník,SPO,14
2026-07-17,Olomouc,SPO,13
2026-07-17,Opava,SPO,6
2026-07-17,Ostrava,SPO,195
2026-07-17,Ostrava,BPO,25
2026-07-17,Pardubice,SPO,4
2026-07-17,Plzeň město,SPO,50
2026-07-17,Plzeň město,BPO,30
2026-07-17,Pobočka Chrášťany,SPO,31
2026-07-17,Pobočka Chrášťany,BPO,25
2026-07-17,Počernice,SPO,25
2026-07-17,Počernice,BPO,5
2026-07-17,Praha - centrála,SPO,460
2026-07-17,Praha - centrála,BPO,117
2026-07-17,Prostějov,SPO,6
2026-07-17,Příbram,SPO,8
2026-07-17,SKLC3,SPO,2182
2026-07-17,SKLC3,BPO,715
2026-07-17,SKLC3,XPO,6
2026-07-17,Tábor,SPO,7
2026-07-17,Třebíč,SPO,6
2026-07-17,Zlín,SPO,11
2026-07-17,Ústí nad Labem,SPO,7
2026-07-17,Ústí nad Labem,BPO,2
2026-07-17,Čakovice,SPO,65
2026-07-17,Čakovice,BPO,22
2026-07-17,České Budějovice,SPO,7
2026-07-18,LCU,SPO,1
2026-07-18,LCU,XPO,37
2026-07-18,SKLC3,SPO,594
2026-07-18,SKLC3,BPO,22
2026-07-18,SKLC3,XPO,2
2026-07-19,Anděl,SPO,83
2026-07-19,Anděl,BPO,11
2026-07-19,Benešov,SPO,14
2026-07-19,Beroun,SPO,12
2026-07-19,Brno,SPO,102
2026-07-19,Brno,BPO,17
2026-07-19,Brno Lískovec,SPO,18
2026-07-19,Brno Lískovec,BPO,1
2026-07-19,Budějovická,SPO,84
2026-07-19,Budějovická,BPO,10
2026-07-19,Chomutov,SPO,2
2026-07-19,Dejvice,SPO,22
2026-07-19,Děčín,SPO,6
2026-07-19,Frýdek-Místek,SPO,16
2026-07-19,Hradec,SPO,25
2026-07-19,Háje,SPO,102
2026-07-19,Háje,BPO,4
2026-07-19,Jihlava,SPO,12
2026-07-19,Karlovy Vary,SPO,19
2026-07-19,Kladno,SPO,18
2026-07-19,Kolín,SPO,22
2026-07-19,LCU,XPO,46
2026-07-19,LCU,XL,1
2026-07-19,Liberec,SPO,18
2026-07-19,Mladá Boleslav,SPO,15
2026-07-19,Most,SPO,19
2026-07-19,Mělník,SPO,18
2026-07-19,Olomouc,SPO,38
2026-07-19,Opava,SPO,17
2026-07-19,Opava,BPO,1
2026-07-19,Ostrava,SPO,187
2026-07-19,Ostrava,BPO,37
2026-07-19,Pardubice,SPO,16
2026-07-19,Plzeň město,SPO,101
2026-07-19,Plzeň město,BPO,1
2026-07-19,Pobočka Chrášťany,SPO,61
2026-07-19,Pobočka Chrášťany,BPO,4
2026-07-19,Počernice,SPO,48
2026-07-19,Počernice,BPO,8
2026-07-19,Praha - centrála,SPO,846
2026-07-19,Praha - centrála,BPO,190
2026-07-19,Praha - centrála,XPO,1
2026-07-19,Prostějov,SPO,17
2026-07-19,Příbram,SPO,6
2026-07-19,SKLC3,SPO,6073
2026-07-19,SKLC3,BPO,1257
2026-07-19,SKLC3,XPO,1
2026-07-19,Tábor,SPO,20
2026-07-19,Třebíč,SPO,12
2026-07-19,Zlín,SPO,22
2026-07-19,Zlín,BPO,2
2026-07-19,Ústí nad Labem,SPO,15
2026-07-19,Čakovice,SPO,111
2026-07-19,Čakovice,BPO,38
2026-07-19,České Budějovice,SPO,17
2026-07-19,České Budějovice,BPO,1
2026-07-20,Anděl,SPO,45
2026-07-20,Anděl,BPO,16
2026-07-20,Benešov,SPO,4
2026-07-20,Brno,SPO,41
2026-07-20,Brno,BPO,5
2026-07-20,Brno Lískovec,SPO,5
2026-07-20,Budějovická,SPO,41
2026-07-20,Budějovická,BPO,5
2026-07-20,Dejvice,SPO,4
2026-07-20,Děčín,SPO,1
2026-07-20,Frýdek-Místek,SPO,3
2026-07-20,Hradec,SPO,5
2026-07-20,Háje,SPO,43
2026-07-20,Háje,BPO,1
2026-07-20,Jihlava,SPO,2
2026-07-20,Karlovy Vary,SPO,3
2026-07-20,Kladno,SPO,10
2026-07-20,LCU,XPO,25
2026-07-20,LCU,XL,1
2026-07-20,Liberec,SPO,5
2026-07-20,Mladá Boleslav,SPO,15
2026-07-20,Most,SPO,15
2026-07-20,Mělník,SPO,6
2026-07-20,Olomouc,SPO,6
2026-07-20,Opava,SPO,4
2026-07-20,Ostrava,SPO,93
2026-07-20,Ostrava,BPO,16
2026-07-20,Pardubice,SPO,4
2026-07-20,Plzeň město,SPO,40
2026-07-20,Pobočka Chrášťany,SPO,44
2026-07-20,Pobočka Chrášťany,BPO,3
2026-07-20,Počernice,SPO,28
2026-07-20,Počernice,BPO,2
2026-07-20,Praha - centrála,SPO,393
2026-07-20,Praha - centrála,BPO,61
2026-07-20,Prostějov,SPO,3
2026-07-20,SKLC3,SPO,3549
2026-07-20,SKLC3,BPO,896
2026-07-20,Tábor,SPO,6
2026-07-20,Zlín,SPO,4
2026-07-20,Ústí nad Labem,SPO,3
2026-07-20,Čakovice,SPO,69
2026-07-20,Čakovice,BPO,11
2026-07-20,České Budějovice,SPO,9
2026-07-21,Anděl,SPO,77
2026-07-21,Anděl,BPO,7
2026-07-21,Benešov,SPO,23
2026-07-21,Beroun,SPO,33
2026-07-21,Brno,SPO,89
2026-07-21,Brno,BPO,14
2026-07-21,Brno Lískovec,SPO,26
2026-07-21,Budějovická,SPO,61
2026-07-21,Budějovická,BPO,6
2026-07-21,Chomutov,SPO,15
2026-07-21,Dejvice,SPO,31
2026-07-21,Děčín,SPO,28
2026-07-21,Frýdek-Místek,SPO,7
2026-07-21,Hradec,SPO,28
2026-07-21,Hradec,BPO,3
2026-07-21,Háje,SPO,60
2026-07-21,Jihlava,SPO,8
2026-07-21,Karlovy Vary,SPO,25
2026-07-21,Kladno,SPO,29
2026-07-21,Kolín,SPO,18
2026-07-21,LCU,XPO,26
2026-07-21,Liberec,SPO,30
2026-07-21,Mladá Boleslav,SPO,26
2026-07-21,Most,SPO,17
2026-07-21,Mělník,SPO,19
2026-07-21,Olomouc,SPO,26
2026-07-21,Opava,SPO,24
2026-07-21,Ostrava,SPO,159
2026-07-21,Ostrava,BPO,25
2026-07-21,Pardubice,SPO,22
2026-07-21,Plzeň město,SPO,68
2026-07-21,Plzeň město,BPO,23
2026-07-21,Pobočka Chrášťany,SPO,36
2026-07-21,Pobočka Chrášťany,BPO,6
2026-07-21,Počernice,SPO,34
2026-07-21,Praha - centrála,SPO,442
2026-07-21,Praha - centrála,BPO,63
2026-07-21,Prostějov,SPO,12
2026-07-21,Příbram,SPO,17
2026-07-21,SKLC3,SPO,2376
2026-07-21,SKLC3,BPO,734
2026-07-21,Tábor,SPO,18
2026-07-21,Třebíč,SPO,24
2026-07-21,Zlín,SPO,29
2026-07-21,Ústí nad Labem,SPO,26
2026-07-21,Čakovice,SPO,62
2026-07-21,Čakovice,BPO,1
2026-07-21,České Budějovice,SPO,38
2026-07-22,Anděl,SPO,56
2026-07-22,Anděl,BPO,8
2026-07-22,Benešov,SPO,12
2026-07-22,Beroun,SPO,5
2026-07-22,Brno,SPO,74
2026-07-22,Brno,BPO,4
2026-07-22,Brno Lískovec,SPO,13
2026-07-22,Budějovická,SPO,55
2026-07-22,Budějovická,BPO,20
2026-07-22,Chomutov,SPO,1
2026-07-22,Dejvice,SPO,23
2026-07-22,Děčín,SPO,4
2026-07-22,Frýdek-Místek,SPO,4
2026-07-22,Hradec,SPO,17
2026-07-22,Hradec,BPO,1
2026-07-22,Háje,SPO,63
2026-07-22,Háje,BPO,8
2026-07-22,Jihlava,SPO,4
2026-07-22,Karlovy Vary,SPO,7
2026-07-22,Kladno,SPO,9
2026-07-22,Kolín,SPO,7
2026-07-22,LCU,XPO,7
2026-07-22,Liberec,SPO,6
2026-07-22,Mladá Boleslav,SPO,8
2026-07-22,Most,SPO,10
2026-07-22,Mělník,SPO,2
2026-07-22,Olomouc,SPO,11
2026-07-22,Opava,SPO,7
2026-07-22,Ostrava,SPO,109
2026-07-22,Ostrava,BPO,27
2026-07-22,Pardubice,SPO,6
2026-07-22,Plzeň město,SPO,53
2026-07-22,Plzeň město,BPO,9
2026-07-22,Pobočka Chrášťany,SPO,49
2026-07-22,Pobočka Chrášťany,BPO,4
2026-07-22,Počernice,SPO,24
2026-07-22,Praha - centrála,SPO,482
2026-07-22,Praha - centrála,BPO,95
2026-07-22,Prostějov,SPO,6
2026-07-22,Příbram,SPO,7
2026-07-22,SKLC3,SPO,2384
2026-07-22,SKLC3,BPO,569
2026-07-22,Tábor,SPO,9
2026-07-22,Třebíč,SPO,7
2026-07-22,Zlín,SPO,8
2026-07-22,Ústí nad Labem,SPO,7
2026-07-22,Čakovice,SPO,56
2026-07-22,Čakovice,BPO,17
2026-07-22,České Budějovice,SPO,7
2026-07-23,Anděl,SPO,41
2026-07-23,Anděl,BPO,1
2026-07-23,Benešov,SPO,17
2026-07-23,Beroun,SPO,1
2026-07-23,Brno,SPO,51
2026-07-23,Brno,BPO,5
2026-07-23,Brno Lískovec,SPO,3
2026-07-23,Budějovická,SPO,40
2026-07-23,Budějovická,BPO,6
2026-07-23,Chomutov,SPO,5
2026-07-23,Dejvice,SPO,18
2026-07-23,Děčín,SPO,1
2026-07-23,Frýdek-Místek,SPO,4
2026-07-23,Hradec,SPO,8
2026-07-23,Háje,SPO,40
2026-07-23,Háje,BPO,4
2026-07-23,Jihlava,SPO,1
2026-07-23,Karlovy Vary,SPO,3
2026-07-23,Kladno,SPO,3
2026-07-23,Kolín,SPO,8
2026-07-23,LCU,XPO,8
2026-07-23,Mladá Boleslav,SPO,6
2026-07-23,Most,SPO,7
2026-07-23,Mělník,SPO,7
2026-07-23,Olomouc,SPO,10
2026-07-23,Opava,SPO,7
2026-07-23,Ostrava,SPO,108
2026-07-23,Ostrava,BPO,12
2026-07-23,Pardubice,SPO,7
2026-07-23,Plzeň město,SPO,51
2026-07-23,Plzeň město,BPO,12
2026-07-23,Pobočka Chrášťany,SPO,32
2026-07-23,Pobočka Chrášťany,BPO,1
2026-07-23,Počernice,SPO,17
2026-07-23,Počernice,BPO,10
2026-07-23,Praha - centrála,SPO,360
2026-07-23,Praha - centrála,BPO,118
2026-07-23,Prostějov,SPO,3
2026-07-23,Příbram,SPO,3
2026-07-23,SKLC3,SPO,1880
2026-07-23,SKLC3,BPO,422
2026-07-23,Tábor,SPO,7
2026-07-23,Třebíč,SPO,3
2026-07-23,Třebíč,BPO,2
2026-07-23,Zlín,SPO,9
2026-07-23,Ústí nad Labem,SPO,10
2026-07-23,Čakovice,SPO,44
2026-07-23,Čakovice,BPO,30
2026-07-23,České Budějovice,SPO,2
2026-07-24,Anděl,SPO,49
2026-07-24,Anděl,BPO,4
2026-07-24,Benešov,SPO,11
2026-07-24,Beroun,SPO,4
2026-07-24,Brno,SPO,59
2026-07-24,Brno,BPO,10
2026-07-24,Brno Lískovec,SPO,5
2026-07-24,Budějovická,SPO,82
2026-07-24,Budějovická,BPO,6
2026-07-24,Dejvice,SPO,15
2026-07-24,Děčín,SPO,1
2026-07-24,Frýdek-Místek,SPO,6
2026-07-24,Hradec,SPO,7
2026-07-24,Háje,SPO,52
2026-07-24,Háje,BPO,4
2026-07-24,Jihlava,SPO,6
2026-07-24,Karlovy Vary,SPO,3
2026-07-24,Kladno,SPO,6
2026-07-24,Kolín,SPO,4
2026-07-24,LCU,XPO,12
2026-07-24,Liberec,SPO,5
2026-07-24,Mladá Boleslav,SPO,5
2026-07-24,Most,SPO,1
2026-07-24,Mělník,SPO,8
2026-07-24,Olomouc,SPO,8
2026-07-24,Opava,SPO,5
2026-07-24,Ostrava,SPO,106
2026-07-24,Ostrava,BPO,11
2026-07-24,Pardubice,SPO,4
2026-07-24,Plzeň město,SPO,27
2026-07-24,Plzeň město,BPO,14
2026-07-24,Pobočka Chrášťany,SPO,30
2026-07-24,Pobočka Chrášťany,BPO,8
2026-07-24,Počernice,SPO,24
2026-07-24,Počernice,BPO,2
2026-07-24,Praha - centrála,SPO,390
2026-07-24,Praha - centrála,BPO,125
2026-07-24,Prostějov,SPO,6
2026-07-24,Příbram,SPO,12
2026-07-24,SKLC3,SPO,2775
2026-07-24,SKLC3,BPO,451
2026-07-24,Tábor,SPO,10
2026-07-24,Třebíč,SPO,2
2026-07-24,Zlín,SPO,6
2026-07-24,Ústí nad Labem,SPO,2
2026-07-24,Čakovice,SPO,43
2026-07-24,Čakovice,BPO,6
2026-07-24,České Budějovice,SPO,7
2026-07-25,Anděl,SPO,58
2026-07-25,Anděl,BPO,1
2026-07-25,Benešov,SPO,13
2026-07-25,Beroun,SPO,5
2026-07-25,Brno,SPO,68
2026-07-25,Brno,BPO,28
2026-07-25,Brno Lískovec,SPO,10
2026-07-25,Budějovická,SPO,49
2026-07-25,Budějovická,BPO,17
2026-07-25,Chomutov,SPO,4
2026-07-25,Dejvice,SPO,20
2026-07-25,Děčín,SPO,3
2026-07-25,Frýdek-Místek,SPO,15
2026-07-25,Hradec,SPO,15
2026-07-25,Hradec,BPO,3
2026-07-25,Háje,SPO,44
2026-07-25,Háje,BPO,6
2026-07-25,Jihlava,SPO,7
2026-07-25,Karlovy Vary,SPO,7
2026-07-25,Kladno,SPO,10
2026-07-25,Kolín,SPO,4
2026-07-25,LCU,XPO,7
2026-07-25,Liberec,SPO,4
2026-07-25,Mladá Boleslav,SPO,6
2026-07-25,Most,SPO,5
2026-07-25,Mělník,SPO,9
2026-07-25,Olomouc,SPO,6
2026-07-25,Opava,SPO,4
2026-07-25,Ostrava,SPO,143
2026-07-25,Ostrava,BPO,15
2026-07-25,Pardubice,SPO,11
2026-07-25,Plzeň město,SPO,48
2026-07-25,Plzeň město,BPO,7
2026-07-25,Pobočka Chrášťany,SPO,58
2026-07-25,Pobočka Chrášťany,BPO,2
2026-07-25,Počernice,SPO,23
2026-07-25,Počernice,BPO,8
2026-07-25,Praha - centrála,SPO,439
2026-07-25,Praha - centrála,BPO,80
2026-07-25,Prostějov,SPO,6
2026-07-25,Příbram,SPO,9
2026-07-25,SKLC3,SPO,1902
2026-07-25,SKLC3,BPO,527
2026-07-25,Tábor,SPO,10
2026-07-25,Třebíč,SPO,6
2026-07-25,Zlín,SPO,9
2026-07-25,Ústí nad Labem,SPO,7
2026-07-25,Čakovice,SPO,58
2026-07-25,Čakovice,BPO,22
2026-07-25,České Budějovice,SPO,9
2026-07-26,Anděl,SPO,35
2026-07-26,Anděl,BPO,2
2026-07-26,Benešov,SPO,11
2026-07-26,Brno,SPO,54
2026-07-26,Brno,BPO,7
2026-07-26,Brno Lískovec,SPO,7
2026-07-26,Budějovická,SPO,45
2026-07-26,Budějovická,BPO,2
2026-07-26,Chomutov,SPO,1
2026-07-26,Dejvice,SPO,7
2026-07-26,Děčín,SPO,2
2026-07-26,Frýdek-Místek,SPO,2
2026-07-26,Hradec,SPO,6
2026-07-26,Háje,SPO,46
2026-07-26,Háje,BPO,3
2026-07-26,Karlovy Vary,SPO,4
2026-07-26,Kladno,SPO,9
2026-07-26,Kolín,SPO,4
2026-07-26,LCU,XPO,10
2026-07-26,LCU,XL,2
2026-07-26,Liberec,SPO,5
2026-07-26,Mladá Boleslav,SPO,7
2026-07-26,Most,SPO,3
2026-07-26,Mělník,SPO,3
2026-07-26,Olomouc,SPO,2
2026-07-26,Opava,SPO,3
2026-07-26,Ostrava,SPO,101
2026-07-26,Ostrava,BPO,16
2026-07-26,Pardubice,SPO,6
2026-07-26,Plzeň město,SPO,36
2026-07-26,Plzeň město,BPO,6
2026-07-26,Pobočka Chrášťany,SPO,40
2026-07-26,Počernice,SPO,20
2026-07-26,Počernice,BPO,2
2026-07-26,Praha - centrála,SPO,452
2026-07-26,Praha - centrála,BPO,69
2026-07-26,Příbram,SPO,1
2026-07-26,SKLC3,SPO,1783
2026-07-26,SKLC3,BPO,430
2026-07-26,Tábor,SPO,3
2026-07-26,Zlín,SPO,6
2026-07-26,Ústí nad Labem,SPO,8
2026-07-26,Čakovice,SPO,45
2026-07-26,Čakovice,BPO,9
2026-07-26,České Budějovice,SPO,8
2026-07-27,Anděl,SPO,26
2026-07-27,Anděl,BPO,4
2026-07-27,Benešov,SPO,4
2026-07-27,Brno,SPO,37
2026-07-27,Brno,BPO,12
2026-07-27,Brno Lískovec,SPO,10
2026-07-27,Budějovická,SPO,28
2026-07-27,Budějovická,BPO,3
2026-07-27,Dejvice,SPO,10
2026-07-27,Děčín,SPO,4
2026-07-27,Frýdek-Místek,SPO,3
2026-07-27,Hradec,SPO,8
2026-07-27,Hradec,BPO,1
2026-07-27,Háje,SPO,36
2026-07-27,Háje,BPO,4
2026-07-27,Jihlava,SPO,7
2026-07-27,Karlovy Vary,SPO,8
2026-07-27,Kladno,SPO,3
2026-07-27,LCU,XPO,34
2026-07-27,LCU,XL,1
2026-07-27,LCU,VB,1
2026-07-27,Mladá Boleslav,SPO,3
2026-07-27,Most,SPO,2
2026-07-27,Mělník,SPO,4
2026-07-27,Olomouc,SPO,3
2026-07-27,Ostrava,SPO,98
2026-07-27,Ostrava,BPO,18
2026-07-27,Pardubice,SPO,4
2026-07-27,Plzeň město,SPO,26
2026-07-27,Plzeň město,BPO,9
2026-07-27,Pobočka Chrášťany,SPO,36
2026-07-27,Pobočka Chrášťany,BPO,2
2026-07-27,Počernice,SPO,21
2026-07-27,Počernice,BPO,2
2026-07-27,Praha - centrála,SPO,402
2026-07-27,Praha - centrála,BPO,93
2026-07-27,Prostějov,SPO,5
2026-07-27,SKLC3,SPO,1859
2026-07-27,SKLC3,BPO,572
2026-07-27,Tábor,SPO,2
2026-07-27,Zlín,SPO,2
2026-07-27,Ústí nad Labem,SPO,6
2026-07-27,Čakovice,SPO,45
2026-07-27,České Budějovice,SPO,2
2026-07-28,Anděl,SPO,42
2026-07-28,Anděl,BPO,10
2026-07-28,Benešov,SPO,6
2026-07-28,Beroun,SPO,3
2026-07-28,Brno,SPO,59
2026-07-28,Brno,BPO,22
2026-07-28,Brno Lískovec,SPO,20
2026-07-28,Brno Lískovec,BPO,2
2026-07-28,Budějovická,SPO,74
2026-07-28,Budějovická,BPO,9
2026-07-28,Chomutov,SPO,1
2026-07-28,Dejvice,SPO,12
2026-07-28,Děčín,SPO,4
2026-07-28,Frýdek-Místek,SPO,21
2026-07-28,Frýdek-Místek,BPO,2
2026-07-28,Hradec,SPO,19
2026-07-28,Hradec,BPO,2
2026-07-28,Háje,SPO,48
2026-07-28,Háje,BPO,5
2026-07-28,Jihlava,SPO,6
2026-07-28,Karlovy Vary,SPO,3
2026-07-28,Kladno,SPO,18
2026-07-28,Kladno,BPO,2
2026-07-28,Kolín,SPO,4
2026-07-28,LCU,XPO,42
2026-07-28,Liberec,SPO,7
2026-07-28,Mladá Boleslav,SPO,24
2026-07-28,Mladá Boleslav,BPO,2
2026-07-28,Most,SPO,21
2026-07-28,Most,BPO,2
2026-07-28,Mělník,SPO,1
2026-07-28,Olomouc,SPO,20
2026-07-28,Olomouc,BPO,2
2026-07-28,Opava,SPO,2
2026-07-28,Ostrava,SPO,107
2026-07-28,Ostrava,BPO,27
2026-07-28,Pardubice,SPO,17
2026-07-28,Pardubice,BPO,2
2026-07-28,Plzeň město,SPO,56
2026-07-28,Plzeň město,BPO,14
2026-07-28,Pobočka Chrášťany,SPO,31
2026-07-28,Pobočka Chrášťany,BPO,8
2026-07-28,Počernice,SPO,17
2026-07-28,Počernice,BPO,3
2026-07-28,Praha - centrála,SPO,489
2026-07-28,Praha - centrála,BPO,245
2026-07-28,Prostějov,SPO,5
2026-07-28,Příbram,SPO,6
2026-07-28,SKLC3,SPO,2491
2026-07-28,SKLC3,BPO,531
2026-07-28,SKLC3,XPO,2
2026-07-28,Tábor,SPO,21
2026-07-28,Tábor,BPO,2
2026-07-28,Třebíč,SPO,2
2026-07-28,Zlín,SPO,7
2026-07-28,Ústí nad Labem,SPO,22
2026-07-28,Ústí nad Labem,BPO,2
2026-07-28,Čakovice,SPO,73
2026-07-28,Čakovice,BPO,9
2026-07-28,České Budějovice,SPO,7
2026-07-29,Anděl,SPO,68
2026-07-29,Anděl,BPO,15
2026-07-29,Benešov,SPO,6
2026-07-29,Beroun,SPO,2
2026-07-29,Brno,SPO,50
2026-07-29,Brno,BPO,20
2026-07-29,Brno Lískovec,SPO,3
2026-07-29,Budějovická,SPO,41
2026-07-29,Budějovická,BPO,7
2026-07-29,Chomutov,SPO,4
2026-07-29,Dejvice,SPO,13
2026-07-29,Děčín,SPO,4
2026-07-29,Frýdek-Místek,SPO,8
2026-07-29,Hradec,SPO,7
2026-07-29,Hradec,BPO,2
2026-07-29,Háje,SPO,55
2026-07-29,Háje,BPO,10
2026-07-29,Jihlava,SPO,5
2026-07-29,Karlovy Vary,SPO,5
2026-07-29,Kladno,SPO,9
2026-07-29,Kolín,SPO,2
2026-07-29,LCU,BPO,2
2026-07-29,LCU,XPO,30
2026-07-29,LCU,XL,1
2026-07-29,Liberec,SPO,5
2026-07-29,Mladá Boleslav,SPO,5
2026-07-29,Most,SPO,4
2026-07-29,Mělník,SPO,6
2026-07-29,Olomouc,SPO,8
2026-07-29,Opava,SPO,2
2026-07-29,Ostrava,SPO,102
2026-07-29,Ostrava,BPO,23
2026-07-29,Pardubice,SPO,5
2026-07-29,Plzeň město,SPO,59
2026-07-29,Pobočka Chrášťany,SPO,51
2026-07-29,Pobočka Chrášťany,BPO,8
2026-07-29,Počernice,SPO,41
2026-07-29,Počernice,BPO,12
2026-07-29,Praha - centrála,SPO,472
2026-07-29,Praha - centrála,BPO,158
2026-07-29,Prostějov,SPO,3
2026-07-29,Příbram,SPO,7
2026-07-29,SKLC3,SPO,2109
2026-07-29,SKLC3,BPO,486
2026-07-29,Tábor,SPO,5
2026-07-29,Třebíč,SPO,4
2026-07-29,Zlín,SPO,7
2026-07-29,Ústí nad Labem,SPO,1
2026-07-29,Čakovice,SPO,58
2026-07-29,Čakovice,BPO,6
2026-07-29,České Budějovice,SPO,3
2026-07-30,Anděl,SPO,41
2026-07-30,Benešov,SPO,15
2026-07-30,Beroun,SPO,7
2026-07-30,Brno,SPO,52
2026-07-30,Brno,BPO,17
2026-07-30,Brno Lískovec,SPO,4
2026-07-30,Budějovická,SPO,44
2026-07-30,Budějovická,BPO,8
2026-07-30,Chomutov,SPO,5
2026-07-30,Dejvice,SPO,23
2026-07-30,Děčín,SPO,5
2026-07-30,Frýdek-Místek,SPO,5
2026-07-30,Hradec,SPO,17
2026-07-30,Háje,SPO,43
2026-07-30,Háje,BPO,8
2026-07-30,Jihlava,SPO,4
2026-07-30,Karlovy Vary,SPO,12
2026-07-30,Kladno,SPO,7
2026-07-30,Kolín,SPO,1
2026-07-30,LCU,XPO,35
2026-07-30,LCU,XL,1
2026-07-30,Liberec,SPO,6
2026-07-30,Mladá Boleslav,SPO,8
2026-07-30,Mladá Boleslav,BPO,1
2026-07-30,Most,SPO,2
2026-07-30,Mělník,SPO,7
2026-07-30,Olomouc,SPO,5
2026-07-30,Opava,SPO,6
2026-07-30,Ostrava,SPO,79
2026-07-30,Ostrava,BPO,14
2026-07-30,Pardubice,SPO,4
2026-07-30,Plzeň město,SPO,48
2026-07-30,Plzeň město,BPO,23
2026-07-30,Pobočka Chrášťany,SPO,45
2026-07-30,Pobočka Chrášťany,BPO,6
2026-07-30,Počernice,SPO,21
2026-07-30,Počernice,BPO,1
2026-07-30,Praha - centrála,SPO,444
2026-07-30,Praha - centrála,BPO,89
2026-07-30,Prostějov,SPO,5
2026-07-30,Příbram,SPO,3
2026-07-30,SKLC3,SPO,1697
2026-07-30,SKLC3,BPO,493
2026-07-30,SKLC3,XPO,3
2026-07-30,Tábor,SPO,6
2026-07-30,Třebíč,SPO,7
2026-07-30,Zlín,SPO,5
2026-07-30,Ústí nad Labem,SPO,6
2026-07-30,Čakovice,SPO,50
2026-07-30,České Budějovice,SPO,9
2026-07-31,Anděl,SPO,34
2026-07-31,Anděl,BPO,4
2026-07-31,Benešov,SPO,6
2026-07-31,Beroun,SPO,5
2026-07-31,Beroun,BPO,2
2026-07-31,Brno,SPO,62
2026-07-31,Brno,BPO,12
2026-07-31,Brno Lískovec,SPO,3
2026-07-31,Budějovická,SPO,43
2026-07-31,Budějovická,BPO,2
2026-07-31,Chomutov,SPO,1
2026-07-31,Dejvice,SPO,22
2026-07-31,Děčín,SPO,2
2026-07-31,Děčín,BPO,2
2026-07-31,Frýdek-Místek,SPO,5
2026-07-31,Hradec,SPO,7
2026-07-31,Háje,SPO,46
2026-07-31,Háje,BPO,6
2026-07-31,Jihlava,SPO,2
2026-07-31,Karlovy Vary,SPO,3
2026-07-31,Kladno,SPO,6
2026-07-31,LCU,XPO,37
2026-07-31,LCU,XL,2
2026-07-31,Liberec,SPO,5
2026-07-31,Mladá Boleslav,SPO,7
2026-07-31,Most,SPO,1
2026-07-31,Mělník,SPO,2
2026-07-31,Olomouc,SPO,8
2026-07-31,Opava,SPO,3
2026-07-31,Ostrava,SPO,101
2026-07-31,Ostrava,BPO,36
2026-07-31,Pardubice,SPO,7
2026-07-31,Plzeň město,SPO,30
2026-07-31,Plzeň město,BPO,8
2026-07-31,Pobočka Chrášťany,SPO,26
2026-07-31,Pobočka Chrášťany,BPO,14
2026-07-31,Počernice,SPO,14
2026-07-31,Počernice,BPO,8
2026-07-31,Praha - centrála,SPO,486
2026-07-31,Praha - centrála,BPO,90
2026-07-31,Prostějov,SPO,5
2026-07-31,Příbram,SPO,4
2026-07-31,SKLC3,SPO,3207
2026-07-31,SKLC3,BPO,642
2026-07-31,SKLC3,XPO,1
2026-07-31,Tábor,SPO,5
2026-07-31,Třebíč,SPO,6
2026-07-31,Zlín,SPO,5
2026-07-31,Ústí nad Labem,SPO,6
2026-07-31,Čakovice,SPO,70
2026-07-31,České Budějovice,SPO,3
2026-08-01,Anděl,SPO,33
2026-08-01,Anděl,BPO,7
2026-08-01,Benešov,SPO,2
2026-08-01,Beroun,SPO,1
2026-08-01,Brno,SPO,45
2026-08-01,Brno,BPO,8
2026-08-01,Brno Lískovec,SPO,8
2026-08-01,Budějovická,SPO,39
2026-08-01,Budějovická,BPO,7
2026-08-01,Chomutov,SPO,3
2026-08-01,Dejvice,SPO,14
2026-08-01,Děčín,SPO,3
2026-08-01,Frýdek-Místek,SPO,5
2026-08-01,Hradec,SPO,14
2026-08-01,Háje,SPO,42
2026-08-01,Háje,BPO,5
2026-08-01,Jihlava,SPO,3
2026-08-01,Karlovy Vary,SPO,6
2026-08-01,Kladno,SPO,2
2026-08-01,Kolín,SPO,1
2026-08-01,LCU,XPO,34
2026-08-01,Liberec,SPO,4
2026-08-01,Liberec,BPO,2
2026-08-01,Mladá Boleslav,SPO,6
2026-08-01,Most,SPO,3
2026-08-01,Mělník,SPO,3
2026-08-01,Olomouc,SPO,3
2026-08-01,Opava,SPO,5
2026-08-01,Ostrava,SPO,186
2026-08-01,Ostrava,BPO,42
2026-08-01,Pardubice,SPO,4
2026-08-01,Plzeň město,SPO,50
2026-08-01,Plzeň město,BPO,12
2026-08-01,Pobočka Chrášťany,SPO,36
2026-08-01,Pobočka Chrášťany,BPO,7
2026-08-01,Počernice,SPO,18
2026-08-01,Počernice,BPO,3
2026-08-01,Praha - centrála,SPO,411
2026-08-01,Praha - centrála,BPO,125
2026-08-01,Prostějov,SPO,2
2026-08-01,Příbram,SPO,9
2026-08-01,SKLC3,SPO,3145
2026-08-01,SKLC3,BPO,573
2026-08-01,Tábor,SPO,6
2026-08-01,Třebíč,SPO,2
2026-08-01,Zlín,SPO,9
2026-08-01,Ústí nad Labem,SPO,7
2026-08-01,Čakovice,SPO,56
2026-08-01,Čakovice,BPO,27
2026-08-01,České Budějovice,SPO,8
2026-08-02,Anděl,SPO,33
2026-08-02,Anděl,BPO,14
2026-08-02,Benešov,SPO,4
2026-08-02,Beroun,SPO,3
2026-08-02,Brno,SPO,47
2026-08-02,Brno,BPO,11
2026-08-02,Brno Lískovec,SPO,8
2026-08-02,Budějovická,SPO,29
2026-08-02,Budějovická,BPO,12
2026-08-02,Chomutov,SPO,1
2026-08-02,Dejvice,SPO,7
2026-08-02,Děčín,SPO,3
2026-08-02,Frýdek-Místek,SPO,4
2026-08-02,Hradec,SPO,5
2026-08-02,Háje,SPO,45
2026-08-02,Háje,BPO,2
2026-08-02,Jihlava,SPO,7
2026-08-02,Karlovy Vary,SPO,6
2026-08-02,Kladno,SPO,13
2026-08-02,Kolín,SPO,4
2026-08-02,LCU,XPO,26
2026-08-02,LCU,XL,3
2026-08-02,Liberec,SPO,8
2026-08-02,Mladá Boleslav,SPO,5
2026-08-02,Most,SPO,5
2026-08-02,Mělník,SPO,3
2026-08-02,Olomouc,SPO,9
2026-08-02,Opava,SPO,3
2026-08-02,Ostrava,SPO,82
2026-08-02,Ostrava,BPO,21
2026-08-02,Pardubice,SPO,9
2026-08-02,Plzeň město,SPO,47
2026-08-02,Plzeň město,BPO,5
2026-08-02,Pobočka Chrášťany,SPO,37
2026-08-02,Pobočka Chrášťany,BPO,5
2026-08-02,Počernice,SPO,12
2026-08-02,Počernice,BPO,1
2026-08-02,Praha - centrála,SPO,406
2026-08-02,Praha - centrála,BPO,103
2026-08-02,Prostějov,SPO,5
2026-08-02,Příbram,SPO,2
2026-08-02,SKLC3,SPO,2317
2026-08-02,SKLC3,BPO,436
2026-08-02,SKLC3,XPO,1
2026-08-02,Tábor,SPO,5
2026-08-02,Třebíč,SPO,1
2026-08-02,Zlín,SPO,4
2026-08-02,Ústí nad Labem,SPO,4
2026-08-02,Čakovice,SPO,45
2026-08-02,Čakovice,BPO,3
2026-08-02,České Budějovice,SPO,6
2026-08-03,Anděl,SPO,33
2026-08-03,Anděl,BPO,3
2026-08-03,Benešov,SPO,3
2026-08-03,Brno,SPO,34
2026-08-03,Brno,BPO,4
2026-08-03,Brno Lískovec,SPO,8
2026-08-03,Budějovická,SPO,40
2026-08-03,Budějovická,BPO,4
2026-08-03,Dejvice,SPO,7
2026-08-03,Děčín,SPO,1
2026-08-03,Frýdek-Místek,SPO,10
2026-08-03,Hradec,SPO,6
2026-08-03,Háje,SPO,28
2026-08-03,Háje,BPO,17
2026-08-03,Jihlava,SPO,2
2026-08-03,Karlovy Vary,SPO,5
2026-08-03,Kladno,SPO,2
2026-08-03,Kolín,SPO,3
2026-08-03,LCU,XPO,25
2026-08-03,Liberec,SPO,5
2026-08-03,Mladá Boleslav,SPO,3
2026-08-03,Most,SPO,8
2026-08-03,Mělník,SPO,7
2026-08-03,Olomouc,SPO,6
2026-08-03,Opava,SPO,2
2026-08-03,Ostrava,SPO,138
2026-08-03,Ostrava,BPO,81
2026-08-03,Pardubice,SPO,2
2026-08-03,Plzeň město,SPO,29
2026-08-03,Plzeň město,BPO,4
2026-08-03,Pobočka Chrášťany,SPO,30
2026-08-03,Pobočka Chrášťany,BPO,5
2026-08-03,Počernice,SPO,14
2026-08-03,Počernice,BPO,3
2026-08-03,Praha - centrála,SPO,432
2026-08-03,Praha - centrála,BPO,97
2026-08-03,Prostějov,SPO,5
2026-08-03,SKLC3,SPO,2752
2026-08-03,SKLC3,BPO,593
2026-08-03,SKLC3,XPO,2
2026-08-03,Tábor,SPO,4
2026-08-03,Zlín,SPO,6
2026-08-03,Ústí nad Labem,SPO,1
2026-08-03,Čakovice,SPO,28
2026-08-03,Čakovice,BPO,2
2026-08-03,České Budějovice,SPO,3
2026-08-04,Anděl,SPO,39
2026-08-04,Anděl,BPO,10
2026-08-04,Benešov,SPO,11
2026-08-04,Beroun,SPO,3
2026-08-04,Budějovická,SPO,60
2026-08-04,Budějovická,BPO,6
2026-08-04,Chomutov,SPO,4
2026-08-04,Dejvice,SPO,15
2026-08-04,Děčín,SPO,4
2026-08-04,Frýdek-Místek,SPO,4
2026-08-04,Hradec,SPO,12
2026-08-04,Háje,SPO,65
2026-08-04,Háje,BPO,3
2026-08-04,Jihlava,SPO,4
2026-08-04,Karlovy Vary,SPO,2
2026-08-04,Kladno,SPO,3
2026-08-04,Kolín,SPO,5
2026-08-04,LCU,BPO,1
2026-08-04,LCU,XPO,17
2026-08-04,LCU,XL,3
2026-08-04,LCU,VB,1
2026-08-04,Liberec,SPO,1
2026-08-04,Mladá Boleslav,SPO,6
2026-08-04,Most,SPO,3
2026-08-04,Mělník,SPO,3
2026-08-04,Opava,SPO,1
2026-08-04,Ostrava,SPO,137
2026-08-04,Ostrava,BPO,45
2026-08-04,Pardubice,SPO,4
2026-08-04,Plzeň město,SPO,41
2026-08-04,Plzeň město,BPO,7
2026-08-04,Pobočka Chrášťany,SPO,54
2026-08-04,Pobočka Chrášťany,BPO,2
2026-08-04,Počernice,SPO,9
2026-08-04,Počernice,BPO,7
2026-08-04,Praha - centrála,SPO,506
2026-08-04,Praha - centrála,BPO,109
2026-08-04,Příbram,SPO,1
2026-08-04,SKLC3,SPO,3300
2026-08-04,SKLC3,BPO,746
2026-08-04,Tábor,SPO,6
2026-08-04,Třebíč,SPO,3
2026-08-04,Ústí nad Labem,SPO,5
2026-08-04,Čakovice,SPO,48
2026-08-04,Čakovice,BPO,33
2026-08-04,České Budějovice,SPO,7
2026-08-04,České Budějovice,BPO,1
2026-08-05,Anděl,SPO,40
2026-08-05,Anděl,BPO,3
2026-08-05,Benešov,SPO,8
2026-08-05,Benešov,BPO,1
2026-08-05,Beroun,SPO,5
2026-08-05,Budějovická,SPO,47
2026-08-05,Budějovická,BPO,5
2026-08-05,Chomutov,SPO,4
2026-08-05,Dejvice,SPO,14
2026-08-05,Děčín,SPO,1
2026-08-05,Frýdek-Místek,SPO,6
2026-08-05,Hradec,SPO,13
2026-08-05,Háje,SPO,82
2026-08-05,Háje,BPO,3
2026-08-05,Jihlava,SPO,8
2026-08-05,Karlovy Vary,SPO,8
2026-08-05,Kladno,SPO,7
2026-08-05,Kolín,SPO,2
2026-08-05,LCU,XPO,23
2026-08-05,LCU,XL,1
2026-08-05,Liberec,SPO,3
2026-08-05,Mladá Boleslav,SPO,6
2026-08-05,Most,SPO,3
2026-08-05,Mělník,SPO,4
2026-08-05,Opava,SPO,1
2026-08-05,Ostrava,SPO,147
2026-08-05,Ostrava,BPO,34
2026-08-05,Pardubice,SPO,5
2026-08-05,Plzeň město,SPO,42
2026-08-05,Plzeň město,BPO,3
2026-08-05,Pobočka Chrášťany,SPO,55
2026-08-05,Pobočka Chrášťany,BPO,5
2026-08-05,Počernice,SPO,19
2026-08-05,Počernice,BPO,5
2026-08-05,Praha - centrála,SPO,571
2026-08-05,Praha - centrála,BPO,127
2026-08-05,Příbram,SPO,10
2026-08-05,SKLC3,SPO,4010
2026-08-05,SKLC3,BPO,681
2026-08-05,SKLC3,XPO,1
2026-08-05,Tábor,SPO,3
2026-08-05,Třebíč,SPO,4
2026-08-05,Ústí nad Labem,SPO,7
2026-08-05,Čakovice,SPO,51
2026-08-05,Čakovice,BPO,19
2026-08-05,České Budějovice,SPO,2
2026-08-06,Anděl,SPO,40
2026-08-06,Benešov,SPO,6
2026-08-06,Beroun,SPO,4
2026-08-06,Budějovická,SPO,75
2026-08-06,Budějovická,BPO,3
2026-08-06,Chomutov,SPO,6
2026-08-06,Dejvice,SPO,10
2026-08-06,Děčín,SPO,1
2026-08-06,Frýdek-Místek,SPO,2
2026-08-06,Hradec,SPO,10
2026-08-06,Háje,SPO,48
2026-08-06,Háje,BPO,6
2026-08-06,Jihlava,SPO,11
2026-08-06,Karlovy Vary,SPO,4
2026-08-06,Kladno,SPO,8
2026-08-06,Kolín,SPO,4
2026-08-06,LCU,XPO,39
2026-08-06,LCU,XL,3
2026-08-06,Liberec,SPO,7
2026-08-06,Mladá Boleslav,SPO,6
2026-08-06,Most,SPO,3
2026-08-06,Mělník,SPO,3
2026-08-06,Opava,SPO,11
2026-08-06,Ostrava,SPO,92
2026-08-06,Ostrava,BPO,11
2026-08-06,Pardubice,SPO,3
2026-08-06,Plzeň město,SPO,49
2026-08-06,Plzeň město,BPO,14
2026-08-06,Pobočka Chrášťany,SPO,40
2026-08-06,Pobočka Chrášťany,BPO,10
2026-08-06,Počernice,SPO,27
2026-08-06,Počernice,BPO,5
2026-08-06,Praha - centrála,SPO,912
2026-08-06,Praha - centrála,BPO,88
2026-08-06,Příbram,SPO,5
2026-08-06,SKLC3,SPO,3089
2026-08-06,SKLC3,BPO,740
2026-08-06,SKLC3,XPO,4
2026-08-06,Tábor,SPO,3
2026-08-06,Třebíč,SPO,4
2026-08-06,Ústí nad Labem,SPO,4
2026-08-06,Čakovice,SPO,66
2026-08-06,České Budějovice,SPO,5
2026-08-07,Anděl,SPO,33
2026-08-07,Anděl,BPO,5
2026-08-07,Benešov,SPO,7
2026-08-07,Beroun,SPO,1
2026-08-07,Budějovická,SPO,41
2026-08-07,Budějovická,BPO,6
2026-08-07,Chomutov,SPO,3
2026-08-07,Chomutov,BPO,1
2026-08-07,Dejvice,SPO,23
2026-08-07,Děčín,SPO,10
2026-08-07,Frýdek-Místek,SPO,3
2026-08-07,Hradec,SPO,8
2026-08-07,Háje,SPO,44
2026-08-07,Háje,BPO,11
2026-08-07,Jihlava,SPO,4
2026-08-07,Karlovy Vary,SPO,19
2026-08-07,Kladno,SPO,8
2026-08-07,Kolín,SPO,6
2026-08-07,LCU,XPO,22
2026-08-07,LCU,XL,1
2026-08-07,Liberec,SPO,5
2026-08-07,Mladá Boleslav,SPO,6
2026-08-07,Most,SPO,8
2026-08-07,Mělník,SPO,10
2026-08-07,Opava,SPO,1
2026-08-07,Ostrava,SPO,138
2026-08-07,Ostrava,BPO,79
2026-08-07,Pardubice,SPO,6
2026-08-07,Plzeň město,SPO,52
2026-08-07,Plzeň město,BPO,12
2026-08-07,Pobočka Chrášťany,SPO,44
2026-08-07,Pobočka Chrášťany,BPO,50
2026-08-07,Počernice,SPO,22
2026-08-07,Počernice,BPO,3
2026-08-07,Praha - centrála,SPO,444
2026-08-07,Praha - centrála,BPO,124
2026-08-07,Příbram,SPO,6
2026-08-07,SKLC3,SPO,4109
2026-08-07,SKLC3,BPO,994
2026-08-07,SKLC3,XPO,1
2026-08-07,Tábor,SPO,10
2026-08-07,Třebíč,SPO,4
2026-08-07,Ústí nad Labem,SPO,5
2026-08-07,Čakovice,SPO,42
2026-08-07,Čakovice,BPO,3
2026-08-07,České Budějovice,SPO,5
2026-08-08,Anděl,SPO,34
2026-08-08,Anděl,BPO,3
2026-08-08,Benešov,SPO,7
2026-08-08,Beroun,SPO,10
2026-08-08,Budějovická,SPO,42
2026-08-08,Budějovická,BPO,12
2026-08-08,Chomutov,SPO,3
2026-08-08,Dejvice,SPO,12
2026-08-08,Dejvice,BPO,4
2026-08-08,Děčín,SPO,3
2026-08-08,Frýdek-Místek,SPO,5
2026-08-08,Hradec,SPO,12
2026-08-08,Háje,SPO,40
2026-08-08,Háje,BPO,3
2026-08-08,Jihlava,SPO,1
2026-08-08,Karlovy Vary,SPO,5
2026-08-08,Kladno,SPO,5
2026-08-08,Kolín,SPO,7
2026-08-08,LCU,XPO,11
2026-08-08,Liberec,SPO,2
2026-08-08,Mladá Boleslav,SPO,16
2026-08-08,Mladá Boleslav,BPO,2
2026-08-08,Most,SPO,1
2026-08-08,Mělník,SPO,17
2026-08-08,Opava,SPO,3
2026-08-08,Ostrava,SPO,112
2026-08-08,Ostrava,BPO,30
2026-08-08,Pardubice,SPO,3
2026-08-08,Plzeň město,SPO,57
2026-08-08,Plzeň město,BPO,8
2026-08-08,Pobočka Chrášťany,SPO,32
2026-08-08,Pobočka Chrášťany,BPO,7
2026-08-08,Počernice,SPO,23
2026-08-08,Praha - centrála,SPO,492
2026-08-08,Praha - centrála,BPO,87
2026-08-08,Příbram,SPO,5
2026-08-08,SKLC3,SPO,3587
2026-08-08,SKLC3,BPO,579
2026-08-08,Tábor,SPO,12
2026-08-08,Třebíč,SPO,7
2026-08-08,Ústí nad Labem,SPO,4
2026-08-08,Čakovice,SPO,68
2026-08-08,Čakovice,BPO,52
2026-08-08,České Budějovice,SPO,3
2026-08-08,České Budějovice,BPO,1
2026-08-09,Anděl,SPO,65
2026-08-09,Anděl,BPO,12
2026-08-09,Benešov,SPO,8
2026-08-09,Benešov,BPO,1
2026-08-09,Beroun,SPO,3
2026-08-09,Budějovická,SPO,25
2026-08-09,Budějovická,BPO,9
2026-08-09,Dejvice,SPO,18
2026-08-09,Děčín,SPO,1
2026-08-09,Frýdek-Místek,SPO,7
2026-08-09,Hradec,SPO,7
2026-08-09,Háje,SPO,39
2026-08-09,Háje,BPO,1
2026-08-09,Jihlava,SPO,7
2026-08-09,Karlovy Vary,SPO,6
2026-08-09,Kladno,SPO,8
2026-08-09,Kolín,SPO,4
2026-08-09,LCU,XPO,14
2026-08-09,Liberec,SPO,5
2026-08-09,Mladá Boleslav,SPO,5
2026-08-09,Most,SPO,5
2026-08-09,Mělník,SPO,5
2026-08-09,Opava,SPO,4
2026-08-09,Ostrava,SPO,82
2026-08-09,Ostrava,BPO,15
2026-08-09,Pardubice,SPO,7
2026-08-09,Plzeň město,SPO,43
2026-08-09,Plzeň město,BPO,10
2026-08-09,Pobočka Chrášťany,SPO,83
2026-08-09,Pobočka Chrášťany,BPO,3
2026-08-09,Počernice,SPO,31
2026-08-09,Počernice,BPO,2
2026-08-09,Praha - centrála,SPO,430
2026-08-09,Praha - centrála,BPO,94
2026-08-09,Příbram,SPO,3
2026-08-09,SKLC3,SPO,2708
2026-08-09,SKLC3,BPO,453
2026-08-09,Tábor,SPO,7
2026-08-09,Třebíč,SPO,1
2026-08-09,Ústí nad Labem,SPO,5
2026-08-09,Čakovice,SPO,46
2026-08-09,Čakovice,BPO,9
2026-08-09,České Budějovice,SPO,9
2026-08-10,Anděl,SPO,19
2026-08-10,Anděl,BPO,12
2026-08-10,Benešov,SPO,2
2026-08-10,Beroun,SPO,1
2026-08-10,Budějovická,SPO,27
2026-08-10,Budějovická,BPO,6
2026-08-10,Dejvice,SPO,5
2026-08-10,Děčín,SPO,1
2026-08-10,Frýdek-Místek,SPO,4
2026-08-10,Hradec,SPO,5
2026-08-10,Háje,SPO,40
2026-08-10,Háje,BPO,6
2026-08-10,Jihlava,SPO,2
2026-08-10,Kladno,SPO,11
2026-08-10,Kladno,BPO,1
2026-08-10,Kolín,SPO,1
2026-08-10,LCU,XPO,9
2026-08-10,Liberec,SPO,6
2026-08-10,Mladá Boleslav,SPO,10
2026-08-10,Most,SPO,4
2026-08-10,Mělník,SPO,3
2026-08-10,Mělník,BPO,2
2026-08-10,Opava,SPO,1
2026-08-10,Ostrava,SPO,71
2026-08-10,Ostrava,BPO,20
2026-08-10,Pardubice,SPO,3
2026-08-10,Plzeň město,SPO,25
2026-08-10,Pobočka Chrášťany,SPO,33
2026-08-10,Pobočka Chrášťany,BPO,7
2026-08-10,Počernice,SPO,14
2026-08-10,Počernice,BPO,2
2026-08-10,Praha - centrála,SPO,379
2026-08-10,Praha - centrála,BPO,101
2026-08-10,SKLC3,SPO,2490
2026-08-10,SKLC3,BPO,603
2026-08-10,Tábor,SPO,8
2026-08-10,Ústí nad Labem,SPO,2
2026-08-10,Čakovice,SPO,34
2026-08-10,Čakovice,BPO,3
2026-08-10,České Budějovice,SPO,3
2026-08-11,Anděl,SPO,84
2026-08-11,Anděl,BPO,6
2026-08-11,Benešov,SPO,48
2026-08-11,Beroun,SPO,50
2026-08-11,Budějovická,SPO,120
2026-08-11,Budějovická,BPO,6
2026-08-11,Chomutov,SPO,55
2026-08-11,Dejvice,SPO,66
2026-08-11,Děčín,SPO,50
2026-08-11,Frýdek-Místek,SPO,26
2026-08-11,Hradec,SPO,53
2026-08-11,Háje,SPO,89
2026-08-11,Háje,BPO,2
2026-08-11,Jihlava,SPO,39
2026-08-11,Karlovy Vary,SPO,50
2026-08-11,Kladno,SPO,54
2026-08-11,Kolín,SPO,27
2026-08-11,LCU,XPO,24
2026-08-11,LCU,XL,1
2026-08-11,Liberec,SPO,56
2026-08-11,Mladá Boleslav,SPO,58
2026-08-11,Most,SPO,45
2026-08-11,Mělník,SPO,70
2026-08-11,Mělník,BPO,2
2026-08-11,Opava,SPO,50
2026-08-11,Ostrava,SPO,158
2026-08-11,Ostrava,BPO,22
2026-08-11,Pardubice,SPO,54
2026-08-11,Plzeň město,SPO,121
2026-08-11,Plzeň město,BPO,13
2026-08-11,Pobočka Chrášťany,SPO,81
2026-08-11,Pobočka Chrášťany,BPO,3
2026-08-11,Počernice,SPO,56
2026-08-11,Počernice,BPO,1
2026-08-11,Praha - centrála,SPO,511
2026-08-11,Praha - centrála,BPO,89
2026-08-11,Příbram,SPO,57
2026-08-11,SKLC3,SPO,3861
2026-08-11,SKLC3,BPO,939
2026-08-11,SKLC3,XPO,2
2026-08-11,Tábor,SPO,53
2026-08-11,Třebíč,SPO,41
2026-08-11,Třebíč,BPO,2
2026-08-11,Ústí nad Labem,SPO,48
2026-08-11,Čakovice,SPO,93
2026-08-11,Čakovice,BPO,10
2026-08-11,České Budějovice,SPO,26
2026-08-12,Anděl,SPO,81
2026-08-12,Anděl,BPO,13
2026-08-12,Benešov,SPO,12
2026-08-12,Beroun,SPO,6
2026-08-12,Budějovická,SPO,48
2026-08-12,Budějovická,BPO,9
2026-08-12,Chomutov,SPO,8
2026-08-12,Chomutov,BPO,1
2026-08-12,Dejvice,SPO,11
2026-08-12,Děčín,SPO,4
2026-08-12,Frýdek-Místek,SPO,13
2026-08-12,Hradec,SPO,11
2026-08-12,Háje,SPO,42
2026-08-12,Háje,BPO,1
2026-08-12,Jihlava,SPO,7
2026-08-12,Karlovy Vary,SPO,4
2026-08-12,Kladno,SPO,10
2026-08-12,Kolín,SPO,5
2026-08-12,LCU,XPO,5
2026-08-12,Liberec,SPO,8
2026-08-12,Mladá Boleslav,SPO,8
2026-08-12,Most,SPO,5
2026-08-12,Mělník,SPO,9
2026-08-12,Opava,SPO,9
2026-08-12,Ostrava,SPO,172
2026-08-12,Ostrava,BPO,95
2026-08-12,Pardubice,SPO,35
2026-08-12,Plzeň město,SPO,43
2026-08-12,Plzeň město,BPO,10
2026-08-12,Pobočka Chrášťany,SPO,46
2026-08-12,Pobočka Chrášťany,BPO,10
2026-08-12,Počernice,SPO,19
2026-08-12,Počernice,BPO,4
2026-08-12,Praha - centrála,SPO,588
2026-08-12,Praha - centrála,BPO,95
2026-08-12,Příbram,SPO,9
2026-08-12,SKLC3,SPO,2636
2026-08-12,SKLC3,BPO,922
2026-08-12,Tábor,SPO,10
2026-08-12,Třebíč,SPO,4
2026-08-12,Ústí nad Labem,SPO,25
2026-08-12,Čakovice,SPO,100
2026-08-12,Čakovice,BPO,18
2026-08-12,České Budějovice,SPO,5
