datum,protistrana,geosize,joblines
2026-02-28,Banská Bystrica,SPO,7
2026-02-28,Bratislava Centrála,SPO,90
2026-02-28,Bratislava Centrála,BPO,14
2026-02-28,Bratislava Centrála,XPO,13
2026-02-28,Bratislava Centrála,XL,2
2026-02-28,Bratislava Centrála,VB,1
2026-02-28,Bratislava Petržalka,BPO,1
2026-02-28,Budapest Újbuda Központ,SPO,14
2026-02-28,Budapest Újbuda Központ,BPO,4
2026-02-28,Budapest Újbuda Központ,XPO,1
2026-02-28,Budapešť Blaha,SPO,2
2026-02-28,CBP Budapešť centrála,SPO,27
2026-02-28,CBP Budapešť centrála,BPO,3
2026-02-28,CBP Budapešť centrála,XPO,9
2026-02-28,CBP Budapešť centrála,XL,2
2026-02-28,CBP Budapešť centrála,VB,2
2026-02-28,CZLC4,SPO,2463
2026-02-28,CZLC4,BPO,447
2026-02-28,CZLC4,XPO,120
2026-02-28,HULC1,SPO,178
2026-02-28,HULC1,BPO,20
2026-02-28,HULC1,XPO,3
2026-02-28,Košice,SPO,9
2026-02-28,Košice,BPO,3
2026-02-28,Košice,XPO,1
2026-02-28,LCS,SPO,142
2026-02-28,LCS,BPO,21
2026-02-28,LCS,XPO,156
2026-02-28,LCU,XPO,123
2026-02-28,LCU,XL,19
2026-02-28,LCU,VB,23
2026-02-28,Nitra,SPO,5
2026-02-28,Nitra,XPO,5
2026-02-28,Nitra,VB,2
2026-02-28,Pobočka HULC1,SPO,20
2026-02-28,Pobočka HULC1,BPO,4
2026-02-28,Pobočka HULC1,XPO,7
2026-02-28,Pobočka Senec,SPO,14
2026-02-28,Pobočka Senec,BPO,3
2026-02-28,Pobočka Senec,XPO,2
2026-02-28,Pobočka Senec,XL,1
2026-02-28,Prešov,SPO,16
2026-02-28,Prešov,BPO,3
2026-02-28,Trenčín,SPO,4
2026-02-28,Trenčín,BPO,1
2026-02-28,Trnava,SPO,9
2026-02-28,Trnava,BPO,2
2026-02-28,Trnava,XL,1
2026-02-28,Žilina,SPO,19
2026-02-28,Žilina,BPO,8
2026-02-28,Žilina,XPO,2
2026-02-28,Žilina,XL,1
2026-03-01,Banská Bystrica,SPO,20
2026-03-01,Banská Bystrica,BPO,3
2026-03-01,Banská Bystrica,VB,1
2026-03-01,Bratislava Centrála,SPO,178
2026-03-01,Bratislava Centrála,BPO,19
2026-03-01,Bratislava Centrála,XPO,10
2026-03-01,Bratislava Centrála,XL,1
2026-03-01,Bratislava Petržalka,SPO,3
2026-03-01,Bratislava Petržalka,XL,1
2026-03-01,Budapešť Blaha,SPO,4
2026-03-01,Budapešť Blaha,XPO,1
2026-03-01,Budapešť Blaha,XL,1
2026-03-01,CBP Budapešť centrála,SPO,87
2026-03-01,CBP Budapešť centrála,BPO,6
2026-03-01,CBP Budapešť centrála,XPO,6
2026-03-01,CZLC4,SPO,10438
2026-03-01,CZLC4,BPO,2606
2026-03-01,CZLC4,XPO,422
2026-03-01,Dunajská Streda,SPO,3
2026-03-01,HULC1,SPO,108
2026-03-01,HULC1,BPO,14
2026-03-01,HULC1,XPO,5
2026-03-01,HULC1,VB,14
2026-03-01,Košice,SPO,18
2026-03-01,Košice,BPO,15
2026-03-01,Košice,XPO,1
2026-03-01,LCS,SPO,262
2026-03-01,LCS,BPO,48
2026-03-01,LCS,XPO,432
2026-03-01,LCU,XPO,874
2026-03-01,LCU,XL,14
2026-03-01,LCU,VB,48
2026-03-01,Nitra,SPO,12
2026-03-01,Nitra,BPO,3
2026-03-01,Nitra,XPO,2
2026-03-01,Pobočka HULC1,SPO,4
2026-03-01,Pobočka HULC1,BPO,1
2026-03-01,Pobočka HULC1,XPO,1
2026-03-01,Pobočka Senec,SPO,22
2026-03-01,Pobočka Senec,BPO,3
2026-03-01,Pobočka Senec,XL,2
2026-03-01,Prešov,SPO,25
2026-03-01,Prešov,BPO,1
2026-03-01,Trenčín,SPO,7
2026-03-01,Trenčín,XL,1
2026-03-01,Trenčín,VB,1
2026-03-01,Trnava,SPO,14
2026-03-01,Trnava,BPO,2
2026-03-01,Trnava,XPO,4
2026-03-01,Trnava,XL,1
2026-03-01,Trnava,VB,1
2026-03-01,Žilina,SPO,8
2026-03-01,Žilina,XPO,1
2026-03-02,Banská Bystrica,SPO,7
2026-03-02,Bratislava Centrála,SPO,63
2026-03-02,Bratislava Centrála,BPO,10
2026-03-02,Bratislava Centrála,XPO,8
2026-03-02,Bratislava Centrála,XL,5
2026-03-02,Bratislava Petržalka,SPO,3
2026-03-02,Bratislava Petržalka,XPO,1
2026-03-02,Bratislava Petržalka,XL,1
2026-03-02,Budapešť Blaha,SPO,1
2026-03-02,CBP Budapešť centrála,SPO,28
2026-03-02,CBP Budapešť centrála,BPO,8
2026-03-02,CBP Budapešť centrála,XPO,3
2026-03-02,CBP Budapešť centrála,XL,2
2026-03-02,CBP Budapešť centrála,VB,1
2026-03-02,CZLC4,SPO,877
2026-03-02,CZLC4,BPO,146
2026-03-02,CZLC4,XPO,23
2026-03-02,Dunajská Streda,SPO,5
2026-03-02,Dunajská Streda,BPO,1
2026-03-02,Dunajská Streda,XPO,2
2026-03-02,HULC1,SPO,269
2026-03-02,HULC1,BPO,64
2026-03-02,HULC1,XPO,157
2026-03-02,HULC1,VB,10
2026-03-02,Košice,SPO,8
2026-03-02,Košice,BPO,5
2026-03-02,LCS,SPO,239
2026-03-02,LCS,BPO,7
2026-03-02,LCS,XPO,11
2026-03-02,LCU,XPO,49
2026-03-02,LCU,XL,11
2026-03-02,LCU,VB,75
2026-03-02,Nitra,SPO,14
2026-03-02,Nitra,BPO,2
2026-03-02,Pobočka HULC1,SPO,4
2026-03-02,Pobočka HULC1,XPO,1
2026-03-02,Pobočka Senec,SPO,16
2026-03-02,Pobočka Senec,XL,1
2026-03-02,Pobočka Senec,VB,1
2026-03-02,Prešov,SPO,2
2026-03-02,Prešov,BPO,1
2026-03-02,Prešov,XPO,1
2026-03-02,Trenčín,SPO,5
2026-03-02,Trenčín,VB,1
2026-03-02,Trnava,SPO,10
2026-03-02,Trnava,BPO,2
2026-03-02,Trnava,XPO,1
2026-03-02,Žilina,SPO,13
2026-03-02,Žilina,BPO,1
2026-03-03,Banská Bystrica,SPO,3
2026-03-03,Banská Bystrica,XPO,3
2026-03-03,Banská Bystrica,XL,1
2026-03-03,Bratislava Centrála,SPO,73
2026-03-03,Bratislava Centrála,BPO,9
2026-03-03,Bratislava Centrála,XPO,11
2026-03-03,Bratislava Centrála,XL,3
2026-03-03,Bratislava Centrála,VB,1
2026-03-03,Bratislava Petržalka,SPO,66
2026-03-03,Bratislava Petržalka,BPO,9
2026-03-03,Bratislava Petržalka,XPO,8
2026-03-03,Bratislava Petržalka,XL,2
2026-03-03,Budapest Újbuda Központ,SPO,1
2026-03-03,Budapešť Blaha,XPO,1
2026-03-03,Budapešť Blaha,VB,1
2026-03-03,CBP Budapešť centrála,SPO,32
2026-03-03,CBP Budapešť centrála,BPO,8
2026-03-03,CBP Budapešť centrála,XPO,5
2026-03-03,CBP Budapešť centrála,XL,2
2026-03-03,CBP Budapešť centrála,VB,2
2026-03-03,CZLC4,SPO,2098
2026-03-03,CZLC4,BPO,653
2026-03-03,CZLC4,XPO,54
2026-03-03,Dunajská Streda,SPO,1
2026-03-03,HULC1,SPO,437
2026-03-03,HULC1,BPO,56
2026-03-03,HULC1,XPO,6
2026-03-03,HULC1,VB,75
2026-03-03,Košice,SPO,12
2026-03-03,Košice,BPO,2
2026-03-03,Košice,XPO,7
2026-03-03,Košice,VB,1
2026-03-03,LCS,SPO,65
2026-03-03,LCS,BPO,6
2026-03-03,LCS,XPO,7
2026-03-03,LCU,XPO,190
2026-03-03,LCU,XL,107
2026-03-03,LCU,VB,182
2026-03-03,Nitra,SPO,16
2026-03-03,Nitra,BPO,3
2026-03-03,Nitra,XPO,2
2026-03-03,Nitra,XL,4
2026-03-03,Nitra,VB,2
2026-03-03,Pobočka HULC1,SPO,2
2026-03-03,Pobočka HULC1,BPO,2
2026-03-03,Pobočka Senec,SPO,10
2026-03-03,Pobočka Senec,BPO,3
2026-03-03,Pobočka Senec,XPO,2
2026-03-03,Pobočka Senec,XL,1
2026-03-03,Pobočka Senec,VB,6
2026-03-03,Prešov,SPO,9
2026-03-03,Prešov,XPO,6
2026-03-03,Trenčín,SPO,1
2026-03-03,Trenčín,BPO,1
2026-03-03,Trenčín,XPO,2
2026-03-03,Trenčín,XL,1
2026-03-03,Trnava,SPO,7
2026-03-03,Trnava,XPO,6
2026-03-03,Wien Karlsplatz,SPO,1
2026-03-03,Wien Karlsplatz,BPO,2
2026-03-03,Wien Karlsplatz,XL,2
2026-03-03,Žilina,SPO,19
2026-03-03,Žilina,XPO,8
2026-03-03,Žilina,XL,6
2026-03-03,Žilina,VB,2
2026-03-04,Banská Bystrica,SPO,7
2026-03-04,Banská Bystrica,BPO,3
2026-03-04,Bratislava Centrála,SPO,68
2026-03-04,Bratislava Centrála,BPO,12
2026-03-04,Bratislava Centrála,XPO,8
2026-03-04,Bratislava Centrála,XL,1
2026-03-04,Bratislava Centrála,VB,2
2026-03-04,Bratislava Petržalka,SPO,1
2026-03-04,Budapest Újbuda Központ,SPO,1
2026-03-04,Budapešť Blaha,SPO,4
2026-03-04,Budapešť Blaha,BPO,1
2026-03-04,CBP Budapešť centrála,SPO,37
2026-03-04,CBP Budapešť centrála,BPO,12
2026-03-04,CBP Budapešť centrála,XPO,9
2026-03-04,CBP Budapešť centrála,XL,3
2026-03-04,CZLC4,SPO,1695
2026-03-04,CZLC4,BPO,246
2026-03-04,CZLC4,XPO,42
2026-03-04,CZLC4,XL,1
2026-03-04,Dunajská Streda,SPO,4
2026-03-04,HULC1,SPO,255
2026-03-04,HULC1,BPO,68
2026-03-04,HULC1,XPO,13
2026-03-04,HULC1,VB,9
2026-03-04,Košice,SPO,11
2026-03-04,Košice,BPO,5
2026-03-04,Košice,XPO,1
2026-03-04,Košice,VB,1
2026-03-04,LCS,SPO,31
2026-03-04,LCS,BPO,3
2026-03-04,LCS,XPO,154
2026-03-04,LCU,BPO,1
2026-03-04,LCU,XPO,95
2026-03-04,LCU,XL,1
2026-03-04,LCU,VB,131
2026-03-04,Nitra,SPO,20
2026-03-04,Nitra,BPO,2
2026-03-04,Nitra,XPO,5
2026-03-04,Nitra,VB,3
2026-03-04,Pobočka HULC1,SPO,6
2026-03-04,Pobočka HULC1,BPO,1
2026-03-04,Pobočka HULC1,XPO,2
2026-03-04,Pobočka Senec,SPO,16
2026-03-04,Pobočka Senec,BPO,3
2026-03-04,Pobočka Senec,XPO,1
2026-03-04,Prešov,SPO,13
2026-03-04,Prešov,BPO,2
2026-03-04,Trenčín,SPO,1
2026-03-04,Trnava,SPO,12
2026-03-04,Trnava,XPO,1
2026-03-04,Trnava,XL,2
2026-03-04,Žilina,SPO,6
2026-03-04,Žilina,BPO,5
2026-03-04,Žilina,XPO,1
2026-03-05,Banská Bystrica,SPO,5
2026-03-05,Banská Bystrica,BPO,1
2026-03-05,Banská Bystrica,XPO,1
2026-03-05,Bratislava Centrála,SPO,61
2026-03-05,Bratislava Centrála,BPO,14
2026-03-05,Bratislava Centrála,XPO,7
2026-03-05,Budapešť Blaha,SPO,4
2026-03-05,Budapešť Blaha,BPO,2
2026-03-05,CBP Budapešť centrála,SPO,50
2026-03-05,CBP Budapešť centrála,BPO,4
2026-03-05,CBP Budapešť centrála,XPO,3
2026-03-05,CBP Budapešť centrála,XL,2
2026-03-05,CZLC4,SPO,1307
2026-03-05,CZLC4,BPO,263
2026-03-05,CZLC4,XPO,40
2026-03-05,Dunajská Streda,SPO,2
2026-03-05,HULC1,SPO,219
2026-03-05,HULC1,BPO,43
2026-03-05,HULC1,XPO,14
2026-03-05,HULC1,VB,137
2026-03-05,Košice,SPO,5
2026-03-05,Košice,XPO,1
2026-03-05,LCS,SPO,14
2026-03-05,LCS,BPO,2
2026-03-05,LCS,XPO,144
2026-03-05,LCU,XPO,52
2026-03-05,LCU,XL,19
2026-03-05,LCU,VB,50
2026-03-05,Nitra,SPO,12
2026-03-05,Nitra,BPO,3
2026-03-05,Nitra,XPO,1
2026-03-05,Pobočka HULC1,SPO,15
2026-03-05,Pobočka Senec,SPO,17
2026-03-05,Pobočka Senec,BPO,3
2026-03-05,Pobočka Senec,XPO,1
2026-03-05,Prešov,SPO,4
2026-03-05,Prešov,XPO,2
2026-03-05,Trenčín,SPO,12
2026-03-05,Trenčín,BPO,2
2026-03-05,Trenčín,XPO,2
2026-03-05,Trenčín,VB,4
2026-03-05,Trnava,SPO,16
2026-03-05,Trnava,BPO,2
2026-03-05,Trnava,XPO,1
2026-03-05,Trnava,XL,1
2026-03-05,Trnava,VB,1
2026-03-05,Wien Karlsplatz,SPO,2
2026-03-05,Žilina,SPO,21
2026-03-05,Žilina,BPO,6
2026-03-05,Žilina,XPO,1
2026-03-05,Žilina,XL,1
2026-03-06,Banská Bystrica,SPO,11
2026-03-06,Banská Bystrica,BPO,1
2026-03-06,Bratislava Centrála,SPO,59
2026-03-06,Bratislava Centrála,BPO,17
2026-03-06,Bratislava Centrála,XPO,6
2026-03-06,Bratislava Centrála,XL,1
2026-03-06,Bratislava Petržalka,XL,1
2026-03-06,Budapest Újbuda Központ,SPO,5
2026-03-06,Budapešť Blaha,SPO,1
2026-03-06,Budapešť Blaha,BPO,1
2026-03-06,CBP Budapešť centrála,SPO,25
2026-03-06,CBP Budapešť centrála,BPO,10
2026-03-06,CBP Budapešť centrála,XPO,2
2026-03-06,CBP Budapešť centrála,XL,1
2026-03-06,CBP Budapešť centrála,VB,1
2026-03-06,CZLC4,SPO,1322
2026-03-06,CZLC4,BPO,258
2026-03-06,CZLC4,XPO,86
2026-03-06,CZLC4,XL,2
2026-03-06,Dunajská Streda,SPO,6
2026-03-06,Dunajská Streda,XPO,5
2026-03-06,HULC1,SPO,205
2026-03-06,HULC1,BPO,26
2026-03-06,HULC1,XPO,52
2026-03-06,HULC1,XL,10
2026-03-06,Košice,SPO,14
2026-03-06,Košice,BPO,3
2026-03-06,LCS,SPO,20
2026-03-06,LCS,BPO,3
2026-03-06,LCS,XPO,194
2026-03-06,LCS,VB,1
2026-03-06,LCU,XPO,81
2026-03-06,LCU,XL,10
2026-03-06,LCU,VB,58
2026-03-06,Nitra,SPO,7
2026-03-06,Nitra,BPO,2
2026-03-06,Nitra,XPO,1
2026-03-06,Pobočka HULC1,SPO,12
2026-03-06,Pobočka HULC1,BPO,5
2026-03-06,Pobočka HULC1,XPO,3
2026-03-06,Pobočka Senec,SPO,10
2026-03-06,Prešov,SPO,6
2026-03-06,Trenčín,SPO,3
2026-03-06,Trenčín,XPO,2
2026-03-06,Trnava,SPO,7
2026-03-06,Trnava,BPO,3
2026-03-06,Trnava,XPO,1
2026-03-06,Trnava,VB,1
2026-03-06,Wien Karlsplatz,SPO,2
2026-03-06,Wien Karlsplatz,BPO,1
2026-03-06,Wien Karlsplatz,XPO,1
2026-03-06,Wien Karlsplatz,XL,2
2026-03-06,Žilina,SPO,20
2026-03-06,Žilina,BPO,3
2026-03-06,Žilina,XPO,3
2026-03-07,Banská Bystrica,SPO,6
2026-03-07,Banská Bystrica,XPO,2
2026-03-07,Banská Bystrica,XL,1
2026-03-07,Bratislava Centrála,SPO,68
2026-03-07,Bratislava Centrála,BPO,4
2026-03-07,Bratislava Centrála,XPO,8
2026-03-07,Bratislava Centrála,XL,4
2026-03-07,Bratislava Centrála,VB,2
2026-03-07,Bratislava Petržalka,SPO,2
2026-03-07,Bratislava Petržalka,BPO,2
2026-03-07,Bratislava Petržalka,XPO,1
2026-03-07,Bratislava Petržalka,VB,1
2026-03-07,Budapešť Blaha,XL,1
2026-03-07,CBP Budapešť centrála,SPO,41
2026-03-07,CBP Budapešť centrála,BPO,20
2026-03-07,CBP Budapešť centrála,XPO,7
2026-03-07,CBP Budapešť centrála,XL,1
2026-03-07,CBP Budapešť centrála,VB,1
2026-03-07,CZLC4,SPO,1482
2026-03-07,CZLC4,BPO,320
2026-03-07,CZLC4,XPO,644
2026-03-07,Dunajská Streda,SPO,1
2026-03-07,HULC1,SPO,375
2026-03-07,HULC1,BPO,40
2026-03-07,HULC1,XPO,12
2026-03-07,HULC1,VB,4
2026-03-07,Košice,SPO,10
2026-03-07,Košice,BPO,3
2026-03-07,Košice,XPO,1
2026-03-07,LCS,SPO,22
2026-03-07,LCS,BPO,1
2026-03-07,LCS,XPO,206
2026-03-07,LCU,XPO,27
2026-03-07,LCU,VB,64
2026-03-07,Nitra,SPO,12
2026-03-07,Nitra,XPO,2
2026-03-07,Pobočka HULC1,SPO,7
2026-03-07,Pobočka HULC1,BPO,2
2026-03-07,Pobočka Senec,SPO,9
2026-03-07,Pobočka Senec,BPO,5
2026-03-07,Pobočka Senec,XPO,1
2026-03-07,Pobočka Senec,XL,1
2026-03-07,Prešov,SPO,7
2026-03-07,Trenčín,SPO,2
2026-03-07,Trenčín,BPO,1
2026-03-07,Trenčín,XPO,1
2026-03-07,Trenčín,XL,1
2026-03-07,Trnava,SPO,7
2026-03-07,Trnava,XPO,3
2026-03-07,Wien Karlsplatz,SPO,2
2026-03-07,Žilina,SPO,14
2026-03-07,Žilina,BPO,5
2026-03-07,Žilina,XPO,3
2026-03-08,Banská Bystrica,SPO,3
2026-03-08,Banská Bystrica,BPO,1
2026-03-08,Banská Bystrica,XPO,1
2026-03-08,Bratislava Centrála,SPO,67
2026-03-08,Bratislava Centrála,BPO,21
2026-03-08,Bratislava Centrála,XPO,11
2026-03-08,Bratislava Centrála,XL,4
2026-03-08,Bratislava Petržalka,SPO,2
2026-03-08,Budapešť Blaha,SPO,6
2026-03-08,CBP Budapešť centrála,SPO,44
2026-03-08,CBP Budapešť centrála,BPO,17
2026-03-08,CBP Budapešť centrála,XPO,7
2026-03-08,CBP Budapešť centrála,XL,2
2026-03-08,CBP Budapešť centrála,VB,1
2026-03-08,CZLC4,SPO,1475
2026-03-08,CZLC4,BPO,247
2026-03-08,CZLC4,XPO,687
2026-03-08,CZLC4,XL,1
2026-03-08,Dunajská Streda,SPO,7
2026-03-08,Dunajská Streda,XPO,1
2026-03-08,HULC1,SPO,185
2026-03-08,HULC1,BPO,26
2026-03-08,HULC1,XPO,12
2026-03-08,HULC1,XL,4
2026-03-08,HULC1,VB,4
2026-03-08,Košice,SPO,13
2026-03-08,Košice,XPO,5
2026-03-08,LCS,SPO,12
2026-03-08,LCS,BPO,2
2026-03-08,LCS,XPO,1
2026-03-08,LCU,XPO,41
2026-03-08,LCU,XL,30
2026-03-08,LCU,VB,104
2026-03-08,Nitra,SPO,7
2026-03-08,Nitra,BPO,12
2026-03-08,Pobočka HULC1,SPO,7
2026-03-08,Pobočka HULC1,BPO,6
2026-03-08,Pobočka Senec,SPO,32
2026-03-08,Pobočka Senec,BPO,3
2026-03-08,Pobočka Senec,XPO,3
2026-03-08,Pobočka Senec,XL,1
2026-03-08,Prešov,SPO,9
2026-03-08,Prešov,XPO,1
2026-03-08,Trenčín,SPO,5
2026-03-08,Trenčín,XPO,1
2026-03-08,Trnava,SPO,7
2026-03-08,Trnava,BPO,1
2026-03-08,Trnava,XL,1
2026-03-08,Žilina,SPO,3
2026-03-08,Žilina,BPO,2
2026-03-08,Žilina,XL,1
2026-03-09,Banská Bystrica,SPO,12
2026-03-09,Banská Bystrica,XPO,1
2026-03-09,Bratislava Centrála,SPO,121
2026-03-09,Bratislava Centrála,BPO,19
2026-03-09,Bratislava Centrála,XPO,7
2026-03-09,Bratislava Centrála,XL,1
2026-03-09,Bratislava Petržalka,SPO,5
2026-03-09,Bratislava Petržalka,VB,1
2026-03-09,Budapest Újbuda Központ,SPO,16
2026-03-09,Budapest Újbuda Központ,BPO,2
2026-03-09,Budapest Újbuda Központ,XPO,3
2026-03-09,Budapešť Blaha,SPO,9
2026-03-09,Budapešť Blaha,BPO,1
2026-03-09,CBP Budapešť centrála,SPO,26
2026-03-09,CBP Budapešť centrála,BPO,15
2026-03-09,CBP Budapešť centrála,XPO,6
2026-03-09,CBP Budapešť centrála,XL,1
2026-03-09,CBP Budapešť centrála,VB,1
2026-03-09,CZLC4,SPO,1172
2026-03-09,CZLC4,BPO,279
2026-03-09,CZLC4,XPO,91
2026-03-09,Dunajská Streda,SPO,6
2026-03-09,HULC1,SPO,193
2026-03-09,HULC1,BPO,47
2026-03-09,HULC1,XPO,27
2026-03-09,HULC1,XL,4
2026-03-09,HULC1,VB,12
2026-03-09,Košice,SPO,9
2026-03-09,Košice,BPO,1
2026-03-09,Košice,XPO,1
2026-03-09,LCS,SPO,19
2026-03-09,LCS,BPO,1
2026-03-09,LCS,XPO,131
2026-03-09,LCS,VB,2
2026-03-09,LCU,XPO,60
2026-03-09,LCU,XL,3
2026-03-09,LCU,VB,64
2026-03-09,Nitra,SPO,20
2026-03-09,Nitra,BPO,4
2026-03-09,Nitra,XPO,1
2026-03-09,Pobočka HULC1,SPO,5
2026-03-09,Pobočka HULC1,BPO,1
2026-03-09,Pobočka Senec,SPO,25
2026-03-09,Pobočka Senec,BPO,3
2026-03-09,Pobočka Senec,XPO,2
2026-03-09,Prešov,SPO,8
2026-03-09,Prešov,BPO,2
2026-03-09,Prešov,XPO,1
2026-03-09,Trenčín,SPO,1
2026-03-09,Trenčín,BPO,1
2026-03-09,Trnava,SPO,14
2026-03-09,Trnava,BPO,1
2026-03-09,Trnava,XPO,2
2026-03-09,Trnava,XL,1
2026-03-09,Trnava,VB,1
2026-03-09,Wien Karlsplatz,SPO,3
2026-03-09,Wien Karlsplatz,XPO,5
2026-03-09,Wien Karlsplatz,XL,5
2026-03-09,Žilina,SPO,16
2026-03-09,Žilina,BPO,2
2026-03-09,Žilina,XPO,3
2026-03-10,Banská Bystrica,SPO,5
2026-03-10,Bratislava Centrála,SPO,72
2026-03-10,Bratislava Centrála,BPO,17
2026-03-10,Bratislava Centrála,XPO,7
2026-03-10,Bratislava Centrála,XL,3
2026-03-10,Bratislava Petržalka,XPO,2
2026-03-10,Bratislava Petržalka,VB,1
2026-03-10,Budapest Újbuda Központ,SPO,2
2026-03-10,Budapest Újbuda Központ,BPO,2
2026-03-10,Budapest Újbuda Központ,XPO,1
2026-03-10,Budapest Újbuda Központ,XL,1
2026-03-10,Budapešť Blaha,SPO,3
2026-03-10,Budapešť Blaha,XL,1
2026-03-10,CBP Budapešť centrála,SPO,104
2026-03-10,CBP Budapešť centrála,BPO,36
2026-03-10,CBP Budapešť centrála,XPO,6
2026-03-10,CBP Budapešť centrála,XL,1
2026-03-10,CBP Budapešť centrála,VB,1
2026-03-10,CZLC4,SPO,3068
2026-03-10,CZLC4,BPO,658
2026-03-10,CZLC4,XPO,239
2026-03-10,Dunajská Streda,SPO,1
2026-03-10,HULC1,SPO,460
2026-03-10,HULC1,BPO,64
2026-03-10,HULC1,XPO,24
2026-03-10,HULC1,XL,5
2026-03-10,HULC1,VB,43
2026-03-10,Košice,SPO,15
2026-03-10,Košice,BPO,1
2026-03-10,Košice,XPO,2
2026-03-10,LCS,SPO,53
2026-03-10,LCS,BPO,11
2026-03-10,LCS,XPO,3
2026-03-10,LCU,BPO,1
2026-03-10,LCU,XPO,224
2026-03-10,LCU,XL,128
2026-03-10,LCU,VB,178
2026-03-10,Nitra,SPO,182
2026-03-10,Nitra,BPO,8
2026-03-10,Nitra,XPO,8
2026-03-10,Nitra,XL,1
2026-03-10,Pobočka HULC1,SPO,9
2026-03-10,Pobočka HULC1,BPO,1
2026-03-10,Pobočka HULC1,XPO,1
2026-03-10,Pobočka Senec,SPO,17
2026-03-10,Pobočka Senec,BPO,4
2026-03-10,Pobočka Senec,XPO,2
2026-03-10,Prešov,SPO,4
2026-03-10,Prešov,BPO,1
2026-03-10,Prešov,XPO,3
2026-03-10,Trenčín,SPO,4
2026-03-10,Trenčín,XPO,1
2026-03-10,Trnava,SPO,243
2026-03-10,Trnava,BPO,35
2026-03-10,Trnava,XPO,8
2026-03-10,Trnava,XL,2
2026-03-10,Trnava,VB,1
2026-03-10,Wien Karlsplatz,SPO,1
2026-03-10,Žilina,SPO,5
2026-03-10,Žilina,BPO,1
2026-03-10,Žilina,XPO,4
2026-03-10,Žilina,VB,1
2026-03-11,Banská Bystrica,SPO,11
2026-03-11,Banská Bystrica,BPO,1
2026-03-11,Banská Bystrica,XPO,3
2026-03-11,Bratislava Centrála,SPO,45
2026-03-11,Bratislava Centrála,BPO,6
2026-03-11,Bratislava Centrála,XPO,4
2026-03-11,Bratislava Centrála,XL,1
2026-03-11,Bratislava Petržalka,XL,1
2026-03-11,Bratislava Petržalka,VB,2
2026-03-11,Budapest Újbuda Központ,SPO,8
2026-03-11,Budapest Újbuda Központ,XL,1
2026-03-11,Budapešť Blaha,SPO,7
2026-03-11,Budapešť Blaha,BPO,1
2026-03-11,Budapešť Blaha,XPO,1
2026-03-11,CBP Budapešť centrála,SPO,40
2026-03-11,CBP Budapešť centrála,BPO,17
2026-03-11,CBP Budapešť centrála,XPO,19
2026-03-11,CBP Budapešť centrála,XL,1
2026-03-11,CBP Budapešť centrála,VB,1
2026-03-11,CZLC4,SPO,1354
2026-03-11,CZLC4,BPO,319
2026-03-11,CZLC4,XPO,63
2026-03-11,Dunajská Streda,SPO,3
2026-03-11,Dunajská Streda,XPO,3
2026-03-11,HULC1,SPO,312
2026-03-11,HULC1,BPO,100
2026-03-11,HULC1,XPO,12
2026-03-11,HULC1,XL,5
2026-03-11,HULC1,VB,9
2026-03-11,Košice,SPO,12
2026-03-11,Košice,BPO,3
2026-03-11,Košice,XPO,1
2026-03-11,Košice,XL,2
2026-03-11,LCS,SPO,26
2026-03-11,LCS,BPO,2
2026-03-11,LCS,XPO,41
2026-03-11,LCU,XPO,94
2026-03-11,LCU,XL,33
2026-03-11,LCU,VB,99
2026-03-11,Nitra,SPO,18
2026-03-11,Nitra,BPO,1
2026-03-11,Nitra,XPO,1
2026-03-11,Nitra,XL,1
2026-03-11,Nitra,VB,2
2026-03-11,Pobočka HULC1,SPO,9
2026-03-11,Pobočka HULC1,BPO,2
2026-03-11,Pobočka Senec,SPO,76
2026-03-11,Pobočka Senec,BPO,4
2026-03-11,Pobočka Senec,XPO,1
2026-03-11,Pobočka Senec,XL,1
2026-03-11,Pobočka Senec,VB,1
2026-03-11,Prešov,SPO,3
2026-03-11,Prešov,BPO,1
2026-03-11,Prešov,XPO,2
2026-03-11,Trenčín,SPO,1
2026-03-11,Trenčín,XPO,1
2026-03-11,Trnava,SPO,9
2026-03-11,Trnava,BPO,1
2026-03-11,Wien Karlsplatz,SPO,5
2026-03-11,Wien Karlsplatz,BPO,1
2026-03-11,Wien Karlsplatz,XPO,1
2026-03-11,Žilina,SPO,22
2026-03-11,Žilina,BPO,5
2026-03-11,Žilina,XPO,3
2026-03-11,Žilina,XL,1
2026-03-12,Banská Bystrica,SPO,7
2026-03-12,Banská Bystrica,BPO,3
2026-03-12,Banská Bystrica,XPO,1
2026-03-12,Bratislava Centrála,SPO,64
2026-03-12,Bratislava Centrála,BPO,7
2026-03-12,Bratislava Centrála,XPO,8
2026-03-12,Bratislava Centrála,XL,1
2026-03-12,Bratislava Petržalka,SPO,1
2026-03-12,Bratislava Petržalka,XPO,1
2026-03-12,Bratislava Petržalka,XL,1
2026-03-12,Budapešť Blaha,SPO,4
2026-03-12,Budapešť Blaha,BPO,2
2026-03-12,Budapešť Blaha,XL,1
2026-03-12,CBP Budapešť centrála,SPO,35
2026-03-12,CBP Budapešť centrála,BPO,6
2026-03-12,CBP Budapešť centrála,XPO,2
2026-03-12,CBP Budapešť centrála,XL,3
2026-03-12,CBP Budapešť centrála,VB,1
2026-03-12,CZLC4,SPO,1409
2026-03-12,CZLC4,BPO,277
2026-03-12,CZLC4,XPO,93
2026-03-12,Dunajská Streda,SPO,8
2026-03-12,Dunajská Streda,BPO,1
2026-03-12,HULC1,SPO,285
2026-03-12,HULC1,BPO,72
2026-03-12,HULC1,XPO,27
2026-03-12,HULC1,VB,5
2026-03-12,Košice,SPO,8
2026-03-12,Košice,XPO,1
2026-03-12,Košice,XL,1
2026-03-12,Košice,VB,1
2026-03-12,LCS,SPO,15
2026-03-12,LCS,BPO,3
2026-03-12,LCS,XPO,67
2026-03-12,LCU,XPO,49
2026-03-12,LCU,VB,109
2026-03-12,Nitra,SPO,19
2026-03-12,Nitra,BPO,1
2026-03-12,Nitra,XPO,4
2026-03-12,Nitra,XL,1
2026-03-12,Pobočka HULC1,SPO,5
2026-03-12,Pobočka HULC1,BPO,3
2026-03-12,Pobočka Senec,SPO,20
2026-03-12,Pobočka Senec,BPO,3
2026-03-12,Pobočka Senec,XPO,2
2026-03-12,Pobočka Senec,XL,2
2026-03-12,Pobočka Senec,VB,1
2026-03-12,Prešov,SPO,13
2026-03-12,Trenčín,SPO,4
2026-03-12,Trenčín,XPO,2
2026-03-12,Trnava,SPO,7
2026-03-12,Trnava,BPO,3
2026-03-12,Wien Karlsplatz,SPO,2
2026-03-12,Wien Karlsplatz,BPO,1
2026-03-12,Wien Karlsplatz,XL,1
2026-03-12,Žilina,SPO,12
2026-03-12,Žilina,BPO,1
2026-03-12,Žilina,XPO,2
2026-03-12,Žilina,XL,1
2026-03-13,Banská Bystrica,SPO,6
2026-03-13,Banská Bystrica,BPO,3
2026-03-13,Bratislava Centrála,SPO,76
2026-03-13,Bratislava Centrála,BPO,16
2026-03-13,Bratislava Centrála,XPO,2
2026-03-13,Bratislava Centrála,XL,1
2026-03-13,Bratislava Petržalka,SPO,5
2026-03-13,Bratislava Petržalka,VB,1
2026-03-13,Budapest Újbuda Központ,SPO,1
2026-03-13,Budapešť Blaha,SPO,6
2026-03-13,Budapešť Blaha,XL,1
2026-03-13,CBP Budapešť centrála,SPO,31
2026-03-13,CBP Budapešť centrála,BPO,9
2026-03-13,CBP Budapešť centrála,XPO,5
2026-03-13,CBP Budapešť centrála,XL,2
2026-03-13,CZLC4,SPO,1330
2026-03-13,CZLC4,BPO,284
2026-03-13,CZLC4,XPO,59
2026-03-13,HULC1,SPO,258
2026-03-13,HULC1,BPO,50
2026-03-13,HULC1,XPO,24
2026-03-13,HULC1,VB,8
2026-03-13,Košice,SPO,9
2026-03-13,Košice,BPO,1
2026-03-13,Košice,VB,1
2026-03-13,LCS,SPO,23
2026-03-13,LCS,BPO,2
2026-03-13,LCS,XPO,89
2026-03-13,LCU,SPO,1
2026-03-13,LCU,XPO,70
2026-03-13,LCU,XL,13
2026-03-13,LCU,VB,62
2026-03-13,Nitra,SPO,8
2026-03-13,Nitra,BPO,1
2026-03-13,Pobočka HULC1,SPO,11
2026-03-13,Pobočka HULC1,BPO,3
2026-03-13,Pobočka HULC1,XPO,2
2026-03-13,Pobočka Senec,SPO,58
2026-03-13,Pobočka Senec,BPO,4
2026-03-13,Pobočka Senec,XPO,1
2026-03-13,Prešov,SPO,7
2026-03-13,Prešov,BPO,4
2026-03-13,Prešov,XL,1
2026-03-13,Prešov,VB,1
2026-03-13,Trenčín,SPO,4
2026-03-13,Trenčín,XPO,1
2026-03-13,Trnava,SPO,17
2026-03-13,Trnava,BPO,3
2026-03-13,Trnava,XPO,2
2026-03-13,Trnava,VB,1
2026-03-13,Wien Karlsplatz,SPO,1
2026-03-13,Žilina,SPO,9
2026-03-13,Žilina,XPO,5
2026-03-14,Banská Bystrica,SPO,17
2026-03-14,Banská Bystrica,XL,1
2026-03-14,Bratislava Centrála,SPO,24
2026-03-14,Bratislava Centrála,BPO,4
2026-03-14,Bratislava Centrála,XL,1
2026-03-14,Bratislava Petržalka,BPO,2
2026-03-14,Budapešť Blaha,SPO,7
2026-03-14,Budapešť Blaha,BPO,1
2026-03-14,Budapešť Blaha,XL,1
2026-03-14,CBP Budapešť centrála,SPO,57
2026-03-14,CBP Budapešť centrála,BPO,6
2026-03-14,CBP Budapešť centrála,XPO,8
2026-03-14,CBP Budapešť centrála,XL,3
2026-03-14,CBP Budapešť centrála,VB,2
2026-03-14,CZLC4,SPO,1304
2026-03-14,CZLC4,BPO,309
2026-03-14,CZLC4,XPO,65
2026-03-14,Dunajská Streda,SPO,18
2026-03-14,HULC1,SPO,189
2026-03-14,HULC1,BPO,28
2026-03-14,HULC1,XPO,10
2026-03-14,Košice,SPO,18
2026-03-14,LCS,SPO,13
2026-03-14,LCS,BPO,3
2026-03-14,LCS,XPO,52
2026-03-14,LCU,XPO,39
2026-03-14,LCU,XL,7
2026-03-14,LCU,VB,58
2026-03-14,Nitra,SPO,36
2026-03-14,Nitra,BPO,1
2026-03-14,Nitra,XPO,2
2026-03-14,Pobočka HULC1,SPO,9
2026-03-14,Pobočka HULC1,BPO,2
2026-03-14,Pobočka Senec,SPO,19
2026-03-14,Pobočka Senec,BPO,5
2026-03-14,Pobočka Senec,XPO,2
2026-03-14,Prešov,SPO,22
2026-03-14,Prešov,BPO,1
2026-03-14,Prešov,XPO,3
2026-03-14,Trenčín,SPO,24
2026-03-14,Trnava,SPO,30
2026-03-14,Trnava,XPO,5
2026-03-14,Trnava,XL,1
2026-03-14,Wien Karlsplatz,XL,1
2026-03-14,Žilina,SPO,40
2026-03-14,Žilina,BPO,4
2026-03-14,Žilina,XPO,1
2026-03-14,Žilina,XL,2
2026-03-15,Banská Bystrica,SPO,8
2026-03-15,Banská Bystrica,XPO,1
2026-03-15,Bratislava Centrála,SPO,134
2026-03-15,Bratislava Centrála,BPO,21
2026-03-15,Bratislava Centrála,XPO,15
2026-03-15,Bratislava Centrála,XL,7
2026-03-15,Bratislava Petržalka,SPO,9
2026-03-15,Bratislava Petržalka,BPO,4
2026-03-15,Bratislava Petržalka,XPO,1
2026-03-15,Budapest Újbuda Központ,SPO,1
2026-03-15,Budapest Újbuda Központ,BPO,1
2026-03-15,CBP Budapešť centrála,SPO,84
2026-03-15,CBP Budapešť centrála,BPO,19
2026-03-15,CBP Budapešť centrála,XPO,2
2026-03-15,CZLC4,SPO,1307
2026-03-15,CZLC4,BPO,243
2026-03-15,CZLC4,XPO,37
2026-03-15,HULC1,SPO,119
2026-03-15,HULC1,BPO,15
2026-03-15,HULC1,XPO,2
2026-03-15,Košice,SPO,23
2026-03-15,Košice,BPO,2
2026-03-15,Košice,XPO,3
2026-03-15,LCS,SPO,13
2026-03-15,LCS,BPO,7
2026-03-15,LCS,XPO,48
2026-03-15,LCU,SPO,1
2026-03-15,LCU,XPO,34
2026-03-15,LCU,XL,19
2026-03-15,LCU,VB,29
2026-03-15,Nitra,SPO,15
2026-03-15,Nitra,BPO,2
2026-03-15,Nitra,XPO,2
2026-03-15,Pobočka Senec,SPO,33
2026-03-15,Pobočka Senec,BPO,2
2026-03-15,Pobočka Senec,XPO,3
2026-03-15,Prešov,SPO,18
2026-03-15,Prešov,BPO,1
2026-03-15,Prešov,XL,1
2026-03-15,Trenčín,SPO,9
2026-03-15,Trenčín,XPO,3
2026-03-15,Trnava,SPO,18
2026-03-15,Trnava,BPO,1
2026-03-15,Žilina,SPO,22
2026-03-15,Žilina,BPO,1
2026-03-15,Žilina,XPO,2
2026-03-16,Banská Bystrica,SPO,3
2026-03-16,Banská Bystrica,BPO,3
2026-03-16,Bratislava Centrála,SPO,94
2026-03-16,Bratislava Centrála,BPO,17
2026-03-16,Bratislava Centrála,XPO,8
2026-03-16,Bratislava Centrála,XL,1
2026-03-16,Bratislava Petržalka,SPO,1
2026-03-16,Bratislava Petržalka,XPO,1
2026-03-16,Bratislava Petržalka,XL,1
2026-03-16,Bratislava Petržalka,VB,1
2026-03-16,Budapest Újbuda Központ,SPO,9
2026-03-16,Budapest Újbuda Központ,BPO,2
2026-03-16,Budapest Újbuda Központ,XPO,3
2026-03-16,Budapešť Blaha,SPO,8
2026-03-16,Budapešť Blaha,BPO,1
2026-03-16,CBP Budapešť centrála,SPO,9
2026-03-16,CZLC4,SPO,1149
2026-03-16,CZLC4,BPO,348
2026-03-16,CZLC4,XPO,26
2026-03-16,Dunajská Streda,SPO,9
2026-03-16,Dunajská Streda,BPO,2
2026-03-16,Dunajská Streda,XPO,2
2026-03-16,Dunajská Streda,XL,1
2026-03-16,HULC1,SPO,315
2026-03-16,HULC1,BPO,60
2026-03-16,HULC1,XPO,38
2026-03-16,HULC1,VB,5
2026-03-16,Košice,SPO,6
2026-03-16,Košice,BPO,2
2026-03-16,Košice,XPO,2
2026-03-16,LCS,SPO,18
2026-03-16,LCS,BPO,2
2026-03-16,LCS,XPO,65
2026-03-16,LCU,BPO,3
2026-03-16,LCU,XPO,98
2026-03-16,LCU,XL,4
2026-03-16,LCU,VB,98
2026-03-16,Nitra,SPO,6
2026-03-16,Nitra,BPO,2
2026-03-16,Nitra,XPO,1
2026-03-16,Pobočka HULC1,SPO,6
2026-03-16,Pobočka HULC1,XPO,2
2026-03-16,Pobočka Senec,SPO,15
2026-03-16,Pobočka Senec,BPO,1
2026-03-16,Pobočka Senec,XPO,5
2026-03-16,Pobočka Senec,XL,1
2026-03-16,Pobočka Senec,VB,4
2026-03-16,Prešov,SPO,8
2026-03-16,Prešov,XPO,1
2026-03-16,Trnava,SPO,13
2026-03-16,Wien Karlsplatz,SPO,3
2026-03-16,Wien Karlsplatz,BPO,1
2026-03-16,Wien Karlsplatz,XL,2
2026-03-16,Žilina,SPO,21
2026-03-17,Banská Bystrica,SPO,12
2026-03-17,Banská Bystrica,BPO,2
2026-03-17,Banská Bystrica,XPO,1
2026-03-17,Bratislava Centrála,SPO,77
2026-03-17,Bratislava Centrála,BPO,11
2026-03-17,Bratislava Centrála,XPO,11
2026-03-17,Bratislava Centrála,XL,3
2026-03-17,Bratislava Centrála,VB,4
2026-03-17,Bratislava Petržalka,SPO,3
2026-03-17,Bratislava Petržalka,XL,2
2026-03-17,Budapešť Blaha,SPO,5
2026-03-17,Budapešť Blaha,BPO,2
2026-03-17,Budapešť Blaha,XPO,3
2026-03-17,Budapešť Blaha,XL,3
2026-03-17,CBP Budapešť centrála,SPO,74
2026-03-17,CBP Budapešť centrála,BPO,44
2026-03-17,CBP Budapešť centrála,XPO,15
2026-03-17,CBP Budapešť centrála,XL,2
2026-03-17,CBP Budapešť centrála,VB,6
2026-03-17,CZLC4,SPO,2413
2026-03-17,CZLC4,BPO,665
2026-03-17,CZLC4,XPO,159
2026-03-17,Dunajská Streda,SPO,5
2026-03-17,Dunajská Streda,BPO,4
2026-03-17,HULC1,SPO,240
2026-03-17,HULC1,BPO,39
2026-03-17,HULC1,XPO,11
2026-03-17,HULC1,XL,9
2026-03-17,HULC1,VB,70
2026-03-17,Košice,SPO,12
2026-03-17,Košice,BPO,1
2026-03-17,Košice,XPO,2
2026-03-17,Košice,XL,2
2026-03-17,LCS,SPO,39
2026-03-17,LCS,BPO,9
2026-03-17,LCS,XPO,148
2026-03-17,LCU,XPO,195
2026-03-17,LCU,XL,77
2026-03-17,LCU,VB,87
2026-03-17,Nitra,SPO,14
2026-03-17,Nitra,BPO,3
2026-03-17,Nitra,XPO,2
2026-03-17,Pobočka HULC1,SPO,11
2026-03-17,Pobočka HULC1,BPO,5
2026-03-17,Pobočka Senec,SPO,22
2026-03-17,Pobočka Senec,BPO,3
2026-03-17,Pobočka Senec,XPO,1
2026-03-17,Prešov,SPO,18
2026-03-17,Prešov,BPO,2
2026-03-17,Prešov,XPO,1
2026-03-17,Trenčín,SPO,15
2026-03-17,Trenčín,BPO,3
2026-03-17,Trenčín,XPO,2
2026-03-17,Trenčín,XL,1
2026-03-17,Trenčín,VB,2
2026-03-17,Trnava,SPO,17
2026-03-17,Trnava,BPO,2
2026-03-17,Wien Karlsplatz,SPO,9
2026-03-17,Žilina,SPO,11
2026-03-17,Žilina,BPO,2
2026-03-17,Žilina,XPO,2
2026-03-18,Banská Bystrica,SPO,5
2026-03-18,Banská Bystrica,XPO,1
2026-03-18,Bratislava Centrála,SPO,72
2026-03-18,Bratislava Centrála,BPO,17
2026-03-18,Bratislava Centrála,XPO,10
2026-03-18,Bratislava Centrála,XL,5
2026-03-18,Budapest Újbuda Központ,SPO,17
2026-03-18,Budapest Újbuda Központ,XPO,1
2026-03-18,Budapešť Blaha,SPO,4
2026-03-18,Budapešť Blaha,XPO,1
2026-03-18,CBP Budapešť centrála,SPO,35
2026-03-18,CBP Budapešť centrála,BPO,7
2026-03-18,CBP Budapešť centrála,XPO,3
2026-03-18,CBP Budapešť centrála,VB,2
2026-03-18,CZLC4,SPO,1502
2026-03-18,CZLC4,BPO,270
2026-03-18,CZLC4,XPO,115
2026-03-18,Dunajská Streda,SPO,1
2026-03-18,HULC1,SPO,227
2026-03-18,HULC1,BPO,86
2026-03-18,HULC1,XPO,47
2026-03-18,HULC1,XL,6
2026-03-18,HULC1,VB,5
2026-03-18,Košice,SPO,17
2026-03-18,Košice,BPO,1
2026-03-18,Košice,XPO,2
2026-03-18,Košice,XL,1
2026-03-18,LCS,SPO,13
2026-03-18,LCS,BPO,2
2026-03-18,LCS,XPO,48
2026-03-18,LCU,XPO,99
2026-03-18,LCU,XL,37
2026-03-18,LCU,VB,52
2026-03-18,Nitra,SPO,17
2026-03-18,Nitra,BPO,4
2026-03-18,Nitra,XPO,1
2026-03-18,Nitra,XL,1
2026-03-18,Pobočka HULC1,SPO,6
2026-03-18,Pobočka HULC1,BPO,2
2026-03-18,Pobočka HULC1,XPO,1
2026-03-18,Pobočka Senec,SPO,8
2026-03-18,Pobočka Senec,BPO,3
2026-03-18,Pobočka Senec,XPO,6
2026-03-18,Pobočka Senec,VB,3
2026-03-18,Prešov,SPO,7
2026-03-18,Prešov,BPO,3
2026-03-18,Prešov,XPO,1
2026-03-18,Prešov,XL,2
2026-03-18,Trenčín,SPO,1
2026-03-18,Trnava,SPO,17
2026-03-18,Trnava,BPO,1
2026-03-18,Trnava,XPO,1
2026-03-18,Žilina,SPO,14
2026-03-18,Žilina,BPO,1
2026-03-18,Žilina,XPO,2
2026-03-19,Banská Bystrica,SPO,19
2026-03-19,Banská Bystrica,BPO,5
2026-03-19,Banská Bystrica,XPO,1
2026-03-19,Bratislava Centrála,SPO,95
2026-03-19,Bratislava Centrála,BPO,8
2026-03-19,Bratislava Centrála,XPO,13
2026-03-19,Bratislava Centrála,XL,2
2026-03-19,Bratislava Centrála,VB,2
2026-03-19,Bratislava Petržalka,SPO,10
2026-03-19,Bratislava Petržalka,XPO,2
2026-03-19,Bratislava Petržalka,VB,2
2026-03-19,Budapest Újbuda Központ,SPO,3
2026-03-19,Budapest Újbuda Központ,BPO,1
2026-03-19,Budapest Újbuda Központ,XPO,2
2026-03-19,Budapešť Blaha,SPO,3
2026-03-19,CBP Budapešť centrála,SPO,64
2026-03-19,CBP Budapešť centrála,BPO,7
2026-03-19,CBP Budapešť centrála,XPO,3
2026-03-19,CBP Budapešť centrála,VB,1
2026-03-19,CZLC4,SPO,1564
2026-03-19,CZLC4,BPO,273
2026-03-19,CZLC4,XPO,37
2026-03-19,CZLC4,XL,2
2026-03-19,Dunajská Streda,SPO,522
2026-03-19,Dunajská Streda,BPO,53
2026-03-19,HULC1,SPO,238
2026-03-19,HULC1,BPO,43
2026-03-19,HULC1,XPO,10
2026-03-19,HULC1,XL,15
2026-03-19,HULC1,VB,9
2026-03-19,Košice,SPO,8
2026-03-19,Košice,BPO,1
2026-03-19,Košice,XPO,1
2026-03-19,LCS,SPO,12
2026-03-19,LCS,BPO,7
2026-03-19,LCS,XPO,43
2026-03-19,LCU,SPO,2
2026-03-19,LCU,XPO,86
2026-03-19,LCU,XL,53
2026-03-19,LCU,VB,47
2026-03-19,Nitra,SPO,13
2026-03-19,Pobočka HULC1,SPO,14
2026-03-19,Pobočka HULC1,BPO,4
2026-03-19,Pobočka Senec,SPO,253
2026-03-19,Pobočka Senec,BPO,12
2026-03-19,Pobočka Senec,XPO,8
2026-03-19,Pobočka Senec,XL,1
2026-03-19,Prešov,SPO,8
2026-03-19,Prešov,BPO,1
2026-03-19,Trenčín,SPO,3
2026-03-19,Trenčín,BPO,1
2026-03-19,Trenčín,XPO,1
2026-03-19,Trnava,SPO,22
2026-03-19,Trnava,BPO,4
2026-03-19,Trnava,XPO,2
2026-03-19,Wien Karlsplatz,SPO,2
2026-03-19,Žilina,SPO,6
2026-03-19,Žilina,XL,1
2026-03-20,Banská Bystrica,SPO,6
2026-03-20,Banská Bystrica,BPO,2
2026-03-20,Banská Bystrica,XPO,2
2026-03-20,Bratislava Centrála,SPO,58
2026-03-20,Bratislava Centrála,BPO,15
2026-03-20,Bratislava Centrála,XPO,3
2026-03-20,Bratislava Centrála,XL,1
2026-03-20,Bratislava Centrála,VB,2
2026-03-20,Bratislava Petržalka,XPO,1
2026-03-20,Bratislava Petržalka,XL,1
2026-03-20,Budapest Újbuda Központ,SPO,2
2026-03-20,Budapest Újbuda Központ,BPO,1
2026-03-20,Budapest Újbuda Központ,XL,1
2026-03-20,Budapešť Blaha,SPO,4
2026-03-20,Budapešť Blaha,BPO,1
2026-03-20,CBP Budapešť centrála,SPO,40
2026-03-20,CBP Budapešť centrála,BPO,3
2026-03-20,CBP Budapešť centrála,XPO,3
2026-03-20,CBP Budapešť centrála,VB,4
2026-03-20,CZLC4,SPO,1328
2026-03-20,CZLC4,BPO,360
2026-03-20,CZLC4,XPO,81
2026-03-20,Dunajská Streda,SPO,43
2026-03-20,Dunajská Streda,BPO,19
2026-03-20,HULC1,SPO,201
2026-03-20,HULC1,BPO,31
2026-03-20,HULC1,XPO,14
2026-03-20,HULC1,VB,4
2026-03-20,Košice,SPO,5
2026-03-20,LCS,SPO,21
2026-03-20,LCS,XPO,54
2026-03-20,LCU,XPO,40
2026-03-20,LCU,XL,4
2026-03-20,LCU,VB,94
2026-03-20,Nitra,SPO,20
2026-03-20,Nitra,BPO,3
2026-03-20,Nitra,XPO,3
2026-03-20,Pobočka HULC1,SPO,4
2026-03-20,Pobočka HULC1,XPO,3
2026-03-20,Pobočka Senec,SPO,170
2026-03-20,Pobočka Senec,BPO,6
2026-03-20,Pobočka Senec,XL,1
2026-03-20,Pobočka Senec,VB,1
2026-03-20,Prešov,SPO,3
2026-03-20,Trenčín,SPO,6
2026-03-20,Trenčín,XPO,1
2026-03-20,Trenčín,XL,1
2026-03-20,Trnava,SPO,14
2026-03-20,Trnava,BPO,2
2026-03-20,Trnava,XPO,3
2026-03-20,Wien Karlsplatz,SPO,2
2026-03-20,Wien Karlsplatz,BPO,1
2026-03-20,Wien Karlsplatz,XPO,1
2026-03-20,Wien Karlsplatz,XL,2
2026-03-20,Žilina,SPO,15
2026-03-20,Žilina,BPO,4
2026-03-20,Žilina,XPO,2
2026-03-20,Žilina,XL,2
2026-03-21,Banská Bystrica,SPO,2
2026-03-21,Banská Bystrica,BPO,1
2026-03-21,Banská Bystrica,XPO,1
2026-03-21,Bratislava Centrála,SPO,56
2026-03-21,Bratislava Centrála,BPO,9
2026-03-21,Bratislava Centrála,XPO,5
2026-03-21,Bratislava Centrála,XL,4
2026-03-21,Bratislava Petržalka,XPO,11
2026-03-21,Budapest Újbuda Központ,SPO,1
2026-03-21,Budapešť Blaha,SPO,3
2026-03-21,Budapešť Blaha,VB,1
2026-03-21,CBP Budapešť centrála,SPO,48
2026-03-21,CBP Budapešť centrála,BPO,12
2026-03-21,CBP Budapešť centrála,XPO,4
2026-03-21,CBP Budapešť centrála,XL,1
2026-03-21,CBP Budapešť centrála,VB,1
2026-03-21,CZLC4,SPO,1211
2026-03-21,CZLC4,BPO,355
2026-03-21,CZLC4,XPO,137
2026-03-21,Dunajská Streda,SPO,2
2026-03-21,Dunajská Streda,BPO,4
2026-03-21,HULC1,SPO,323
2026-03-21,HULC1,BPO,46
2026-03-21,HULC1,XPO,6
2026-03-21,HULC1,VB,12
2026-03-21,Košice,SPO,10
2026-03-21,Košice,BPO,1
2026-03-21,LCS,SPO,16
2026-03-21,LCS,BPO,2
2026-03-21,LCS,XPO,41
2026-03-21,LCU,XPO,36
2026-03-21,LCU,XL,12
2026-03-21,LCU,VB,28
2026-03-21,Nitra,SPO,10
2026-03-21,Nitra,BPO,6
2026-03-21,Pobočka HULC1,SPO,6
2026-03-21,Pobočka HULC1,BPO,1
2026-03-21,Pobočka HULC1,XPO,3
2026-03-21,Pobočka Senec,SPO,25
2026-03-21,Pobočka Senec,BPO,1
2026-03-21,Pobočka Senec,XPO,1
2026-03-21,Pobočka Senec,VB,1
2026-03-21,Prešov,SPO,11
2026-03-21,Trenčín,SPO,10
2026-03-21,Trenčín,BPO,2
2026-03-21,Trenčín,XPO,1
2026-03-21,Trnava,SPO,15
2026-03-21,Trnava,BPO,1
2026-03-21,Trnava,XPO,1
2026-03-21,Žilina,SPO,30
2026-03-21,Žilina,BPO,1
2026-03-21,Žilina,XPO,3
2026-03-22,Banská Bystrica,SPO,4
2026-03-22,Banská Bystrica,XPO,1
2026-03-22,Bratislava Centrála,SPO,95
2026-03-22,Bratislava Centrála,BPO,22
2026-03-22,Bratislava Centrála,XPO,7
2026-03-22,Bratislava Centrála,XL,2
2026-03-22,Bratislava Centrála,VB,1
2026-03-22,Bratislava Petržalka,XL,1
2026-03-22,Budapešť Blaha,SPO,2
2026-03-22,CBP Budapešť centrála,SPO,31
2026-03-22,CBP Budapešť centrála,BPO,9
2026-03-22,CBP Budapešť centrála,XPO,5
2026-03-22,CZLC4,SPO,1200
2026-03-22,CZLC4,BPO,360
2026-03-22,CZLC4,XPO,92
2026-03-22,Dunajská Streda,SPO,1
2026-03-22,HULC1,SPO,215
2026-03-22,HULC1,BPO,21
2026-03-22,HULC1,XPO,8
2026-03-22,Košice,SPO,7
2026-03-22,Košice,BPO,3
2026-03-22,LCS,SPO,19
2026-03-22,LCS,BPO,2
2026-03-22,LCS,XPO,26
2026-03-22,LCU,XPO,42
2026-03-22,LCU,VB,38
2026-03-22,Nitra,SPO,10
2026-03-22,Nitra,BPO,1
2026-03-22,Nitra,XPO,1
2026-03-22,Pobočka HULC1,SPO,6
2026-03-22,Pobočka HULC1,XPO,1
2026-03-22,Pobočka Senec,SPO,19
2026-03-22,Pobočka Senec,BPO,4
2026-03-22,Pobočka Senec,XPO,2
2026-03-22,Pobočka Senec,XL,2
2026-03-22,Prešov,SPO,5
2026-03-22,Prešov,XPO,2
2026-03-22,Trenčín,SPO,2
2026-03-22,Trenčín,XPO,1
2026-03-22,Trnava,SPO,14
2026-03-22,Trnava,BPO,2
2026-03-22,Trnava,XPO,3
2026-03-22,Trnava,XL,1
2026-03-22,Trnava,VB,1
2026-03-22,Žilina,SPO,4
2026-03-22,Žilina,BPO,2
2026-03-23,Banská Bystrica,SPO,8
2026-03-23,Banská Bystrica,XPO,1
2026-03-23,Bratislava Centrála,SPO,76
2026-03-23,Bratislava Centrála,BPO,15
2026-03-23,Bratislava Centrála,XPO,5
2026-03-23,Bratislava Centrála,XL,3
2026-03-23,Bratislava Centrála,VB,1
2026-03-23,Bratislava Petržalka,SPO,9
2026-03-23,Bratislava Petržalka,BPO,1
2026-03-23,Bratislava Petržalka,XPO,1
2026-03-23,Budapest Újbuda Központ,SPO,1
2026-03-23,Budapest Újbuda Központ,XPO,2
2026-03-23,Budapešť Blaha,SPO,4
2026-03-23,Budapešť Blaha,VB,1
2026-03-23,CBP Budapešť centrála,SPO,55
2026-03-23,CBP Budapešť centrála,BPO,8
2026-03-23,CBP Budapešť centrála,XPO,6
2026-03-23,CBP Budapešť centrála,XL,2
2026-03-23,CBP Budapešť centrála,VB,6
2026-03-23,CZLC4,SPO,1398
2026-03-23,CZLC4,BPO,372
2026-03-23,CZLC4,XPO,54
2026-03-23,Dunajská Streda,SPO,2
2026-03-23,Dunajská Streda,BPO,1
2026-03-23,HULC1,SPO,297
2026-03-23,HULC1,BPO,45
2026-03-23,HULC1,XPO,10
2026-03-23,HULC1,VB,8
2026-03-23,Košice,SPO,9
2026-03-23,Košice,BPO,1
2026-03-23,Košice,XPO,1
2026-03-23,Košice,XL,1
2026-03-23,LCS,SPO,16
2026-03-23,LCS,BPO,3
2026-03-23,LCS,XPO,17
2026-03-23,LCU,XPO,70
2026-03-23,LCU,XL,65
2026-03-23,LCU,VB,88
2026-03-23,Nitra,SPO,15
2026-03-23,Nitra,XPO,2
2026-03-23,Nitra,VB,1
2026-03-23,Pobočka HULC1,SPO,9
2026-03-23,Pobočka HULC1,BPO,1
2026-03-23,Pobočka HULC1,XPO,2
2026-03-23,Pobočka Senec,SPO,9
2026-03-23,Pobočka Senec,BPO,3
2026-03-23,Pobočka Senec,XPO,1
2026-03-23,Pobočka Senec,XL,1
2026-03-23,Pobočka Senec,VB,1
2026-03-23,Prešov,SPO,7
2026-03-23,Prešov,XPO,1
2026-03-23,Trenčín,BPO,3
2026-03-23,Trenčín,XPO,1
2026-03-23,Trnava,SPO,41
2026-03-23,Trnava,BPO,7
2026-03-23,Wien Karlsplatz,SPO,1
2026-03-23,Wien Karlsplatz,BPO,2
2026-03-23,Žilina,SPO,12
2026-03-23,Žilina,BPO,1
2026-03-23,Žilina,XPO,1
2026-03-24,Banská Bystrica,SPO,13
2026-03-24,Banská Bystrica,BPO,1
2026-03-24,Bratislava Centrála,SPO,106
2026-03-24,Bratislava Centrála,BPO,14
2026-03-24,Bratislava Centrála,XPO,6
2026-03-24,Bratislava Centrála,XL,1
2026-03-24,Bratislava Centrála,VB,3
2026-03-24,Budapešť Blaha,SPO,5
2026-03-24,Budapešť Blaha,VB,1
2026-03-24,CBP Budapešť centrála,SPO,47
2026-03-24,CBP Budapešť centrála,BPO,13
2026-03-24,CBP Budapešť centrála,XPO,9
2026-03-24,CBP Budapešť centrála,VB,2
2026-03-24,CZLC4,SPO,2310
2026-03-24,CZLC4,BPO,799
2026-03-24,CZLC4,XPO,184
2026-03-24,Dunajská Streda,SPO,1
2026-03-24,HULC1,SPO,530
2026-03-24,HULC1,BPO,42
2026-03-24,HULC1,XPO,22
2026-03-24,HULC1,VB,21
2026-03-24,Košice,SPO,9
2026-03-24,Košice,BPO,2
2026-03-24,Košice,XPO,2
2026-03-24,LCS,SPO,46
2026-03-24,LCS,BPO,5
2026-03-24,LCS,XPO,4
2026-03-24,LCU,SPO,1
2026-03-24,LCU,XPO,232
2026-03-24,LCU,XL,25
2026-03-24,LCU,VB,104
2026-03-24,Nitra,SPO,8
2026-03-24,Nitra,BPO,2
2026-03-24,Nitra,XPO,4
2026-03-24,Pobočka HULC1,SPO,9
2026-03-24,Pobočka HULC1,BPO,4
2026-03-24,Pobočka HULC1,XPO,1
2026-03-24,Pobočka Senec,SPO,19
2026-03-24,Pobočka Senec,BPO,2
2026-03-24,Pobočka Senec,VB,1
2026-03-24,Prešov,SPO,10
2026-03-24,Prešov,XPO,1
2026-03-24,Trenčín,SPO,5
2026-03-24,Trenčín,BPO,2
2026-03-24,Trenčín,XPO,2
2026-03-24,Trnava,SPO,5
2026-03-24,Trnava,BPO,2
2026-03-24,Trnava,XPO,2
2026-03-24,Wien Karlsplatz,SPO,3
2026-03-24,Žilina,SPO,10
2026-03-24,Žilina,BPO,2
2026-03-24,Žilina,XPO,3
2026-03-25,Banská Bystrica,SPO,3
2026-03-25,Banská Bystrica,BPO,1
2026-03-25,Banská Bystrica,VB,1
2026-03-25,Bratislava Centrála,SPO,90
2026-03-25,Bratislava Centrála,BPO,22
2026-03-25,Bratislava Centrála,XPO,11
2026-03-25,Bratislava Centrála,XL,1
2026-03-25,Bratislava Centrála,VB,3
2026-03-25,Bratislava Petržalka,SPO,2
2026-03-25,Bratislava Petržalka,BPO,3
2026-03-25,Bratislava Petržalka,XL,1
2026-03-25,Bratislava Petržalka,VB,1
2026-03-25,Budapest Újbuda Központ,XPO,1
2026-03-25,Budapešť Blaha,SPO,2
2026-03-25,CBP Budapešť centrála,SPO,77
2026-03-25,CBP Budapešť centrála,BPO,9
2026-03-25,CBP Budapešť centrála,XPO,7
2026-03-25,CBP Budapešť centrála,VB,2
2026-03-25,CZLC4,SPO,1522
2026-03-25,CZLC4,BPO,424
2026-03-25,CZLC4,XPO,82
2026-03-25,Dunajská Streda,SPO,3
2026-03-25,Dunajská Streda,BPO,2
2026-03-25,Dunajská Streda,XPO,1
2026-03-25,HULC1,SPO,219
2026-03-25,HULC1,BPO,105
2026-03-25,HULC1,XPO,39
2026-03-25,Košice,SPO,9
2026-03-25,Košice,XPO,2
2026-03-25,Košice,VB,1
2026-03-25,LCS,SPO,27
2026-03-25,LCS,BPO,1
2026-03-25,LCU,XPO,89
2026-03-25,LCU,XL,12
2026-03-25,LCU,VB,56
2026-03-25,Nitra,SPO,8
2026-03-25,Nitra,BPO,1
2026-03-25,Nitra,XPO,1
2026-03-25,Nitra,VB,1
2026-03-25,Pobočka HULC1,SPO,1
2026-03-25,Pobočka HULC1,XPO,2
2026-03-25,Pobočka Senec,SPO,231
2026-03-25,Pobočka Senec,BPO,13
2026-03-25,Pobočka Senec,XPO,11
2026-03-25,Pobočka Senec,XL,4
2026-03-25,Prešov,SPO,14
2026-03-25,Trenčín,SPO,6
2026-03-25,Trenčín,BPO,1
2026-03-25,Trenčín,XPO,1
2026-03-25,Trnava,SPO,13
2026-03-25,Trnava,BPO,2
2026-03-25,Trnava,XPO,1
2026-03-25,Trnava,VB,1
2026-03-25,Žilina,SPO,14
2026-03-25,Žilina,BPO,4
2026-03-25,Žilina,XPO,1
2026-03-26,Banská Bystrica,SPO,7
2026-03-26,Banská Bystrica,BPO,1
2026-03-26,Bratislava Centrála,SPO,61
2026-03-26,Bratislava Centrála,BPO,11
2026-03-26,Bratislava Centrála,XPO,6
2026-03-26,Budapešť Blaha,SPO,10
2026-03-26,Budapešť Blaha,XL,1
2026-03-26,Budapešť Blaha,VB,1
2026-03-26,CBP Budapešť centrála,SPO,39
2026-03-26,CBP Budapešť centrála,BPO,18
2026-03-26,CBP Budapešť centrála,XPO,6
2026-03-26,CBP Budapešť centrála,VB,3
2026-03-26,CZLC4,SPO,1295
2026-03-26,CZLC4,BPO,289
2026-03-26,CZLC4,XPO,45
2026-03-26,Dunajská Streda,SPO,147
2026-03-26,Dunajská Streda,BPO,28
2026-03-26,Dunajská Streda,XPO,2
2026-03-26,Dunajská Streda,XL,3
2026-03-26,HULC1,SPO,344
2026-03-26,HULC1,BPO,46
2026-03-26,HULC1,XPO,40
2026-03-26,HULC1,VB,12
2026-03-26,Košice,SPO,8
2026-03-26,Košice,BPO,12
2026-03-26,Košice,XPO,1
2026-03-26,Košice,XL,1
2026-03-26,LCS,SPO,27
2026-03-26,LCS,BPO,3
2026-03-26,LCS,XPO,4
2026-03-26,LCU,XPO,63
2026-03-26,LCU,XL,3
2026-03-26,LCU,VB,96
2026-03-26,Nitra,SPO,21
2026-03-26,Nitra,BPO,2
2026-03-26,Nitra,XPO,1
2026-03-26,Pobočka HULC1,SPO,7
2026-03-26,Pobočka HULC1,BPO,1
2026-03-26,Pobočka Senec,SPO,5
2026-03-26,Pobočka Senec,BPO,2
2026-03-26,Pobočka Senec,XPO,1
2026-03-26,Prešov,BPO,2
2026-03-26,Prešov,XPO,1
2026-03-26,Trenčín,SPO,1
2026-03-26,Trenčín,VB,1
2026-03-26,Trnava,SPO,5
2026-03-26,Trnava,BPO,2
2026-03-26,Wien Karlsplatz,SPO,1
2026-03-26,Žilina,SPO,9
2026-03-26,Žilina,BPO,3
2026-03-26,Žilina,XPO,1
2026-03-27,Banská Bystrica,SPO,14
2026-03-27,Banská Bystrica,XL,1
2026-03-27,Bratislava Centrála,SPO,75
2026-03-27,Bratislava Centrála,BPO,13
2026-03-27,Bratislava Centrála,XPO,5
2026-03-27,Bratislava Centrála,VB,1
2026-03-27,Bratislava Petržalka,SPO,16
2026-03-27,Budapest Újbuda Központ,SPO,10
2026-03-27,Budapest Újbuda Központ,BPO,1
2026-03-27,Budapešť Blaha,SPO,11
2026-03-27,CBP Budapešť centrála,SPO,66
2026-03-27,CBP Budapešť centrála,BPO,5
2026-03-27,CBP Budapešť centrála,XPO,16
2026-03-27,CBP Budapešť centrála,XL,1
2026-03-27,CZLC4,SPO,1502
2026-03-27,CZLC4,BPO,371
2026-03-27,CZLC4,XPO,38
2026-03-27,Dunajská Streda,SPO,9
2026-03-27,Dunajská Streda,XPO,1
2026-03-27,HULC1,SPO,192
2026-03-27,HULC1,BPO,35
2026-03-27,HULC1,XPO,16
2026-03-27,HULC1,VB,5
2026-03-27,Košice,SPO,15
2026-03-27,Košice,BPO,3
2026-03-27,Košice,XPO,1
2026-03-27,LCS,SPO,22
2026-03-27,LCS,BPO,4
2026-03-27,LCU,SPO,2
2026-03-27,LCU,BPO,1
2026-03-27,LCU,XPO,80
2026-03-27,LCU,XL,2
2026-03-27,LCU,VB,58
2026-03-27,Nitra,SPO,24
2026-03-27,Nitra,BPO,4
2026-03-27,Nitra,XPO,1
2026-03-27,Pobočka HULC1,SPO,16
2026-03-27,Pobočka HULC1,BPO,4
2026-03-27,Pobočka Senec,SPO,22
2026-03-27,Pobočka Senec,BPO,3
2026-03-27,Pobočka Senec,XPO,2
2026-03-27,Prešov,SPO,20
2026-03-27,Prešov,BPO,1
2026-03-27,Prešov,XPO,6
2026-03-27,Trenčín,SPO,18
2026-03-27,Trenčín,XPO,2
2026-03-27,Trnava,SPO,15
2026-03-27,Trnava,BPO,3
2026-03-27,Trnava,XPO,2
2026-03-27,Žilina,SPO,10
2026-03-27,Žilina,BPO,4
2026-03-28,Banská Bystrica,SPO,9
2026-03-28,Banská Bystrica,BPO,1
2026-03-28,Banská Bystrica,XPO,2
2026-03-28,Bratislava Centrála,SPO,66
2026-03-28,Bratislava Centrála,BPO,17
2026-03-28,Bratislava Centrála,XPO,5
2026-03-28,Bratislava Centrála,XL,1
2026-03-28,Bratislava Petržalka,XPO,2
2026-03-28,Bratislava Petržalka,VB,1
2026-03-28,Budapest Újbuda Központ,SPO,15
2026-03-28,Budapest Újbuda Központ,BPO,2
2026-03-28,Budapest Újbuda Központ,XPO,2
2026-03-28,Budapešť Blaha,SPO,3
2026-03-28,CBP Budapešť centrála,SPO,68
2026-03-28,CBP Budapešť centrála,BPO,22
2026-03-28,CBP Budapešť centrála,XPO,7
2026-03-28,CBP Budapešť centrála,VB,4
2026-03-28,CZLC4,SPO,1739
2026-03-28,CZLC4,BPO,184
2026-03-28,CZLC4,XPO,29
2026-03-28,Dunajská Streda,SPO,4
2026-03-28,HULC1,SPO,195
2026-03-28,HULC1,BPO,23
2026-03-28,HULC1,XPO,7
2026-03-28,HULC1,VB,24
2026-03-28,Košice,SPO,7
2026-03-28,Košice,BPO,1
2026-03-28,LCS,SPO,24
2026-03-28,LCS,BPO,4
2026-03-28,LCS,XPO,2
2026-03-28,LCU,XPO,115
2026-03-28,LCU,XL,5
2026-03-28,LCU,VB,66
2026-03-28,Nitra,SPO,3
2026-03-28,Nitra,BPO,1
2026-03-28,Nitra,VB,1
2026-03-28,Pobočka HULC1,SPO,5
2026-03-28,Pobočka HULC1,BPO,1
2026-03-28,Pobočka HULC1,XPO,1
2026-03-28,Pobočka Senec,SPO,7
2026-03-28,Pobočka Senec,BPO,1
2026-03-28,Pobočka Senec,XPO,1
2026-03-28,Prešov,SPO,11
2026-03-28,Trenčín,SPO,5
2026-03-28,Trenčín,BPO,3
2026-03-28,Trenčín,XL,1
2026-03-28,Trenčín,VB,1
2026-03-28,Trnava,SPO,7
2026-03-28,Trnava,BPO,4
2026-03-28,Trnava,XPO,5
2026-03-28,Žilina,SPO,1
2026-03-29,Banská Bystrica,SPO,15
2026-03-29,Banská Bystrica,BPO,1
2026-03-29,Banská Bystrica,XPO,2
2026-03-29,Bratislava Centrála,SPO,114
2026-03-29,Bratislava Centrála,BPO,20
2026-03-29,Bratislava Centrála,XPO,16
2026-03-29,Bratislava Centrála,XL,6
2026-03-29,Bratislava Petržalka,SPO,5
2026-03-29,Budapešť Blaha,SPO,2
2026-03-29,Budapešť Blaha,XPO,1
2026-03-29,Budapešť Blaha,XL,1
2026-03-29,CBP Budapešť centrála,SPO,49
2026-03-29,CBP Budapešť centrála,BPO,19
2026-03-29,CBP Budapešť centrála,XPO,15
2026-03-29,CBP Budapešť centrála,XL,5
2026-03-29,CBP Budapešť centrála,VB,3
2026-03-29,CZLC4,SPO,1105
2026-03-29,CZLC4,BPO,291
2026-03-29,CZLC4,XPO,100
2026-03-29,Dunajská Streda,SPO,2
2026-03-29,HULC1,SPO,181
2026-03-29,HULC1,BPO,11
2026-03-29,HULC1,XPO,6
2026-03-29,Košice,SPO,6
2026-03-29,Košice,BPO,1
2026-03-29,Košice,XPO,2
2026-03-29,LCS,SPO,24
2026-03-29,LCS,BPO,3
2026-03-29,LCU,XPO,42
2026-03-29,LCU,XL,10
2026-03-29,LCU,VB,11
2026-03-29,Nitra,SPO,26
2026-03-29,Nitra,BPO,3
2026-03-29,Nitra,XPO,1
2026-03-29,Pobočka HULC1,SPO,9
2026-03-29,Pobočka HULC1,BPO,4
2026-03-29,Pobočka HULC1,XPO,3
2026-03-29,Pobočka Senec,SPO,1
2026-03-29,Prešov,SPO,6
2026-03-29,Prešov,BPO,1
2026-03-29,Trenčín,SPO,1
2026-03-29,Trenčín,BPO,2
2026-03-29,Trenčín,XPO,1
2026-03-29,Trnava,SPO,10
2026-03-29,Trnava,BPO,1
2026-03-29,Trnava,XPO,5
2026-03-29,Trnava,XL,2
2026-03-29,Žilina,SPO,16
2026-03-29,Žilina,BPO,6
2026-03-29,Žilina,XPO,2
2026-03-30,Banská Bystrica,SPO,5
2026-03-30,Bratislava Centrála,SPO,93
2026-03-30,Bratislava Centrála,BPO,15
2026-03-30,Bratislava Centrála,XPO,9
2026-03-30,Bratislava Centrála,XL,2
2026-03-30,Budapešť Blaha,SPO,4
2026-03-30,CBP Budapešť centrála,SPO,15
2026-03-30,CBP Budapešť centrála,BPO,7
2026-03-30,CBP Budapešť centrála,XPO,8
2026-03-30,CBP Budapešť centrála,XL,3
2026-03-30,CBP Budapešť centrála,VB,5
2026-03-30,CZLC4,SPO,1450
2026-03-30,CZLC4,BPO,403
2026-03-30,CZLC4,XPO,61
2026-03-30,Dunajská Streda,BPO,2
2026-03-30,Dunajská Streda,XPO,4
2026-03-30,Dunajská Streda,VB,5
2026-03-30,HULC1,SPO,261
2026-03-30,HULC1,BPO,39
2026-03-30,HULC1,XPO,47
2026-03-30,HULC1,VB,13
2026-03-30,Košice,SPO,18
2026-03-30,LCS,SPO,311
2026-03-30,LCS,BPO,117
2026-03-30,LCS,XPO,49
2026-03-30,LCU,SPO,1
2026-03-30,LCU,XPO,105
2026-03-30,LCU,XL,9
2026-03-30,LCU,VB,38
2026-03-30,Nitra,SPO,5
2026-03-30,Nitra,BPO,4
2026-03-30,Nitra,XPO,6
2026-03-30,Nitra,VB,4
2026-03-30,Pobočka HULC1,SPO,10
2026-03-30,Pobočka HULC1,BPO,4
2026-03-30,Pobočka HULC1,XPO,3
2026-03-30,Prešov,SPO,4
2026-03-30,Trenčín,SPO,4
2026-03-30,Trenčín,XPO,3
2026-03-30,Trnava,SPO,25
2026-03-30,Trnava,BPO,4
2026-03-30,Trnava,XPO,3
2026-03-30,Trnava,VB,1
2026-03-30,Wien Karlsplatz,SPO,1
2026-03-30,Wien Karlsplatz,XPO,1
2026-03-30,Wien Karlsplatz,XL,2
2026-03-30,Žilina,SPO,15
2026-03-30,Žilina,BPO,1
2026-03-30,Žilina,XPO,3
2026-03-31,Banská Bystrica,SPO,4
2026-03-31,Banská Bystrica,BPO,2
2026-03-31,Banská Bystrica,XL,1
2026-03-31,Bratislava Centrála,SPO,90
2026-03-31,Bratislava Centrála,BPO,6
2026-03-31,Bratislava Centrála,XPO,7
2026-03-31,Bratislava Centrála,XL,4
2026-03-31,Bratislava Petržalka,SPO,2
2026-03-31,Bratislava Petržalka,BPO,1
2026-03-31,Bratislava Petržalka,XPO,1
2026-03-31,Budapešť Blaha,SPO,6
2026-03-31,CBP Budapešť centrála,SPO,44
2026-03-31,CBP Budapešť centrála,BPO,17
2026-03-31,CBP Budapešť centrála,XPO,10
2026-03-31,CBP Budapešť centrála,XL,1
2026-03-31,CBP Budapešť centrála,VB,4
2026-03-31,CZLC4,SPO,2611
2026-03-31,CZLC4,BPO,585
2026-03-31,CZLC4,XPO,81
2026-03-31,CZLC4,XL,2
2026-03-31,Dunajská Streda,SPO,6
2026-03-31,Dunajská Streda,BPO,1
2026-03-31,HULC1,SPO,306
2026-03-31,HULC1,BPO,71
2026-03-31,HULC1,XPO,24
2026-03-31,HULC1,XL,4
2026-03-31,HULC1,VB,67
2026-03-31,Košice,SPO,5
2026-03-31,Košice,BPO,1
2026-03-31,Košice,XL,1
2026-03-31,LCS,SPO,762
2026-03-31,LCS,BPO,226
2026-03-31,LCS,XPO,48
2026-03-31,LCU,SPO,2
2026-03-31,LCU,XPO,295
2026-03-31,LCU,XL,54
2026-03-31,LCU,VB,137
2026-03-31,Nitra,SPO,29
2026-03-31,Nitra,BPO,3
2026-03-31,Nitra,XPO,2
2026-03-31,Nitra,VB,1
2026-03-31,Pobočka HULC1,SPO,68
2026-03-31,Pobočka HULC1,BPO,6
2026-03-31,Pobočka HULC1,XPO,2
2026-03-31,Pobočka Senec,BPO,1
2026-03-31,Pobočka Senec,XL,1
2026-03-31,Prešov,SPO,12
2026-03-31,Prešov,BPO,3
2026-03-31,Prešov,XPO,1
2026-03-31,Trenčín,SPO,9
2026-03-31,Trenčín,BPO,1
2026-03-31,Trenčín,VB,1
2026-03-31,Trnava,SPO,28
2026-03-31,Trnava,BPO,2
2026-03-31,Trnava,XPO,1
2026-03-31,Wien Karlsplatz,SPO,1
2026-03-31,Wien Karlsplatz,XL,1
2026-03-31,Žilina,SPO,11
2026-03-31,Žilina,BPO,2
2026-03-31,Žilina,XL,2
2026-03-31,Žilina,VB,1
2026-04-01,Banská Bystrica,SPO,11
2026-04-01,Banská Bystrica,BPO,4
2026-04-01,Banská Bystrica,XPO,1
2026-04-01,Banská Bystrica,XL,1
2026-04-01,Bratislava Centrála,SPO,71
2026-04-01,Bratislava Centrála,BPO,6
2026-04-01,Bratislava Centrála,XPO,2
2026-04-01,Bratislava Centrála,XL,2
2026-04-01,Bratislava Petržalka,XPO,1
2026-04-01,Budapest Újbuda Központ,SPO,34
2026-04-01,Budapešť Blaha,SPO,8
2026-04-01,CBP Budapešť centrála,SPO,35
2026-04-01,CBP Budapešť centrála,BPO,7
2026-04-01,CBP Budapešť centrála,XPO,10
2026-04-01,CBP Budapešť centrála,XL,1
2026-04-01,CBP Budapešť centrála,VB,1
2026-04-01,CZLC4,SPO,1369
2026-04-01,CZLC4,BPO,395
2026-04-01,CZLC4,XPO,30
2026-04-01,CZLC4,XL,1
2026-04-01,HULC1,SPO,492
2026-04-01,HULC1,BPO,36
2026-04-01,HULC1,XPO,19
2026-04-01,HULC1,VB,4
2026-04-01,Košice,SPO,5
2026-04-01,Košice,BPO,2
2026-04-01,LCS,SPO,415
2026-04-01,LCS,BPO,107
2026-04-01,LCS,XPO,26
2026-04-01,LCU,SPO,2
2026-04-01,LCU,XPO,84
2026-04-01,LCU,XL,8
2026-04-01,LCU,VB,30
2026-04-01,Nitra,SPO,26
2026-04-01,Nitra,BPO,3
2026-04-01,Nitra,XPO,3
2026-04-01,Nitra,XL,1
2026-04-01,Nitra,VB,1
2026-04-01,Pobočka HULC1,SPO,18
2026-04-01,Pobočka Senec,VB,1
2026-04-01,Prešov,SPO,15
2026-04-01,Prešov,XPO,1
2026-04-01,Prešov,XL,1
2026-04-01,Trenčín,SPO,7
2026-04-01,Trenčín,XPO,1
2026-04-01,Trnava,SPO,13
2026-04-01,Trnava,XPO,3
2026-04-01,Wien Karlsplatz,SPO,15
2026-04-01,Žilina,SPO,8
2026-04-01,Žilina,BPO,5
2026-04-02,Banská Bystrica,SPO,9
2026-04-02,Banská Bystrica,BPO,1
2026-04-02,Bratislava Centrála,SPO,67
2026-04-02,Bratislava Centrála,BPO,11
2026-04-02,Bratislava Centrála,XPO,13
2026-04-02,Bratislava Centrála,XL,3
2026-04-02,Bratislava Centrála,VB,1
2026-04-02,Bratislava Petržalka,XPO,1
2026-04-02,Bratislava Petržalka,XL,1
2026-04-02,Budapest Újbuda Központ,SPO,26
2026-04-02,Budapest Újbuda Központ,BPO,2
2026-04-02,Budapest Újbuda Központ,XPO,2
2026-04-02,Budapest Újbuda Központ,XL,1
2026-04-02,Budapešť Blaha,BPO,1
2026-04-02,CBP Budapešť centrála,SPO,39
2026-04-02,CBP Budapešť centrála,BPO,9
2026-04-02,CBP Budapešť centrála,XPO,4
2026-04-02,CBP Budapešť centrála,XL,3
2026-04-02,CZLC4,SPO,811
2026-04-02,CZLC4,BPO,122
2026-04-02,CZLC4,XPO,15
2026-04-02,Dunajská Streda,SPO,2
2026-04-02,HULC1,SPO,220
2026-04-02,HULC1,BPO,32
2026-04-02,HULC1,XPO,19
2026-04-02,HULC1,VB,4
2026-04-02,Košice,SPO,16
2026-04-02,Košice,BPO,1
2026-04-02,Košice,XL,1
2026-04-02,LCS,SPO,44
2026-04-02,LCS,BPO,9
2026-04-02,LCS,XPO,4
2026-04-02,LCU,BPO,2
2026-04-02,LCU,XPO,66
2026-04-02,LCU,XL,1
2026-04-02,LCU,VB,25
2026-04-02,Nitra,SPO,19
2026-04-02,Nitra,BPO,1
2026-04-02,Nitra,XPO,2
2026-04-02,Pobočka HULC1,SPO,24
2026-04-02,Pobočka HULC1,BPO,13
2026-04-02,Pobočka HULC1,XPO,2
2026-04-02,Prešov,SPO,14
2026-04-02,Prešov,BPO,2
2026-04-02,Prešov,XPO,1
2026-04-02,Trenčín,SPO,5
2026-04-02,Trenčín,XL,2
2026-04-02,Trnava,SPO,23
2026-04-02,Trnava,BPO,1
2026-04-02,Trnava,XPO,4
2026-04-02,Trnava,XL,1
2026-04-02,Žilina,SPO,11
2026-04-02,Žilina,BPO,1
2026-04-02,Žilina,XPO,4
2026-04-02,Žilina,XL,1
2026-04-03,Banská Bystrica,SPO,1
2026-04-03,Bratislava Centrála,SPO,11
2026-04-03,Bratislava Centrála,BPO,2
2026-04-03,Bratislava Petržalka,SPO,1
2026-04-03,CZLC4,SPO,2159
2026-04-03,CZLC4,BPO,437
2026-04-03,CZLC4,XPO,61
2026-04-03,HULC1,SPO,214
2026-04-03,HULC1,BPO,34
2026-04-03,HULC1,XPO,12
2026-04-03,HULC1,XL,14
2026-04-03,HULC1,VB,18
2026-04-03,Košice,BPO,1
2026-04-03,LCS,SPO,48
2026-04-03,LCS,BPO,8
2026-04-03,LCS,XPO,6
2026-04-03,LCU,XPO,113
2026-04-03,LCU,XL,18
2026-04-03,LCU,VB,45
2026-04-03,Nitra,SPO,2
2026-04-03,Pobočka HULC1,SPO,3
2026-04-03,Pobočka HULC1,BPO,1
2026-04-03,Pobočka HULC1,XPO,1
2026-04-03,Prešov,SPO,2
2026-04-03,Trenčín,SPO,1
2026-04-03,Trenčín,BPO,1
2026-04-03,Trnava,SPO,1
2026-04-03,Trnava,BPO,1
2026-04-03,Wien Karlsplatz,SPO,1
2026-04-03,Žilina,SPO,3
2026-04-04,Banská Bystrica,SPO,15
2026-04-04,Banská Bystrica,BPO,2
2026-04-04,Bratislava Centrála,SPO,81
2026-04-04,Bratislava Centrála,BPO,24
2026-04-04,Bratislava Centrála,XPO,5
2026-04-04,Bratislava Centrála,VB,2
2026-04-04,Bratislava Petržalka,XPO,1
2026-04-04,CZLC4,SPO,1290
2026-04-04,CZLC4,BPO,270
2026-04-04,CZLC4,XPO,59
2026-04-04,HULC1,SPO,338
2026-04-04,HULC1,BPO,58
2026-04-04,HULC1,XPO,12
2026-04-04,HULC1,VB,38
2026-04-04,Košice,SPO,9
2026-04-04,Košice,BPO,2
2026-04-04,Košice,XPO,2
2026-04-04,Košice,XL,1
2026-04-04,LCS,SPO,34
2026-04-04,LCS,BPO,4
2026-04-04,LCS,XPO,20
2026-04-04,LCU,XPO,37
2026-04-04,LCU,XL,8
2026-04-04,LCU,VB,44
2026-04-04,Nitra,SPO,37
2026-04-04,Nitra,BPO,1
2026-04-04,Nitra,XPO,2
2026-04-04,Pobočka HULC1,SPO,11
2026-04-04,Pobočka HULC1,BPO,2
2026-04-04,Pobočka HULC1,XPO,6
2026-04-04,Prešov,SPO,13
2026-04-04,Prešov,BPO,5
2026-04-04,Trenčín,SPO,6
2026-04-04,Trenčín,XPO,2
2026-04-04,Trnava,SPO,6
2026-04-04,Trnava,XPO,2
2026-04-04,Trnava,XL,1
2026-04-04,Wien Karlsplatz,SPO,2
2026-04-04,Wien Karlsplatz,BPO,1
2026-04-04,Žilina,SPO,10
2026-04-04,Žilina,BPO,4
2026-04-04,Žilina,XPO,1
2026-04-04,Žilina,XL,1
2026-04-05,Banská Bystrica,SPO,1
2026-04-05,Bratislava Centrála,SPO,7
2026-04-05,Bratislava Centrála,BPO,2
2026-04-05,Bratislava Petržalka,SPO,1
2026-04-05,Bratislava Petržalka,BPO,1
2026-04-05,Budapešť Blaha,SPO,32
2026-04-05,Budapešť Blaha,XL,2
2026-04-05,CBP Budapešť centrála,SPO,34
2026-04-05,CBP Budapešť centrála,BPO,2
2026-04-05,CZLC4,SPO,1251
2026-04-05,CZLC4,BPO,254
2026-04-05,CZLC4,XPO,38
2026-04-05,HULC1,SPO,221
2026-04-05,HULC1,BPO,15
2026-04-05,HULC1,XPO,5
2026-04-05,HULC1,XL,4
2026-04-05,HULC1,VB,22
2026-04-05,Košice,SPO,1
2026-04-05,LCS,SPO,17
2026-04-05,LCS,BPO,2
2026-04-05,LCS,XPO,17
2026-04-05,LCU,XPO,58
2026-04-05,LCU,XL,4
2026-04-05,LCU,VB,6
2026-04-05,Nitra,SPO,3
2026-04-05,Pobočka HULC1,SPO,1
2026-04-05,Prešov,SPO,1
2026-04-05,Trnava,SPO,1
2026-04-05,Wien Karlsplatz,SPO,2
2026-04-05,Žilina,SPO,5
2026-04-05,Žilina,BPO,2
2026-04-06,Banská Bystrica,SPO,12
2026-04-06,Banská Bystrica,BPO,2
2026-04-06,Banská Bystrica,XL,2
2026-04-06,Bratislava Centrála,SPO,62
2026-04-06,Bratislava Centrála,BPO,10
2026-04-06,Bratislava Centrála,XPO,4
2026-04-06,Bratislava Petržalka,BPO,1
2026-04-06,CBP Budapešť centrála,SPO,5
2026-04-06,CBP Budapešť centrála,BPO,1
2026-04-06,CZLC4,SPO,1042
2026-04-06,CZLC4,BPO,272
2026-04-06,CZLC4,XPO,64
2026-04-06,Dunajská Streda,SPO,1
2026-04-06,HULC1,SPO,145
2026-04-06,HULC1,BPO,18
2026-04-06,HULC1,XPO,5
2026-04-06,HULC1,VB,2
2026-04-06,Košice,SPO,6
2026-04-06,Košice,BPO,1
2026-04-06,Košice,XPO,4
2026-04-06,Košice,XL,1
2026-04-06,LCS,SPO,15
2026-04-06,LCS,BPO,3
2026-04-06,LCS,XPO,11
2026-04-06,LCU,XPO,51
2026-04-06,LCU,XL,16
2026-04-06,LCU,VB,26
2026-04-06,Nitra,SPO,25
2026-04-06,Nitra,BPO,4
2026-04-06,Nitra,XPO,1
2026-04-06,Prešov,SPO,6
2026-04-06,Prešov,BPO,8
2026-04-06,Prešov,XPO,1
2026-04-06,Trenčín,SPO,3
2026-04-06,Trenčín,XPO,1
2026-04-06,Trenčín,XL,1
2026-04-06,Trnava,SPO,26
2026-04-06,Trnava,BPO,6
2026-04-06,Trnava,XPO,1
2026-04-06,Žilina,SPO,20
2026-04-06,Žilina,BPO,2
2026-04-06,Žilina,XPO,1
2026-04-07,Banská Bystrica,SPO,11
2026-04-07,Banská Bystrica,BPO,2
2026-04-07,Banská Bystrica,XPO,2
2026-04-07,Bratislava Centrála,SPO,157
2026-04-07,Bratislava Centrála,BPO,22
2026-04-07,Bratislava Centrála,XPO,19
2026-04-07,Bratislava Centrála,XL,9
2026-04-07,Bratislava Centrála,VB,1
2026-04-07,Bratislava Petržalka,SPO,3
2026-04-07,Bratislava Petržalka,BPO,1
2026-04-07,Budapest Újbuda Központ,SPO,17
2026-04-07,Budapest Újbuda Központ,BPO,2
2026-04-07,Budapešť Blaha,SPO,19
2026-04-07,CBP Budapešť centrála,SPO,15
2026-04-07,CBP Budapešť centrála,BPO,1
2026-04-07,CZLC4,SPO,2178
2026-04-07,CZLC4,BPO,650
2026-04-07,CZLC4,XPO,62
2026-04-07,Dunajská Streda,SPO,6
2026-04-07,HULC1,SPO,472
2026-04-07,HULC1,BPO,52
2026-04-07,HULC1,XPO,31
2026-04-07,HULC1,VB,6
2026-04-07,Košice,SPO,2
2026-04-07,Košice,BPO,1
2026-04-07,LCS,SPO,57
2026-04-07,LCS,BPO,6
2026-04-07,LCS,XPO,130
2026-04-07,LCU,BPO,1
2026-04-07,LCU,XPO,193
2026-04-07,LCU,XL,32
2026-04-07,LCU,VB,95
2026-04-07,Nitra,SPO,16
2026-04-07,Nitra,BPO,4
2026-04-07,Nitra,XPO,2
2026-04-07,Pobočka HULC1,SPO,19
2026-04-07,Pobočka HULC1,BPO,4
2026-04-07,Pobočka HULC1,XPO,4
2026-04-07,Prešov,SPO,11
2026-04-07,Prešov,BPO,2
2026-04-07,Prešov,XPO,1
2026-04-07,Trenčín,SPO,1
2026-04-07,Trenčín,BPO,1
2026-04-07,Trenčín,XPO,2
2026-04-07,Trnava,SPO,5
2026-04-07,Trnava,BPO,2
2026-04-07,Wien Karlsplatz,SPO,2
2026-04-07,Žilina,SPO,3
2026-04-07,Žilina,XPO,1
2026-04-08,Banská Bystrica,SPO,76
2026-04-08,Banská Bystrica,BPO,2
2026-04-08,Banská Bystrica,XPO,1
2026-04-08,Banská Bystrica,VB,1
2026-04-08,Bratislava Centrála,SPO,67
2026-04-08,Bratislava Centrála,BPO,17
2026-04-08,Bratislava Centrála,XPO,11
2026-04-08,Bratislava Centrála,XL,3
2026-04-08,Bratislava Centrála,VB,1
2026-04-08,Bratislava Petržalka,SPO,76
2026-04-08,Bratislava Petržalka,BPO,2
2026-04-08,Bratislava Petržalka,XL,1
2026-04-08,Budapešť Blaha,SPO,16
2026-04-08,Budapešť Blaha,XL,1
2026-04-08,CBP Budapešť centrála,SPO,145
2026-04-08,CBP Budapešť centrála,BPO,39
2026-04-08,CBP Budapešť centrála,XPO,38
2026-04-08,CBP Budapešť centrála,XL,5
2026-04-08,CBP Budapešť centrála,VB,4
2026-04-08,CZLC4,SPO,1778
2026-04-08,CZLC4,BPO,663
2026-04-08,CZLC4,XPO,29
2026-04-08,HULC1,SPO,237
2026-04-08,HULC1,BPO,35
2026-04-08,HULC1,XPO,80
2026-04-08,HULC1,VB,9
2026-04-08,Košice,SPO,56
2026-04-08,Košice,BPO,15
2026-04-08,Košice,XPO,1
2026-04-08,LCS,SPO,34
2026-04-08,LCS,BPO,4
2026-04-08,LCS,XPO,41
2026-04-08,LCU,SPO,1
2026-04-08,LCU,BPO,1
2026-04-08,LCU,XPO,201
2026-04-08,LCU,XL,57
2026-04-08,LCU,VB,103
2026-04-08,Nitra,SPO,76
2026-04-08,Nitra,BPO,3
2026-04-08,Pobočka HULC1,SPO,31
2026-04-08,Pobočka HULC1,BPO,3
2026-04-08,Pobočka HULC1,XPO,4
2026-04-08,Prešov,SPO,66
2026-04-08,Prešov,BPO,1
2026-04-08,Prešov,XPO,1
2026-04-08,Prešov,XL,1
2026-04-08,Trenčín,SPO,74
2026-04-08,Trenčín,BPO,1
2026-04-08,Trenčín,XPO,1
2026-04-08,Trnava,SPO,78
2026-04-08,Trnava,BPO,5
2026-04-08,Trnava,XPO,2
2026-04-08,Trnava,XL,1
2026-04-08,Trnava,VB,5
2026-04-08,Wien Karlsplatz,SPO,2
2026-04-08,Wien Karlsplatz,XL,1
2026-04-08,Žilina,SPO,81
2026-04-08,Žilina,BPO,2
2026-04-08,Žilina,XPO,3
2026-04-09,Banská Bystrica,SPO,2
2026-04-09,Banská Bystrica,BPO,1
2026-04-09,Banská Bystrica,XPO,4
2026-04-09,Banská Bystrica,XL,1
2026-04-09,Banská Bystrica,VB,3
2026-04-09,Bratislava Centrála,SPO,46
2026-04-09,Bratislava Centrála,BPO,10
2026-04-09,Bratislava Centrála,XPO,6
2026-04-09,Bratislava Centrála,XL,1
2026-04-09,Bratislava Centrála,VB,1
2026-04-09,Bratislava Petržalka,SPO,2
2026-04-09,Bratislava Petržalka,BPO,2
2026-04-09,Budapešť Blaha,SPO,11
2026-04-09,Budapešť Blaha,BPO,1
2026-04-09,CBP Budapešť centrála,SPO,22
2026-04-09,CBP Budapešť centrála,BPO,2
2026-04-09,CBP Budapešť centrála,XPO,3
2026-04-09,CBP Budapešť centrála,XL,1
2026-04-09,CBP Budapešť centrála,VB,1
2026-04-09,CZLC4,SPO,1682
2026-04-09,CZLC4,BPO,347
2026-04-09,CZLC4,XPO,13
2026-04-09,HULC1,SPO,196
2026-04-09,HULC1,BPO,31
2026-04-09,HULC1,XPO,25
2026-04-09,HULC1,XL,4
2026-04-09,HULC1,VB,21
2026-04-09,Košice,SPO,37
2026-04-09,Košice,BPO,1
2026-04-09,Košice,XPO,1
2026-04-09,LCS,SPO,40
2026-04-09,LCS,BPO,10
2026-04-09,LCS,XPO,23
2026-04-09,LCU,XPO,168
2026-04-09,LCU,XL,4
2026-04-09,LCU,VB,139
2026-04-09,Nitra,SPO,17
2026-04-09,Nitra,BPO,3
2026-04-09,Pobočka HULC1,SPO,4
2026-04-09,Pobočka HULC1,XPO,1
2026-04-09,Prešov,SPO,1
2026-04-09,Trenčín,BPO,1
2026-04-09,Trnava,SPO,21
2026-04-09,Trnava,BPO,4
2026-04-09,Trnava,XPO,2
2026-04-09,Wien Karlsplatz,XL,1
2026-04-09,Žilina,SPO,5
2026-04-09,Žilina,XL,1
2026-04-10,Banská Bystrica,SPO,5
2026-04-10,Banská Bystrica,XPO,1
2026-04-10,Banská Bystrica,XL,2
2026-04-10,Bratislava Centrála,SPO,71
2026-04-10,Bratislava Centrála,BPO,7
2026-04-10,Bratislava Centrála,XPO,12
2026-04-10,Bratislava Centrála,VB,1
2026-04-10,Bratislava Petržalka,SPO,1
2026-04-10,CBP Budapešť centrála,SPO,10
2026-04-10,CBP Budapešť centrála,BPO,5
2026-04-10,CBP Budapešť centrála,XPO,3
2026-04-10,CBP Budapešť centrála,VB,1
2026-04-10,CZLC4,SPO,1493
2026-04-10,CZLC4,BPO,351
2026-04-10,CZLC4,XPO,55
2026-04-10,Dunajská Streda,SPO,1
2026-04-10,HULC1,SPO,330
2026-04-10,HULC1,BPO,41
2026-04-10,HULC1,XPO,13
2026-04-10,HULC1,XL,32
2026-04-10,HULC1,VB,7
2026-04-10,Košice,SPO,8
2026-04-10,Košice,BPO,2
2026-04-10,Košice,XL,1
2026-04-10,LCS,SPO,49
2026-04-10,LCS,BPO,9
2026-04-10,LCS,XPO,49
2026-04-10,LCU,BPO,1
2026-04-10,LCU,XPO,154
2026-04-10,LCU,XL,80
2026-04-10,LCU,VB,142
2026-04-10,Nitra,SPO,5
2026-04-10,Nitra,BPO,1
2026-04-10,Nitra,XPO,2
2026-04-10,Nitra,XL,3
2026-04-10,Pobočka HULC1,SPO,5
2026-04-10,Prešov,SPO,9
2026-04-10,Prešov,XPO,1
2026-04-10,Trenčín,SPO,5
2026-04-10,Trenčín,XPO,1
2026-04-10,Trnava,BPO,1
2026-04-10,Wien Karlsplatz,SPO,2
2026-04-10,Žilina,SPO,10
2026-04-10,Žilina,BPO,3
2026-04-10,Žilina,XPO,4
2026-04-10,Žilina,XL,1
2026-04-11,Banská Bystrica,SPO,15
2026-04-11,Banská Bystrica,XPO,3
2026-04-11,Bratislava Centrála,SPO,69
2026-04-11,Bratislava Centrála,BPO,12
2026-04-11,Bratislava Centrála,XPO,10
2026-04-11,Bratislava Petržalka,SPO,1
2026-04-11,Bratislava Petržalka,BPO,1
2026-04-11,Budapešť Blaha,SPO,2
2026-04-11,Budapešť Blaha,BPO,1
2026-04-11,Budapešť Blaha,XPO,1
2026-04-11,CBP Budapešť centrála,SPO,74
2026-04-11,CBP Budapešť centrála,BPO,12
2026-04-11,CBP Budapešť centrála,XPO,23
2026-04-11,CBP Budapešť centrála,XL,2
2026-04-11,CBP Budapešť centrála,VB,2
2026-04-11,CZLC4,SPO,1570
2026-04-11,CZLC4,BPO,444
2026-04-11,CZLC4,XPO,71
2026-04-11,HULC1,SPO,138
2026-04-11,HULC1,BPO,35
2026-04-11,HULC1,XPO,11
2026-04-11,HULC1,VB,7
2026-04-11,Košice,SPO,10
2026-04-11,Košice,BPO,1
2026-04-11,Košice,XPO,3
2026-04-11,LCS,SPO,46
2026-04-11,LCS,BPO,9
2026-04-11,LCS,XPO,91
2026-04-11,LCU,BPO,17
2026-04-11,LCU,XPO,127
2026-04-11,LCU,XL,23
2026-04-11,LCU,VB,59
2026-04-11,Nitra,SPO,13
2026-04-11,Nitra,BPO,4
2026-04-11,Nitra,XPO,14
2026-04-11,Nitra,XL,1
2026-04-11,Pobočka HULC1,SPO,18
2026-04-11,Pobočka HULC1,BPO,4
2026-04-11,Pobočka HULC1,XPO,2
2026-04-11,Prešov,SPO,8
2026-04-11,Prešov,BPO,4
2026-04-11,Prešov,XPO,3
2026-04-11,Trenčín,SPO,3
2026-04-11,Trenčín,XPO,1
2026-04-11,Trnava,SPO,17
2026-04-11,Trnava,XPO,1
2026-04-11,Wien Karlsplatz,BPO,1
2026-04-11,Žilina,SPO,16
2026-04-11,Žilina,BPO,1
2026-04-11,Žilina,XPO,2
2026-04-12,Banská Bystrica,SPO,4
2026-04-12,Bratislava Centrála,SPO,86
2026-04-12,Bratislava Centrála,BPO,17
2026-04-12,Bratislava Centrála,XPO,8
2026-04-12,Bratislava Centrála,XL,6
2026-04-12,Bratislava Petržalka,XL,1
2026-04-12,Budapešť Blaha,SPO,6
2026-04-12,Budapešť Blaha,BPO,2
2026-04-12,CBP Budapešť centrála,SPO,51
2026-04-12,CBP Budapešť centrála,BPO,9
2026-04-12,CBP Budapešť centrála,XPO,3
2026-04-12,CBP Budapešť centrála,VB,1
2026-04-12,CZLC4,SPO,1788
2026-04-12,CZLC4,BPO,387
2026-04-12,CZLC4,XPO,23
2026-04-12,HULC1,SPO,229
2026-04-12,HULC1,BPO,19
2026-04-12,HULC1,XPO,6
2026-04-12,HULC1,VB,5
2026-04-12,Košice,SPO,4
2026-04-12,Košice,BPO,1
2026-04-12,Košice,XPO,2
2026-04-12,LCS,SPO,35
2026-04-12,LCS,BPO,6
2026-04-12,LCS,XPO,36
2026-04-12,LCU,XPO,78
2026-04-12,LCU,VB,82
2026-04-12,Nitra,SPO,12
2026-04-12,Nitra,BPO,1
2026-04-12,Nitra,XPO,1
2026-04-12,Pobočka HULC1,SPO,3
2026-04-12,Pobočka HULC1,XPO,4
2026-04-12,Prešov,SPO,3
2026-04-12,Prešov,BPO,1
2026-04-12,Prešov,XL,1
2026-04-12,Trenčín,SPO,10
2026-04-12,Trenčín,BPO,1
2026-04-12,Trenčín,XPO,1
2026-04-12,Trenčín,VB,1
2026-04-12,Trnava,SPO,32
2026-04-12,Trnava,BPO,3
2026-04-12,Trnava,XPO,1
2026-04-12,Trnava,XL,2
2026-04-12,Wien Karlsplatz,SPO,1
2026-04-12,Žilina,SPO,10
2026-04-12,Žilina,BPO,3
2026-04-12,Žilina,XPO,3
2026-04-13,Banská Bystrica,SPO,24
2026-04-13,Banská Bystrica,BPO,1
2026-04-13,Banská Bystrica,XPO,3
2026-04-13,Banská Bystrica,XL,1
2026-04-13,Bratislava Centrála,SPO,61
2026-04-13,Bratislava Centrála,BPO,11
2026-04-13,Bratislava Centrála,XPO,5
2026-04-13,Bratislava Centrála,XL,1
2026-04-13,Bratislava Petržalka,SPO,1
2026-04-13,Bratislava Petržalka,BPO,1
2026-04-13,Budapešť Blaha,SPO,2
2026-04-13,Budapešť Blaha,BPO,1
2026-04-13,Budapešť Blaha,XPO,1
2026-04-13,Budapešť Blaha,VB,1
2026-04-13,CBP Budapešť centrála,SPO,41
2026-04-13,CBP Budapešť centrála,BPO,1
2026-04-13,CBP Budapešť centrála,XPO,2
2026-04-13,CBP Budapešť centrála,XL,2
2026-04-13,CBP Budapešť centrála,VB,1
2026-04-13,CZLC4,SPO,1530
2026-04-13,CZLC4,BPO,583
2026-04-13,CZLC4,XPO,18
2026-04-13,HULC1,SPO,483
2026-04-13,HULC1,BPO,58
2026-04-13,HULC1,XPO,22
2026-04-13,HULC1,VB,15
2026-04-13,Košice,SPO,10
2026-04-13,Košice,XPO,1
2026-04-13,LCS,SPO,43
2026-04-13,LCS,BPO,2
2026-04-13,LCS,XPO,38
2026-04-13,LCU,XPO,135
2026-04-13,LCU,XL,23
2026-04-13,LCU,VB,32
2026-04-13,Nitra,SPO,14
2026-04-13,Nitra,BPO,1
2026-04-13,Nitra,XPO,2
2026-04-13,Pobočka HULC1,SPO,5
2026-04-13,Pobočka HULC1,BPO,2
2026-04-13,Pobočka HULC1,XPO,2
2026-04-13,Prešov,SPO,2
2026-04-13,Prešov,XPO,1
2026-04-13,Trenčín,SPO,6
2026-04-13,Trnava,SPO,8
2026-04-13,Trnava,XPO,3
2026-04-13,Trnava,XL,1
2026-04-13,Trnava,VB,1
2026-04-13,Wien Karlsplatz,SPO,1
2026-04-13,Wien Karlsplatz,BPO,1
2026-04-13,Žilina,SPO,13
2026-04-13,Žilina,XPO,2
2026-04-14,Banská Bystrica,SPO,26
2026-04-14,Banská Bystrica,BPO,1
2026-04-14,Banská Bystrica,XPO,3
2026-04-14,Bratislava Centrála,SPO,127
2026-04-14,Bratislava Centrála,BPO,16
2026-04-14,Bratislava Centrála,XPO,11
2026-04-14,Bratislava Centrála,VB,3
2026-04-14,Bratislava Petržalka,XL,1
2026-04-14,Budapešť Blaha,SPO,14
2026-04-14,Budapešť Blaha,XL,1
2026-04-14,CBP Budapešť centrála,SPO,50
2026-04-14,CBP Budapešť centrála,BPO,10
2026-04-14,CBP Budapešť centrála,XPO,8
2026-04-14,CBP Budapešť centrála,XL,8
2026-04-14,CBP Budapešť centrála,VB,1
2026-04-14,CZLC4,SPO,2455
2026-04-14,CZLC4,BPO,686
2026-04-14,CZLC4,XPO,233
2026-04-14,HULC1,SPO,276
2026-04-14,HULC1,BPO,62
2026-04-14,HULC1,XPO,26
2026-04-14,HULC1,XL,14
2026-04-14,HULC1,VB,53
2026-04-14,Košice,SPO,8
2026-04-14,Košice,BPO,1
2026-04-14,Košice,XPO,3
2026-04-14,Košice,XL,1
2026-04-14,Košice,VB,1
2026-04-14,LCS,SPO,86
2026-04-14,LCS,BPO,19
2026-04-14,LCS,XPO,95
2026-04-14,LCU,BPO,4
2026-04-14,LCU,XPO,406
2026-04-14,LCU,XL,94
2026-04-14,LCU,VB,234
2026-04-14,Nitra,SPO,17
2026-04-14,Nitra,BPO,4
2026-04-14,Nitra,XPO,3
2026-04-14,Nitra,XL,1
2026-04-14,Nitra,VB,1
2026-04-14,Pobočka HULC1,SPO,5
2026-04-14,Pobočka HULC1,BPO,5
2026-04-14,Pobočka HULC1,XPO,2
2026-04-14,Prešov,SPO,7
2026-04-14,Prešov,XPO,2
2026-04-14,Trenčín,SPO,9
2026-04-14,Trenčín,XL,1
2026-04-14,Trnava,SPO,29
2026-04-14,Trnava,BPO,5
2026-04-14,Trnava,XPO,1
2026-04-14,Trnava,VB,1
2026-04-14,Žilina,SPO,10
2026-04-14,Žilina,BPO,1
2026-04-14,Žilina,XPO,5
2026-04-14,Žilina,XL,1
2026-04-14,Žilina,VB,2
2026-04-15,Banská Bystrica,SPO,2
2026-04-15,Bratislava Centrála,SPO,83
2026-04-15,Bratislava Centrála,BPO,20
2026-04-15,Bratislava Centrála,XPO,6
2026-04-15,Bratislava Centrála,XL,1
2026-04-15,Bratislava Centrála,VB,2
2026-04-15,Bratislava Petržalka,BPO,1
2026-04-15,Budapešť Blaha,SPO,8
2026-04-15,Budapešť Blaha,XL,1
2026-04-15,CBP Budapešť centrála,SPO,66
2026-04-15,CBP Budapešť centrála,BPO,11
2026-04-15,CBP Budapešť centrála,XPO,7
2026-04-15,CBP Budapešť centrála,XL,2
2026-04-15,CZLC4,SPO,1565
2026-04-15,CZLC4,BPO,412
2026-04-15,CZLC4,XPO,23
2026-04-15,HULC1,SPO,350
2026-04-15,HULC1,BPO,79
2026-04-15,HULC1,XPO,26
2026-04-15,HULC1,XL,28
2026-04-15,HULC1,VB,13
2026-04-15,Košice,SPO,9
2026-04-15,Košice,VB,1
2026-04-15,LCS,SPO,57
2026-04-15,LCS,BPO,19
2026-04-15,LCS,XPO,21
2026-04-15,LCU,BPO,1
2026-04-15,LCU,XPO,82
2026-04-15,LCU,XL,2
2026-04-15,LCU,VB,94
2026-04-15,Nitra,SPO,23
2026-04-15,Nitra,BPO,3
2026-04-15,Nitra,XPO,2
2026-04-15,Nitra,XL,1
2026-04-15,Pobočka HULC1,SPO,3
2026-04-15,Prešov,SPO,2
2026-04-15,Prešov,BPO,1
2026-04-15,Prešov,XPO,1
2026-04-15,Trenčín,SPO,2
2026-04-15,Trenčín,BPO,1
2026-04-15,Trenčín,XL,1
2026-04-15,Trnava,SPO,7
2026-04-15,Trnava,BPO,3
2026-04-15,Trnava,XPO,2
2026-04-15,Trnava,XL,1
2026-04-15,Žilina,SPO,8
2026-04-15,Žilina,BPO,1
2026-04-15,Žilina,XPO,1
2026-04-16,Banská Bystrica,SPO,7
2026-04-16,Banská Bystrica,XPO,1
2026-04-16,Bratislava Centrála,SPO,68
2026-04-16,Bratislava Centrála,BPO,8
2026-04-16,Bratislava Centrála,XPO,4
2026-04-16,Bratislava Centrála,XL,4
2026-04-16,Bratislava Petržalka,SPO,3
2026-04-16,Bratislava Petržalka,XPO,5
2026-04-16,Bratislava Petržalka,XL,1
2026-04-16,Budapest Újbuda Központ,SPO,22
2026-04-16,Budapest Újbuda Központ,BPO,2
2026-04-16,Budapest Újbuda Központ,XPO,4
2026-04-16,Budapešť Blaha,SPO,2
2026-04-16,Budapešť Blaha,BPO,1
2026-04-16,Budapešť Blaha,XPO,1
2026-04-16,Budapešť Blaha,XL,2
2026-04-16,Budapešť Blaha,VB,1
2026-04-16,CBP Budapešť centrála,SPO,5
2026-04-16,CBP Budapešť centrála,BPO,1
2026-04-16,CZLC4,SPO,1450
2026-04-16,CZLC4,BPO,467
2026-04-16,CZLC4,XPO,37
2026-04-16,HULC1,SPO,164
2026-04-16,HULC1,BPO,17
2026-04-16,HULC1,XPO,9
2026-04-16,HULC1,XL,4
2026-04-16,HULC1,VB,23
2026-04-16,Košice,SPO,8
2026-04-16,Košice,BPO,4
2026-04-16,Košice,XPO,1
2026-04-16,Košice,XL,1
2026-04-16,Košice,VB,1
2026-04-16,LCS,SPO,50
2026-04-16,LCS,BPO,10
2026-04-16,LCS,XPO,13
2026-04-16,LCU,BPO,1
2026-04-16,LCU,XPO,260
2026-04-16,LCU,XL,91
2026-04-16,LCU,VB,131
2026-04-16,Nitra,SPO,16
2026-04-16,Nitra,BPO,2
2026-04-16,Nitra,XPO,1
2026-04-16,Pobočka HULC1,SPO,13
2026-04-16,Pobočka HULC1,BPO,6
2026-04-16,Pobočka HULC1,XPO,3
2026-04-16,Prešov,SPO,2
2026-04-16,Prešov,BPO,2
2026-04-16,Trenčín,SPO,10
2026-04-16,Trenčín,BPO,2
2026-04-16,Trenčín,XPO,3
2026-04-16,Trnava,SPO,43
2026-04-16,Trnava,BPO,8
2026-04-16,Trnava,XPO,7
2026-04-16,Trnava,VB,2
2026-04-16,Wien Karlsplatz,SPO,1
2026-04-16,Žilina,SPO,6
2026-04-16,Žilina,BPO,6
2026-04-16,Žilina,XPO,2
2026-04-16,Žilina,XL,1
2026-04-17,Banská Bystrica,SPO,12
2026-04-17,Banská Bystrica,XPO,2
2026-04-17,Bratislava Centrála,SPO,67
2026-04-17,Bratislava Centrála,BPO,7
2026-04-17,Bratislava Centrála,XPO,4
2026-04-17,Bratislava Centrála,XL,1
2026-04-17,Bratislava Centrála,VB,1
2026-04-17,Bratislava Petržalka,BPO,1
2026-04-17,Budapešť Blaha,SPO,7
2026-04-17,Budapešť Blaha,XPO,1
2026-04-17,CBP Budapešť centrála,SPO,58
2026-04-17,CBP Budapešť centrála,BPO,33
2026-04-17,CBP Budapešť centrála,XPO,14
2026-04-17,CBP Budapešť centrála,XL,5
2026-04-17,CBP Budapešť centrála,VB,4
2026-04-17,CZLC4,SPO,1495
2026-04-17,CZLC4,BPO,454
2026-04-17,CZLC4,XPO,28
2026-04-17,HULC1,SPO,268
2026-04-17,HULC1,BPO,32
2026-04-17,HULC1,XPO,40
2026-04-17,HULC1,VB,8
2026-04-17,Košice,SPO,6
2026-04-17,Košice,BPO,1
2026-04-17,Košice,XPO,2
2026-04-17,Košice,XL,2
2026-04-17,LCS,SPO,51
2026-04-17,LCS,BPO,5
2026-04-17,LCS,XPO,49
2026-04-17,LCU,XPO,169
2026-04-17,LCU,XL,1
2026-04-17,LCU,VB,41
2026-04-17,Nitra,SPO,140
2026-04-17,Nitra,BPO,15
2026-04-17,Nitra,XPO,6
2026-04-17,Nitra,XL,1
2026-04-17,Pobočka HULC1,SPO,9
2026-04-17,Pobočka HULC1,BPO,4
2026-04-17,Pobočka HULC1,XPO,2
2026-04-17,Prešov,SPO,11
2026-04-17,Prešov,BPO,4
2026-04-17,Prešov,XPO,2
2026-04-17,Trenčín,SPO,199
2026-04-17,Trenčín,BPO,12
2026-04-17,Trenčín,XPO,9
2026-04-17,Trnava,SPO,4
2026-04-17,Trnava,XPO,1
2026-04-17,Žilina,SPO,19
2026-04-17,Žilina,BPO,3
2026-04-17,Žilina,XPO,2
2026-04-17,Žilina,XL,1
2026-04-18,Banská Bystrica,SPO,26
2026-04-18,Banská Bystrica,BPO,2
2026-04-18,Banská Bystrica,XPO,1
2026-04-18,Banská Bystrica,VB,1
2026-04-18,Bratislava Centrála,SPO,75
2026-04-18,Bratislava Centrála,BPO,25
2026-04-18,Bratislava Centrála,XPO,7
2026-04-18,Bratislava Centrála,XL,6
2026-04-18,Bratislava Petržalka,SPO,1
2026-04-18,Bratislava Petržalka,XPO,1
2026-04-18,Bratislava Petržalka,XL,1
2026-04-18,Budapešť Blaha,SPO,3
2026-04-18,CBP Budapešť centrála,SPO,48
2026-04-18,CBP Budapešť centrála,BPO,8
2026-04-18,CBP Budapešť centrála,XPO,5
2026-04-18,CBP Budapešť centrála,VB,4
2026-04-18,CZLC4,SPO,1547
2026-04-18,CZLC4,BPO,377
2026-04-18,CZLC4,XPO,87
2026-04-18,HULC1,SPO,218
2026-04-18,HULC1,BPO,19
2026-04-18,HULC1,XPO,3
2026-04-18,HULC1,VB,22
2026-04-18,Košice,SPO,10
2026-04-18,Košice,BPO,2
2026-04-18,Košice,XL,2
2026-04-18,LCS,SPO,42
2026-04-18,LCS,BPO,6
2026-04-18,LCS,XPO,28
2026-04-18,LCU,SPO,1
2026-04-18,LCU,XPO,157
2026-04-18,LCU,XL,74
2026-04-18,LCU,VB,74
2026-04-18,Nitra,SPO,15
2026-04-18,Nitra,XPO,2
2026-04-18,Nitra,XL,1
2026-04-18,Nitra,VB,1
2026-04-18,Pobočka HULC1,SPO,4
2026-04-18,Pobočka HULC1,BPO,2
2026-04-18,Pobočka HULC1,XPO,1
2026-04-18,Prešov,SPO,1
2026-04-18,Prešov,BPO,1
2026-04-18,Prešov,XPO,1
2026-04-18,Trenčín,SPO,4
2026-04-18,Trenčín,BPO,1
2026-04-18,Trenčín,XPO,2
2026-04-18,Trenčín,VB,1
2026-04-18,Trnava,SPO,12
2026-04-18,Trnava,BPO,4
2026-04-18,Trnava,XPO,1
2026-04-18,Wien Karlsplatz,SPO,3
2026-04-18,Wien Karlsplatz,BPO,1
2026-04-18,Žilina,SPO,17
2026-04-18,Žilina,BPO,3
2026-04-18,Žilina,XPO,2
2026-04-18,Žilina,VB,1
2026-04-19,Banská Bystrica,SPO,1
2026-04-19,Banská Bystrica,BPO,3
2026-04-19,Banská Bystrica,XPO,3
2026-04-19,Bratislava Centrála,SPO,63
2026-04-19,Bratislava Centrála,BPO,15
2026-04-19,Bratislava Centrála,XPO,11
2026-04-19,Bratislava Centrála,XL,3
2026-04-19,Bratislava Centrála,VB,1
2026-04-19,Bratislava Petržalka,XL,1
2026-04-19,Budapešť Blaha,SPO,8
2026-04-19,Budapešť Blaha,BPO,2
2026-04-19,CBP Budapešť centrála,SPO,38
2026-04-19,CBP Budapešť centrála,BPO,7
2026-04-19,CBP Budapešť centrála,XPO,3
2026-04-19,CBP Budapešť centrála,XL,1
2026-04-19,CBP Budapešť centrála,VB,2
2026-04-19,CZLC4,SPO,1788
2026-04-19,CZLC4,BPO,333
2026-04-19,CZLC4,XPO,42
2026-04-19,HULC1,SPO,141
2026-04-19,HULC1,BPO,18
2026-04-19,HULC1,XPO,4
2026-04-19,HULC1,XL,4
2026-04-19,HULC1,VB,4
2026-04-19,Košice,SPO,15
2026-04-19,Košice,XPO,5
2026-04-19,Košice,XL,1
2026-04-19,LCS,SPO,41
2026-04-19,LCS,BPO,6
2026-04-19,LCS,XPO,59
2026-04-19,LCU,XPO,114
2026-04-19,LCU,XL,18
2026-04-19,LCU,VB,85
2026-04-19,Nitra,SPO,15
2026-04-19,Nitra,XPO,1
2026-04-19,Pobočka HULC1,SPO,8
2026-04-19,Pobočka HULC1,BPO,1
2026-04-19,Pobočka HULC1,XPO,3
2026-04-19,Prešov,SPO,5
2026-04-19,Prešov,XPO,1
2026-04-19,Trenčín,XPO,1
2026-04-19,Trnava,SPO,35
2026-04-19,Trnava,BPO,2
2026-04-19,Trnava,XPO,3
2026-04-19,Trnava,XL,1
2026-04-19,Žilina,SPO,7
2026-04-19,Žilina,BPO,1
2026-04-19,Žilina,XL,1
2026-04-20,Banská Bystrica,SPO,9
2026-04-20,Banská Bystrica,XPO,2
2026-04-20,Banská Bystrica,XL,1
2026-04-20,Bratislava Centrála,SPO,67
2026-04-20,Bratislava Centrála,BPO,28
2026-04-20,Bratislava Centrála,XPO,2
2026-04-20,Bratislava Centrála,XL,3
2026-04-20,Bratislava Centrála,VB,1
2026-04-20,Bratislava Petržalka,SPO,2
2026-04-20,Budapest Újbuda Központ,SPO,14
2026-04-20,Budapest Újbuda Központ,BPO,1
2026-04-20,Budapest Újbuda Központ,XL,3
2026-04-20,Budapešť Blaha,SPO,3
2026-04-20,CBP Budapešť centrála,SPO,38
2026-04-20,CBP Budapešť centrála,BPO,11
2026-04-20,CBP Budapešť centrála,XPO,10
2026-04-20,CZLC4,SPO,1460
2026-04-20,CZLC4,BPO,573
2026-04-20,CZLC4,XPO,20
2026-04-20,HULC1,SPO,300
2026-04-20,HULC1,BPO,35
2026-04-20,HULC1,XPO,6
2026-04-20,HULC1,VB,13
2026-04-20,Košice,SPO,7
2026-04-20,Košice,BPO,2
2026-04-20,Košice,XPO,4
2026-04-20,Košice,XL,2
2026-04-20,Košice,VB,1
2026-04-20,LCS,SPO,52
2026-04-20,LCS,BPO,6
2026-04-20,LCS,XPO,44
2026-04-20,LCU,XPO,67
2026-04-20,LCU,XL,9
2026-04-20,LCU,VB,16
2026-04-20,Nitra,SPO,23
2026-04-20,Nitra,BPO,1
2026-04-20,Nitra,XPO,1
2026-04-20,Pobočka HULC1,SPO,3
2026-04-20,Pobočka HULC1,BPO,1
2026-04-20,Prešov,SPO,3
2026-04-20,Prešov,BPO,1
2026-04-20,Prešov,XPO,1
2026-04-20,Trenčín,SPO,3
2026-04-20,Trnava,SPO,14
2026-04-20,Trnava,XPO,1
2026-04-20,Wien Karlsplatz,SPO,1
2026-04-20,Wien Karlsplatz,XL,2
2026-04-20,Žilina,SPO,7
2026-04-20,Žilina,BPO,1
2026-04-20,Žilina,XPO,2
2026-04-21,Banská Bystrica,SPO,2
2026-04-21,Bratislava Centrála,SPO,73
2026-04-21,Bratislava Centrála,BPO,16
2026-04-21,Bratislava Centrála,XPO,10
2026-04-21,Bratislava Centrála,XL,5
2026-04-21,Bratislava Petržalka,XPO,1
2026-04-21,Budapešť Blaha,SPO,3
2026-04-21,CBP Budapešť centrála,SPO,49
2026-04-21,CBP Budapešť centrála,BPO,6
2026-04-21,CBP Budapešť centrála,XPO,6
2026-04-21,CBP Budapešť centrála,XL,2
2026-04-21,CBP Budapešť centrála,VB,1
2026-04-21,CZLC4,SPO,2273
2026-04-21,CZLC4,BPO,465
2026-04-21,CZLC4,XPO,56
2026-04-21,HULC1,SPO,551
2026-04-21,HULC1,BPO,81
2026-04-21,HULC1,XPO,16
2026-04-21,HULC1,XL,19
2026-04-21,HULC1,VB,41
2026-04-21,Košice,SPO,4
2026-04-21,Košice,BPO,2
2026-04-21,Košice,XPO,1
2026-04-21,LCS,SPO,98
2026-04-21,LCS,BPO,12
2026-04-21,LCS,XPO,71
2026-04-21,LCU,SPO,1
2026-04-21,LCU,XPO,134
2026-04-21,LCU,XL,44
2026-04-21,LCU,VB,65
2026-04-21,Nitra,SPO,15
2026-04-21,Nitra,BPO,3
2026-04-21,Nitra,XL,1
2026-04-21,Pobočka HULC1,SPO,10
2026-04-21,Pobočka HULC1,BPO,3
2026-04-21,Pobočka HULC1,XPO,2
2026-04-21,Prešov,SPO,11
2026-04-21,Prešov,BPO,1
2026-04-21,Prešov,XPO,5
2026-04-21,Trenčín,VB,1
2026-04-21,Trnava,SPO,20
2026-04-21,Trnava,BPO,2
2026-04-21,Trnava,XL,1
2026-04-21,Žilina,SPO,26
2026-04-21,Žilina,BPO,3
2026-04-21,Žilina,VB,1
2026-04-22,Banská Bystrica,SPO,62
2026-04-22,Banská Bystrica,BPO,1
2026-04-22,Bratislava Centrála,SPO,75
2026-04-22,Bratislava Centrála,BPO,8
2026-04-22,Bratislava Centrála,XPO,6
2026-04-22,Bratislava Centrála,VB,2
2026-04-22,Bratislava Petržalka,SPO,68
2026-04-22,CBP Budapešť centrála,SPO,19
2026-04-22,CBP Budapešť centrála,BPO,6
2026-04-22,CBP Budapešť centrála,XPO,2
2026-04-22,CBP Budapešť centrála,XL,1
2026-04-22,CBP Budapešť centrála,VB,2
2026-04-22,CZLC4,SPO,1484
2026-04-22,CZLC4,BPO,431
2026-04-22,CZLC4,XPO,19
2026-04-22,HULC1,SPO,670
2026-04-22,HULC1,BPO,60
2026-04-22,HULC1,XPO,16
2026-04-22,HULC1,XL,6
2026-04-22,HULC1,VB,16
2026-04-22,Košice,SPO,8
2026-04-22,Košice,BPO,1
2026-04-22,Košice,XPO,1
2026-04-22,LCS,SPO,83
2026-04-22,LCS,BPO,8
2026-04-22,LCS,XPO,40
2026-04-22,LCU,SPO,3
2026-04-22,LCU,BPO,3
2026-04-22,LCU,XPO,451
2026-04-22,LCU,XL,80
2026-04-22,LCU,VB,232
2026-04-22,Nitra,SPO,63
2026-04-22,Nitra,XPO,2
2026-04-22,Pobočka HULC1,SPO,9
2026-04-22,Pobočka HULC1,XPO,2
2026-04-22,Prešov,SPO,3
2026-04-22,Prešov,BPO,1
2026-04-22,Prešov,XPO,1
2026-04-22,Prešov,XL,2
2026-04-22,Trenčín,SPO,3
2026-04-22,Trenčín,BPO,1
2026-04-22,Trenčín,XPO,1
2026-04-22,Trenčín,XL,1
2026-04-22,Trenčín,VB,1
2026-04-22,Trnava,SPO,59
2026-04-22,Trnava,BPO,3
2026-04-22,Trnava,XPO,1
2026-04-22,Wien Karlsplatz,BPO,1
2026-04-22,Žilina,SPO,61
2026-04-22,Žilina,BPO,4
2026-04-22,Žilina,XPO,1
2026-04-22,Žilina,XL,1
2026-04-23,Banská Bystrica,SPO,18
2026-04-23,Banská Bystrica,BPO,1
2026-04-23,Banská Bystrica,XPO,2
2026-04-23,Bratislava Centrála,SPO,56
2026-04-23,Bratislava Centrála,BPO,7
2026-04-23,Bratislava Centrála,XPO,3
2026-04-23,Bratislava Centrála,XL,2
2026-04-23,Bratislava Petržalka,SPO,2
2026-04-23,Bratislava Petržalka,VB,1
2026-04-23,Budapest Újbuda Központ,SPO,15
2026-04-23,Budapest Újbuda Központ,BPO,2
2026-04-23,Budapest Újbuda Központ,XL,2
2026-04-23,Budapešť Blaha,SPO,4
2026-04-23,CBP Budapešť centrála,SPO,45
2026-04-23,CBP Budapešť centrála,BPO,5
2026-04-23,CBP Budapešť centrála,XPO,7
2026-04-23,CBP Budapešť centrála,XL,1
2026-04-23,CBP Budapešť centrála,VB,2
2026-04-23,CZLC4,SPO,1381
2026-04-23,CZLC4,BPO,627
2026-04-23,CZLC4,XPO,29
2026-04-23,HULC1,SPO,331
2026-04-23,HULC1,BPO,27
2026-04-23,HULC1,XPO,25
2026-04-23,HULC1,VB,9
2026-04-23,Košice,SPO,6
2026-04-23,Košice,XL,1
2026-04-23,Košice,VB,1
2026-04-23,LCS,SPO,104
2026-04-23,LCS,BPO,13
2026-04-23,LCS,XPO,53
2026-04-23,LCU,XPO,122
2026-04-23,LCU,XL,9
2026-04-23,LCU,VB,94
2026-04-23,Nitra,SPO,16
2026-04-23,Nitra,BPO,3
2026-04-23,Nitra,XPO,3
2026-04-23,Pobočka HULC1,SPO,10
2026-04-23,Pobočka HULC1,BPO,2
2026-04-23,Pobočka HULC1,XPO,5
2026-04-23,Prešov,SPO,13
2026-04-23,Prešov,XPO,4
2026-04-23,Trenčín,SPO,13
2026-04-23,Trenčín,BPO,1
2026-04-23,Trenčín,XPO,1
2026-04-23,Trenčín,XL,1
2026-04-23,Trnava,SPO,22
2026-04-23,Trnava,BPO,2
2026-04-23,Trnava,XPO,4
2026-04-23,Trnava,XL,1
2026-04-23,Žilina,SPO,13
2026-04-23,Žilina,BPO,1
2026-04-23,Žilina,XPO,3
2026-04-24,Banská Bystrica,SPO,34
2026-04-24,Bratislava Centrála,SPO,77
2026-04-24,Bratislava Centrála,BPO,11
2026-04-24,Bratislava Centrála,XPO,8
2026-04-24,Bratislava Centrála,XL,3
2026-04-24,Bratislava Centrála,VB,1
2026-04-24,Bratislava Petržalka,XL,3
2026-04-24,Budapešť Blaha,BPO,2
2026-04-24,CBP Budapešť centrála,SPO,52
2026-04-24,CBP Budapešť centrála,BPO,7
2026-04-24,CBP Budapešť centrála,XPO,3
2026-04-24,CBP Budapešť centrála,XL,2
2026-04-24,CBP Budapešť centrála,VB,1
2026-04-24,CZLC4,SPO,1554
2026-04-24,CZLC4,BPO,344
2026-04-24,CZLC4,XPO,25
2026-04-24,HULC1,SPO,281
2026-04-24,HULC1,BPO,72
2026-04-24,HULC1,XPO,7
2026-04-24,HULC1,VB,5
2026-04-24,Košice,SPO,7
2026-04-24,Košice,BPO,1
2026-04-24,Košice,XPO,2
2026-04-24,Košice,VB,1
2026-04-24,LCS,SPO,96
2026-04-24,LCS,BPO,18
2026-04-24,LCS,XPO,34
2026-04-24,LCU,XPO,173
2026-04-24,LCU,XL,15
2026-04-24,LCU,VB,68
2026-04-24,Nitra,SPO,12
2026-04-24,Pobočka HULC1,SPO,8
2026-04-24,Pobočka HULC1,BPO,4
2026-04-24,Pobočka HULC1,XPO,1
2026-04-24,Prešov,SPO,8
2026-04-24,Prešov,BPO,1
2026-04-24,Prešov,XPO,3
2026-04-24,Prešov,XL,1
2026-04-24,Trenčín,SPO,1
2026-04-24,Trnava,SPO,11
2026-04-24,Trnava,BPO,2
2026-04-24,Žilina,SPO,8
2026-04-24,Žilina,BPO,3
2026-04-24,Žilina,XPO,2
2026-04-24,Žilina,XL,1
2026-04-25,Banská Bystrica,SPO,15
2026-04-25,Banská Bystrica,BPO,1
2026-04-25,Bratislava Centrála,SPO,82
2026-04-25,Bratislava Centrála,BPO,24
2026-04-25,Bratislava Centrála,XPO,15
2026-04-25,Bratislava Centrála,XL,1
2026-04-25,Bratislava Centrála,VB,1
2026-04-25,Bratislava Petržalka,SPO,1
2026-04-25,Bratislava Petržalka,XPO,2
2026-04-25,Budapešť Blaha,SPO,2
2026-04-25,Budapešť Blaha,BPO,1
2026-04-25,CBP Budapešť centrála,SPO,75
2026-04-25,CBP Budapešť centrála,BPO,9
2026-04-25,CBP Budapešť centrála,XPO,13
2026-04-25,CBP Budapešť centrála,XL,4
2026-04-25,CBP Budapešť centrála,VB,2
2026-04-25,CZLC4,SPO,1829
2026-04-25,CZLC4,BPO,485
2026-04-25,CZLC4,XPO,21
2026-04-25,HULC1,SPO,271
2026-04-25,HULC1,BPO,48
2026-04-25,HULC1,XPO,4
2026-04-25,HULC1,XL,16
2026-04-25,Košice,SPO,70
2026-04-25,Košice,BPO,6
2026-04-25,Košice,XPO,1
2026-04-25,Košice,XL,1
2026-04-25,LCS,SPO,86
2026-04-25,LCS,BPO,11
2026-04-25,LCS,XPO,51
2026-04-25,LCU,SPO,1
2026-04-25,LCU,BPO,2
2026-04-25,LCU,XPO,152
2026-04-25,LCU,XL,5
2026-04-25,LCU,VB,87
2026-04-25,Nitra,SPO,15
2026-04-25,Nitra,BPO,8
2026-04-25,Nitra,XPO,1
2026-04-25,Pobočka HULC1,SPO,2
2026-04-25,Prešov,SPO,13
2026-04-25,Prešov,BPO,1
2026-04-25,Prešov,XPO,1
2026-04-25,Prešov,XL,1
2026-04-25,Trenčín,SPO,8
2026-04-25,Trenčín,BPO,2
2026-04-25,Trenčín,XL,2
2026-04-25,Trnava,SPO,7
2026-04-25,Trnava,BPO,15
2026-04-25,Trnava,XPO,3
2026-04-25,Wien Karlsplatz,SPO,1
2026-04-25,Wien Karlsplatz,BPO,1
2026-04-25,Žilina,SPO,11
2026-04-25,Žilina,BPO,2
2026-04-26,Banská Bystrica,SPO,4
2026-04-26,Banská Bystrica,XPO,1
2026-04-26,Bratislava Centrála,SPO,117
2026-04-26,Bratislava Centrála,BPO,19
2026-04-26,Bratislava Centrála,XPO,12
2026-04-26,Bratislava Centrála,XL,4
2026-04-26,Bratislava Centrála,VB,1
2026-04-26,Bratislava Petržalka,SPO,1
2026-04-26,CBP Budapešť centrála,SPO,35
2026-04-26,CBP Budapešť centrála,BPO,6
2026-04-26,CBP Budapešť centrála,XPO,1
2026-04-26,CZLC4,SPO,1798
2026-04-26,CZLC4,BPO,292
2026-04-26,CZLC4,XPO,24
2026-04-26,HULC1,SPO,282
2026-04-26,HULC1,BPO,15
2026-04-26,HULC1,XPO,12
2026-04-26,HULC1,VB,4
2026-04-26,Košice,SPO,12
2026-04-26,Košice,BPO,2
2026-04-26,Košice,XPO,1
2026-04-26,LCS,SPO,76
2026-04-26,LCS,BPO,12
2026-04-26,LCS,XPO,22
2026-04-26,LCU,XPO,63
2026-04-26,LCU,XL,44
2026-04-26,LCU,VB,35
2026-04-26,Nitra,SPO,9
2026-04-26,Nitra,BPO,2
2026-04-26,Pobočka HULC1,SPO,3
2026-04-26,Pobočka HULC1,XPO,4
2026-04-26,Prešov,SPO,5
2026-04-26,Prešov,BPO,1
2026-04-26,Prešov,XPO,1
2026-04-26,Trenčín,SPO,3
2026-04-26,Trnava,SPO,20
2026-04-26,Trnava,BPO,2
2026-04-26,Trnava,XPO,1
2026-04-26,Wien Karlsplatz,XL,1
2026-04-26,Žilina,SPO,7
2026-04-26,Žilina,BPO,2
2026-04-26,Žilina,XPO,1
2026-04-27,Banská Bystrica,SPO,8
2026-04-27,Banská Bystrica,BPO,2
2026-04-27,Banská Bystrica,XPO,1
2026-04-27,Bratislava Centrála,SPO,65
2026-04-27,Bratislava Centrála,BPO,14
2026-04-27,Bratislava Centrála,XPO,10
2026-04-27,Bratislava Centrála,XL,3
2026-04-27,Bratislava Centrála,VB,2
2026-04-27,Bratislava Petržalka,SPO,2
2026-04-27,Bratislava Petržalka,BPO,1
2026-04-27,Budapešť Blaha,SPO,3
2026-04-27,Budapešť Blaha,XPO,1
2026-04-27,CBP Budapešť centrála,SPO,32
2026-04-27,CBP Budapešť centrála,BPO,5
2026-04-27,CBP Budapešť centrála,XPO,3
2026-04-27,CBP Budapešť centrála,VB,1
2026-04-27,CZLC4,SPO,1444
2026-04-27,CZLC4,BPO,563
2026-04-27,CZLC4,XPO,15
2026-04-27,HULC1,SPO,320
2026-04-27,HULC1,BPO,44
2026-04-27,HULC1,XPO,20
2026-04-27,HULC1,VB,11
2026-04-27,Košice,SPO,9
2026-04-27,Košice,BPO,3
2026-04-27,Košice,XPO,1
2026-04-27,LCS,SPO,92
2026-04-27,LCS,BPO,19
2026-04-27,LCS,XPO,28
2026-04-27,LCU,BPO,1
2026-04-27,LCU,XPO,113
2026-04-27,LCU,XL,12
2026-04-27,LCU,VB,90
2026-04-27,Nitra,SPO,15
2026-04-27,Nitra,BPO,4
2026-04-27,Nitra,XPO,3
2026-04-27,Pobočka HULC1,SPO,10
2026-04-27,Pobočka HULC1,XPO,4
2026-04-27,Prešov,SPO,8
2026-04-27,Prešov,BPO,3
2026-04-27,Prešov,XPO,1
2026-04-27,Prešov,XL,2
2026-04-27,Trnava,SPO,8
2026-04-27,Trnava,BPO,4
2026-04-27,Žilina,SPO,14
2026-04-27,Žilina,BPO,1
2026-04-27,Žilina,XPO,1
2026-04-28,Banská Bystrica,SPO,10
2026-04-28,Banská Bystrica,BPO,1
2026-04-28,Banská Bystrica,XPO,2
2026-04-28,Banská Bystrica,XL,1
2026-04-28,Bratislava Centrála,SPO,68
2026-04-28,Bratislava Centrála,BPO,10
2026-04-28,Bratislava Centrála,XPO,7
2026-04-28,Bratislava Petržalka,SPO,3
2026-04-28,Bratislava Petržalka,BPO,2
2026-04-28,Bratislava Petržalka,XL,1
2026-04-28,Budapest Újbuda Központ,SPO,11
2026-04-28,Budapest Újbuda Központ,BPO,2
2026-04-28,Budapest Újbuda Központ,XPO,3
2026-04-28,Budapest Újbuda Központ,XL,1
2026-04-28,Budapešť Blaha,SPO,4
2026-04-28,Budapešť Blaha,XPO,1
2026-04-28,CBP Budapešť centrála,SPO,36
2026-04-28,CBP Budapešť centrála,BPO,15
2026-04-28,CBP Budapešť centrála,XPO,6
2026-04-28,CBP Budapešť centrála,VB,1
2026-04-28,CZLC4,SPO,2389
2026-04-28,CZLC4,BPO,571
2026-04-28,CZLC4,XPO,87
2026-04-28,CZLC4,XL,1
2026-04-28,HULC1,SPO,253
2026-04-28,HULC1,BPO,110
2026-04-28,HULC1,XPO,22
2026-04-28,HULC1,XL,20
2026-04-28,HULC1,VB,31
2026-04-28,Košice,SPO,5
2026-04-28,Košice,XPO,3
2026-04-28,Košice,VB,1
2026-04-28,LCS,SPO,499
2026-04-28,LCS,BPO,1248
2026-04-28,LCS,XPO,82
2026-04-28,LCU,XPO,221
2026-04-28,LCU,XL,51
2026-04-28,LCU,VB,69
2026-04-28,Nitra,SPO,9
2026-04-28,Nitra,BPO,8
2026-04-28,Nitra,XPO,19
2026-04-28,Pobočka HULC1,SPO,35
2026-04-28,Pobočka HULC1,BPO,1
2026-04-28,Prešov,SPO,61
2026-04-28,Prešov,BPO,2
2026-04-28,Prešov,XPO,3
2026-04-28,Trenčín,SPO,63
2026-04-28,Trenčín,XPO,2
2026-04-28,Trenčín,VB,1
2026-04-28,Trnava,SPO,12
2026-04-28,Trnava,BPO,2
2026-04-28,Trnava,XL,1
2026-04-28,Wien Karlsplatz,SPO,1
2026-04-28,Žilina,SPO,14
2026-04-28,Žilina,BPO,5
2026-04-28,Žilina,XPO,1
2026-04-29,Banská Bystrica,SPO,12
2026-04-29,Banská Bystrica,BPO,2
2026-04-29,Bratislava Centrála,SPO,105
2026-04-29,Bratislava Centrála,BPO,30
2026-04-29,Bratislava Centrála,XPO,10
2026-04-29,Bratislava Centrála,XL,8
2026-04-29,Bratislava Centrála,VB,5
2026-04-29,Bratislava Petržalka,SPO,3
2026-04-29,Bratislava Petržalka,BPO,1
2026-04-29,Budapest Újbuda Központ,SPO,30
2026-04-29,Budapest Újbuda Központ,BPO,5
2026-04-29,Budapest Újbuda Központ,XPO,3
2026-04-29,Budapest Újbuda Központ,XL,1
2026-04-29,Budapešť Blaha,SPO,11
2026-04-29,Budapešť Blaha,BPO,7
2026-04-29,Budapešť Blaha,XL,2
2026-04-29,Budapešť Blaha,VB,1
2026-04-29,CBP Budapešť centrála,SPO,46
2026-04-29,CBP Budapešť centrála,BPO,7
2026-04-29,CBP Budapešť centrála,XPO,12
2026-04-29,CBP Budapešť centrála,XL,2
2026-04-29,CZLC4,SPO,1680
2026-04-29,CZLC4,BPO,342
2026-04-29,CZLC4,XPO,14
2026-04-29,HULC1,SPO,510
2026-04-29,HULC1,BPO,184
2026-04-29,HULC1,XPO,45
2026-04-29,HULC1,XL,17
2026-04-29,HULC1,VB,42
2026-04-29,Košice,SPO,16
2026-04-29,Košice,BPO,3
2026-04-29,Košice,XPO,4
2026-04-29,Košice,XL,1
2026-04-29,LCS,SPO,833
2026-04-29,LCS,BPO,163
2026-04-29,LCS,XPO,108
2026-04-29,LCU,XPO,341
2026-04-29,LCU,XL,47
2026-04-29,LCU,VB,147
2026-04-29,Nitra,SPO,11
2026-04-29,Nitra,BPO,1
2026-04-29,Nitra,XPO,3
2026-04-29,Pobočka HULC1,SPO,13
2026-04-29,Pobočka HULC1,BPO,9
2026-04-29,Pobočka HULC1,XPO,2
2026-04-29,Prešov,SPO,4
2026-04-29,Prešov,BPO,3
2026-04-29,Trenčín,SPO,16
2026-04-29,Trenčín,BPO,1
2026-04-29,Trenčín,XPO,1
2026-04-29,Trnava,SPO,27
2026-04-29,Trnava,BPO,4
2026-04-29,Trnava,XPO,4
2026-04-29,Trnava,XL,1
2026-04-29,Wien Karlsplatz,SPO,24
2026-04-29,Wien Karlsplatz,BPO,3
2026-04-29,Wien Karlsplatz,XPO,1
2026-04-29,Wien Karlsplatz,XL,1
2026-04-29,Žilina,SPO,12
2026-04-29,Žilina,BPO,2
2026-04-29,Žilina,XPO,5
2026-04-30,Banská Bystrica,SPO,10
2026-04-30,Banská Bystrica,XPO,3
2026-04-30,Bratislava Centrála,SPO,55
2026-04-30,Bratislava Centrála,BPO,11
2026-04-30,Bratislava Centrála,XPO,12
2026-04-30,Bratislava Centrála,XL,2
2026-04-30,Bratislava Petržalka,SPO,1
2026-04-30,Bratislava Petržalka,BPO,2
2026-04-30,Budapest Újbuda Központ,SPO,3
2026-04-30,Budapešť Blaha,SPO,3
2026-04-30,Budapešť Blaha,XPO,1
2026-04-30,CBP Budapešť centrála,SPO,42
2026-04-30,CBP Budapešť centrála,BPO,5
2026-04-30,CBP Budapešť centrála,XPO,9
2026-04-30,CBP Budapešť centrála,XL,1
2026-04-30,CBP Budapešť centrála,VB,3
2026-04-30,CZLC4,SPO,1726
2026-04-30,CZLC4,BPO,376
2026-04-30,CZLC4,XPO,30
2026-04-30,HULC1,SPO,337
2026-04-30,HULC1,BPO,45
2026-04-30,HULC1,XPO,50
2026-04-30,HULC1,VB,9
2026-04-30,Košice,SPO,9
2026-04-30,Košice,XPO,2
2026-04-30,LCS,SPO,904
2026-04-30,LCS,BPO,277
2026-04-30,LCS,XPO,106
2026-04-30,LCU,XPO,172
2026-04-30,LCU,XL,3
2026-04-30,LCU,VB,27
2026-04-30,Nitra,SPO,12
2026-04-30,Nitra,BPO,1
2026-04-30,Nitra,XPO,2
2026-04-30,Pobočka HULC1,SPO,5
2026-04-30,Pobočka HULC1,BPO,3
2026-04-30,Pobočka HULC1,XPO,1
2026-04-30,Prešov,SPO,2
2026-04-30,Prešov,BPO,1
2026-04-30,Prešov,XPO,2
2026-04-30,Trenčín,SPO,5
2026-04-30,Trenčín,XL,1
2026-04-30,Trnava,SPO,32
2026-04-30,Trnava,BPO,1
2026-04-30,Trnava,XPO,4
2026-04-30,Trnava,VB,1
2026-04-30,Wien Karlsplatz,SPO,4
2026-04-30,Wien Karlsplatz,BPO,2
2026-04-30,Žilina,SPO,9
2026-04-30,Žilina,XPO,2
2026-04-30,Žilina,VB,2
2026-05-01,Banská Bystrica,SPO,3
2026-05-01,Banská Bystrica,BPO,2
2026-05-01,Bratislava Centrála,SPO,95
2026-05-01,Bratislava Centrála,BPO,23
2026-05-01,Bratislava Centrála,XPO,18
2026-05-01,Bratislava Centrála,XL,1
2026-05-01,Bratislava Centrála,VB,3
2026-05-01,Bratislava Petržalka,BPO,1
2026-05-01,CBP Budapešť centrála,SPO,13
2026-05-01,CZLC4,SPO,1320
2026-05-01,CZLC4,BPO,388
2026-05-01,CZLC4,XPO,9
2026-05-01,HULC1,SPO,165
2026-05-01,HULC1,BPO,19
2026-05-01,HULC1,XPO,10
2026-05-01,HULC1,VB,4
2026-05-01,Košice,SPO,13
2026-05-01,Košice,XPO,1
2026-05-01,LCS,SPO,154
2026-05-01,LCS,BPO,110
2026-05-01,LCS,XPO,16
2026-05-01,LCU,XPO,126
2026-05-01,LCU,XL,11
2026-05-01,LCU,VB,22
2026-05-01,Nitra,SPO,11
2026-05-01,Nitra,BPO,2
2026-05-01,Nitra,XPO,3
2026-05-01,Pobočka HULC1,SPO,5
2026-05-01,Prešov,SPO,22
2026-05-01,Prešov,BPO,1
2026-05-01,Prešov,XPO,3
2026-05-01,Prešov,XL,1
2026-05-01,Trenčín,SPO,5
2026-05-01,Trnava,SPO,44
2026-05-01,Trnava,BPO,9
2026-05-01,Trnava,XPO,3
2026-05-01,Trnava,XL,1
2026-05-01,Žilina,SPO,5
2026-05-01,Žilina,BPO,1
2026-05-02,Banská Bystrica,SPO,5
2026-05-02,Bratislava Centrála,SPO,40
2026-05-02,Bratislava Centrála,BPO,16
2026-05-02,Bratislava Centrála,XPO,5
2026-05-02,Bratislava Centrála,XL,2
2026-05-02,Bratislava Petržalka,SPO,10
2026-05-02,Bratislava Petržalka,BPO,3
2026-05-02,Budapest Újbuda Központ,BPO,1
2026-05-02,Budapest Újbuda Központ,XPO,1
2026-05-02,Budapest Újbuda Központ,XL,2
2026-05-02,Budapešť Blaha,SPO,2
2026-05-02,Budapešť Blaha,BPO,1
2026-05-02,CBP Budapešť centrála,SPO,12
2026-05-02,CBP Budapešť centrála,BPO,1
2026-05-02,CZLC4,SPO,1331
2026-05-02,CZLC4,BPO,391
2026-05-02,CZLC4,XPO,28
2026-05-02,HULC1,SPO,395
2026-05-02,HULC1,BPO,37
2026-05-02,HULC1,XPO,21
2026-05-02,HULC1,VB,12
2026-05-02,Košice,SPO,6
2026-05-02,Košice,BPO,6
2026-05-02,Košice,XPO,3
2026-05-02,LCS,SPO,166
2026-05-02,LCS,BPO,18
2026-05-02,LCS,XPO,22
2026-05-02,LCU,SPO,1
2026-05-02,LCU,XPO,184
2026-05-02,LCU,VB,9
2026-05-02,Nitra,SPO,8
2026-05-02,Nitra,XPO,2
2026-05-02,Pobočka HULC1,SPO,10
2026-05-02,Pobočka HULC1,BPO,3
2026-05-02,Pobočka HULC1,XPO,4
2026-05-02,Prešov,SPO,12
2026-05-02,Prešov,BPO,1
2026-05-02,Trenčín,SPO,3
2026-05-02,Trnava,SPO,9
2026-05-02,Trnava,BPO,1
2026-05-02,Trnava,XPO,2
2026-05-02,Wien Karlsplatz,SPO,5
2026-05-02,Wien Karlsplatz,XL,1
2026-05-02,Žilina,SPO,18
2026-05-02,Žilina,BPO,3
2026-05-02,Žilina,XPO,2
2026-05-02,Žilina,XL,2
2026-05-03,Banská Bystrica,SPO,7
2026-05-03,Banská Bystrica,BPO,2
2026-05-03,Bratislava Centrála,SPO,65
2026-05-03,Bratislava Centrála,BPO,16
2026-05-03,Bratislava Centrála,XPO,11
2026-05-03,Bratislava Centrála,XL,1
2026-05-03,Bratislava Centrála,VB,1
2026-05-03,Bratislava Petržalka,XL,1
2026-05-03,Budapešť Blaha,SPO,3
2026-05-03,CBP Budapešť centrála,SPO,85
2026-05-03,CBP Budapešť centrála,BPO,22
2026-05-03,CBP Budapešť centrála,XPO,14
2026-05-03,CBP Budapešť centrála,XL,2
2026-05-03,CBP Budapešť centrála,VB,3
2026-05-03,CZLC4,SPO,1455
2026-05-03,CZLC4,BPO,220
2026-05-03,CZLC4,XPO,11
2026-05-03,HULC1,SPO,337
2026-05-03,HULC1,BPO,54
2026-05-03,HULC1,XPO,25
2026-05-03,HULC1,VB,9
2026-05-03,Košice,SPO,15
2026-05-03,Košice,BPO,1
2026-05-03,LCS,SPO,184
2026-05-03,LCS,BPO,75
2026-05-03,LCS,XPO,6
2026-05-03,LCU,BPO,1
2026-05-03,LCU,XPO,77
2026-05-03,LCU,XL,17
2026-05-03,LCU,VB,22
2026-05-03,LCZ,XPO,1
2026-05-03,Nitra,SPO,5
2026-05-03,Nitra,BPO,1
2026-05-03,Nitra,XPO,2
2026-05-03,Nitra,XL,1
2026-05-03,Nitra,VB,1
2026-05-03,Pobočka HULC1,SPO,9
2026-05-03,Pobočka HULC1,BPO,3
2026-05-03,Pobočka HULC1,XPO,2
2026-05-03,Prešov,SPO,9
2026-05-03,Prešov,XPO,1
2026-05-03,Trenčín,SPO,2
2026-05-03,Trnava,SPO,9
2026-05-03,Trnava,BPO,2
2026-05-03,Trnava,XPO,1
2026-05-03,Žilina,SPO,16
2026-05-03,Žilina,BPO,8
2026-05-03,Žilina,VB,2
2026-05-04,Banská Bystrica,SPO,7
2026-05-04,Banská Bystrica,BPO,1
2026-05-04,Banská Bystrica,XPO,5
2026-05-04,Bratislava Centrála,SPO,101
2026-05-04,Bratislava Centrála,BPO,13
2026-05-04,Bratislava Centrála,XPO,11
2026-05-04,Bratislava Centrála,XL,3
2026-05-04,Bratislava Petržalka,SPO,2
2026-05-04,Bratislava Petržalka,BPO,2
2026-05-04,Bratislava Petržalka,XPO,2
2026-05-04,Bratislava Petržalka,XL,1
2026-05-04,Budapešť Blaha,SPO,2
2026-05-04,CBP Budapešť centrála,SPO,28
2026-05-04,CBP Budapešť centrála,BPO,5
2026-05-04,CBP Budapešť centrála,XPO,3
2026-05-04,CBP Budapešť centrála,VB,1
2026-05-04,CZLC4,SPO,1790
2026-05-04,CZLC4,BPO,360
2026-05-04,CZLC4,XPO,9
2026-05-04,HULC1,SPO,252
2026-05-04,HULC1,BPO,84
2026-05-04,HULC1,XPO,46
2026-05-04,HULC1,VB,6
2026-05-04,Košice,SPO,10
2026-05-04,Košice,BPO,5
2026-05-04,Košice,XPO,2
2026-05-04,Košice,XL,1
2026-05-04,LCS,SPO,191
2026-05-04,LCS,BPO,132
2026-05-04,LCS,XPO,22
2026-05-04,LCU,XPO,240
2026-05-04,LCU,XL,48
2026-05-04,LCU,VB,62
2026-05-04,Nitra,SPO,14
2026-05-04,Nitra,BPO,1
2026-05-04,Pobočka HULC1,SPO,1
2026-05-04,Pobočka HULC1,BPO,1
2026-05-04,Pobočka HULC1,XPO,9
2026-05-04,Prešov,SPO,4
2026-05-04,Prešov,BPO,3
2026-05-04,Prešov,XPO,2
2026-05-04,Trenčín,SPO,2
2026-05-04,Trenčín,BPO,2
2026-05-04,Trenčín,XL,1
2026-05-04,Trnava,SPO,11
2026-05-04,Trnava,BPO,2
2026-05-04,Trnava,XPO,3
2026-05-04,Žilina,SPO,6
2026-05-04,Žilina,BPO,2
2026-05-04,Žilina,XPO,1
2026-05-04,Žilina,VB,2
2026-05-05,Banská Bystrica,SPO,5
2026-05-05,Banská Bystrica,BPO,1
2026-05-05,Bratislava Centrála,SPO,66
2026-05-05,Bratislava Centrála,BPO,9
2026-05-05,Bratislava Centrála,XPO,15
2026-05-05,Bratislava Centrála,XL,1
2026-05-05,Bratislava Petržalka,BPO,1
2026-05-05,Bratislava Petržalka,XPO,1
2026-05-05,CBP Budapešť centrála,SPO,38
2026-05-05,CBP Budapešť centrála,XPO,4
2026-05-05,CBP Budapešť centrála,XL,1
2026-05-05,CBP Budapešť centrála,VB,1
2026-05-05,CZLC4,SPO,2450
2026-05-05,CZLC4,BPO,954
2026-05-05,CZLC4,XPO,91
2026-05-05,HULC1,SPO,133
2026-05-05,HULC1,BPO,75
2026-05-05,HULC1,XPO,36
2026-05-05,HULC1,XL,15
2026-05-05,HULC1,VB,24
2026-05-05,Košice,SPO,8
2026-05-05,Košice,BPO,1
2026-05-05,LCS,SPO,440
2026-05-05,LCS,BPO,275
2026-05-05,LCS,XPO,117
2026-05-05,LCU,XPO,297
2026-05-05,LCU,XL,58
2026-05-05,LCU,VB,106
2026-05-05,Nitra,SPO,3
2026-05-05,Nitra,BPO,3
2026-05-05,Nitra,XPO,1
2026-05-05,Pobočka HULC1,SPO,9
2026-05-05,Pobočka HULC1,XPO,3
2026-05-05,Prešov,SPO,5
2026-05-05,Prešov,XPO,2
2026-05-05,Trenčín,SPO,5
2026-05-05,Trenčín,BPO,3
2026-05-05,Trenčín,XL,1
2026-05-05,Trnava,SPO,27
2026-05-05,Trnava,BPO,5
2026-05-05,Trnava,XPO,1
2026-05-05,Trnava,VB,1
2026-05-05,Wien Karlsplatz,BPO,1
2026-05-05,Wien Karlsplatz,XL,1
2026-05-05,Žilina,SPO,16
2026-05-05,Žilina,BPO,8
2026-05-06,Banská Bystrica,SPO,13
2026-05-06,Banská Bystrica,BPO,5
2026-05-06,Banská Bystrica,XPO,1
2026-05-06,Banská Bystrica,VB,2
2026-05-06,Bratislava Centrála,SPO,33
2026-05-06,Bratislava Centrála,BPO,10
2026-05-06,Bratislava Centrála,XPO,14
2026-05-06,Bratislava Centrála,XL,2
2026-05-06,Budapest Újbuda Központ,SPO,16
2026-05-06,Budapest Újbuda Központ,BPO,7
2026-05-06,Budapest Újbuda Központ,XPO,2
2026-05-06,Budapest Újbuda Központ,XL,1
2026-05-06,Budapešť Blaha,SPO,38
2026-05-06,Budapešť Blaha,XL,1
2026-05-06,CBP Budapešť centrála,SPO,33
2026-05-06,CBP Budapešť centrála,BPO,11
2026-05-06,CBP Budapešť centrála,XPO,8
2026-05-06,CBP Budapešť centrála,XL,2
2026-05-06,CZLC4,SPO,1936
2026-05-06,CZLC4,BPO,550
2026-05-06,CZLC4,XPO,39
2026-05-06,CZLC4,XL,1
2026-05-06,HULC1,SPO,372
2026-05-06,HULC1,BPO,47
2026-05-06,HULC1,XPO,38
2026-05-06,HULC1,VB,40
2026-05-06,Košice,SPO,43
2026-05-06,Košice,BPO,1
2026-05-06,Košice,VB,1
2026-05-06,LCS,SPO,265
2026-05-06,LCS,BPO,98
2026-05-06,LCS,XPO,32
2026-05-06,LCU,BPO,1
2026-05-06,LCU,XPO,240
2026-05-06,LCU,XL,3
2026-05-06,LCU,VB,107
2026-05-06,Nitra,SPO,1
2026-05-06,Nitra,BPO,1
2026-05-06,Nitra,XPO,1
2026-05-06,Pobočka HULC1,SPO,15
2026-05-06,Pobočka HULC1,BPO,2
2026-05-06,Pobočka HULC1,XPO,8
2026-05-06,Prešov,SPO,7
2026-05-06,Prešov,BPO,6
2026-05-06,Prešov,XPO,2
2026-05-06,Trenčín,SPO,1
2026-05-06,Trenčín,XL,1
2026-05-06,Trnava,SPO,21
2026-05-06,Trnava,BPO,7
2026-05-06,Trnava,XPO,3
2026-05-06,Trnava,XL,3
2026-05-06,Žilina,SPO,17
2026-05-06,Žilina,BPO,4
2026-05-06,Žilina,XPO,3
2026-05-07,Banská Bystrica,SPO,23
2026-05-07,Banská Bystrica,BPO,7
2026-05-07,Banská Bystrica,XPO,3
2026-05-07,Bratislava Centrála,SPO,81
2026-05-07,Bratislava Centrála,BPO,12
2026-05-07,Bratislava Centrála,XPO,7
2026-05-07,Bratislava Centrála,XL,1
2026-05-07,Bratislava Centrála,VB,4
2026-05-07,Bratislava Petržalka,SPO,3
2026-05-07,Bratislava Petržalka,BPO,10
2026-05-07,Bratislava Petržalka,XPO,2
2026-05-07,Budapešť Blaha,SPO,114
2026-05-07,Budapešť Blaha,BPO,13
2026-05-07,Budapešť Blaha,XPO,6
2026-05-07,CBP Budapešť centrála,SPO,65
2026-05-07,CBP Budapešť centrála,BPO,7
2026-05-07,CBP Budapešť centrála,XPO,5
2026-05-07,CBP Budapešť centrála,XL,1
2026-05-07,CBP Budapešť centrála,VB,2
2026-05-07,CZLC4,SPO,1587
2026-05-07,CZLC4,BPO,452
2026-05-07,CZLC4,XPO,43
2026-05-07,HULC1,SPO,305
2026-05-07,HULC1,BPO,99
2026-05-07,HULC1,XPO,33
2026-05-07,HULC1,VB,30
2026-05-07,Košice,SPO,7
2026-05-07,Košice,BPO,3
2026-05-07,Košice,XPO,1
2026-05-07,LCS,SPO,308
2026-05-07,LCS,BPO,208
2026-05-07,LCS,XPO,48
2026-05-07,LCU,BPO,1
2026-05-07,LCU,XPO,313
2026-05-07,LCU,XL,74
2026-05-07,LCU,VB,113
2026-05-07,Nitra,SPO,18
2026-05-07,Nitra,BPO,1
2026-05-07,Pobočka HULC1,SPO,4
2026-05-07,Pobočka HULC1,BPO,1
2026-05-07,Pobočka HULC1,XPO,1
2026-05-07,Prešov,SPO,4
2026-05-07,Prešov,BPO,2
2026-05-07,Trnava,SPO,29
2026-05-07,Trnava,BPO,2
2026-05-07,Trnava,XPO,2
2026-05-07,Wien Karlsplatz,SPO,4
2026-05-07,Wien Karlsplatz,BPO,1
2026-05-07,Wien Karlsplatz,XPO,1
2026-05-07,Wien Karlsplatz,XL,3
2026-05-07,Žilina,SPO,28
2026-05-07,Žilina,BPO,4
2026-05-07,Žilina,XPO,4
2026-05-08,Banská Bystrica,SPO,17
2026-05-08,Bratislava Centrála,SPO,55
2026-05-08,Bratislava Centrála,BPO,12
2026-05-08,Bratislava Centrála,XPO,6
2026-05-08,Bratislava Centrála,XL,2
2026-05-08,Bratislava Centrála,VB,1
2026-05-08,Bratislava Petržalka,SPO,4
2026-05-08,Bratislava Petržalka,BPO,2
2026-05-08,Budapest Újbuda Központ,SPO,89
2026-05-08,Budapest Újbuda Központ,BPO,12
2026-05-08,Budapest Újbuda Központ,XPO,1
2026-05-08,Budapest Újbuda Központ,XL,2
2026-05-08,Budapešť Blaha,SPO,22
2026-05-08,CBP Budapešť centrála,SPO,24
2026-05-08,CBP Budapešť centrála,BPO,4
2026-05-08,CBP Budapešť centrála,XPO,10
2026-05-08,CBP Budapešť centrála,XL,2
2026-05-08,CZLC4,SPO,2334
2026-05-08,CZLC4,BPO,561
2026-05-08,CZLC4,XPO,27
2026-05-08,HULC1,SPO,528
2026-05-08,HULC1,BPO,104
2026-05-08,HULC1,XPO,20
2026-05-08,HULC1,VB,25
2026-05-08,Košice,SPO,1
2026-05-08,Košice,BPO,1
2026-05-08,LCS,SPO,285
2026-05-08,LCS,BPO,170
2026-05-08,LCS,XPO,54
2026-05-08,LCU,SPO,2
2026-05-08,LCU,XPO,369
2026-05-08,LCU,XL,19
2026-05-08,LCU,VB,86
2026-05-08,Nitra,SPO,10
2026-05-08,Nitra,BPO,1
2026-05-08,Pobočka HULC1,SPO,27
2026-05-08,Pobočka HULC1,BPO,14
2026-05-08,Pobočka HULC1,XPO,1
2026-05-08,Prešov,SPO,8
2026-05-08,Prešov,BPO,2
2026-05-08,Prešov,XPO,2
2026-05-08,Trenčín,SPO,4
2026-05-08,Trenčín,XPO,2
2026-05-08,Trenčín,VB,1
2026-05-08,Trnava,SPO,11
2026-05-08,Trnava,BPO,3
2026-05-08,Trnava,XPO,1
2026-05-08,Wien Karlsplatz,SPO,1
2026-05-08,Wien Karlsplatz,XPO,1
2026-05-08,Žilina,SPO,142
2026-05-08,Žilina,BPO,5
2026-05-08,Žilina,XPO,8
2026-05-08,Žilina,XL,5
2026-05-09,Banská Bystrica,SPO,4
2026-05-09,Banská Bystrica,BPO,1
2026-05-09,Banská Bystrica,XPO,3
2026-05-09,Bratislava Centrála,SPO,86
2026-05-09,Bratislava Centrála,BPO,21
2026-05-09,Bratislava Centrála,XPO,9
2026-05-09,Bratislava Centrála,XL,4
2026-05-09,Bratislava Centrála,VB,2
2026-05-09,Budapešť Blaha,SPO,3
2026-05-09,Budapešť Blaha,BPO,1
2026-05-09,CBP Budapešť centrála,SPO,39
2026-05-09,CBP Budapešť centrála,BPO,14
2026-05-09,CBP Budapešť centrála,XPO,8
2026-05-09,CBP Budapešť centrála,XL,5
2026-05-09,CBP Budapešť centrála,VB,1
2026-05-09,CZLC4,SPO,1999
2026-05-09,CZLC4,BPO,316
2026-05-09,CZLC4,XPO,4
2026-05-09,HULC1,SPO,342
2026-05-09,HULC1,BPO,33
2026-05-09,HULC1,XPO,26
2026-05-09,HULC1,XL,4
2026-05-09,HULC1,VB,5
2026-05-09,Košice,SPO,21
2026-05-09,Košice,BPO,6
2026-05-09,Košice,XPO,9
2026-05-09,Košice,XL,1
2026-05-09,LCS,SPO,304
2026-05-09,LCS,BPO,129
2026-05-09,LCS,XPO,17
2026-05-09,LCU,XPO,162
2026-05-09,LCU,XL,19
2026-05-09,LCU,VB,27
2026-05-09,Nitra,SPO,12
2026-05-09,Nitra,BPO,4
2026-05-09,Nitra,XPO,3
2026-05-09,Nitra,XL,1
2026-05-09,Pobočka HULC1,SPO,16
2026-05-09,Pobočka HULC1,BPO,8
2026-05-09,Pobočka HULC1,XPO,2
2026-05-09,Prešov,SPO,5
2026-05-09,Prešov,BPO,4
2026-05-09,Prešov,XPO,3
2026-05-09,Trenčín,SPO,5
2026-05-09,Trnava,SPO,8
2026-05-09,Trnava,BPO,3
2026-05-09,Wien Karlsplatz,SPO,1
2026-05-09,Žilina,SPO,8
2026-05-09,Žilina,BPO,2
2026-05-09,Žilina,XPO,1
2026-05-10,Banská Bystrica,SPO,4
2026-05-10,Banská Bystrica,XPO,2
2026-05-10,Bratislava Centrála,SPO,64
2026-05-10,Bratislava Centrála,BPO,11
2026-05-10,Bratislava Centrála,XPO,9
2026-05-10,Bratislava Centrála,XL,2
2026-05-10,Budapest Újbuda Központ,SPO,2
2026-05-10,Budapest Újbuda Központ,BPO,1
2026-05-10,Budapest Újbuda Központ,XPO,2
2026-05-10,Budapest Újbuda Központ,XL,1
2026-05-10,Budapešť Blaha,SPO,2
2026-05-10,Budapešť Blaha,BPO,1
2026-05-10,Budapešť Blaha,VB,1
2026-05-10,CBP Budapešť centrála,SPO,41
2026-05-10,CBP Budapešť centrála,BPO,8
2026-05-10,CBP Budapešť centrála,XPO,10
2026-05-10,CBP Budapešť centrála,XL,1
2026-05-10,CZLC4,SPO,1502
2026-05-10,CZLC4,BPO,377
2026-05-10,CZLC4,XPO,11
2026-05-10,HULC1,SPO,209
2026-05-10,HULC1,BPO,11
2026-05-10,HULC1,XPO,10
2026-05-10,HULC1,VB,10
2026-05-10,Košice,SPO,9
2026-05-10,Košice,BPO,3
2026-05-10,Košice,XPO,1
2026-05-10,Košice,VB,1
2026-05-10,LCS,SPO,273
2026-05-10,LCS,BPO,217
2026-05-10,LCS,XPO,43
2026-05-10,LCU,XPO,182
2026-05-10,LCU,XL,27
2026-05-10,LCU,VB,33
2026-05-10,Nitra,SPO,13
2026-05-10,Nitra,BPO,2
2026-05-10,Nitra,XPO,1
2026-05-10,Nitra,XL,1
2026-05-10,Pobočka HULC1,SPO,10
2026-05-10,Pobočka HULC1,XPO,2
2026-05-10,Prešov,SPO,8
2026-05-10,Prešov,XPO,1
2026-05-10,Trenčín,SPO,2
2026-05-10,Trenčín,BPO,1
2026-05-10,Trnava,SPO,17
2026-05-10,Trnava,XPO,2
2026-05-10,Trnava,VB,1
2026-05-10,Žilina,SPO,11
2026-05-10,Žilina,BPO,3
2026-05-11,Banská Bystrica,SPO,7
2026-05-11,Banská Bystrica,BPO,3
2026-05-11,Banská Bystrica,XPO,1
2026-05-11,Bratislava Centrála,SPO,80
2026-05-11,Bratislava Centrála,BPO,12
2026-05-11,Bratislava Centrála,XPO,5
2026-05-11,Bratislava Centrála,XL,2
2026-05-11,Bratislava Petržalka,XPO,2
2026-05-11,Bratislava Petržalka,XL,2
2026-05-11,Budapešť Blaha,SPO,2
2026-05-11,CBP Budapešť centrála,SPO,43
2026-05-11,CBP Budapešť centrála,BPO,5
2026-05-11,CBP Budapešť centrála,XPO,3
2026-05-11,CBP Budapešť centrála,XL,1
2026-05-11,CBP Budapešť centrála,VB,5
2026-05-11,CZLC4,SPO,1629
2026-05-11,CZLC4,BPO,335
2026-05-11,CZLC4,XPO,36
2026-05-11,HULC1,SPO,332
2026-05-11,HULC1,BPO,80
2026-05-11,HULC1,XPO,27
2026-05-11,HULC1,XL,20
2026-05-11,HULC1,VB,10
2026-05-11,Košice,SPO,21
2026-05-11,Košice,BPO,10
2026-05-11,LCS,SPO,288
2026-05-11,LCS,BPO,80
2026-05-11,LCS,XPO,18
2026-05-11,LCU,SPO,3
2026-05-11,LCU,BPO,2
2026-05-11,LCU,XPO,351
2026-05-11,LCU,XL,24
2026-05-11,LCU,VB,44
2026-05-11,Nitra,SPO,27
2026-05-11,Nitra,BPO,3
2026-05-11,Nitra,XPO,4
2026-05-11,Nitra,VB,1
2026-05-11,Pobočka HULC1,SPO,4
2026-05-11,Pobočka HULC1,BPO,1
2026-05-11,Pobočka HULC1,XPO,2
2026-05-11,Prešov,SPO,7
2026-05-11,Prešov,XPO,1
2026-05-11,Trenčín,SPO,5
2026-05-11,Trenčín,BPO,1
2026-05-11,Trnava,SPO,16
2026-05-11,Trnava,XPO,1
2026-05-11,Wien Karlsplatz,SPO,2
2026-05-11,Wien Karlsplatz,BPO,2
2026-05-11,Wien Karlsplatz,XPO,1
2026-05-11,Wien Karlsplatz,XL,2
2026-05-11,Žilina,SPO,4
2026-05-11,Žilina,BPO,4
2026-05-12,Banská Bystrica,SPO,8
2026-05-12,Banská Bystrica,XPO,4
2026-05-12,Bratislava Centrála,SPO,64
2026-05-12,Bratislava Centrála,BPO,18
2026-05-12,Bratislava Centrála,XPO,7
2026-05-12,Bratislava Centrála,XL,2
2026-05-12,Bratislava Petržalka,SPO,1
2026-05-12,Bratislava Petržalka,XPO,1
2026-05-12,Bratislava Petržalka,VB,1
2026-05-12,Budapešť Blaha,SPO,8
2026-05-12,CBP Budapešť centrála,SPO,37
2026-05-12,CBP Budapešť centrála,BPO,8
2026-05-12,CBP Budapešť centrála,XPO,7
2026-05-12,CBP Budapešť centrála,XL,2
2026-05-12,CBP Budapešť centrála,VB,1
2026-05-12,CZLC4,SPO,3350
2026-05-12,CZLC4,BPO,704
2026-05-12,CZLC4,XPO,71
2026-05-12,CZLC4,XL,1
2026-05-12,HULC1,SPO,511
2026-05-12,HULC1,BPO,56
2026-05-12,HULC1,XPO,33
2026-05-12,HULC1,VB,63
2026-05-12,Košice,SPO,18
2026-05-12,Košice,BPO,1
2026-05-12,Košice,XPO,4
2026-05-12,LCS,SPO,540
2026-05-12,LCS,BPO,397
2026-05-12,LCS,XPO,70
2026-05-12,LCU,SPO,10
2026-05-12,LCU,XPO,159
2026-05-12,LCU,XL,64
2026-05-12,LCU,VB,160
2026-05-12,Nitra,SPO,15
2026-05-12,Nitra,BPO,9
2026-05-12,Nitra,XPO,7
2026-05-12,Nitra,XL,1
2026-05-12,Nitra,VB,1
2026-05-12,Pobočka HULC1,SPO,6
2026-05-12,Pobočka HULC1,BPO,2
2026-05-12,Pobočka HULC1,XPO,3
2026-05-12,Prešov,SPO,15
2026-05-12,Prešov,XPO,1
2026-05-12,Trenčín,SPO,4
2026-05-12,Trenčín,BPO,2
2026-05-12,Trenčín,XPO,2
2026-05-12,Trnava,SPO,12
2026-05-12,Trnava,BPO,2
2026-05-12,Žilina,SPO,14
2026-05-12,Žilina,BPO,1
2026-05-12,Žilina,XPO,1
2026-05-12,Žilina,XL,1
2026-05-13,Banská Bystrica,SPO,15
2026-05-13,Banská Bystrica,BPO,5
2026-05-13,Banská Bystrica,XPO,2
2026-05-13,Banská Bystrica,XL,4
2026-05-13,Bratislava Centrála,SPO,54
2026-05-13,Bratislava Centrála,BPO,5
2026-05-13,Bratislava Centrála,XPO,9
2026-05-13,Bratislava Centrála,XL,5
2026-05-13,Bratislava Centrála,VB,1
2026-05-13,Bratislava Petržalka,SPO,1
2026-05-13,Bratislava Petržalka,BPO,1
2026-05-13,Budapest Újbuda Központ,SPO,5
2026-05-13,Budapest Újbuda Központ,BPO,1
2026-05-13,Budapest Újbuda Központ,XPO,2
2026-05-13,Budapešť Blaha,SPO,8
2026-05-13,Budapešť Blaha,BPO,1
2026-05-13,Budapešť Blaha,XPO,1
2026-05-13,Budapešť Blaha,XL,1
2026-05-13,CBP Budapešť centrála,SPO,39
2026-05-13,CBP Budapešť centrála,BPO,5
2026-05-13,CBP Budapešť centrála,XPO,10
2026-05-13,CBP Budapešť centrála,XL,4
2026-05-13,CBP Budapešť centrála,VB,1
2026-05-13,CZLC4,SPO,1918
2026-05-13,CZLC4,BPO,620
2026-05-13,CZLC4,XPO,20
2026-05-13,HULC1,SPO,411
2026-05-13,HULC1,BPO,39
2026-05-13,HULC1,XPO,26
2026-05-13,HULC1,VB,72
2026-05-13,Košice,SPO,15
2026-05-13,Košice,BPO,4
2026-05-13,Košice,XPO,1
2026-05-13,Košice,XL,1
2026-05-13,LCS,SPO,433
2026-05-13,LCS,BPO,96
2026-05-13,LCS,XPO,79
2026-05-13,LCU,SPO,2
2026-05-13,LCU,XPO,141
2026-05-13,LCU,XL,14
2026-05-13,LCU,VB,14
2026-05-13,Nitra,SPO,12
2026-05-13,Nitra,BPO,2
2026-05-13,Nitra,XPO,1
2026-05-13,Pobočka HULC1,SPO,11
2026-05-13,Pobočka HULC1,BPO,4
2026-05-13,Pobočka HULC1,XPO,4
2026-05-13,Prešov,SPO,36
2026-05-13,Prešov,BPO,2
2026-05-13,Prešov,XPO,1
2026-05-13,Trenčín,SPO,5
2026-05-13,Trenčín,BPO,1
2026-05-13,Trenčín,XPO,1
2026-05-13,Trnava,SPO,11
2026-05-13,Trnava,BPO,2
2026-05-13,Trnava,XPO,3
2026-05-13,Žilina,SPO,6
2026-05-13,Žilina,BPO,5
2026-05-13,Žilina,XPO,3
2026-05-13,Žilina,XL,1
2026-05-13,Žilina,VB,2
2026-05-14,Banská Bystrica,SPO,28
2026-05-14,Banská Bystrica,XPO,1
2026-05-14,Bratislava Centrála,SPO,53
2026-05-14,Bratislava Centrála,BPO,16
2026-05-14,Bratislava Centrála,XPO,8
2026-05-14,Bratislava Centrála,XL,1
2026-05-14,Bratislava Petržalka,BPO,1
2026-05-14,Budapešť Blaha,SPO,2
2026-05-14,Budapešť Blaha,BPO,1
2026-05-14,Budapešť Blaha,XPO,2
2026-05-14,CBP Budapešť centrála,SPO,39
2026-05-14,CBP Budapešť centrála,BPO,8
2026-05-14,CBP Budapešť centrála,XPO,4
2026-05-14,CBP Budapešť centrála,XL,1
2026-05-14,CBP Budapešť centrála,VB,1
2026-05-14,CZLC4,SPO,1996
2026-05-14,CZLC4,BPO,367
2026-05-14,CZLC4,XPO,582
2026-05-14,HULC1,SPO,160
2026-05-14,HULC1,BPO,22
2026-05-14,HULC1,XPO,23
2026-05-14,Košice,SPO,15
2026-05-14,Košice,BPO,6
2026-05-14,Košice,XPO,5
2026-05-14,Košice,XL,3
2026-05-14,LCS,SPO,401
2026-05-14,LCS,BPO,102
2026-05-14,LCS,XPO,37
2026-05-14,LCU,XPO,198
2026-05-14,LCU,XL,69
2026-05-14,LCU,VB,67
2026-05-14,Nitra,SPO,13
2026-05-14,Nitra,BPO,3
2026-05-14,Nitra,XPO,2
2026-05-14,Pobočka HULC1,SPO,8
2026-05-14,Pobočka HULC1,BPO,4
2026-05-14,Prešov,SPO,3
2026-05-14,Prešov,BPO,1
2026-05-14,Prešov,XPO,2
2026-05-14,Trenčín,SPO,6
2026-05-14,Trnava,SPO,7
2026-05-14,Trnava,BPO,1
2026-05-14,Trnava,XPO,2
2026-05-14,Trnava,XL,1
2026-05-14,Wien Karlsplatz,SPO,1
2026-05-14,Žilina,SPO,19
2026-05-14,Žilina,BPO,3
2026-05-14,Žilina,XPO,4
2026-05-14,Žilina,XL,2
2026-05-14,Žilina,VB,1
2026-05-15,Banská Bystrica,SPO,9
2026-05-15,Bratislava Centrála,SPO,33
2026-05-15,Bratislava Centrála,BPO,5
2026-05-15,Bratislava Centrála,XPO,5
2026-05-15,Bratislava Centrála,XL,1
2026-05-15,Bratislava Centrála,VB,2
2026-05-15,Budapest Újbuda Központ,XPO,1
2026-05-15,Budapešť Blaha,SPO,1
2026-05-15,Budapešť Blaha,XL,1
2026-05-15,CBP Budapešť centrála,SPO,37
2026-05-15,CBP Budapešť centrála,BPO,7
2026-05-15,CBP Budapešť centrála,XPO,10
2026-05-15,CBP Budapešť centrála,XL,3
2026-05-15,CBP Budapešť centrála,VB,1
2026-05-15,CZLC4,SPO,1765
2026-05-15,CZLC4,BPO,575
2026-05-15,CZLC4,XPO,22
2026-05-15,HULC1,SPO,483
2026-05-15,HULC1,BPO,51
2026-05-15,HULC1,XPO,23
2026-05-15,HULC1,XL,9
2026-05-15,HULC1,VB,5
2026-05-15,Košice,SPO,10
2026-05-15,Košice,BPO,2
2026-05-15,Košice,XPO,3
2026-05-15,LCS,SPO,314
2026-05-15,LCS,BPO,203
2026-05-15,LCS,XPO,14
2026-05-15,LCU,SPO,1
2026-05-15,LCU,BPO,1
2026-05-15,LCU,XPO,655
2026-05-15,LCU,XL,116
2026-05-15,LCU,VB,176
2026-05-15,Nitra,SPO,23
2026-05-15,Nitra,BPO,7
2026-05-15,Nitra,XPO,2
2026-05-15,Nitra,XL,1
2026-05-15,Pobočka HULC1,SPO,9
2026-05-15,Pobočka HULC1,BPO,2
2026-05-15,Pobočka HULC1,XPO,3
2026-05-15,Prešov,SPO,6
2026-05-15,Prešov,XL,1
2026-05-15,Trenčín,BPO,4
2026-05-15,Trenčín,XL,1
2026-05-15,Trnava,SPO,13
2026-05-15,Trnava,BPO,1
2026-05-15,Trnava,XPO,1
2026-05-15,Trnava,XL,1
2026-05-15,Trnava,VB,1
2026-05-15,Žilina,SPO,3
2026-05-16,Banská Bystrica,SPO,5
2026-05-16,Banská Bystrica,XPO,1
2026-05-16,Banská Bystrica,XL,2
2026-05-16,Bratislava Centrála,SPO,104
2026-05-16,Bratislava Centrála,BPO,18
2026-05-16,Bratislava Centrála,XPO,22
2026-05-16,Bratislava Centrála,XL,5
2026-05-16,Bratislava Centrála,VB,1
2026-05-16,Bratislava Petržalka,BPO,2
2026-05-16,Bratislava Petržalka,XPO,1
2026-05-16,Budapešť Blaha,SPO,7
2026-05-16,Budapešť Blaha,BPO,1
2026-05-16,Budapešť Blaha,XL,1
2026-05-16,Budapešť Blaha,VB,1
2026-05-16,CBP Budapešť centrála,SPO,44
2026-05-16,CBP Budapešť centrála,BPO,9
2026-05-16,CBP Budapešť centrála,XPO,10
2026-05-16,CBP Budapešť centrála,XL,5
2026-05-16,CBP Budapešť centrála,VB,3
2026-05-16,CZLC4,SPO,2021
2026-05-16,CZLC4,BPO,520
2026-05-16,CZLC4,XPO,20
2026-05-16,HULC1,SPO,583
2026-05-16,HULC1,BPO,79
2026-05-16,HULC1,XPO,20
2026-05-16,HULC1,XL,4
2026-05-16,HULC1,VB,23
2026-05-16,Košice,SPO,19
2026-05-16,Košice,BPO,1
2026-05-16,LCS,SPO,269
2026-05-16,LCS,BPO,64
2026-05-16,LCS,XPO,40
2026-05-16,LCU,BPO,3
2026-05-16,LCU,XPO,180
2026-05-16,LCU,XL,41
2026-05-16,LCU,VB,36
2026-05-16,Nitra,SPO,5
2026-05-16,Nitra,BPO,1
2026-05-16,Nitra,XPO,3
2026-05-16,Pobočka HULC1,SPO,126
2026-05-16,Pobočka HULC1,BPO,15
2026-05-16,Pobočka HULC1,XPO,13
2026-05-16,Prešov,SPO,11
2026-05-16,Trenčín,BPO,1
2026-05-16,Trenčín,XL,1
2026-05-16,Trnava,SPO,9
2026-05-16,Trnava,BPO,2
2026-05-16,Wien Karlsplatz,SPO,4
2026-05-16,Žilina,SPO,10
2026-05-16,Žilina,BPO,1
2026-05-16,Žilina,VB,1
2026-05-17,Banská Bystrica,SPO,8
2026-05-17,Banská Bystrica,XPO,1
2026-05-17,Bratislava Centrála,SPO,67
2026-05-17,Bratislava Centrála,BPO,9
2026-05-17,Bratislava Centrála,XPO,6
2026-05-17,Bratislava Centrála,XL,1
2026-05-17,Bratislava Centrála,VB,1
2026-05-17,Bratislava Petržalka,SPO,2
2026-05-17,Bratislava Petržalka,BPO,1
2026-05-17,Budapešť Blaha,SPO,17
2026-05-17,CBP Budapešť centrála,SPO,38
2026-05-17,CBP Budapešť centrála,BPO,9
2026-05-17,CBP Budapešť centrála,XPO,16
2026-05-17,CBP Budapešť centrála,XL,2
2026-05-17,CBP Budapešť centrála,VB,1
2026-05-17,CZLC4,SPO,1710
2026-05-17,CZLC4,BPO,445
2026-05-17,CZLC4,XPO,38
2026-05-17,HULC1,SPO,251
2026-05-17,HULC1,BPO,17
2026-05-17,HULC1,XPO,6
2026-05-17,HULC1,VB,29
2026-05-17,Košice,SPO,4
2026-05-17,Košice,XPO,1
2026-05-17,LCS,SPO,271
2026-05-17,LCS,BPO,68
2026-05-17,LCS,XPO,45
2026-05-17,LCU,XPO,56
2026-05-17,LCU,XL,25
2026-05-17,LCU,VB,26
2026-05-17,Nitra,SPO,9
2026-05-17,Nitra,BPO,2
2026-05-17,Nitra,XPO,2
2026-05-17,Pobočka HULC1,SPO,6
2026-05-17,Pobočka HULC1,XPO,6
2026-05-17,Prešov,SPO,3
2026-05-17,Trenčín,SPO,3
2026-05-17,Trenčín,XL,1
2026-05-17,Trnava,SPO,6
2026-05-17,Trnava,BPO,1
2026-05-17,Žilina,SPO,11
2026-05-17,Žilina,BPO,1
2026-05-17,Žilina,XPO,2
2026-05-17,Žilina,XL,1
2026-05-18,Banská Bystrica,SPO,9
2026-05-18,Banská Bystrica,XPO,1
2026-05-18,Banská Bystrica,XL,1
2026-05-18,Bratislava Centrála,SPO,83
2026-05-18,Bratislava Centrála,BPO,15
2026-05-18,Bratislava Centrála,XPO,3
2026-05-18,Budapešť Blaha,SPO,2
2026-05-18,Budapešť Blaha,XL,2
2026-05-18,CBP Budapešť centrála,SPO,29
2026-05-18,CBP Budapešť centrála,BPO,3
2026-05-18,CBP Budapešť centrála,XPO,6
2026-05-18,CBP Budapešť centrála,XL,1
2026-05-18,CBP Budapešť centrála,VB,2
2026-05-18,CZLC4,SPO,1870
2026-05-18,CZLC4,BPO,520
2026-05-18,CZLC4,XPO,21
2026-05-18,HULC1,SPO,323
2026-05-18,HULC1,BPO,38
2026-05-18,HULC1,XPO,39
2026-05-18,HULC1,VB,12
2026-05-18,Košice,SPO,11
2026-05-18,Košice,BPO,4
2026-05-18,Košice,XPO,1
2026-05-18,LCS,SPO,380
2026-05-18,LCS,BPO,138
2026-05-18,LCS,XPO,22
2026-05-18,LCU,XPO,79
2026-05-18,LCU,XL,37
2026-05-18,LCU,VB,30
2026-05-18,Nitra,SPO,12
2026-05-18,Nitra,BPO,1
2026-05-18,Nitra,XPO,2
2026-05-18,Nitra,XL,1
2026-05-18,Pobočka HULC1,SPO,21
2026-05-18,Pobočka HULC1,BPO,11
2026-05-18,Pobočka HULC1,XPO,4
2026-05-18,Prešov,SPO,11
2026-05-18,Prešov,BPO,1
2026-05-18,Prešov,XPO,1
2026-05-18,Trenčín,SPO,3
2026-05-18,Trenčín,XPO,1
2026-05-18,Trnava,SPO,21
2026-05-18,Trnava,BPO,1
2026-05-18,Trnava,XPO,2
2026-05-18,Trnava,XL,1
2026-05-18,Wien Karlsplatz,SPO,1
2026-05-18,Žilina,SPO,15
2026-05-18,Žilina,BPO,3
2026-05-18,Žilina,XPO,2
2026-05-18,Žilina,XL,4
2026-05-19,Banská Bystrica,SPO,10
2026-05-19,Banská Bystrica,BPO,1
2026-05-19,Banská Bystrica,XPO,1
2026-05-19,Bratislava Centrála,SPO,78
2026-05-19,Bratislava Centrála,BPO,19
2026-05-19,Bratislava Centrála,XPO,11
2026-05-19,Bratislava Centrála,XL,2
2026-05-19,Bratislava Petržalka,SPO,2
2026-05-19,Bratislava Petržalka,BPO,1
2026-05-19,Bratislava Petržalka,XL,1
2026-05-19,Budapest Újbuda Központ,SPO,2
2026-05-19,Budapešť Blaha,SPO,3
2026-05-19,Budapešť Blaha,XPO,2
2026-05-19,Budapešť Blaha,XL,1
2026-05-19,CBP Budapešť centrála,SPO,42
2026-05-19,CBP Budapešť centrála,BPO,7
2026-05-19,CBP Budapešť centrála,XPO,18
2026-05-19,CBP Budapešť centrála,XL,3
2026-05-19,CBP Budapešť centrála,VB,1
2026-05-19,CZLC4,SPO,2627
2026-05-19,CZLC4,BPO,605
2026-05-19,CZLC4,XPO,20
2026-05-19,HULC1,SPO,314
2026-05-19,HULC1,BPO,73
2026-05-19,HULC1,XPO,52
2026-05-19,HULC1,XL,15
2026-05-19,HULC1,VB,107
2026-05-19,Košice,SPO,13
2026-05-19,Košice,BPO,4
2026-05-19,Košice,XPO,1
2026-05-19,Košice,XL,1
2026-05-19,LCS,SPO,501
2026-05-19,LCS,BPO,244
2026-05-19,LCS,XPO,113
2026-05-19,LCU,XPO,255
2026-05-19,LCU,XL,11
2026-05-19,LCU,VB,18
2026-05-19,Nitra,SPO,6
2026-05-19,Nitra,BPO,2
2026-05-19,Nitra,XPO,1
2026-05-19,Nitra,XL,1
2026-05-19,Pobočka HULC1,SPO,8
2026-05-19,Pobočka HULC1,BPO,1
2026-05-19,Pobočka HULC1,XPO,3
2026-05-19,Prešov,SPO,7
2026-05-19,Prešov,BPO,2
2026-05-19,Prešov,XPO,2
2026-05-19,Trenčín,SPO,7
2026-05-19,Trenčín,BPO,2
2026-05-19,Trenčín,XPO,1
2026-05-19,Trnava,SPO,5
2026-05-19,Trnava,XPO,2
2026-05-19,Wien Karlsplatz,SPO,17
2026-05-19,Žilina,SPO,23
2026-05-19,Žilina,BPO,2
2026-05-19,Žilina,XPO,4
2026-05-19,Žilina,XL,2
2026-05-20,Banská Bystrica,SPO,9
2026-05-20,Banská Bystrica,BPO,2
2026-05-20,Banská Bystrica,XPO,2
2026-05-20,Banská Bystrica,XL,2
2026-05-20,Bratislava Centrála,SPO,89
2026-05-20,Bratislava Centrála,BPO,11
2026-05-20,Bratislava Centrála,XPO,6
2026-05-20,Bratislava Centrála,XL,4
2026-05-20,Bratislava Centrála,VB,1
2026-05-20,Bratislava Petržalka,SPO,1
2026-05-20,Bratislava Petržalka,BPO,1
2026-05-20,Budapest Újbuda Központ,SPO,4
2026-05-20,Budapešť Blaha,SPO,2
2026-05-20,Budapešť Blaha,BPO,2
2026-05-20,CBP Budapešť centrála,SPO,24
2026-05-20,CBP Budapešť centrála,BPO,6
2026-05-20,CBP Budapešť centrála,XPO,11
2026-05-20,CBP Budapešť centrála,XL,2
2026-05-20,CBP Budapešť centrála,VB,3
2026-05-20,CZLC4,SPO,1704
2026-05-20,CZLC4,BPO,340
2026-05-20,CZLC4,XPO,26
2026-05-20,HULC1,SPO,267
2026-05-20,HULC1,BPO,59
2026-05-20,HULC1,XPO,22
2026-05-20,HULC1,VB,11
2026-05-20,Košice,SPO,17
2026-05-20,Košice,BPO,4
2026-05-20,Košice,XPO,2
2026-05-20,Košice,XL,1
2026-05-20,LCS,SPO,228
2026-05-20,LCS,BPO,53
2026-05-20,LCS,XPO,39
2026-05-20,LCU,BPO,1
2026-05-20,LCU,XPO,467
2026-05-20,LCU,XL,95
2026-05-20,LCU,VB,221
2026-05-20,Nitra,SPO,5
2026-05-20,Nitra,BPO,3
2026-05-20,Nitra,XPO,2
2026-05-20,Pobočka HULC1,SPO,6
2026-05-20,Pobočka HULC1,BPO,4
2026-05-20,Pobočka HULC1,XPO,4
2026-05-20,Prešov,SPO,10
2026-05-20,Prešov,BPO,4
2026-05-20,Prešov,XPO,3
2026-05-20,Trenčín,SPO,3
2026-05-20,Trenčín,BPO,3
2026-05-20,Trenčín,XPO,1
2026-05-20,Trenčín,XL,1
2026-05-20,Trnava,SPO,2
2026-05-20,Trnava,BPO,2
2026-05-20,Trnava,XPO,4
2026-05-20,Žilina,SPO,3
2026-05-20,Žilina,BPO,1
2026-05-21,Banská Bystrica,SPO,10
2026-05-21,Bratislava Centrála,SPO,44
2026-05-21,Bratislava Centrála,BPO,13
2026-05-21,Bratislava Centrála,XPO,6
2026-05-21,Bratislava Centrála,XL,2
2026-05-21,Bratislava Centrála,VB,1
2026-05-21,Bratislava Petržalka,SPO,1
2026-05-21,Bratislava Petržalka,XPO,1
2026-05-21,Bratislava Petržalka,VB,1
2026-05-21,Budapest Újbuda Központ,SPO,1
2026-05-21,Budapešť Blaha,SPO,4
2026-05-21,Budapešť Blaha,XL,1
2026-05-21,CBP Budapešť centrála,SPO,16
2026-05-21,CBP Budapešť centrála,BPO,11
2026-05-21,CBP Budapešť centrála,XPO,7
2026-05-21,CBP Budapešť centrála,XL,1
2026-05-21,CBP Budapešť centrála,VB,1
2026-05-21,CZLC4,SPO,1625
2026-05-21,CZLC4,BPO,400
2026-05-21,CZLC4,XPO,6
2026-05-21,HULC1,SPO,217
2026-05-21,HULC1,BPO,27
2026-05-21,HULC1,XPO,32
2026-05-21,HULC1,XL,10
2026-05-21,HULC1,VB,34
2026-05-21,Košice,SPO,8
2026-05-21,Košice,BPO,1
2026-05-21,Košice,XL,1
2026-05-21,LCS,SPO,223
2026-05-21,LCS,BPO,143
2026-05-21,LCS,XPO,25
2026-05-21,LCU,BPO,1
2026-05-21,LCU,XPO,419
2026-05-21,LCU,XL,38
2026-05-21,LCU,VB,69
2026-05-21,Nitra,SPO,5
2026-05-21,Nitra,BPO,2
2026-05-21,Nitra,XPO,1
2026-05-21,Pobočka HULC1,SPO,7
2026-05-21,Pobočka HULC1,BPO,2
2026-05-21,Pobočka HULC1,XPO,5
2026-05-21,Prešov,SPO,7
2026-05-21,Prešov,BPO,1
2026-05-21,Prešov,XPO,1
2026-05-21,Trenčín,SPO,15
2026-05-21,Trenčín,BPO,3
2026-05-21,Trenčín,XPO,3
2026-05-21,Trnava,SPO,8
2026-05-21,Trnava,BPO,3
2026-05-21,Trnava,XPO,2
2026-05-21,Trnava,XL,1
2026-05-21,Žilina,SPO,5
2026-05-21,Žilina,BPO,1
2026-05-21,Žilina,XPO,1
2026-05-22,Banská Bystrica,SPO,3
2026-05-22,Banská Bystrica,BPO,1
2026-05-22,Banská Bystrica,XPO,2
2026-05-22,Banská Bystrica,VB,1
2026-05-22,Bratislava Centrála,SPO,45
2026-05-22,Bratislava Centrála,BPO,7
2026-05-22,Bratislava Centrála,XPO,9
2026-05-22,Bratislava Centrála,XL,1
2026-05-22,Bratislava Petržalka,SPO,1
2026-05-22,Budapešť Blaha,SPO,3
2026-05-22,CBP Budapešť centrála,SPO,31
2026-05-22,CBP Budapešť centrála,BPO,4
2026-05-22,CBP Budapešť centrála,XPO,5
2026-05-22,CBP Budapešť centrála,XL,3
2026-05-22,CBP Budapešť centrála,VB,2
2026-05-22,CZLC4,SPO,1637
2026-05-22,CZLC4,BPO,348
2026-05-22,CZLC4,XPO,9
2026-05-22,HULC1,SPO,307
2026-05-22,HULC1,BPO,72
2026-05-22,HULC1,XPO,32
2026-05-22,HULC1,XL,15
2026-05-22,HULC1,VB,26
2026-05-22,Košice,SPO,5
2026-05-22,Košice,XPO,1
2026-05-22,LCS,SPO,244
2026-05-22,LCS,BPO,77
2026-05-22,LCS,XPO,34
2026-05-22,LCU,SPO,3
2026-05-22,LCU,BPO,1
2026-05-22,LCU,XPO,158
2026-05-22,LCU,XL,6
2026-05-22,LCU,VB,72
2026-05-22,Nitra,SPO,12
2026-05-22,Nitra,XPO,1
2026-05-22,Pobočka HULC1,SPO,5
2026-05-22,Pobočka HULC1,BPO,15
2026-05-22,Pobočka HULC1,XPO,3
2026-05-22,Prešov,SPO,1
2026-05-22,Prešov,BPO,1
2026-05-22,Prešov,XPO,2
2026-05-22,Trenčín,SPO,12
2026-05-22,Trenčín,XPO,1
2026-05-22,Trenčín,XL,1
2026-05-22,Trnava,SPO,2
2026-05-22,Trnava,BPO,1
2026-05-22,Trnava,XL,2
2026-05-22,Žilina,SPO,9
2026-05-22,Žilina,XPO,1
2026-05-23,Bratislava Centrála,SPO,26
2026-05-23,Bratislava Centrála,BPO,8
2026-05-23,Bratislava Centrála,XPO,10
2026-05-23,Bratislava Centrála,XL,1
2026-05-23,Bratislava Petržalka,SPO,1
2026-05-23,Budapest Újbuda Központ,SPO,8
2026-05-23,Budapest Újbuda Központ,XPO,5
2026-05-23,Budapešť Blaha,XL,2
2026-05-23,CBP Budapešť centrála,SPO,25
2026-05-23,CBP Budapešť centrála,BPO,13
2026-05-23,CBP Budapešť centrála,XPO,10
2026-05-23,CBP Budapešť centrála,XL,5
2026-05-23,CZLC4,SPO,1587
2026-05-23,CZLC4,BPO,328
2026-05-23,CZLC4,XPO,8
2026-05-23,HULC1,SPO,192
2026-05-23,HULC1,BPO,27
2026-05-23,HULC1,XPO,10
2026-05-23,HULC1,XL,4
2026-05-23,HULC1,VB,19
2026-05-23,Košice,SPO,2
2026-05-23,Košice,VB,1
2026-05-23,LCS,SPO,395
2026-05-23,LCS,BPO,106
2026-05-23,LCS,XPO,12
2026-05-23,LCU,XPO,269
2026-05-23,LCU,XL,15
2026-05-23,LCU,VB,8
2026-05-23,Nitra,SPO,13
2026-05-23,Nitra,BPO,2
2026-05-23,Nitra,XL,2
2026-05-23,Pobočka HULC1,SPO,9
2026-05-23,Pobočka HULC1,BPO,2
2026-05-23,Pobočka HULC1,XPO,2
2026-05-23,Prešov,SPO,3
2026-05-23,Prešov,XPO,1
2026-05-23,Prešov,XL,1
2026-05-23,Trenčín,SPO,1
2026-05-23,Trenčín,XPO,2
2026-05-23,Trnava,SPO,4
2026-05-23,Trnava,XPO,1
2026-05-23,Wien Karlsplatz,XPO,1
2026-05-23,Wien Karlsplatz,XL,1
2026-05-23,Žilina,SPO,9
2026-05-23,Žilina,BPO,2
2026-05-23,Žilina,XPO,2
2026-05-23,Žilina,XL,2
2026-05-24,Banská Bystrica,SPO,1
2026-05-24,Banská Bystrica,BPO,2
2026-05-24,Banská Bystrica,XPO,1
2026-05-24,Banská Bystrica,XL,1
2026-05-24,Banská Bystrica,VB,1
2026-05-24,Bratislava Centrála,SPO,29
2026-05-24,Bratislava Centrála,BPO,10
2026-05-24,Bratislava Centrála,XPO,12
2026-05-24,Bratislava Centrála,XL,2
2026-05-24,Budapest Újbuda Központ,SPO,1
2026-05-24,Budapest Újbuda Központ,XPO,1
2026-05-24,CBP Budapešť centrála,SPO,7
2026-05-24,CZLC4,SPO,1518
2026-05-24,CZLC4,BPO,291
2026-05-24,CZLC4,XPO,7
2026-05-24,HULC1,SPO,131
2026-05-24,HULC1,BPO,14
2026-05-24,HULC1,XPO,7
2026-05-24,HULC1,VB,4
2026-05-24,Košice,SPO,8
2026-05-24,Košice,BPO,5
2026-05-24,Košice,XPO,3
2026-05-24,Košice,VB,1
2026-05-24,LCS,SPO,157
2026-05-24,LCS,BPO,45
2026-05-24,LCS,XPO,24
2026-05-24,LCU,XPO,115
2026-05-24,LCU,XL,46
2026-05-24,LCU,VB,36
2026-05-24,Nitra,SPO,13
2026-05-24,Nitra,BPO,2
2026-05-24,Nitra,XPO,4
2026-05-24,Prešov,SPO,3
2026-05-24,Prešov,XPO,2
2026-05-24,Trenčín,SPO,15
2026-05-24,Trenčín,XPO,2
2026-05-24,Trnava,SPO,4
2026-05-24,Trnava,BPO,5
2026-05-24,Trnava,XPO,1
2026-05-24,Trnava,XL,1
2026-05-24,Žilina,SPO,7
2026-05-24,Žilina,BPO,1
2026-05-24,Žilina,XPO,2
2026-05-25,Banská Bystrica,BPO,1
2026-05-25,Banská Bystrica,XPO,1
2026-05-25,Banská Bystrica,VB,1
2026-05-25,Bratislava Centrála,SPO,56
2026-05-25,Bratislava Centrála,BPO,14
2026-05-25,Bratislava Centrála,XPO,25
2026-05-25,Bratislava Centrála,XL,3
2026-05-25,Bratislava Centrála,VB,1
2026-05-25,Bratislava Petržalka,BPO,1
2026-05-25,Bratislava Petržalka,XPO,1
2026-05-25,Bratislava Petržalka,XL,1
2026-05-25,CBP Budapešť centrála,SPO,4
2026-05-25,CZLC4,SPO,1930
2026-05-25,CZLC4,BPO,425
2026-05-25,CZLC4,XPO,14
2026-05-25,HULC1,SPO,231
2026-05-25,HULC1,BPO,36
2026-05-25,HULC1,XPO,5
2026-05-25,HULC1,VB,4
2026-05-25,Košice,SPO,13
2026-05-25,Košice,BPO,3
2026-05-25,Košice,XL,2
2026-05-25,LCS,SPO,208
2026-05-25,LCS,BPO,48
2026-05-25,LCS,XPO,11
2026-05-25,LCU,XPO,192
2026-05-25,LCU,XL,68
2026-05-25,LCU,VB,48
2026-05-25,Nitra,BPO,1
2026-05-25,Nitra,XPO,1
2026-05-25,Nitra,XL,1
2026-05-25,Prešov,SPO,1
2026-05-25,Trenčín,SPO,4
2026-05-25,Trnava,SPO,1
2026-05-25,Trnava,XPO,3
2026-05-25,Žilina,SPO,14
2026-05-25,Žilina,BPO,4
2026-05-25,Žilina,XPO,4
2026-05-26,Banská Bystrica,SPO,2
2026-05-26,Banská Bystrica,BPO,2
2026-05-26,Banská Bystrica,XPO,3
2026-05-26,Banská Bystrica,XL,1
2026-05-26,Bratislava Centrála,SPO,27
2026-05-26,Bratislava Centrála,BPO,14
2026-05-26,Bratislava Centrála,XPO,4
2026-05-26,Bratislava Centrála,XL,1
2026-05-26,Bratislava Petržalka,SPO,3
2026-05-26,Bratislava Petržalka,XL,1
2026-05-26,Bratislava Petržalka,VB,1
2026-05-26,Budapest Újbuda Központ,SPO,3
2026-05-26,Budapest Újbuda Központ,XPO,3
2026-05-26,Budapešť Blaha,SPO,3
2026-05-26,Budapešť Blaha,XPO,1
2026-05-26,CBP Budapešť centrála,SPO,8
2026-05-26,CZLC4,SPO,2520
2026-05-26,CZLC4,BPO,593
2026-05-26,CZLC4,XPO,29
2026-05-26,HULC1,SPO,303
2026-05-26,HULC1,BPO,55
2026-05-26,HULC1,XPO,28
2026-05-26,HULC1,VB,27
2026-05-26,Košice,SPO,8
2026-05-26,Košice,BPO,3
2026-05-26,Košice,XPO,2
2026-05-26,Košice,XL,2
2026-05-26,LCS,SPO,277
2026-05-26,LCS,BPO,11
2026-05-26,LCS,XPO,102
2026-05-26,LCU,XPO,331
2026-05-26,LCU,XL,106
2026-05-26,LCU,VB,127
2026-05-26,Nitra,SPO,21
2026-05-26,Nitra,BPO,5
2026-05-26,Nitra,XPO,2
2026-05-26,Nitra,XL,1
2026-05-26,Pobočka HULC1,SPO,8
2026-05-26,Pobočka HULC1,BPO,1
2026-05-26,Pobočka HULC1,XPO,2
2026-05-26,Prešov,SPO,8
2026-05-26,Prešov,BPO,1
2026-05-26,Trenčín,SPO,6
2026-05-26,Trenčín,BPO,2
2026-05-26,Trenčín,VB,1
2026-05-26,Trnava,SPO,5
2026-05-26,Trnava,XPO,1
2026-05-26,Wien Karlsplatz,SPO,1
2026-05-26,Žilina,SPO,19
2026-05-26,Žilina,BPO,2
2026-05-26,Žilina,XPO,3
2026-05-26,Žilina,XL,1
2026-05-27,Banská Bystrica,SPO,5
2026-05-27,Banská Bystrica,BPO,3
2026-05-27,Banská Bystrica,XPO,6
2026-05-27,Bratislava Centrála,SPO,62
2026-05-27,Bratislava Centrála,BPO,6
2026-05-27,Bratislava Centrála,XPO,9
2026-05-27,Bratislava Centrála,XL,3
2026-05-27,Bratislava Petržalka,SPO,1
2026-05-27,Bratislava Petržalka,BPO,6
2026-05-27,Bratislava Petržalka,XL,1
2026-05-27,Budapest Újbuda Központ,SPO,11
2026-05-27,Budapest Újbuda Központ,BPO,2
2026-05-27,Budapest Újbuda Központ,XPO,4
2026-05-27,Budapest Újbuda Központ,XL,1
2026-05-27,Budapešť Blaha,SPO,5
2026-05-27,Budapešť Blaha,XL,1
2026-05-27,CBP Budapešť centrála,SPO,64
2026-05-27,CBP Budapešť centrála,BPO,33
2026-05-27,CBP Budapešť centrála,XPO,32
2026-05-27,CBP Budapešť centrála,XL,9
2026-05-27,CBP Budapešť centrála,VB,2
2026-05-27,CZLC4,SPO,1584
2026-05-27,CZLC4,BPO,338
2026-05-27,CZLC4,XPO,12
2026-05-27,HULC1,SPO,285
2026-05-27,HULC1,BPO,68
2026-05-27,HULC1,XPO,16
2026-05-27,HULC1,XL,8
2026-05-27,HULC1,VB,5
2026-05-27,Košice,SPO,4
2026-05-27,Košice,BPO,1
2026-05-27,Košice,XL,3
2026-05-27,LCS,SPO,195
2026-05-27,LCS,BPO,75
2026-05-27,LCS,XPO,50
2026-05-27,LCU,SPO,2
2026-05-27,LCU,XPO,209
2026-05-27,LCU,XL,14
2026-05-27,LCU,VB,60
2026-05-27,Nitra,SPO,4
2026-05-27,Nitra,BPO,4
2026-05-27,Pobočka HULC1,SPO,20
2026-05-27,Pobočka HULC1,BPO,2
2026-05-27,Pobočka HULC1,XPO,10
2026-05-27,Prešov,SPO,1
2026-05-27,Trenčín,SPO,1
2026-05-27,Trenčín,BPO,1
2026-05-27,Trnava,SPO,7
2026-05-27,Wien Karlsplatz,SPO,2
2026-05-27,Wien Karlsplatz,XL,1
2026-05-27,Žilina,SPO,17
2026-05-27,Žilina,BPO,1
2026-05-28,Banská Bystrica,SPO,2
2026-05-28,Banská Bystrica,XPO,3
2026-05-28,Banská Bystrica,XL,1
2026-05-28,Bratislava Centrála,SPO,46
2026-05-28,Bratislava Centrála,BPO,5
2026-05-28,Bratislava Centrála,XPO,10
2026-05-28,Budapest Újbuda Központ,SPO,2
2026-05-28,Budapešť Blaha,SPO,3
2026-05-28,CBP Budapešť centrála,SPO,26
2026-05-28,CBP Budapešť centrála,BPO,7
2026-05-28,CBP Budapešť centrála,XPO,8
2026-05-28,CBP Budapešť centrála,XL,3
2026-05-28,CZLC4,SPO,1739
2026-05-28,CZLC4,BPO,522
2026-05-28,CZLC4,XPO,7
2026-05-28,HULC1,SPO,212
2026-05-28,HULC1,BPO,29
2026-05-28,HULC1,XPO,20
2026-05-28,Košice,SPO,1
2026-05-28,Košice,BPO,1
2026-05-28,LCS,SPO,175
2026-05-28,LCS,BPO,43
2026-05-28,LCS,XPO,12
2026-05-28,LCU,XPO,244
2026-05-28,LCU,XL,5
2026-05-28,LCU,VB,168
2026-05-28,Nitra,SPO,4
2026-05-28,Nitra,BPO,3
2026-05-28,Nitra,XPO,1
2026-05-28,Pobočka HULC1,SPO,6
2026-05-28,Pobočka HULC1,BPO,1
2026-05-28,Pobočka HULC1,XPO,3
2026-05-28,Prešov,SPO,6
2026-05-28,Prešov,XPO,1
2026-05-28,Trenčín,SPO,4
2026-05-28,Trenčín,XPO,2
2026-05-28,Trenčín,XL,1
2026-05-28,Trnava,SPO,2
2026-05-28,Trnava,BPO,1
2026-05-28,Trnava,XPO,3
2026-05-28,Žilina,SPO,5
2026-05-28,Žilina,XL,1
2026-05-29,Banská Bystrica,SPO,3
2026-05-29,Bratislava Centrála,SPO,32
2026-05-29,Bratislava Centrála,BPO,7
2026-05-29,Bratislava Centrála,XPO,8
2026-05-29,Bratislava Centrála,XL,1
2026-05-29,Bratislava Petržalka,XL,1
2026-05-29,Budapest Újbuda Központ,SPO,1
2026-05-29,Budapest Újbuda Központ,BPO,1
2026-05-29,Budapest Újbuda Központ,XPO,2
2026-05-29,CBP Budapešť centrála,SPO,23
2026-05-29,CBP Budapešť centrála,BPO,3
2026-05-29,CBP Budapešť centrála,XPO,2
2026-05-29,CZLC4,SPO,1965
2026-05-29,CZLC4,BPO,500
2026-05-29,CZLC4,XPO,9
2026-05-29,HULC1,SPO,284
2026-05-29,HULC1,BPO,35
2026-05-29,HULC1,XPO,19
2026-05-29,HULC1,XL,4
2026-05-29,Košice,SPO,4
2026-05-29,Košice,BPO,1
2026-05-29,Košice,XPO,6
2026-05-29,LCS,SPO,199
2026-05-29,LCS,BPO,43
2026-05-29,LCS,XPO,12
2026-05-29,LCU,BPO,1
2026-05-29,LCU,XPO,175
2026-05-29,LCU,XL,89
2026-05-29,LCU,VB,46
2026-05-29,Nitra,SPO,15
2026-05-29,Nitra,BPO,3
2026-05-29,Nitra,XPO,1
2026-05-29,Pobočka HULC1,SPO,3
2026-05-29,Pobočka HULC1,BPO,1
2026-05-29,Pobočka HULC1,XPO,2
2026-05-29,Prešov,BPO,2
2026-05-29,Prešov,XPO,2
2026-05-29,Prešov,XL,1
2026-05-29,Trenčín,SPO,2
2026-05-29,Trenčín,XPO,5
2026-05-29,Trenčín,XL,1
2026-05-29,Trnava,SPO,4
2026-05-29,Trnava,XPO,2
2026-05-29,Trnava,XL,1
2026-05-29,Wien Karlsplatz,SPO,1
2026-05-29,Žilina,SPO,3
2026-05-29,Žilina,BPO,1
2026-05-29,Žilina,XPO,2
2026-05-30,Banská Bystrica,BPO,1
2026-05-30,Banská Bystrica,XL,1
2026-05-30,Bratislava Centrála,SPO,45
2026-05-30,Bratislava Centrála,BPO,10
2026-05-30,Bratislava Centrála,XPO,15
2026-05-30,Bratislava Centrála,XL,3
2026-05-30,Bratislava Petržalka,SPO,4
2026-05-30,Bratislava Petržalka,XPO,1
2026-05-30,Bratislava Petržalka,XL,1
2026-05-30,Budapest Újbuda Központ,SPO,1
2026-05-30,Budapest Újbuda Központ,XPO,1
2026-05-30,Budapešť Blaha,SPO,1
2026-05-30,CBP Budapešť centrála,SPO,62
2026-05-30,CBP Budapešť centrála,BPO,9
2026-05-30,CBP Budapešť centrála,XPO,12
2026-05-30,CBP Budapešť centrála,VB,1
2026-05-30,CZLC4,SPO,1608
2026-05-30,CZLC4,BPO,346
2026-05-30,CZLC4,XPO,13
2026-05-30,HULC1,SPO,415
2026-05-30,HULC1,BPO,36
2026-05-30,HULC1,XPO,15
2026-05-30,HULC1,XL,4
2026-05-30,HULC1,VB,15
2026-05-30,Košice,SPO,4
2026-05-30,LCS,SPO,115
2026-05-30,LCS,BPO,6
2026-05-30,LCS,XPO,27
2026-05-30,LCU,XPO,138
2026-05-30,LCU,XL,31
2026-05-30,LCU,VB,54
2026-05-30,Nitra,XPO,2
2026-05-30,Pobočka HULC1,SPO,23
2026-05-30,Pobočka HULC1,BPO,5
2026-05-30,Pobočka HULC1,XPO,2
2026-05-30,Prešov,SPO,4
2026-05-30,Prešov,XL,2
2026-05-30,Trenčín,SPO,8
2026-05-30,Trenčín,BPO,1
2026-05-30,Trenčín,XPO,2
2026-05-30,Trenčín,VB,1
2026-05-30,Trnava,SPO,6
2026-05-30,Trnava,BPO,2
2026-05-30,Trnava,XPO,2
2026-05-30,Wien Karlsplatz,SPO,5
2026-05-30,Wien Karlsplatz,BPO,2
2026-05-30,Wien Karlsplatz,XPO,1
2026-05-30,Žilina,SPO,23
2026-05-30,Žilina,BPO,2
2026-05-30,Žilina,XPO,2
2026-05-31,Banská Bystrica,SPO,3
2026-05-31,Banská Bystrica,BPO,1
2026-05-31,Banská Bystrica,XPO,5
2026-05-31,Banská Bystrica,XL,1
2026-05-31,Bratislava Centrála,SPO,30
2026-05-31,Bratislava Centrála,BPO,5
2026-05-31,Bratislava Centrála,XPO,4
2026-05-31,Budapešť Blaha,SPO,6
2026-05-31,Budapešť Blaha,XL,1
2026-05-31,CBP Budapešť centrála,SPO,56
2026-05-31,CBP Budapešť centrála,BPO,8
2026-05-31,CBP Budapešť centrála,XPO,7
2026-05-31,CBP Budapešť centrála,XL,1
2026-05-31,CBP Budapešť centrála,VB,1
2026-05-31,CZLC4,SPO,1282
2026-05-31,CZLC4,BPO,333
2026-05-31,CZLC4,XPO,50
2026-05-31,HULC1,SPO,344
2026-05-31,HULC1,BPO,15
2026-05-31,HULC1,XPO,8
2026-05-31,HULC1,VB,21
2026-05-31,Košice,SPO,1
2026-05-31,Košice,XL,1
2026-05-31,LCS,SPO,103
2026-05-31,LCS,BPO,21
2026-05-31,LCS,XPO,9
2026-05-31,LCU,BPO,2
2026-05-31,LCU,XPO,199
2026-05-31,LCU,VB,12
2026-05-31,Nitra,SPO,30
2026-05-31,Nitra,BPO,10
2026-05-31,Nitra,XL,1
2026-05-31,Nitra,VB,2
2026-05-31,Pobočka HULC1,SPO,5
2026-05-31,Pobočka HULC1,XPO,5
2026-05-31,Prešov,XPO,2
2026-05-31,Trenčín,SPO,4
2026-05-31,Trnava,SPO,7
2026-05-31,Trnava,XPO,1
2026-05-31,Trnava,XL,1
2026-05-31,Žilina,SPO,7
2026-05-31,Žilina,BPO,4
2026-05-31,Žilina,XPO,2
2026-06-01,Banská Bystrica,SPO,1
2026-06-01,Banská Bystrica,BPO,1
2026-06-01,Banská Bystrica,XPO,2
2026-06-01,Bratislava Centrála,SPO,31
2026-06-01,Bratislava Centrála,BPO,6
2026-06-01,Bratislava Centrála,XPO,9
2026-06-01,Bratislava Centrála,XL,2
2026-06-01,Bratislava Centrála,VB,3
2026-06-01,Bratislava Petržalka,SPO,1
2026-06-01,Bratislava Petržalka,XL,1
2026-06-01,Bratislava Petržalka,VB,1
2026-06-01,Budapest Újbuda Központ,SPO,2
2026-06-01,Budapest Újbuda Központ,BPO,1
2026-06-01,Budapest Újbuda Központ,XPO,1
2026-06-01,Budapest Újbuda Központ,XL,1
2026-06-01,Budapešť Blaha,SPO,2
2026-06-01,CBP Budapešť centrála,SPO,33
2026-06-01,CBP Budapešť centrála,BPO,4
2026-06-01,CBP Budapešť centrála,XPO,14
2026-06-01,CBP Budapešť centrála,XL,4
2026-06-01,CBP Budapešť centrála,VB,1
2026-06-01,CZLC4,SPO,1472
2026-06-01,CZLC4,BPO,393
2026-06-01,CZLC4,XPO,15
2026-06-01,HULC1,SPO,125
2026-06-01,HULC1,BPO,74
2026-06-01,HULC1,XPO,13
2026-06-01,HULC1,XL,4
2026-06-01,HULC1,VB,8
2026-06-01,Košice,SPO,4
2026-06-01,Košice,BPO,2
2026-06-01,Košice,XPO,1
2026-06-01,LCS,SPO,142
2026-06-01,LCS,BPO,20
2026-06-01,LCU,SPO,1
2026-06-01,LCU,XPO,218
2026-06-01,LCU,XL,51
2026-06-01,LCU,VB,62
2026-06-01,Nitra,SPO,7
2026-06-01,Nitra,BPO,4
2026-06-01,Nitra,XPO,1
2026-06-01,Pobočka HULC1,SPO,3
2026-06-01,Pobočka HULC1,BPO,1
2026-06-01,Pobočka HULC1,XPO,4
2026-06-01,Prešov,XPO,2
2026-06-01,Trenčín,SPO,4
2026-06-01,Trenčín,BPO,2
2026-06-01,Trnava,SPO,15
2026-06-01,Trnava,XPO,1
2026-06-01,Trnava,XL,1
2026-06-01,Wien Karlsplatz,SPO,2
2026-06-01,Žilina,SPO,3
2026-06-02,Banská Bystrica,SPO,2
2026-06-02,Banská Bystrica,BPO,1
2026-06-02,Banská Bystrica,XPO,5
2026-06-02,Bratislava Centrála,SPO,39
2026-06-02,Bratislava Centrála,BPO,10
2026-06-02,Bratislava Centrála,XPO,9
2026-06-02,Bratislava Centrála,VB,2
2026-06-02,Bratislava Petržalka,SPO,7
2026-06-02,Bratislava Petržalka,BPO,4
2026-06-02,Bratislava Petržalka,XPO,1
2026-06-02,Bratislava Petržalka,XL,1
2026-06-02,Budapest Újbuda Központ,BPO,2
2026-06-02,Budapešť Blaha,SPO,4
2026-06-02,Budapešť Blaha,BPO,1
2026-06-02,CBP Budapešť centrála,SPO,29
2026-06-02,CBP Budapešť centrála,BPO,2
2026-06-02,CBP Budapešť centrála,XPO,9
2026-06-02,CBP Budapešť centrála,VB,5
2026-06-02,CZLC4,SPO,2418
2026-06-02,CZLC4,BPO,567
2026-06-02,CZLC4,XPO,7
2026-06-02,HULC1,SPO,377
2026-06-02,HULC1,BPO,99
2026-06-02,HULC1,XPO,54
2026-06-02,HULC1,XL,8
2026-06-02,Košice,SPO,2
2026-06-02,Košice,BPO,1
2026-06-02,Košice,XPO,2
2026-06-02,Košice,VB,1
2026-06-02,LCS,SPO,164
2026-06-02,LCS,BPO,17
2026-06-02,LCS,XPO,17
2026-06-02,LCU,XPO,198
2026-06-02,LCU,XL,32
2026-06-02,LCU,VB,55
2026-06-02,Nitra,SPO,7
2026-06-02,Nitra,BPO,8
2026-06-02,Nitra,XPO,2
2026-06-02,Nitra,VB,2
2026-06-02,Pobočka HULC1,BPO,6
2026-06-02,Pobočka HULC1,XPO,2
2026-06-02,Prešov,SPO,11
2026-06-02,Prešov,BPO,1
2026-06-02,Prešov,XPO,1
2026-06-02,Prešov,XL,2
2026-06-02,Trenčín,SPO,5
2026-06-02,Trenčín,BPO,2
2026-06-02,Trenčín,XPO,2
2026-06-02,Trnava,SPO,3
2026-06-02,Trnava,BPO,2
2026-06-02,Trnava,XPO,3
2026-06-02,Trnava,XL,1
2026-06-02,Wien Karlsplatz,XL,3
2026-06-02,Žilina,SPO,18
2026-06-02,Žilina,BPO,1
2026-06-02,Žilina,XPO,1
2026-06-02,Žilina,VB,2
2026-06-03,Banská Bystrica,SPO,9
2026-06-03,Banská Bystrica,BPO,5
2026-06-03,Banská Bystrica,XPO,2
2026-06-03,Banská Bystrica,XL,2
2026-06-03,Bratislava Centrála,SPO,47
2026-06-03,Bratislava Centrála,BPO,7
2026-06-03,Bratislava Centrála,XPO,9
2026-06-03,Bratislava Centrála,XL,3
2026-06-03,Bratislava Centrála,VB,3
2026-06-03,Bratislava Petržalka,VB,1
2026-06-03,Budapešť Blaha,SPO,1
2026-06-03,Budapešť Blaha,XPO,1
2026-06-03,CBP Budapešť centrála,SPO,40
2026-06-03,CBP Budapešť centrála,BPO,5
2026-06-03,CBP Budapešť centrála,XPO,8
2026-06-03,CBP Budapešť centrála,XL,1
2026-06-03,CBP Budapešť centrála,VB,1
2026-06-03,CZLC4,SPO,3032
2026-06-03,CZLC4,BPO,778
2026-06-03,CZLC4,XPO,49
2026-06-03,HULC1,SPO,229
2026-06-03,HULC1,BPO,70
2026-06-03,HULC1,XPO,12
2026-06-03,HULC1,XL,6
2026-06-03,HULC1,VB,56
2026-06-03,LCS,SPO,230
2026-06-03,LCS,BPO,95
2026-06-03,LCS,XPO,48
2026-06-03,LCU,XPO,592
2026-06-03,LCU,XL,96
2026-06-03,LCU,VB,177
2026-06-03,Nitra,SPO,24
2026-06-03,Nitra,BPO,12
2026-06-03,Nitra,XPO,1
2026-06-03,Nitra,VB,1
2026-06-03,Pobočka HULC1,SPO,18
2026-06-03,Pobočka HULC1,BPO,2
2026-06-03,Pobočka HULC1,XPO,2
2026-06-03,Prešov,SPO,8
2026-06-03,Prešov,BPO,1
2026-06-03,Prešov,XPO,3
2026-06-03,Prešov,XL,1
2026-06-03,Trenčín,SPO,5
2026-06-03,Trenčín,BPO,2
2026-06-03,Trenčín,XPO,1
2026-06-03,Trnava,SPO,6
2026-06-03,Trnava,BPO,1
2026-06-03,Trnava,XPO,2
2026-06-03,Trnava,XL,1
2026-06-03,Wien Karlsplatz,SPO,1
2026-06-03,Žilina,SPO,6
2026-06-03,Žilina,XPO,2
2026-06-03,Žilina,XL,1
2026-06-04,Banská Bystrica,BPO,1
2026-06-04,Banská Bystrica,XPO,2
2026-06-04,Bratislava Centrála,SPO,41
2026-06-04,Bratislava Centrála,BPO,13
2026-06-04,Bratislava Centrála,XPO,9
2026-06-04,Bratislava Centrála,XL,4
2026-06-04,Bratislava Centrála,VB,1
2026-06-04,Bratislava Petržalka,SPO,3
2026-06-04,Bratislava Petržalka,VB,1
2026-06-04,Budapest Újbuda Központ,SPO,2
2026-06-04,Budapest Újbuda Központ,BPO,1
2026-06-04,Budapest Újbuda Központ,XPO,3
2026-06-04,Budapešť Blaha,SPO,5
2026-06-04,Budapešť Blaha,BPO,8
2026-06-04,CBP Budapešť centrála,SPO,2
2026-06-04,CZLC4,SPO,2064
2026-06-04,CZLC4,BPO,503
2026-06-04,CZLC4,XPO,5
2026-06-04,CZLC4,XL,1
2026-06-04,HULC1,SPO,256
2026-06-04,HULC1,BPO,30
2026-06-04,HULC1,XPO,20
2026-06-04,HULC1,XL,12
2026-06-04,HULC1,VB,51
2026-06-04,Košice,SPO,3
2026-06-04,Košice,BPO,1
2026-06-04,LCS,SPO,127
2026-06-04,LCS,BPO,29
2026-06-04,LCS,XPO,4
2026-06-04,LCU,BPO,1
2026-06-04,LCU,XPO,426
2026-06-04,LCU,XL,97
2026-06-04,LCU,VB,116
2026-06-04,Nitra,SPO,1
2026-06-04,Nitra,BPO,3
2026-06-04,Nitra,XPO,1
2026-06-04,Nitra,XL,1
2026-06-04,Pobočka HULC1,SPO,20
2026-06-04,Pobočka HULC1,BPO,4
2026-06-04,Pobočka HULC1,XPO,3
2026-06-04,Prešov,SPO,8
2026-06-04,Trenčín,SPO,10
2026-06-04,Trenčín,XPO,1
2026-06-04,Trnava,SPO,14
2026-06-04,Trnava,BPO,2
2026-06-04,Trnava,XPO,13
2026-06-04,Trnava,XL,3
2026-06-04,Žilina,SPO,6
2026-06-04,Žilina,BPO,4
2026-06-04,Žilina,XPO,3
2026-06-05,Banská Bystrica,SPO,3
2026-06-05,Banská Bystrica,BPO,2
2026-06-05,Banská Bystrica,XPO,1
2026-06-05,Bratislava Centrála,SPO,3
2026-06-05,Bratislava Petržalka,SPO,3
2026-06-05,Bratislava Petržalka,XL,1
2026-06-05,Budapešť Blaha,SPO,4
2026-06-05,CBP Budapešť centrála,SPO,57
2026-06-05,CBP Budapešť centrála,BPO,14
2026-06-05,CBP Budapešť centrála,XPO,12
2026-06-05,CBP Budapešť centrála,XL,4
2026-06-05,CBP Budapešť centrála,VB,3
2026-06-05,CZLC4,SPO,1830
2026-06-05,CZLC4,BPO,279
2026-06-05,CZLC4,XPO,14
2026-06-05,HULC1,SPO,214
2026-06-05,HULC1,BPO,60
2026-06-05,HULC1,XPO,32
2026-06-05,HULC1,VB,20
2026-06-05,Košice,SPO,4
2026-06-05,Košice,BPO,1
2026-06-05,Košice,XPO,6
2026-06-05,LCS,SPO,85
2026-06-05,LCS,XPO,40
2026-06-05,LCU,XPO,131
2026-06-05,LCU,XL,228
2026-06-05,LCU,VB,59
2026-06-05,Nitra,SPO,11
2026-06-05,Nitra,BPO,3
2026-06-05,Nitra,XPO,1
2026-06-05,Nitra,VB,1
2026-06-05,Pobočka HULC1,SPO,17
2026-06-05,Pobočka HULC1,BPO,4
2026-06-05,Pobočka HULC1,XPO,3
2026-06-05,Prešov,SPO,11
2026-06-05,Prešov,BPO,3
2026-06-05,Prešov,XL,1
2026-06-05,Trenčín,SPO,2
2026-06-05,Trenčín,XL,1
2026-06-05,Trnava,SPO,8
2026-06-05,Trnava,BPO,1
2026-06-05,Trnava,XL,1
2026-06-05,Žilina,SPO,16
2026-06-05,Žilina,BPO,4
2026-06-05,Žilina,XPO,4
2026-06-06,Banská Bystrica,SPO,7
2026-06-06,Banská Bystrica,BPO,1
2026-06-06,Banská Bystrica,XPO,3
2026-06-06,Bratislava Centrála,SPO,41
2026-06-06,Bratislava Centrála,BPO,26
2026-06-06,Bratislava Centrála,XPO,10
2026-06-06,Bratislava Centrála,XL,3
2026-06-06,Bratislava Centrála,VB,2
2026-06-06,Bratislava Petržalka,SPO,2
2026-06-06,Bratislava Petržalka,BPO,1
2026-06-06,Bratislava Petržalka,XPO,2
2026-06-06,Bratislava Petržalka,XL,1
2026-06-06,Bratislava Petržalka,VB,3
2026-06-06,Budapešť Blaha,SPO,2
2026-06-06,CBP Budapešť centrála,SPO,44
2026-06-06,CBP Budapešť centrála,BPO,8
2026-06-06,CBP Budapešť centrála,XPO,2
2026-06-06,CBP Budapešť centrála,XL,1
2026-06-06,CBP Budapešť centrála,VB,2
2026-06-06,CZLC4,SPO,2140
2026-06-06,CZLC4,BPO,277
2026-06-06,CZLC4,XPO,12
2026-06-06,HULC1,SPO,207
2026-06-06,HULC1,BPO,41
2026-06-06,HULC1,XPO,26
2026-06-06,HULC1,XL,4
2026-06-06,HULC1,VB,5
2026-06-06,Košice,SPO,4
2026-06-06,Košice,BPO,1
2026-06-06,Košice,XPO,2
2026-06-06,Košice,XL,2
2026-06-06,LCS,SPO,67
2026-06-06,LCS,XPO,17
2026-06-06,LCU,XPO,584
2026-06-06,LCU,XL,162
2026-06-06,LCU,VB,38
2026-06-06,Nitra,SPO,11
2026-06-06,Nitra,XL,1
2026-06-06,Pobočka HULC1,SPO,3
2026-06-06,Pobočka HULC1,BPO,3
2026-06-06,Pobočka HULC1,XPO,1
2026-06-06,Prešov,SPO,2
2026-06-06,Prešov,XPO,3
2026-06-06,Trenčín,SPO,7
2026-06-06,Trenčín,BPO,1
2026-06-06,Trenčín,XPO,1
2026-06-06,Trnava,SPO,11
2026-06-06,Trnava,BPO,2
2026-06-06,Trnava,XPO,2
2026-06-06,Wien Karlsplatz,SPO,2
2026-06-06,Žilina,SPO,8
2026-06-06,Žilina,BPO,1
2026-06-06,Žilina,XPO,2
2026-06-07,Banská Bystrica,SPO,3
2026-06-07,Banská Bystrica,XPO,4
2026-06-07,Banská Bystrica,VB,1
2026-06-07,Bratislava Centrála,SPO,89
2026-06-07,Bratislava Centrála,BPO,23
2026-06-07,Bratislava Centrála,XPO,23
2026-06-07,Bratislava Centrála,XL,3
2026-06-07,Bratislava Centrála,VB,3
2026-06-07,Bratislava Petržalka,SPO,5
2026-06-07,Bratislava Petržalka,XPO,1
2026-06-07,Bratislava Petržalka,XL,1
2026-06-07,Budapest Újbuda Központ,SPO,4
2026-06-07,Budapest Újbuda Központ,XPO,2
2026-06-07,Budapest Újbuda Központ,XL,2
2026-06-07,Budapešť Blaha,SPO,5
2026-06-07,Budapešť Blaha,BPO,1
2026-06-07,Budapešť Blaha,XL,1
2026-06-07,CBP Budapešť centrála,SPO,19
2026-06-07,CBP Budapešť centrála,BPO,5
2026-06-07,CBP Budapešť centrála,XPO,6
2026-06-07,CBP Budapešť centrála,XL,3
2026-06-07,CZLC4,SPO,1404
2026-06-07,CZLC4,BPO,426
2026-06-07,CZLC4,XPO,8
2026-06-07,HULC1,SPO,229
2026-06-07,HULC1,BPO,28
2026-06-07,HULC1,XPO,13
2026-06-07,HULC1,VB,9
2026-06-07,Košice,SPO,3
2026-06-07,Košice,BPO,1
2026-06-07,Košice,XPO,1
2026-06-07,LCS,SPO,34
2026-06-07,LCS,XPO,4
2026-06-07,LCU,XPO,257
2026-06-07,LCU,XL,13
2026-06-07,LCU,VB,48
2026-06-07,Nitra,SPO,8
2026-06-07,Nitra,BPO,3
2026-06-07,Nitra,XPO,2
2026-06-07,Pobočka HULC1,SPO,8
2026-06-07,Pobočka HULC1,BPO,2
2026-06-07,Pobočka HULC1,XPO,1
2026-06-07,Prešov,SPO,6
2026-06-07,Prešov,XPO,3
2026-06-07,Trenčín,SPO,4
2026-06-07,Trenčín,BPO,1
2026-06-07,Trenčín,XPO,1
2026-06-07,Trenčín,XL,1
2026-06-07,Trnava,SPO,26
2026-06-07,Trnava,BPO,4
2026-06-07,Trnava,XPO,13
2026-06-07,Žilina,SPO,10
2026-06-07,Žilina,BPO,1
2026-06-07,Žilina,XPO,3
2026-06-07,Žilina,VB,2
2026-06-08,Banská Bystrica,SPO,5
2026-06-08,Bratislava Centrála,SPO,59
2026-06-08,Bratislava Centrála,BPO,15
2026-06-08,Bratislava Centrála,XPO,22
2026-06-08,Bratislava Centrála,XL,3
2026-06-08,Bratislava Centrála,VB,2
2026-06-08,Bratislava Petržalka,SPO,3
2026-06-08,Bratislava Petržalka,XPO,1
2026-06-08,Bratislava Petržalka,XL,1
2026-06-08,Budapest Újbuda Központ,SPO,3
2026-06-08,CBP Budapešť centrála,SPO,45
2026-06-08,CBP Budapešť centrála,BPO,20
2026-06-08,CBP Budapešť centrála,XPO,6
2026-06-08,CBP Budapešť centrála,XL,1
2026-06-08,CBP Budapešť centrála,VB,3
2026-06-08,CZLC4,SPO,2410
2026-06-08,CZLC4,BPO,843
2026-06-08,CZLC4,XPO,36
2026-06-08,HULC1,SPO,283
2026-06-08,HULC1,BPO,84
2026-06-08,HULC1,XPO,7
2026-06-08,HULC1,XL,12
2026-06-08,HULC1,VB,50
2026-06-08,Košice,SPO,3
2026-06-08,Košice,BPO,2
2026-06-08,Košice,XPO,1
2026-06-08,Košice,XL,1
2026-06-08,LCS,SPO,46
2026-06-08,LCS,XPO,15
2026-06-08,LCU,XPO,840
2026-06-08,LCU,XL,98
2026-06-08,LCU,VB,55
2026-06-08,Nitra,SPO,2
2026-06-08,Nitra,BPO,2
2026-06-08,Nitra,XPO,2
2026-06-08,Pobočka HULC1,SPO,9
2026-06-08,Pobočka HULC1,BPO,2
2026-06-08,Pobočka HULC1,XPO,2
2026-06-08,Prešov,SPO,8
2026-06-08,Prešov,BPO,2
2026-06-08,Prešov,XPO,2
2026-06-08,Trenčín,SPO,3
2026-06-08,Trenčín,XL,1
2026-06-08,Trnava,SPO,6
2026-06-08,Trnava,BPO,4
2026-06-08,Trnava,XPO,1
2026-06-08,Trnava,XL,1
2026-06-08,Wien Karlsplatz,SPO,9
2026-06-08,Wien Karlsplatz,BPO,4
2026-06-08,Wien Karlsplatz,XL,2
2026-06-08,Žilina,SPO,6
2026-06-08,Žilina,BPO,1
2026-06-08,Žilina,XPO,2
2026-06-09,Banská Bystrica,SPO,15
2026-06-09,Banská Bystrica,XPO,1
2026-06-09,Bratislava Centrála,SPO,33
2026-06-09,Bratislava Centrála,BPO,3
2026-06-09,Bratislava Centrála,XPO,4
2026-06-09,Bratislava Centrála,XL,1
2026-06-09,Bratislava Petržalka,SPO,31
2026-06-09,Bratislava Petržalka,BPO,9
2026-06-09,Budapest Újbuda Központ,SPO,2
2026-06-09,Budapest Újbuda Központ,BPO,3
2026-06-09,Budapest Újbuda Központ,XL,1
2026-06-09,Budapešť Blaha,SPO,41
2026-06-09,Budapešť Blaha,BPO,11
2026-06-09,CBP Budapešť centrála,SPO,47
2026-06-09,CBP Budapešť centrála,BPO,6
2026-06-09,CBP Budapešť centrála,XPO,6
2026-06-09,CBP Budapešť centrála,XL,1
2026-06-09,CBP Budapešť centrála,VB,2
2026-06-09,CZLC4,SPO,2665
2026-06-09,CZLC4,BPO,687
2026-06-09,CZLC4,XPO,17
2026-06-09,HULC1,SPO,411
2026-06-09,HULC1,BPO,122
2026-06-09,HULC1,XPO,43
2026-06-09,HULC1,XL,9
2026-06-09,HULC1,VB,25
2026-06-09,Košice,SPO,49
2026-06-09,Košice,BPO,9
2026-06-09,Košice,XPO,2
2026-06-09,LCS,SPO,5
2026-06-09,LCS,XPO,15
2026-06-09,LCU,XPO,521
2026-06-09,LCU,XL,53
2026-06-09,LCU,VB,86
2026-06-09,Nitra,SPO,16
2026-06-09,Nitra,BPO,2
2026-06-09,Nitra,XPO,3
2026-06-09,Pobočka HULC1,SPO,20
2026-06-09,Pobočka HULC1,BPO,2
2026-06-09,Pobočka HULC1,XPO,4
2026-06-09,Prešov,SPO,9
2026-06-09,Prešov,BPO,1
2026-06-09,Prešov,XPO,2
2026-06-09,Trenčín,SPO,38
2026-06-09,Trenčín,BPO,13
2026-06-09,Trenčín,XPO,2
2026-06-09,Trenčín,XL,2
2026-06-09,Trnava,SPO,29
2026-06-09,Trnava,BPO,3
2026-06-09,Wien Karlsplatz,SPO,5
2026-06-09,Žilina,SPO,22
2026-06-09,Žilina,BPO,2
2026-06-09,Žilina,XPO,5
2026-06-09,Žilina,XL,2
2026-06-10,Banská Bystrica,SPO,5
2026-06-10,Bratislava Centrála,SPO,79
2026-06-10,Bratislava Centrála,BPO,8
2026-06-10,Bratislava Centrála,XPO,18
2026-06-10,Bratislava Centrála,XL,2
2026-06-10,Bratislava Petržalka,SPO,2
2026-06-10,Budapest Újbuda Központ,SPO,4
2026-06-10,Budapest Újbuda Központ,BPO,2
2026-06-10,Budapest Újbuda Központ,XPO,3
2026-06-10,Budapešť Blaha,SPO,4
2026-06-10,Budapešť Blaha,BPO,1
2026-06-10,Budapešť Blaha,XL,1
2026-06-10,CBP Budapešť centrála,SPO,47
2026-06-10,CBP Budapešť centrála,BPO,7
2026-06-10,CBP Budapešť centrála,XPO,13
2026-06-10,CBP Budapešť centrála,XL,5
2026-06-10,CZLC4,SPO,2275
2026-06-10,CZLC4,BPO,630
2026-06-10,CZLC4,XPO,38
2026-06-10,HULC1,SPO,488
2026-06-10,HULC1,BPO,63
2026-06-10,HULC1,XPO,36
2026-06-10,HULC1,XL,16
2026-06-10,HULC1,VB,17
2026-06-10,LCS,BPO,17
2026-06-10,LCS,XPO,13
2026-06-10,LCU,BPO,1
2026-06-10,LCU,XPO,148
2026-06-10,LCU,XL,35
2026-06-10,LCU,VB,173
2026-06-10,Nitra,SPO,3
2026-06-10,Nitra,BPO,2
2026-06-10,Nitra,XPO,4
2026-06-10,Nitra,XL,1
2026-06-10,Pobočka HULC1,SPO,8
2026-06-10,Pobočka HULC1,BPO,1
2026-06-10,Pobočka HULC1,XPO,1
2026-06-10,Prešov,SPO,4
2026-06-10,Prešov,XPO,1
2026-06-10,Trenčín,SPO,2
2026-06-10,Trnava,SPO,19
2026-06-10,Trnava,BPO,4
2026-06-10,Trnava,XPO,1
2026-06-10,Trnava,XL,2
2026-06-10,Žilina,SPO,7
2026-06-10,Žilina,BPO,1
2026-06-10,Žilina,XPO,1
2026-06-10,Žilina,XL,3
2026-06-10,Žilina,VB,1
2026-06-11,Banská Bystrica,SPO,35
2026-06-11,Banská Bystrica,BPO,16
2026-06-11,Banská Bystrica,XPO,2
2026-06-11,Bratislava Centrála,SPO,53
2026-06-11,Bratislava Centrála,BPO,5
2026-06-11,Bratislava Centrála,XPO,11
2026-06-11,Bratislava Centrála,XL,3
2026-06-11,Bratislava Centrála,VB,1
2026-06-11,Bratislava Petržalka,XPO,1
2026-06-11,Budapest Újbuda Központ,SPO,3
2026-06-11,Budapest Újbuda Központ,XPO,3
2026-06-11,Budapešť Blaha,SPO,3
2026-06-11,Budapešť Blaha,XPO,1
2026-06-11,Budapešť Blaha,XL,1
2026-06-11,CBP Budapešť centrála,SPO,33
2026-06-11,CBP Budapešť centrála,BPO,6
2026-06-11,CBP Budapešť centrála,XPO,5
2026-06-11,CBP Budapešť centrála,XL,6
2026-06-11,CBP Budapešť centrála,VB,2
2026-06-11,CZLC4,SPO,1992
2026-06-11,CZLC4,BPO,592
2026-06-11,CZLC4,XPO,15
2026-06-11,HULC1,SPO,651
2026-06-11,HULC1,BPO,57
2026-06-11,HULC1,XPO,23
2026-06-11,HULC1,VB,34
2026-06-11,Košice,BPO,2
2026-06-11,Košice,XPO,2
2026-06-11,LCS,SPO,16
2026-06-11,LCU,BPO,4
2026-06-11,LCU,XPO,215
2026-06-11,LCU,XL,83
2026-06-11,LCU,VB,82
2026-06-11,Nitra,SPO,2
2026-06-11,Nitra,BPO,3
2026-06-11,Nitra,XPO,5
2026-06-11,Pobočka HULC1,SPO,6
2026-06-11,Pobočka HULC1,BPO,3
2026-06-11,Pobočka HULC1,XPO,1
2026-06-11,Prešov,SPO,34
2026-06-11,Prešov,BPO,14
2026-06-11,Prešov,XPO,3
2026-06-11,Trenčín,SPO,5
2026-06-11,Trenčín,XPO,1
2026-06-11,Trenčín,XL,1
2026-06-11,Trnava,SPO,3
2026-06-11,Trnava,BPO,7
2026-06-11,Žilina,SPO,7
2026-06-11,Žilina,XL,1
2026-06-12,Banská Bystrica,SPO,7
2026-06-12,Banská Bystrica,BPO,1
2026-06-12,Banská Bystrica,XPO,3
2026-06-12,Bratislava Centrála,SPO,27
2026-06-12,Bratislava Centrála,BPO,5
2026-06-12,Bratislava Centrála,XPO,12
2026-06-12,Bratislava Centrála,XL,2
2026-06-12,Bratislava Centrála,VB,1
2026-06-12,Bratislava Petržalka,XPO,1
2026-06-12,Budapešť Blaha,SPO,4
2026-06-12,Budapešť Blaha,BPO,1
2026-06-12,Budapešť Blaha,XL,1
2026-06-12,CBP Budapešť centrála,SPO,28
2026-06-12,CBP Budapešť centrála,BPO,5
2026-06-12,CBP Budapešť centrála,XPO,14
2026-06-12,CBP Budapešť centrála,XL,2
2026-06-12,CBP Budapešť centrála,VB,2
2026-06-12,CZLC4,SPO,1954
2026-06-12,CZLC4,BPO,646
2026-06-12,CZLC4,XPO,18
2026-06-12,HULC1,SPO,417
2026-06-12,HULC1,BPO,54
2026-06-12,HULC1,XPO,36
2026-06-12,HULC1,VB,61
2026-06-12,Košice,SPO,1
2026-06-12,Košice,XPO,5
2026-06-12,LCU,XPO,287
2026-06-12,LCU,XL,28
2026-06-12,LCU,VB,70
2026-06-12,Nitra,SPO,14
2026-06-12,Nitra,BPO,4
2026-06-12,Nitra,XPO,1
2026-06-12,Nitra,XL,3
2026-06-12,Pobočka HULC1,SPO,6
2026-06-12,Pobočka HULC1,BPO,1
2026-06-12,Pobočka HULC1,XPO,6
2026-06-12,Prešov,SPO,18
2026-06-12,Prešov,BPO,9
2026-06-12,Trenčín,SPO,6
2026-06-12,Trenčín,XPO,4
2026-06-12,Trenčín,VB,2
2026-06-12,Trnava,SPO,119
2026-06-12,Trnava,BPO,13
2026-06-12,Trnava,XPO,8
2026-06-12,Trnava,VB,1
2026-06-12,Wien Karlsplatz,SPO,6
2026-06-12,Wien Karlsplatz,BPO,1
2026-06-12,Wien Karlsplatz,XPO,1
2026-06-12,Žilina,SPO,9
2026-06-12,Žilina,BPO,7
2026-06-12,Žilina,XPO,8
2026-06-12,Žilina,XL,3
2026-06-13,Banská Bystrica,SPO,8
2026-06-13,Banská Bystrica,XPO,3
2026-06-13,Banská Bystrica,XL,1
2026-06-13,Bratislava Centrála,SPO,47
2026-06-13,Bratislava Centrála,BPO,18
2026-06-13,Bratislava Centrála,XPO,7
2026-06-13,Bratislava Centrála,XL,3
2026-06-13,Bratislava Centrála,VB,2
2026-06-13,Bratislava Petržalka,XPO,4
2026-06-13,Budapešť Blaha,SPO,6
2026-06-13,Budapešť Blaha,BPO,2
2026-06-13,Budapešť Blaha,XL,1
2026-06-13,CBP Budapešť centrála,SPO,35
2026-06-13,CBP Budapešť centrála,BPO,8
2026-06-13,CBP Budapešť centrála,XPO,6
2026-06-13,CBP Budapešť centrála,XL,2
2026-06-13,CBP Budapešť centrála,VB,1
2026-06-13,CZLC4,SPO,1519
2026-06-13,CZLC4,BPO,263
2026-06-13,CZLC4,XPO,9
2026-06-13,HULC1,SPO,339
2026-06-13,HULC1,BPO,41
2026-06-13,HULC1,XPO,16
2026-06-13,HULC1,XL,10
2026-06-13,HULC1,VB,18
2026-06-13,Košice,BPO,3
2026-06-13,LCU,BPO,2
2026-06-13,LCU,XPO,294
2026-06-13,LCU,XL,52
2026-06-13,LCU,VB,106
2026-06-13,Nitra,SPO,16
2026-06-13,Nitra,BPO,2
2026-06-13,Nitra,XPO,1
2026-06-13,Nitra,XL,2
2026-06-13,Pobočka HULC1,SPO,6
2026-06-13,Pobočka HULC1,BPO,2
2026-06-13,Prešov,SPO,3
2026-06-13,Prešov,XPO,4
2026-06-13,Trenčín,SPO,5
2026-06-13,Trenčín,BPO,1
2026-06-13,Trenčín,XPO,1
2026-06-13,Trenčín,XL,2
2026-06-13,Trnava,SPO,29
2026-06-13,Trnava,BPO,18
2026-06-13,Trnava,XPO,2
2026-06-13,Trnava,VB,1
2026-06-13,Žilina,SPO,6
2026-06-13,Žilina,BPO,1
2026-06-13,Žilina,XL,1
2026-06-14,Banská Bystrica,XPO,5
2026-06-14,Bratislava Centrála,SPO,69
2026-06-14,Bratislava Centrála,BPO,14
2026-06-14,Bratislava Centrála,XPO,11
2026-06-14,Bratislava Centrála,XL,8
2026-06-14,Bratislava Petržalka,SPO,1
2026-06-14,Bratislava Petržalka,XL,1
2026-06-14,Bratislava Petržalka,VB,1
2026-06-14,Budapest Újbuda Központ,SPO,7
2026-06-14,Budapest Újbuda Központ,BPO,1
2026-06-14,Budapest Újbuda Központ,XPO,3
2026-06-14,Budapest Újbuda Központ,XL,1
2026-06-14,Budapešť Blaha,SPO,14
2026-06-14,Budapešť Blaha,XPO,2
2026-06-14,CBP Budapešť centrála,SPO,35
2026-06-14,CBP Budapešť centrála,BPO,7
2026-06-14,CBP Budapešť centrála,XPO,8
2026-06-14,CBP Budapešť centrála,XL,4
2026-06-14,CBP Budapešť centrála,VB,4
2026-06-14,CZLC4,SPO,1470
2026-06-14,CZLC4,BPO,340
2026-06-14,CZLC4,XPO,36
2026-06-14,HULC1,SPO,445
2026-06-14,HULC1,BPO,56
2026-06-14,HULC1,XPO,9
2026-06-14,HULC1,XL,5
2026-06-14,HULC1,VB,17
2026-06-14,Košice,BPO,2
2026-06-14,LCU,SPO,1
2026-06-14,LCU,XPO,384
2026-06-14,LCU,XL,69
2026-06-14,LCU,VB,70
2026-06-14,Nitra,SPO,1
2026-06-14,Nitra,BPO,1
2026-06-14,Nitra,XPO,4
2026-06-14,Nitra,XL,1
2026-06-14,Pobočka HULC1,SPO,16
2026-06-14,Pobočka HULC1,BPO,3
2026-06-14,Pobočka HULC1,XPO,2
2026-06-14,Prešov,SPO,8
2026-06-14,Prešov,BPO,2
2026-06-14,Prešov,XPO,2
2026-06-14,Trenčín,SPO,1
2026-06-14,Trnava,SPO,27
2026-06-14,Trnava,BPO,17
2026-06-14,Wien Karlsplatz,SPO,2
2026-06-14,Žilina,SPO,5
2026-06-14,Žilina,BPO,1
2026-06-14,Žilina,XPO,1
2026-06-15,Banská Bystrica,VB,1
2026-06-15,Bratislava Centrála,SPO,31
2026-06-15,Bratislava Centrála,BPO,11
2026-06-15,Bratislava Centrála,XPO,3
2026-06-15,Bratislava Centrála,XL,2
2026-06-15,Bratislava Petržalka,SPO,2
2026-06-15,Bratislava Petržalka,BPO,2
2026-06-15,Budapešť Blaha,SPO,18
2026-06-15,Budapešť Blaha,BPO,3
2026-06-15,Budapešť Blaha,XPO,1
2026-06-15,Budapešť Blaha,XL,1
2026-06-15,CBP Budapešť centrála,SPO,31
2026-06-15,CBP Budapešť centrála,BPO,7
2026-06-15,CBP Budapešť centrála,XPO,5
2026-06-15,CBP Budapešť centrála,XL,5
2026-06-15,CBP Budapešť centrála,VB,3
2026-06-15,CZLC4,SPO,2438
2026-06-15,CZLC4,BPO,501
2026-06-15,CZLC4,XPO,18
2026-06-15,HULC1,SPO,292
2026-06-15,HULC1,BPO,51
2026-06-15,HULC1,XPO,46
2026-06-15,HULC1,XL,4
2026-06-15,HULC1,VB,62
2026-06-15,Košice,SPO,13
2026-06-15,Košice,BPO,1
2026-06-15,Košice,XPO,6
2026-06-15,Košice,XL,1
2026-06-15,Košice,VB,1
2026-06-15,LCU,XPO,268
2026-06-15,LCU,XL,22
2026-06-15,LCU,VB,109
2026-06-15,Nitra,SPO,15
2026-06-15,Nitra,BPO,1
2026-06-15,Nitra,XPO,2
2026-06-15,Nitra,XL,2
2026-06-15,Pobočka HULC1,SPO,4
2026-06-15,Pobočka HULC1,BPO,2
2026-06-15,Pobočka HULC1,XPO,3
2026-06-15,Prešov,SPO,12
2026-06-15,Prešov,BPO,1
2026-06-15,Trenčín,SPO,3
2026-06-15,Trenčín,VB,1
2026-06-15,Trnava,SPO,7
2026-06-15,Trnava,BPO,5
2026-06-15,Trnava,XPO,3
2026-06-15,Trnava,XL,1
2026-06-15,Žilina,BPO,2
2026-06-16,Banská Bystrica,SPO,10
2026-06-16,Banská Bystrica,BPO,1
2026-06-16,Banská Bystrica,XPO,1
2026-06-16,Bratislava Centrála,SPO,68
2026-06-16,Bratislava Centrála,BPO,10
2026-06-16,Bratislava Centrála,XPO,10
2026-06-16,Bratislava Centrála,XL,2
2026-06-16,Bratislava Centrála,VB,1
2026-06-16,Bratislava Petržalka,SPO,3
2026-06-16,Bratislava Petržalka,XPO,1
2026-06-16,Budapest Újbuda Központ,SPO,3
2026-06-16,Budapešť Blaha,SPO,1
2026-06-16,Budapešť Blaha,XPO,3
2026-06-16,Budapešť Blaha,XL,2
2026-06-16,CBP Budapešť centrála,SPO,45
2026-06-16,CBP Budapešť centrála,BPO,5
2026-06-16,CBP Budapešť centrála,XPO,8
2026-06-16,CBP Budapešť centrála,XL,4
2026-06-16,CZLC4,SPO,2240
2026-06-16,CZLC4,BPO,715
2026-06-16,CZLC4,XPO,23
2026-06-16,HULC1,SPO,787
2026-06-16,HULC1,BPO,106
2026-06-16,HULC1,XPO,37
2026-06-16,HULC1,XL,38
2026-06-16,HULC1,VB,44
2026-06-16,Košice,SPO,12
2026-06-16,Košice,XPO,3
2026-06-16,LCU,BPO,1
2026-06-16,LCU,XPO,193
2026-06-16,LCU,XL,4
2026-06-16,LCU,VB,80
2026-06-16,Nitra,SPO,7
2026-06-16,Nitra,BPO,6
2026-06-16,Nitra,XPO,2
2026-06-16,Pobočka HULC1,SPO,3
2026-06-16,Pobočka HULC1,XPO,1
2026-06-16,Prešov,SPO,11
2026-06-16,Prešov,XPO,1
2026-06-16,Trenčín,SPO,5
2026-06-16,Trenčín,XPO,5
2026-06-16,Trnava,SPO,9
2026-06-16,Trnava,BPO,2
2026-06-16,Trnava,XPO,2
2026-06-16,Trnava,XL,2
2026-06-16,Wien Karlsplatz,SPO,16
2026-06-16,Wien Karlsplatz,BPO,2
2026-06-16,Wien Karlsplatz,XPO,4
2026-06-16,Wien Karlsplatz,XL,5
2026-06-16,Žilina,SPO,15
2026-06-16,Žilina,BPO,2
2026-06-16,Žilina,XPO,1
2026-06-17,Banská Bystrica,SPO,1
2026-06-17,Bratislava Centrála,SPO,49
2026-06-17,Bratislava Centrála,BPO,11
2026-06-17,Bratislava Centrála,XPO,7
2026-06-17,Bratislava Centrála,XL,3
2026-06-17,Bratislava Centrála,VB,1
2026-06-17,Bratislava Petržalka,SPO,4
2026-06-17,Bratislava Petržalka,BPO,2
2026-06-17,Bratislava Petržalka,XPO,1
2026-06-17,Bratislava Petržalka,VB,1
2026-06-17,Budapešť Blaha,SPO,1
2026-06-17,Budapešť Blaha,XL,1
2026-06-17,Budapešť Blaha,VB,1
2026-06-17,CBP Budapešť centrála,SPO,41
2026-06-17,CBP Budapešť centrála,BPO,11
2026-06-17,CBP Budapešť centrála,XPO,7
2026-06-17,CBP Budapešť centrála,VB,1
2026-06-17,CZLC4,SPO,2027
2026-06-17,CZLC4,BPO,490
2026-06-17,CZLC4,XPO,27
2026-06-17,HULC1,SPO,483
2026-06-17,HULC1,BPO,51
2026-06-17,HULC1,XPO,30
2026-06-17,HULC1,XL,5
2026-06-17,HULC1,VB,42
2026-06-17,Košice,SPO,2
2026-06-17,Košice,XPO,2
2026-06-17,Košice,XL,2
2026-06-17,LCU,SPO,1
2026-06-17,LCU,XPO,396
2026-06-17,LCU,XL,39
2026-06-17,LCU,VB,220
2026-06-17,Nitra,SPO,26
2026-06-17,Nitra,BPO,14
2026-06-17,Nitra,XPO,1
2026-06-17,Nitra,XL,1
2026-06-17,Nitra,VB,1
2026-06-17,Pobočka HULC1,SPO,40
2026-06-17,Pobočka HULC1,BPO,20
2026-06-17,Pobočka HULC1,XPO,4
2026-06-17,Prešov,SPO,7
2026-06-17,Prešov,BPO,2
2026-06-17,Trenčín,SPO,11
2026-06-17,Trenčín,BPO,2
2026-06-17,Trenčín,XPO,2
2026-06-17,Trnava,SPO,5
2026-06-17,Trnava,XPO,2
2026-06-17,Wien Karlsplatz,SPO,3
2026-06-17,Wien Karlsplatz,BPO,1
2026-06-17,Wien Karlsplatz,XL,2
2026-06-17,Žilina,SPO,27
2026-06-17,Žilina,BPO,16
2026-06-17,Žilina,XPO,2
2026-06-17,Žilina,VB,2
2026-06-18,Banská Bystrica,SPO,1
2026-06-18,Banská Bystrica,XPO,1
2026-06-18,Bratislava Centrála,SPO,47
2026-06-18,Bratislava Centrála,BPO,12
2026-06-18,Bratislava Centrála,XPO,10
2026-06-18,Bratislava Centrála,XL,8
2026-06-18,Bratislava Petržalka,XPO,2
2026-06-18,Budapest Újbuda Központ,SPO,20
2026-06-18,Budapest Újbuda Központ,BPO,1
2026-06-18,Budapest Újbuda Központ,XPO,5
2026-06-18,Budapešť Blaha,XPO,1
2026-06-18,CBP Budapešť centrála,SPO,53
2026-06-18,CBP Budapešť centrála,BPO,1
2026-06-18,CBP Budapešť centrála,XPO,5
2026-06-18,CBP Budapešť centrála,XL,2
2026-06-18,CBP Budapešť centrála,VB,2
2026-06-18,CZLC4,SPO,2038
2026-06-18,CZLC4,BPO,576
2026-06-18,CZLC4,XPO,23
2026-06-18,HULC1,SPO,639
2026-06-18,HULC1,BPO,43
2026-06-18,HULC1,XPO,13
2026-06-18,HULC1,XL,4
2026-06-18,HULC1,VB,36
2026-06-18,Košice,SPO,21
2026-06-18,Košice,BPO,2
2026-06-18,LCU,XPO,269
2026-06-18,LCU,XL,39
2026-06-18,LCU,VB,84
2026-06-18,Nitra,SPO,24
2026-06-18,Nitra,BPO,4
2026-06-18,Pobočka HULC1,SPO,19
2026-06-18,Pobočka HULC1,XPO,2
2026-06-18,Prešov,SPO,25
2026-06-18,Prešov,XPO,1
2026-06-18,Prešov,XL,1
2026-06-18,Trenčín,SPO,21
2026-06-18,Trenčín,XPO,1
2026-06-18,Trnava,SPO,15
2026-06-18,Trnava,BPO,2
2026-06-18,Trnava,XPO,2
2026-06-18,Žilina,SPO,4
2026-06-18,Žilina,BPO,2
2026-06-18,Žilina,XPO,2
2026-06-18,Žilina,XL,2
2026-06-19,Banská Bystrica,BPO,1
2026-06-19,Banská Bystrica,XPO,2
2026-06-19,Bratislava Centrála,SPO,58
2026-06-19,Bratislava Centrála,BPO,19
2026-06-19,Bratislava Centrála,XPO,11
2026-06-19,Bratislava Centrála,XL,2
2026-06-19,Bratislava Petržalka,SPO,2
2026-06-19,Bratislava Petržalka,BPO,1
2026-06-19,Budapest Újbuda Központ,SPO,2
2026-06-19,Budapest Újbuda Központ,BPO,2
2026-06-19,Budapest Újbuda Központ,XPO,1
2026-06-19,Budapešť Blaha,BPO,4
2026-06-19,Budapešť Blaha,VB,1
2026-06-19,CBP Budapešť centrála,SPO,34
2026-06-19,CBP Budapešť centrála,BPO,4
2026-06-19,CBP Budapešť centrála,XPO,9
2026-06-19,CBP Budapešť centrála,XL,2
2026-06-19,CBP Budapešť centrála,VB,1
2026-06-19,CZLC4,SPO,2227
2026-06-19,CZLC4,BPO,528
2026-06-19,CZLC4,XPO,16
2026-06-19,HULC1,SPO,347
2026-06-19,HULC1,BPO,50
2026-06-19,HULC1,XPO,14
2026-06-19,HULC1,XL,5
2026-06-19,HULC1,VB,53
2026-06-19,Košice,SPO,6
2026-06-19,LCU,SPO,4
2026-06-19,LCU,XPO,280
2026-06-19,LCU,XL,18
2026-06-19,LCU,VB,30
2026-06-19,Nitra,SPO,4
2026-06-19,Nitra,BPO,2
2026-06-19,Nitra,XPO,1
2026-06-19,Nitra,VB,1
2026-06-19,Pobočka HULC1,SPO,3
2026-06-19,Pobočka HULC1,BPO,1
2026-06-19,Pobočka HULC1,XPO,2
2026-06-19,Prešov,SPO,13
2026-06-19,Prešov,XPO,1
2026-06-19,Trenčín,SPO,1
2026-06-19,Trenčín,XL,1
2026-06-19,Trnava,SPO,1
2026-06-19,Trnava,BPO,4
2026-06-19,Žilina,SPO,10
2026-06-19,Žilina,BPO,2
2026-06-19,Žilina,XPO,4
2026-06-20,Banská Bystrica,SPO,2
2026-06-20,Banská Bystrica,BPO,1
2026-06-20,Banská Bystrica,XPO,1
2026-06-20,Banská Bystrica,XL,1
2026-06-20,Bratislava Centrála,SPO,38
2026-06-20,Bratislava Centrála,BPO,8
2026-06-20,Bratislava Centrála,XPO,14
2026-06-20,Bratislava Centrála,XL,2
2026-06-20,Bratislava Petržalka,SPO,2
2026-06-20,Bratislava Petržalka,XPO,2
2026-06-20,Budapešť Blaha,SPO,2
2026-06-20,Budapešť Blaha,BPO,1
2026-06-20,Budapešť Blaha,VB,1
2026-06-20,CBP Budapešť centrála,SPO,32
2026-06-20,CBP Budapešť centrála,BPO,5
2026-06-20,CBP Budapešť centrála,XPO,6
2026-06-20,CBP Budapešť centrála,XL,5
2026-06-20,CBP Budapešť centrála,VB,3
2026-06-20,CZLC4,SPO,1713
2026-06-20,CZLC4,BPO,507
2026-06-20,CZLC4,XPO,11
2026-06-20,HULC1,SPO,262
2026-06-20,HULC1,BPO,79
2026-06-20,HULC1,XPO,80
2026-06-20,HULC1,XL,9
2026-06-20,HULC1,VB,29
2026-06-20,Košice,XPO,2
2026-06-20,LCU,BPO,2
2026-06-20,LCU,XPO,203
2026-06-20,LCU,XL,74
2026-06-20,LCU,VB,26
2026-06-20,Nitra,SPO,6
2026-06-20,Nitra,BPO,3
2026-06-20,Nitra,XPO,2
2026-06-20,Nitra,XL,2
2026-06-20,Pobočka HULC1,SPO,8
2026-06-20,Pobočka HULC1,XPO,4
2026-06-20,Prešov,SPO,5
2026-06-20,Prešov,BPO,2
2026-06-20,Trenčín,SPO,2
2026-06-20,Trenčín,BPO,1
2026-06-20,Trenčín,XPO,1
2026-06-20,Trnava,SPO,14
2026-06-20,Trnava,BPO,2
2026-06-20,Trnava,XPO,3
2026-06-20,Trnava,XL,2
2026-06-20,Wien Karlsplatz,SPO,2
2026-06-20,Žilina,SPO,13
2026-06-20,Žilina,XPO,1
2026-06-20,Žilina,VB,1
2026-06-21,Banská Bystrica,SPO,1
2026-06-21,Bratislava Centrála,SPO,42
2026-06-21,Bratislava Centrála,BPO,7
2026-06-21,Bratislava Centrála,XPO,8
2026-06-21,Bratislava Centrála,XL,2
2026-06-21,Bratislava Petržalka,SPO,1
2026-06-21,Bratislava Petržalka,XPO,2
2026-06-21,Bratislava Petržalka,XL,2
2026-06-21,Budapešť Blaha,SPO,1
2026-06-21,CBP Budapešť centrála,SPO,34
2026-06-21,CBP Budapešť centrála,BPO,3
2026-06-21,CBP Budapešť centrála,XPO,4
2026-06-21,CBP Budapešť centrála,XL,6
2026-06-21,CZLC4,SPO,1582
2026-06-21,CZLC4,BPO,435
2026-06-21,CZLC4,XPO,24
2026-06-21,HULC1,SPO,495
2026-06-21,HULC1,BPO,26
2026-06-21,HULC1,XPO,19
2026-06-21,HULC1,VB,4
2026-06-21,Košice,SPO,7
2026-06-21,Košice,XPO,2
2026-06-21,Košice,XL,1
2026-06-21,Košice,VB,1
2026-06-21,LCU,XPO,10
2026-06-21,LCU,VB,5
2026-06-21,Nitra,SPO,13
2026-06-21,Nitra,BPO,3
2026-06-21,Nitra,XPO,5
2026-06-21,Nitra,XL,3
2026-06-21,Pobočka HULC1,SPO,4
2026-06-21,Pobočka HULC1,BPO,3
2026-06-21,Pobočka HULC1,XPO,2
2026-06-21,Prešov,SPO,2
2026-06-21,Prešov,XL,1
2026-06-21,Trenčín,SPO,6
2026-06-21,Trnava,SPO,9
2026-06-21,Trnava,BPO,1
2026-06-21,Trnava,XPO,3
2026-06-21,Trnava,VB,2
2026-06-21,Žilina,SPO,10
2026-06-21,Žilina,BPO,7
2026-06-21,Žilina,XPO,6
2026-06-22,Banská Bystrica,SPO,1
2026-06-22,Banská Bystrica,BPO,1
2026-06-22,Banská Bystrica,XPO,3
2026-06-22,Bratislava Centrála,SPO,49
2026-06-22,Bratislava Centrála,BPO,11
2026-06-22,Bratislava Centrála,XPO,11
2026-06-22,Bratislava Centrála,XL,2
2026-06-22,Bratislava Petržalka,SPO,1
2026-06-22,Bratislava Petržalka,BPO,1
2026-06-22,Bratislava Petržalka,XL,1
2026-06-22,Budapest Újbuda Központ,BPO,1
2026-06-22,Budapest Újbuda Központ,XPO,5
2026-06-22,Budapešť Blaha,XL,1
2026-06-22,CBP Budapešť centrála,SPO,34
2026-06-22,CBP Budapešť centrála,BPO,12
2026-06-22,CBP Budapešť centrála,XPO,7
2026-06-22,CBP Budapešť centrála,XL,1
2026-06-22,CBP Budapešť centrála,VB,2
2026-06-22,CZLC4,SPO,2411
2026-06-22,CZLC4,BPO,616
2026-06-22,CZLC4,XPO,10
2026-06-22,HULC1,SPO,104
2026-06-22,HULC1,BPO,43
2026-06-22,HULC1,XPO,36
2026-06-22,HULC1,XL,13
2026-06-22,HULC1,VB,13
2026-06-22,Košice,SPO,4
2026-06-22,Košice,BPO,1
2026-06-22,Košice,XL,1
2026-06-22,LCU,XPO,109
2026-06-22,LCU,XL,2
2026-06-22,LCU,VB,80
2026-06-22,Nitra,SPO,30
2026-06-22,Nitra,BPO,5
2026-06-22,Pobočka HULC1,SPO,13
2026-06-22,Pobočka HULC1,BPO,5
2026-06-22,Pobočka HULC1,XPO,4
2026-06-22,Prešov,SPO,2
2026-06-22,Prešov,BPO,1
2026-06-22,Prešov,XPO,1
2026-06-22,Trenčín,SPO,4
2026-06-22,Trenčín,XPO,2
2026-06-22,Trnava,SPO,7
2026-06-22,Trnava,BPO,1
2026-06-22,Trnava,XL,3
2026-06-22,Wien Karlsplatz,SPO,9
2026-06-22,Wien Karlsplatz,BPO,1
2026-06-22,Wien Karlsplatz,XL,2
2026-06-22,Žilina,SPO,7
2026-06-22,Žilina,BPO,4
2026-06-22,Žilina,XPO,6
2026-06-22,Žilina,XL,2
2026-06-23,Banská Bystrica,SPO,17
2026-06-23,Banská Bystrica,BPO,1
2026-06-23,Banská Bystrica,XPO,1
2026-06-23,Banská Bystrica,XL,2
2026-06-23,Bratislava Centrála,SPO,49
2026-06-23,Bratislava Centrála,BPO,8
2026-06-23,Bratislava Centrála,XPO,12
2026-06-23,Bratislava Centrála,XL,3
2026-06-23,Bratislava Centrála,VB,1
2026-06-23,Bratislava Petržalka,SPO,1
2026-06-23,Bratislava Petržalka,XPO,2
2026-06-23,Bratislava Petržalka,XL,1
2026-06-23,Budapest Újbuda Központ,SPO,1
2026-06-23,Budapest Újbuda Központ,XPO,2
2026-06-23,Budapest Újbuda Központ,XL,1
2026-06-23,Budapešť Blaha,SPO,16
2026-06-23,Budapešť Blaha,BPO,1
2026-06-23,Budapešť Blaha,XPO,1
2026-06-23,CBP Budapešť centrála,SPO,43
2026-06-23,CBP Budapešť centrála,BPO,8
2026-06-23,CBP Budapešť centrála,XPO,7
2026-06-23,CBP Budapešť centrála,XL,1
2026-06-23,CBP Budapešť centrála,VB,1
2026-06-23,CZLC4,SPO,2396
2026-06-23,CZLC4,BPO,541
2026-06-23,CZLC4,XPO,20
2026-06-23,HULC1,SPO,287
2026-06-23,HULC1,BPO,35
2026-06-23,HULC1,XPO,47
2026-06-23,HULC1,XL,13
2026-06-23,HULC1,VB,50
2026-06-23,Košice,SPO,12
2026-06-23,Košice,BPO,1
2026-06-23,Košice,XPO,1
2026-06-23,LCU,XPO,16
2026-06-23,LCU,XL,1
2026-06-23,LCU,VB,15
2026-06-23,Nitra,SPO,23
2026-06-23,Nitra,BPO,3
2026-06-23,Nitra,XPO,3
2026-06-23,Pobočka HULC1,SPO,22
2026-06-23,Pobočka HULC1,BPO,4
2026-06-23,Pobočka HULC1,XPO,3
2026-06-23,Prešov,SPO,17
2026-06-23,Prešov,BPO,1
2026-06-23,Prešov,XPO,1
2026-06-23,Prešov,XL,2
2026-06-23,Trenčín,SPO,17
2026-06-23,Trenčín,XPO,1
2026-06-23,Trnava,SPO,11
2026-06-23,Žilina,SPO,22
2026-06-23,Žilina,BPO,3
2026-06-23,Žilina,XPO,3
2026-06-24,Banská Bystrica,SPO,2
2026-06-24,Banská Bystrica,BPO,2
2026-06-24,Banská Bystrica,XPO,4
2026-06-24,Banská Bystrica,XL,2
2026-06-24,Bratislava Centrála,SPO,31
2026-06-24,Bratislava Centrála,BPO,8
2026-06-24,Bratislava Centrála,XPO,10
2026-06-24,Bratislava Centrála,XL,1
2026-06-24,Bratislava Petržalka,SPO,3
2026-06-24,Bratislava Petržalka,XPO,2
2026-06-24,Budapest Újbuda Központ,SPO,2
2026-06-24,Budapešť Blaha,SPO,1
2026-06-24,CBP Budapešť centrála,SPO,52
2026-06-24,CBP Budapešť centrála,BPO,2
2026-06-24,CBP Budapešť centrála,XPO,9
2026-06-24,CBP Budapešť centrála,XL,4
2026-06-24,CBP Budapešť centrála,VB,10
2026-06-24,CZLC4,SPO,2062
2026-06-24,CZLC4,BPO,752
2026-06-24,CZLC4,XPO,28
2026-06-24,HULC1,SPO,434
2026-06-24,HULC1,BPO,44
2026-06-24,HULC1,XPO,25
2026-06-24,HULC1,XL,9
2026-06-24,HULC1,VB,41
2026-06-24,Košice,BPO,2
2026-06-24,Košice,XL,1
2026-06-24,Košice,VB,1
2026-06-24,LCU,SPO,1
2026-06-24,LCU,XPO,17
2026-06-24,LCU,XL,1
2026-06-24,LCU,VB,13
2026-06-24,Nitra,SPO,8
2026-06-24,Nitra,XPO,5
2026-06-24,Nitra,XL,1
2026-06-24,Pobočka HULC1,SPO,5
2026-06-24,Pobočka HULC1,BPO,3
2026-06-24,Prešov,SPO,8
2026-06-24,Trenčín,SPO,1
2026-06-24,Trenčín,BPO,1
2026-06-24,Trenčín,XPO,1
2026-06-24,Trenčín,XL,2
2026-06-24,Trenčín,VB,1
2026-06-24,Trnava,SPO,20
2026-06-24,Trnava,BPO,6
2026-06-24,Trnava,XPO,11
2026-06-24,Wien Karlsplatz,SPO,2
2026-06-24,Žilina,SPO,7
2026-06-24,Žilina,BPO,3
2026-06-24,Žilina,XPO,2
2026-06-24,Žilina,VB,1
2026-06-25,Banská Bystrica,SPO,4
2026-06-25,Banská Bystrica,BPO,1
2026-06-25,Banská Bystrica,XPO,3
2026-06-25,Bratislava Centrála,SPO,49
2026-06-25,Bratislava Centrála,BPO,4
2026-06-25,Bratislava Centrála,XPO,11
2026-06-25,Bratislava Centrála,XL,11
2026-06-25,Bratislava Centrála,VB,2
2026-06-25,Budapest Újbuda Központ,SPO,1
2026-06-25,Budapest Újbuda Központ,BPO,1
2026-06-25,Budapest Újbuda Központ,XPO,1
2026-06-25,Budapest Újbuda Központ,XL,1
2026-06-25,Budapešť Blaha,SPO,1
2026-06-25,Budapešť Blaha,BPO,3
2026-06-25,Budapešť Blaha,XL,1
2026-06-25,CBP Budapešť centrála,SPO,17
2026-06-25,CBP Budapešť centrála,BPO,5
2026-06-25,CBP Budapešť centrála,XPO,6
2026-06-25,CBP Budapešť centrála,XL,7
2026-06-25,CBP Budapešť centrála,VB,1
2026-06-25,CZLC4,SPO,1421
2026-06-25,CZLC4,BPO,345
2026-06-25,CZLC4,XPO,43
2026-06-25,HULC1,SPO,248
2026-06-25,HULC1,BPO,44
2026-06-25,HULC1,XPO,69
2026-06-25,HULC1,XL,56
2026-06-25,HULC1,VB,8
2026-06-25,Košice,SPO,2
2026-06-25,Košice,XPO,1
2026-06-25,LCU,SPO,1
2026-06-25,LCU,BPO,2
2026-06-25,LCU,XPO,16
2026-06-25,LCU,XL,2
2026-06-25,LCU,VB,18
2026-06-25,Nitra,SPO,8
2026-06-25,Nitra,BPO,1
2026-06-25,Nitra,XPO,2
2026-06-25,Pobočka HULC1,SPO,1
2026-06-25,Pobočka HULC1,BPO,3
2026-06-25,Pobočka HULC1,XPO,1
2026-06-25,Prešov,SPO,13
2026-06-25,Prešov,XPO,3
2026-06-25,Trenčín,SPO,3
2026-06-25,Trenčín,BPO,2
2026-06-25,Trenčín,XPO,1
2026-06-25,Trenčín,XL,1
2026-06-25,Trnava,SPO,6
2026-06-25,Trnava,BPO,1
2026-06-25,Trnava,XPO,2
2026-06-25,Žilina,SPO,9
2026-06-25,Žilina,BPO,4
2026-06-25,Žilina,XPO,4
2026-06-25,Žilina,XL,3
2026-06-26,Banská Bystrica,SPO,2
2026-06-26,Banská Bystrica,XPO,1
2026-06-26,Banská Bystrica,XL,2
2026-06-26,Bratislava Centrála,SPO,39
2026-06-26,Bratislava Centrála,BPO,5
2026-06-26,Bratislava Centrála,XPO,13
2026-06-26,Bratislava Centrála,XL,2
2026-06-26,Bratislava Petržalka,SPO,1
2026-06-26,Bratislava Petržalka,XPO,3
2026-06-26,Bratislava Petržalka,XL,1
2026-06-26,Budapešť Blaha,SPO,1
2026-06-26,Budapešť Blaha,XPO,2
2026-06-26,Budapešť Blaha,XL,1
2026-06-26,CBP Budapešť centrála,SPO,36
2026-06-26,CBP Budapešť centrála,BPO,7
2026-06-26,CBP Budapešť centrála,XPO,14
2026-06-26,CBP Budapešť centrála,XL,3
2026-06-26,CZLC4,SPO,1963
2026-06-26,CZLC4,BPO,433
2026-06-26,CZLC4,XPO,36
2026-06-26,HULC1,SPO,283
2026-06-26,HULC1,BPO,50
2026-06-26,HULC1,XPO,7
2026-06-26,HULC1,XL,46
2026-06-26,HULC1,VB,31
2026-06-26,Košice,SPO,1
2026-06-26,Košice,BPO,1
2026-06-26,Košice,XPO,1
2026-06-26,Košice,XL,1
2026-06-26,LCU,XPO,19
2026-06-26,LCU,VB,12
2026-06-26,Nitra,SPO,7
2026-06-26,Nitra,BPO,2
2026-06-26,Nitra,XPO,1
2026-06-26,Nitra,XL,1
2026-06-26,Nitra,VB,1
2026-06-26,Pobočka HULC1,SPO,5
2026-06-26,Pobočka HULC1,BPO,3
2026-06-26,Pobočka HULC1,XPO,1
2026-06-26,Prešov,SPO,2
2026-06-26,Prešov,XPO,5
2026-06-26,Trenčín,SPO,6
2026-06-26,Trenčín,BPO,1
2026-06-26,Trenčín,XPO,1
2026-06-26,Trnava,SPO,3
2026-06-26,Žilina,SPO,11
2026-06-26,Žilina,BPO,2
2026-06-26,Žilina,XPO,4
2026-06-26,Žilina,XL,1
2026-06-27,Banská Bystrica,SPO,1
2026-06-27,Banská Bystrica,BPO,1
2026-06-27,Banská Bystrica,XPO,2
2026-06-27,Banská Bystrica,XL,1
2026-06-27,Bratislava Centrála,SPO,49
2026-06-27,Bratislava Centrála,BPO,12
2026-06-27,Bratislava Centrála,XPO,23
2026-06-27,Bratislava Centrála,XL,5
2026-06-27,Bratislava Centrála,VB,1
2026-06-27,Bratislava Petržalka,SPO,1
2026-06-27,Bratislava Petržalka,XL,1
2026-06-27,Budapešť Blaha,XPO,1
2026-06-27,CBP Budapešť centrála,SPO,41
2026-06-27,CBP Budapešť centrála,BPO,5
2026-06-27,CBP Budapešť centrála,XPO,10
2026-06-27,CBP Budapešť centrála,XL,1
2026-06-27,CBP Budapešť centrála,VB,2
2026-06-27,CZLC4,SPO,1441
2026-06-27,CZLC4,BPO,259
2026-06-27,CZLC4,XPO,16
2026-06-27,HULC1,SPO,260
2026-06-27,HULC1,BPO,74
2026-06-27,HULC1,XPO,41
2026-06-27,Košice,SPO,1
2026-06-27,Košice,BPO,5
2026-06-27,Košice,XPO,2
2026-06-27,Košice,VB,1
2026-06-27,LCU,XPO,10
2026-06-27,LCU,VB,5
2026-06-27,Nitra,SPO,7
2026-06-27,Nitra,BPO,2
2026-06-27,Nitra,XPO,5
2026-06-27,Nitra,XL,1
2026-06-27,Pobočka HULC1,SPO,6
2026-06-27,Pobočka HULC1,XPO,3
2026-06-27,Prešov,SPO,2
2026-06-27,Prešov,XPO,7
2026-06-27,Trenčín,SPO,2
2026-06-27,Trenčín,XPO,1
2026-06-27,Trnava,SPO,16
2026-06-27,Trnava,BPO,3
2026-06-27,Trnava,XPO,5
2026-06-27,Trnava,XL,2
2026-06-27,Wien Karlsplatz,SPO,4
2026-06-27,Žilina,SPO,44
2026-06-27,Žilina,BPO,1
2026-06-27,Žilina,XPO,2
2026-06-28,Banská Bystrica,XPO,2
2026-06-28,Bratislava Centrála,SPO,51
2026-06-28,Bratislava Centrála,BPO,10
2026-06-28,Bratislava Centrála,XPO,8
2026-06-28,Bratislava Centrála,XL,1
2026-06-28,Bratislava Centrála,VB,2
2026-06-28,Bratislava Petržalka,SPO,3
2026-06-28,Bratislava Petržalka,XPO,2
2026-06-28,Bratislava Petržalka,XL,1
2026-06-28,Budapest Újbuda Központ,XPO,1
2026-06-28,Budapešť Blaha,SPO,6
2026-06-28,CBP Budapešť centrála,SPO,26
2026-06-28,CBP Budapešť centrála,BPO,6
2026-06-28,CBP Budapešť centrála,XPO,5
2026-06-28,CBP Budapešť centrála,XL,4
2026-06-28,CBP Budapešť centrála,VB,1
2026-06-28,CZLC4,SPO,1358
2026-06-28,CZLC4,BPO,268
2026-06-28,CZLC4,XPO,13
2026-06-28,HULC1,SPO,580
2026-06-28,HULC1,BPO,46
2026-06-28,HULC1,XPO,14
2026-06-28,HULC1,XL,5
2026-06-28,HULC1,VB,8
2026-06-28,Košice,SPO,1
2026-06-28,Nitra,SPO,6
2026-06-28,Pobočka HULC1,SPO,8
2026-06-28,Pobočka HULC1,BPO,1
2026-06-28,Pobočka HULC1,XPO,3
2026-06-28,Prešov,SPO,9
2026-06-28,Prešov,XPO,2
2026-06-28,Prešov,XL,2
2026-06-28,Trenčín,SPO,1
2026-06-28,Žilina,SPO,17
2026-06-28,Žilina,BPO,3
2026-06-28,Žilina,XPO,2
2026-06-29,Banská Bystrica,XPO,2
2026-06-29,Banská Bystrica,XL,2
2026-06-29,Bratislava Centrála,SPO,48
2026-06-29,Bratislava Centrála,BPO,6
2026-06-29,Bratislava Centrála,XPO,14
2026-06-29,Bratislava Centrála,VB,2
2026-06-29,Bratislava Petržalka,SPO,2
2026-06-29,Bratislava Petržalka,XPO,1
2026-06-29,Budapešť Blaha,SPO,4
2026-06-29,Budapešť Blaha,XPO,2
2026-06-29,CBP Budapešť centrála,SPO,28
2026-06-29,CBP Budapešť centrála,BPO,5
2026-06-29,CBP Budapešť centrála,XPO,8
2026-06-29,CBP Budapešť centrála,XL,1
2026-06-29,CZLC4,SPO,1821
2026-06-29,CZLC4,BPO,569
2026-06-29,CZLC4,XPO,8
2026-06-29,HULC1,SPO,196
2026-06-29,HULC1,BPO,50
2026-06-29,HULC1,XPO,24
2026-06-29,HULC1,XL,4
2026-06-29,HULC1,VB,30
2026-06-29,Košice,SPO,2
2026-06-29,Košice,XPO,4
2026-06-29,LCU,XPO,26
2026-06-29,LCU,XL,9
2026-06-29,LCU,VB,19
2026-06-29,LCZ,BPO,1
2026-06-29,Nitra,SPO,1
2026-06-29,Nitra,BPO,4
2026-06-29,Nitra,XPO,4
2026-06-29,Nitra,XL,1
2026-06-29,Pobočka HULC1,SPO,5
2026-06-29,Pobočka HULC1,BPO,3
2026-06-29,Pobočka HULC1,XPO,1
2026-06-29,Prešov,SPO,4
2026-06-29,Prešov,XPO,5
2026-06-29,Trenčín,SPO,5
2026-06-29,Trenčín,BPO,1
2026-06-29,Trenčín,XPO,3
2026-06-29,Trnava,SPO,11
2026-06-29,Trnava,BPO,4
2026-06-29,Trnava,XPO,7
2026-06-29,Trnava,VB,2
2026-06-29,Žilina,SPO,3
2026-06-29,Žilina,XPO,2
2026-06-29,Žilina,XL,1
2026-06-29,Žilina,VB,2
2026-06-30,Banská Bystrica,XPO,2
2026-06-30,Banská Bystrica,VB,3
2026-06-30,Bratislava Centrála,SPO,33
2026-06-30,Bratislava Centrála,BPO,13
2026-06-30,Bratislava Centrála,XPO,15
2026-06-30,Bratislava Centrála,XL,4
2026-06-30,Bratislava Petržalka,SPO,2
2026-06-30,Bratislava Petržalka,XL,2
2026-06-30,Budapest Újbuda Központ,SPO,2
2026-06-30,Budapest Újbuda Központ,BPO,1
2026-06-30,Budapest Újbuda Központ,XPO,5
2026-06-30,Budapešť Blaha,SPO,1
2026-06-30,Budapešť Blaha,XPO,1
2026-06-30,CBP Budapešť centrála,SPO,55
2026-06-30,CBP Budapešť centrála,BPO,2
2026-06-30,CBP Budapešť centrála,XPO,7
2026-06-30,CZLC4,SPO,1683
2026-06-30,CZLC4,BPO,505
2026-06-30,CZLC4,XPO,4
2026-06-30,HULC1,SPO,556
2026-06-30,HULC1,BPO,67
2026-06-30,HULC1,XPO,18
2026-06-30,HULC1,XL,9
2026-06-30,HULC1,VB,10
2026-06-30,Košice,SPO,1
2026-06-30,LCU,SPO,1
2026-06-30,LCU,XPO,54
2026-06-30,LCU,XL,1
2026-06-30,Nitra,SPO,1
2026-06-30,Nitra,BPO,5
2026-06-30,Pobočka HULC1,SPO,9
2026-06-30,Prešov,SPO,4
2026-06-30,Prešov,XPO,3
2026-06-30,Prešov,XL,2
2026-06-30,Trenčín,SPO,7
2026-06-30,Trenčín,BPO,1
2026-06-30,Trenčín,XPO,1
2026-06-30,Wien Karlsplatz,SPO,1
2026-06-30,Žilina,SPO,17
2026-06-30,Žilina,BPO,2
2026-06-30,Žilina,XPO,6
2026-06-30,Žilina,XL,2
2026-06-30,Žilina,VB,1
2026-07-01,Banská Bystrica,SPO,11
2026-07-01,Banská Bystrica,BPO,2
2026-07-01,Banská Bystrica,XPO,1
2026-07-01,Bratislava Centrála,SPO,53
2026-07-01,Bratislava Centrála,BPO,7
2026-07-01,Bratislava Centrála,XPO,16
2026-07-01,Bratislava Centrála,XL,2
2026-07-01,Bratislava Centrála,VB,2
2026-07-01,Bratislava Petržalka,BPO,1
2026-07-01,Bratislava Petržalka,XPO,1
2026-07-01,Bratislava Petržalka,XL,1
2026-07-01,Budapešť Blaha,SPO,5
2026-07-01,CBP Budapešť centrála,SPO,37
2026-07-01,CBP Budapešť centrála,BPO,7
2026-07-01,CBP Budapešť centrála,XPO,4
2026-07-01,CBP Budapešť centrála,XL,2
2026-07-01,CBP Budapešť centrála,VB,6
2026-07-01,CZLC4,SPO,1880
2026-07-01,CZLC4,BPO,388
2026-07-01,CZLC4,XPO,48
2026-07-01,HULC1,SPO,87
2026-07-01,HULC1,BPO,41
2026-07-01,HULC1,XPO,14
2026-07-01,HULC1,XL,12
2026-07-01,HULC1,VB,25
2026-07-01,Košice,SPO,3
2026-07-01,Košice,XPO,3
2026-07-01,Košice,XL,1
2026-07-01,LCU,SPO,5
2026-07-01,LCU,BPO,9
2026-07-01,LCU,XPO,217
2026-07-01,LCU,XL,8
2026-07-01,LCU,VB,8
2026-07-01,Nitra,SPO,5
2026-07-01,Nitra,BPO,3
2026-07-01,Nitra,XPO,1
2026-07-01,Pobočka HULC1,SPO,23
2026-07-01,Pobočka HULC1,BPO,2
2026-07-01,Pobočka HULC1,XPO,1
2026-07-01,Prešov,SPO,7
2026-07-01,Prešov,XPO,1
2026-07-01,Prešov,XL,1
2026-07-01,Trenčín,SPO,7
2026-07-01,Trenčín,XPO,4
2026-07-01,Trnava,SPO,3
2026-07-01,Trnava,BPO,1
2026-07-01,Žilina,SPO,11
2026-07-01,Žilina,BPO,4
2026-07-01,Žilina,XPO,3
2026-07-01,Žilina,XL,1
2026-07-01,Žilina,VB,1
2026-07-02,Banská Bystrica,SPO,46
2026-07-02,Banská Bystrica,BPO,1
2026-07-02,Banská Bystrica,XPO,3
2026-07-02,Banská Bystrica,XL,1
2026-07-02,Bratislava Centrála,SPO,63
2026-07-02,Bratislava Centrála,BPO,12
2026-07-02,Bratislava Centrála,XPO,10
2026-07-02,Bratislava Centrála,XL,4
2026-07-02,Bratislava Petržalka,SPO,2
2026-07-02,Bratislava Petržalka,XPO,3
2026-07-02,Budapešť Blaha,XPO,2
2026-07-02,CBP Budapešť centrála,SPO,39
2026-07-02,CBP Budapešť centrála,BPO,10
2026-07-02,CBP Budapešť centrála,XPO,17
2026-07-02,CBP Budapešť centrála,XL,3
2026-07-02,CBP Budapešť centrála,VB,1
2026-07-02,CZLC4,SPO,1651
2026-07-02,CZLC4,BPO,698
2026-07-02,CZLC4,XPO,33
2026-07-02,HULC1,SPO,253
2026-07-02,HULC1,BPO,43
2026-07-02,HULC1,XPO,17
2026-07-02,HULC1,XL,15
2026-07-02,HULC1,VB,28
2026-07-02,Košice,BPO,1
2026-07-02,Košice,XPO,2
2026-07-02,LCU,BPO,4
2026-07-02,LCU,XPO,79
2026-07-02,LCU,XL,2
2026-07-02,LCU,VB,19
2026-07-02,Nitra,SPO,9
2026-07-02,Nitra,BPO,2
2026-07-02,Nitra,XPO,1
2026-07-02,Nitra,XL,1
2026-07-02,Pobočka HULC1,SPO,10
2026-07-02,Pobočka HULC1,BPO,3
2026-07-02,Pobočka HULC1,XPO,1
2026-07-02,Prešov,SPO,2
2026-07-02,Prešov,BPO,1
2026-07-02,Prešov,XPO,2
2026-07-02,Trenčín,SPO,5
2026-07-02,Trenčín,XPO,1
2026-07-02,Trenčín,XL,1
2026-07-02,Trnava,SPO,14
2026-07-02,Trnava,BPO,3
2026-07-02,Wien Karlsplatz,SPO,2
2026-07-02,Wien Karlsplatz,BPO,2
2026-07-02,Wien Karlsplatz,XPO,1
2026-07-02,Žilina,SPO,10
2026-07-02,Žilina,BPO,3
2026-07-02,Žilina,XPO,5
2026-07-02,Žilina,XL,1
2026-07-02,Žilina,VB,1
2026-07-03,Banská Bystrica,SPO,5
2026-07-03,Banská Bystrica,BPO,1
2026-07-03,Banská Bystrica,XPO,4
2026-07-03,Bratislava Centrála,SPO,51
2026-07-03,Bratislava Centrála,BPO,6
2026-07-03,Bratislava Centrála,XPO,11
2026-07-03,Bratislava Petržalka,SPO,1
2026-07-03,Bratislava Petržalka,XPO,2
2026-07-03,Budapest Újbuda Központ,SPO,11
2026-07-03,Budapest Újbuda Központ,XPO,1
2026-07-03,Budapešť Blaha,SPO,9
2026-07-03,Budapešť Blaha,BPO,1
2026-07-03,Budapešť Blaha,XPO,1
2026-07-03,CBP Budapešť centrála,SPO,17
2026-07-03,CBP Budapešť centrála,BPO,7
2026-07-03,CBP Budapešť centrála,XPO,2
2026-07-03,CBP Budapešť centrála,XL,2
2026-07-03,CBP Budapešť centrála,VB,1
2026-07-03,CZLC4,SPO,1748
2026-07-03,CZLC4,BPO,472
2026-07-03,CZLC4,XPO,8
2026-07-03,HULC1,SPO,558
2026-07-03,HULC1,BPO,54
2026-07-03,HULC1,XPO,86
2026-07-03,HULC1,XL,4
2026-07-03,HULC1,VB,7
2026-07-03,Košice,SPO,1
2026-07-03,Košice,BPO,3
2026-07-03,Košice,VB,1
2026-07-03,LCU,SPO,5
2026-07-03,LCU,BPO,3
2026-07-03,LCU,XPO,34
2026-07-03,LCU,XL,1
2026-07-03,LCU,VB,6
2026-07-03,Nitra,SPO,5
2026-07-03,Nitra,BPO,3
2026-07-03,Nitra,XPO,3
2026-07-03,Pobočka HULC1,SPO,7
2026-07-03,Pobočka HULC1,BPO,3
2026-07-03,Prešov,SPO,1
2026-07-03,Prešov,XPO,1
2026-07-03,Prešov,XL,1
2026-07-03,Trenčín,SPO,2
2026-07-03,Trenčín,BPO,1
2026-07-03,Trenčín,XPO,1
2026-07-03,Trnava,SPO,20
2026-07-03,Trnava,BPO,4
2026-07-03,Trnava,XPO,17
2026-07-03,Trnava,XL,1
2026-07-03,Trnava,VB,2
2026-07-03,Wien Karlsplatz,SPO,14
2026-07-03,Wien Karlsplatz,BPO,3
2026-07-03,Wien Karlsplatz,XL,1
2026-07-03,Žilina,SPO,12
2026-07-03,Žilina,BPO,2
2026-07-03,Žilina,XPO,3
2026-07-04,Banská Bystrica,SPO,4
2026-07-04,Banská Bystrica,VB,2
2026-07-04,Bratislava Centrála,SPO,21
2026-07-04,Bratislava Centrála,BPO,7
2026-07-04,Bratislava Petržalka,SPO,2
2026-07-04,Bratislava Petržalka,XPO,2
2026-07-04,Budapešť Blaha,XPO,1
2026-07-04,Budapešť Blaha,XL,1
2026-07-04,CBP Budapešť centrála,SPO,32
2026-07-04,CBP Budapešť centrála,BPO,7
2026-07-04,CBP Budapešť centrála,XPO,3
2026-07-04,CBP Budapešť centrála,XL,2
2026-07-04,CBP Budapešť centrála,VB,1
2026-07-04,CZLC4,SPO,1844
2026-07-04,CZLC4,BPO,278
2026-07-04,CZLC4,XPO,21
2026-07-04,HULC1,SPO,295
2026-07-04,HULC1,BPO,67
2026-07-04,HULC1,XPO,15
2026-07-04,HULC1,VB,17
2026-07-04,Košice,SPO,1
2026-07-04,LCU,XPO,19
2026-07-04,LCU,XL,2
2026-07-04,LCU,VB,14
2026-07-04,Nitra,BPO,2
2026-07-04,Pobočka HULC1,SPO,5
2026-07-04,Pobočka HULC1,BPO,1
2026-07-04,Pobočka HULC1,XPO,1
2026-07-04,Prešov,SPO,5
2026-07-04,Prešov,BPO,3
2026-07-04,Prešov,XPO,1
2026-07-04,Trenčín,SPO,13
2026-07-04,Trenčín,XPO,3
2026-07-04,Trenčín,VB,1
2026-07-04,Trnava,SPO,18
2026-07-04,Trnava,XPO,5
2026-07-04,Trnava,VB,1
2026-07-04,Žilina,SPO,10
2026-07-04,Žilina,BPO,3
2026-07-04,Žilina,XL,1
2026-07-05,Banská Bystrica,BPO,1
2026-07-05,Banská Bystrica,XL,1
2026-07-05,Bratislava Centrála,SPO,103
2026-07-05,Bratislava Centrála,BPO,31
2026-07-05,Bratislava Centrála,XPO,25
2026-07-05,Bratislava Centrála,XL,1
2026-07-05,Bratislava Centrála,VB,3
2026-07-05,Bratislava Petržalka,SPO,2
2026-07-05,Bratislava Petržalka,BPO,1
2026-07-05,Bratislava Petržalka,XPO,1
2026-07-05,Bratislava Petržalka,XL,2
2026-07-05,Budapešť Blaha,SPO,7
2026-07-05,Budapešť Blaha,XL,1
2026-07-05,CBP Budapešť centrála,SPO,44
2026-07-05,CBP Budapešť centrála,BPO,29
2026-07-05,CBP Budapešť centrála,XPO,3
2026-07-05,CBP Budapešť centrála,XL,13
2026-07-05,CBP Budapešť centrála,VB,1
2026-07-05,CZLC4,SPO,1580
2026-07-05,CZLC4,BPO,278
2026-07-05,CZLC4,XPO,25
2026-07-05,HULC1,SPO,469
2026-07-05,HULC1,BPO,40
2026-07-05,HULC1,XPO,10
2026-07-05,HULC1,VB,23
2026-07-05,Košice,SPO,1
2026-07-05,Košice,BPO,1
2026-07-05,Košice,XPO,1
2026-07-05,Košice,XL,1
2026-07-05,Nitra,SPO,3
2026-07-05,Nitra,BPO,1
2026-07-05,Nitra,XPO,6
2026-07-05,Pobočka HULC1,SPO,6
2026-07-05,Pobočka HULC1,BPO,1
2026-07-05,Pobočka HULC1,XPO,1
2026-07-05,Prešov,SPO,4
2026-07-05,Prešov,BPO,2
2026-07-05,Prešov,XPO,2
2026-07-05,Trenčín,SPO,3
2026-07-05,Trenčín,BPO,1
2026-07-05,Trenčín,XPO,1
2026-07-05,Trnava,SPO,1
2026-07-05,Trnava,XPO,1
2026-07-05,Žilina,SPO,2
2026-07-05,Žilina,BPO,1
2026-07-05,Žilina,XPO,1
2026-07-06,Banská Bystrica,SPO,4
2026-07-06,Banská Bystrica,BPO,1
2026-07-06,Banská Bystrica,XPO,8
2026-07-06,Banská Bystrica,XL,1
2026-07-06,Banská Bystrica,VB,2
2026-07-06,Bratislava Centrála,SPO,45
2026-07-06,Bratislava Centrála,BPO,6
2026-07-06,Bratislava Centrála,XPO,17
2026-07-06,Bratislava Centrála,XL,2
2026-07-06,Bratislava Petržalka,SPO,1
2026-07-06,Bratislava Petržalka,XPO,1
2026-07-06,Budapešť Blaha,SPO,3
2026-07-06,Budapešť Blaha,XPO,1
2026-07-06,Budapešť Blaha,XL,1
2026-07-06,CBP Budapešť centrála,SPO,36
2026-07-06,CBP Budapešť centrála,BPO,13
2026-07-06,CBP Budapešť centrála,XPO,7
2026-07-06,CBP Budapešť centrála,XL,2
2026-07-06,CZLC4,SPO,2016
2026-07-06,CZLC4,BPO,781
2026-07-06,CZLC4,XPO,3
2026-07-06,HULC1,SPO,258
2026-07-06,HULC1,BPO,51
2026-07-06,HULC1,XPO,7
2026-07-06,HULC1,XL,26
2026-07-06,HULC1,VB,23
2026-07-06,Košice,SPO,6
2026-07-06,Košice,BPO,2
2026-07-06,Košice,XPO,1
2026-07-06,Košice,XL,1
2026-07-06,LCU,XPO,159
2026-07-06,LCU,XL,4
2026-07-06,LCU,VB,14
2026-07-06,Nitra,SPO,15
2026-07-06,Nitra,BPO,8
2026-07-06,Nitra,XPO,3
2026-07-06,Nitra,XL,1
2026-07-06,Pobočka HULC1,SPO,4
2026-07-06,Pobočka HULC1,BPO,1
2026-07-06,Pobočka HULC1,XPO,1
2026-07-06,Prešov,SPO,1
2026-07-06,Prešov,BPO,3
2026-07-06,Prešov,XPO,2
2026-07-06,Trnava,SPO,7
2026-07-06,Trnava,BPO,2
2026-07-06,Trnava,XPO,3
2026-07-06,Trnava,XL,1
2026-07-06,Trnava,VB,3
2026-07-06,Wien Karlsplatz,SPO,8
2026-07-06,Wien Karlsplatz,BPO,2
2026-07-06,Žilina,SPO,6
2026-07-06,Žilina,BPO,3
2026-07-06,Žilina,XPO,4
2026-07-07,Banská Bystrica,SPO,14
2026-07-07,Banská Bystrica,BPO,2
2026-07-07,Banská Bystrica,XPO,3
2026-07-07,Bratislava Centrála,SPO,38
2026-07-07,Bratislava Centrála,BPO,11
2026-07-07,Bratislava Centrála,XPO,8
2026-07-07,Bratislava Centrála,XL,6
2026-07-07,Bratislava Centrála,VB,2
2026-07-07,Bratislava Petržalka,SPO,6
2026-07-07,Bratislava Petržalka,BPO,2
2026-07-07,Bratislava Petržalka,XPO,4
2026-07-07,Bratislava Petržalka,XL,1
2026-07-07,Budapest Újbuda Központ,SPO,7
2026-07-07,Budapest Újbuda Központ,BPO,2
2026-07-07,Budapest Újbuda Központ,XPO,3
2026-07-07,CBP Budapešť centrála,SPO,25
2026-07-07,CBP Budapešť centrála,BPO,8
2026-07-07,CBP Budapešť centrála,XPO,8
2026-07-07,CBP Budapešť centrála,XL,1
2026-07-07,CBP Budapešť centrála,VB,2
2026-07-07,CZLC4,SPO,2038
2026-07-07,CZLC4,BPO,935
2026-07-07,CZLC4,XPO,17
2026-07-07,HULC1,SPO,471
2026-07-07,HULC1,BPO,71
2026-07-07,HULC1,XPO,21
2026-07-07,HULC1,XL,47
2026-07-07,HULC1,VB,56
2026-07-07,Košice,SPO,5
2026-07-07,Košice,BPO,2
2026-07-07,Košice,XL,1
2026-07-07,LCU,SPO,1
2026-07-07,LCU,XPO,30
2026-07-07,LCU,XL,2
2026-07-07,LCU,VB,42
2026-07-07,Nitra,SPO,1
2026-07-07,Nitra,BPO,3
2026-07-07,Nitra,XPO,7
2026-07-07,Nitra,VB,1
2026-07-07,Pobočka HULC1,SPO,7
2026-07-07,Pobočka HULC1,BPO,2
2026-07-07,Pobočka HULC1,XPO,2
2026-07-07,Prešov,SPO,3
2026-07-07,Prešov,XPO,3
2026-07-07,Trenčín,SPO,8
2026-07-07,Trenčín,XPO,4
2026-07-07,Trenčín,XL,2
2026-07-07,Trenčín,VB,2
2026-07-07,Trnava,SPO,1
2026-07-07,Trnava,BPO,2
2026-07-07,Trnava,XPO,5
2026-07-07,Trnava,VB,1
2026-07-07,Wien Karlsplatz,SPO,13
2026-07-07,Wien Karlsplatz,BPO,2
2026-07-07,Wien Karlsplatz,XPO,1
2026-07-07,Wien Karlsplatz,XL,2
2026-07-07,Žilina,SPO,3
2026-07-07,Žilina,XPO,1
2026-07-08,Banská Bystrica,BPO,2
2026-07-08,Banská Bystrica,XPO,1
2026-07-08,Bratislava Centrála,SPO,27
2026-07-08,Bratislava Centrála,BPO,6
2026-07-08,Bratislava Centrála,XPO,5
2026-07-08,Bratislava Centrála,XL,1
2026-07-08,Bratislava Petržalka,SPO,1
2026-07-08,Budapest Újbuda Központ,SPO,11
2026-07-08,Budapest Újbuda Központ,BPO,1
2026-07-08,Budapest Újbuda Központ,XPO,4
2026-07-08,Budapešť Blaha,SPO,4
2026-07-08,Budapešť Blaha,XPO,1
2026-07-08,Budapešť Blaha,VB,1
2026-07-08,CBP Budapešť centrála,SPO,52
2026-07-08,CBP Budapešť centrála,BPO,7
2026-07-08,CBP Budapešť centrála,XPO,10
2026-07-08,CBP Budapešť centrála,XL,1
2026-07-08,CBP Budapešť centrála,VB,1
2026-07-08,CZLC4,SPO,2318
2026-07-08,CZLC4,BPO,645
2026-07-08,CZLC4,XPO,21
2026-07-08,HULC1,SPO,500
2026-07-08,HULC1,BPO,62
2026-07-08,HULC1,XPO,17
2026-07-08,HULC1,XL,14
2026-07-08,HULC1,VB,44
2026-07-08,Košice,SPO,1
2026-07-08,Košice,BPO,1
2026-07-08,Košice,XPO,2
2026-07-08,Košice,VB,1
2026-07-08,LCU,XPO,45
2026-07-08,LCU,XL,6
2026-07-08,LCU,VB,12
2026-07-08,Nitra,SPO,4
2026-07-08,Nitra,BPO,2
2026-07-08,Nitra,XPO,1
2026-07-08,Pobočka HULC1,SPO,5
2026-07-08,Pobočka HULC1,BPO,1
2026-07-08,Prešov,SPO,7
2026-07-08,Prešov,BPO,1
2026-07-08,Prešov,XPO,1
2026-07-08,Trenčín,SPO,9
2026-07-08,Trenčín,BPO,1
2026-07-08,Trenčín,XPO,1
2026-07-08,Trenčín,VB,1
2026-07-08,Trnava,SPO,7
2026-07-08,Trnava,BPO,8
2026-07-08,Trnava,XPO,1
2026-07-08,Wien Karlsplatz,SPO,2
2026-07-08,Žilina,SPO,12
2026-07-08,Žilina,BPO,5
2026-07-09,Banská Bystrica,XPO,3
2026-07-09,Bratislava Centrála,SPO,36
2026-07-09,Bratislava Centrála,BPO,11
2026-07-09,Bratislava Centrála,XPO,8
2026-07-09,Bratislava Centrála,XL,1
2026-07-09,Bratislava Petržalka,SPO,2
2026-07-09,Budapest Újbuda Központ,XPO,1
2026-07-09,Budapešť Blaha,SPO,33
2026-07-09,Budapešť Blaha,BPO,2
2026-07-09,Budapešť Blaha,XPO,3
2026-07-09,CBP Budapešť centrála,SPO,30
2026-07-09,CBP Budapešť centrála,BPO,4
2026-07-09,CBP Budapešť centrála,XPO,5
2026-07-09,CBP Budapešť centrála,XL,1
2026-07-09,CZLC4,SPO,1833
2026-07-09,CZLC4,BPO,523
2026-07-09,CZLC4,XPO,12
2026-07-09,HULC1,SPO,315
2026-07-09,HULC1,BPO,50
2026-07-09,HULC1,XPO,63
2026-07-09,HULC1,XL,10
2026-07-09,HULC1,VB,32
2026-07-09,Košice,SPO,6
2026-07-09,Košice,BPO,1
2026-07-09,Košice,XPO,1
2026-07-09,Košice,XL,1
2026-07-09,LCU,XPO,40
2026-07-09,LCU,XL,2
2026-07-09,LCU,VB,24
2026-07-09,Nitra,SPO,2
2026-07-09,Pobočka HULC1,SPO,9
2026-07-09,Pobočka HULC1,BPO,1
2026-07-09,Prešov,SPO,7
2026-07-09,Prešov,XL,1
2026-07-09,Trenčín,XPO,1
2026-07-09,Trenčín,XL,1
2026-07-09,Trnava,SPO,39
2026-07-09,Trnava,BPO,5
2026-07-09,Trnava,XPO,1
2026-07-09,Trnava,XL,1
2026-07-09,Wien Karlsplatz,SPO,1
2026-07-09,Žilina,SPO,17
2026-07-09,Žilina,BPO,2
2026-07-09,Žilina,XPO,1
2026-07-09,Žilina,XL,1
2026-07-10,Banská Bystrica,SPO,1
2026-07-10,Banská Bystrica,XPO,2
2026-07-10,Bratislava Centrála,SPO,45
2026-07-10,Bratislava Centrála,BPO,11
2026-07-10,Bratislava Centrála,XPO,10
2026-07-10,Bratislava Petržalka,SPO,1
2026-07-10,Bratislava Petržalka,BPO,1
2026-07-10,Bratislava Petržalka,XPO,3
2026-07-10,Budapest Újbuda Központ,SPO,1
2026-07-10,Budapešť Blaha,SPO,1
2026-07-10,CBP Budapešť centrála,SPO,35
2026-07-10,CBP Budapešť centrála,BPO,9
2026-07-10,CBP Budapešť centrála,XPO,3
2026-07-10,CBP Budapešť centrála,XL,3
2026-07-10,CBP Budapešť centrála,VB,5
2026-07-10,CZLC4,SPO,2334
2026-07-10,CZLC4,BPO,547
2026-07-10,CZLC4,XPO,20
2026-07-10,HULC1,SPO,318
2026-07-10,HULC1,BPO,33
2026-07-10,HULC1,XPO,23
2026-07-10,HULC1,XL,18
2026-07-10,HULC1,VB,29
2026-07-10,Košice,SPO,6
2026-07-10,Košice,BPO,24
2026-07-10,Košice,XPO,1
2026-07-10,Košice,XL,1
2026-07-10,LCU,XPO,186
2026-07-10,LCU,XL,13
2026-07-10,LCU,VB,14
2026-07-10,Nitra,SPO,6
2026-07-10,Nitra,BPO,3
2026-07-10,Nitra,XPO,1
2026-07-10,Pobočka HULC1,SPO,4
2026-07-10,Prešov,SPO,5
2026-07-10,Prešov,XPO,3
2026-07-10,Trenčín,SPO,2
2026-07-10,Trenčín,BPO,1
2026-07-10,Trnava,SPO,3
2026-07-10,Trnava,BPO,1
2026-07-10,Trnava,XPO,2
2026-07-10,Žilina,SPO,3
2026-07-10,Žilina,BPO,2
2026-07-10,Žilina,XPO,3
2026-07-11,Banská Bystrica,XPO,2
2026-07-11,Bratislava Centrála,SPO,31
2026-07-11,Bratislava Centrála,BPO,6
2026-07-11,Bratislava Centrála,XPO,16
2026-07-11,Bratislava Centrála,XL,4
2026-07-11,Bratislava Centrála,VB,2
2026-07-11,Bratislava Petržalka,SPO,1
2026-07-11,Budapešť Blaha,BPO,1
2026-07-11,CBP Budapešť centrála,SPO,49
2026-07-11,CBP Budapešť centrála,BPO,5
2026-07-11,CBP Budapešť centrála,XPO,12
2026-07-11,CBP Budapešť centrála,XL,3
2026-07-11,CBP Budapešť centrála,VB,3
2026-07-11,CZLC4,SPO,1521
2026-07-11,CZLC4,BPO,773
2026-07-11,CZLC4,XPO,2
2026-07-11,HULC1,SPO,79
2026-07-11,HULC1,BPO,39
2026-07-11,HULC1,XPO,12
2026-07-11,HULC1,XL,42
2026-07-11,HULC1,VB,68
2026-07-11,Košice,SPO,5
2026-07-11,Košice,BPO,1
2026-07-11,Košice,XPO,2
2026-07-11,LCU,XPO,21
2026-07-11,LCU,XL,4
2026-07-11,LCU,VB,12
2026-07-11,Nitra,SPO,8
2026-07-11,Pobočka HULC1,SPO,8
2026-07-11,Pobočka HULC1,BPO,1
2026-07-11,Pobočka HULC1,XPO,4
2026-07-11,Prešov,SPO,7
2026-07-11,Prešov,BPO,1
2026-07-11,Prešov,XPO,3
2026-07-11,Trnava,SPO,6
2026-07-11,Trnava,BPO,2
2026-07-11,Trnava,XPO,1
2026-07-11,Wien Karlsplatz,SPO,2
2026-07-11,Wien Karlsplatz,XPO,1
2026-07-11,Wien Karlsplatz,XL,1
2026-07-11,Žilina,SPO,25
2026-07-11,Žilina,BPO,3
2026-07-12,Banská Bystrica,SPO,2
2026-07-12,Banská Bystrica,BPO,1
2026-07-12,Banská Bystrica,XPO,3
2026-07-12,Bratislava Centrála,SPO,48
2026-07-12,Bratislava Centrála,BPO,17
2026-07-12,Bratislava Centrála,XPO,17
2026-07-12,Bratislava Centrála,XL,3
2026-07-12,Bratislava Centrála,VB,1
2026-07-12,Bratislava Petržalka,XPO,2
2026-07-12,Budapešť Blaha,BPO,2
2026-07-12,CBP Budapešť centrála,SPO,48
2026-07-12,CBP Budapešť centrála,BPO,18
2026-07-12,CBP Budapešť centrála,XPO,7
2026-07-12,CBP Budapešť centrála,XL,1
2026-07-12,CZLC4,SPO,1989
2026-07-12,CZLC4,BPO,356
2026-07-12,CZLC4,XPO,11
2026-07-12,HULC1,SPO,254
2026-07-12,HULC1,BPO,29
2026-07-12,HULC1,XPO,12
2026-07-12,HULC1,XL,1
2026-07-12,HULC1,VB,13
2026-07-12,Košice,SPO,3
2026-07-12,Košice,XPO,1
2026-07-12,Košice,XL,1
2026-07-12,LCU,XPO,19
2026-07-12,Nitra,SPO,15
2026-07-12,Nitra,BPO,1
2026-07-12,Nitra,XPO,5
2026-07-12,Pobočka HULC1,SPO,7
2026-07-12,Pobočka HULC1,BPO,1
2026-07-12,Pobočka HULC1,XPO,1
2026-07-12,Prešov,SPO,6
2026-07-12,Trnava,SPO,5
2026-07-12,Trnava,BPO,2
2026-07-12,Trnava,XPO,3
2026-07-12,Žilina,SPO,7
2026-07-12,Žilina,BPO,1
2026-07-12,Žilina,XPO,2
2026-07-13,Banská Bystrica,SPO,4
2026-07-13,Banská Bystrica,BPO,2
2026-07-13,Banská Bystrica,XPO,3
2026-07-13,Banská Bystrica,XL,1
2026-07-13,Bratislava Centrála,SPO,71
2026-07-13,Bratislava Centrála,BPO,14
2026-07-13,Bratislava Centrála,XPO,7
2026-07-13,Bratislava Centrála,XL,1
2026-07-13,Bratislava Petržalka,SPO,2
2026-07-13,Bratislava Petržalka,BPO,2
2026-07-13,Budapest Újbuda Központ,SPO,6
2026-07-13,Budapest Újbuda Központ,XPO,1
2026-07-13,Budapešť Blaha,SPO,2
2026-07-13,Budapešť Blaha,VB,2
2026-07-13,CBP Budapešť centrála,SPO,30
2026-07-13,CBP Budapešť centrála,BPO,4
2026-07-13,CBP Budapešť centrála,XPO,10
2026-07-13,CBP Budapešť centrála,XL,6
2026-07-13,CBP Budapešť centrála,VB,4
2026-07-13,CZLC4,SPO,2156
2026-07-13,CZLC4,BPO,461
2026-07-13,CZLC4,XPO,2
2026-07-13,HULC1,SPO,150
2026-07-13,HULC1,BPO,56
2026-07-13,HULC1,XPO,17
2026-07-13,HULC1,XL,4
2026-07-13,HULC1,VB,5
2026-07-13,Košice,SPO,12
2026-07-13,Košice,XPO,2
2026-07-13,Košice,XL,1
2026-07-13,LCU,XPO,34
2026-07-13,LCU,XL,1
2026-07-13,LCU,VB,19
2026-07-13,Nitra,SPO,3
2026-07-13,Nitra,XPO,2
2026-07-13,Pobočka HULC1,SPO,9
2026-07-13,Pobočka HULC1,BPO,3
2026-07-13,Pobočka HULC1,XPO,1
2026-07-13,Prešov,SPO,4
2026-07-13,Prešov,BPO,1
2026-07-13,Prešov,XPO,2
2026-07-13,Trenčín,SPO,1
2026-07-13,Trenčín,XPO,1
2026-07-13,Trnava,SPO,3
2026-07-13,Trnava,BPO,2
2026-07-13,Wien Karlsplatz,SPO,2
2026-07-13,Wien Karlsplatz,XPO,1
2026-07-13,Žilina,SPO,15
2026-07-13,Žilina,XPO,3
2026-07-14,Banská Bystrica,SPO,6
2026-07-14,Banská Bystrica,BPO,2
2026-07-14,Banská Bystrica,VB,1
2026-07-14,Bratislava Centrála,SPO,47
2026-07-14,Bratislava Centrála,BPO,12
2026-07-14,Bratislava Centrála,XPO,11
2026-07-14,Bratislava Centrála,XL,1
2026-07-14,Bratislava Petržalka,SPO,1
2026-07-14,Bratislava Petržalka,BPO,1
2026-07-14,Bratislava Petržalka,XPO,1
2026-07-14,Bratislava Petržalka,XL,1
2026-07-14,Budapešť Blaha,SPO,6
2026-07-14,Budapešť Blaha,BPO,1
2026-07-14,Budapešť Blaha,VB,10
2026-07-14,CBP Budapešť centrála,SPO,57
2026-07-14,CBP Budapešť centrála,BPO,6
2026-07-14,CBP Budapešť centrála,XPO,3
2026-07-14,CBP Budapešť centrála,XL,3
2026-07-14,CBP Budapešť centrála,VB,2
2026-07-14,CZLC4,SPO,2654
2026-07-14,CZLC4,BPO,831
2026-07-14,CZLC4,XPO,15
2026-07-14,HULC1,SPO,656
2026-07-14,HULC1,BPO,84
2026-07-14,HULC1,XPO,35
2026-07-14,HULC1,XL,13
2026-07-14,HULC1,VB,32
2026-07-14,Košice,SPO,2
2026-07-14,Košice,XPO,2
2026-07-14,Košice,XL,2
2026-07-14,LCU,SPO,1
2026-07-14,LCU,XPO,56
2026-07-14,LCU,XL,6
2026-07-14,LCU,VB,2
2026-07-14,Nitra,SPO,22
2026-07-14,Nitra,BPO,4
2026-07-14,Nitra,XPO,5
2026-07-14,Nitra,XL,1
2026-07-14,Pobočka HULC1,SPO,6
2026-07-14,Pobočka HULC1,BPO,5
2026-07-14,Pobočka HULC1,XPO,1
2026-07-14,Prešov,SPO,3
2026-07-14,Prešov,XPO,13
2026-07-14,Prešov,XL,3
2026-07-14,Trenčín,SPO,10
2026-07-14,Trenčín,BPO,2
2026-07-14,Trenčín,XPO,4
2026-07-14,Trnava,SPO,1
2026-07-14,Trnava,XPO,2
2026-07-14,Trnava,VB,1
2026-07-14,Wien Karlsplatz,SPO,2
2026-07-14,Wien Karlsplatz,BPO,1
2026-07-14,Wien Karlsplatz,XPO,1
2026-07-14,Wien Karlsplatz,XL,2
2026-07-14,Žilina,SPO,6
2026-07-14,Žilina,BPO,7
2026-07-14,Žilina,XPO,4
2026-07-14,Žilina,VB,1
2026-07-15,Banská Bystrica,SPO,17
2026-07-15,Banská Bystrica,BPO,2
2026-07-15,Banská Bystrica,XPO,1
2026-07-15,Banská Bystrica,VB,1
2026-07-15,Bratislava Centrála,SPO,28
2026-07-15,Bratislava Centrála,BPO,36
2026-07-15,Bratislava Centrála,XPO,7
2026-07-15,Bratislava Centrála,XL,3
2026-07-15,Bratislava Centrála,VB,1
2026-07-15,Bratislava Petržalka,SPO,4
2026-07-15,Bratislava Petržalka,XPO,1
2026-07-15,Bratislava Petržalka,XL,1
2026-07-15,Budapest Újbuda Központ,SPO,7
2026-07-15,Budapest Újbuda Központ,XPO,6
2026-07-15,Budapešť Blaha,SPO,1
2026-07-15,Budapešť Blaha,BPO,3
2026-07-15,Budapešť Blaha,XPO,3
2026-07-15,Budapešť Blaha,XL,1
2026-07-15,CBP Budapešť centrála,SPO,50
2026-07-15,CBP Budapešť centrála,BPO,6
2026-07-15,CBP Budapešť centrála,XPO,7
2026-07-15,CBP Budapešť centrála,XL,4
2026-07-15,CBP Budapešť centrála,VB,3
2026-07-15,CZLC4,SPO,2242
2026-07-15,CZLC4,BPO,548
2026-07-15,CZLC4,XPO,8
2026-07-15,HULC1,SPO,369
2026-07-15,HULC1,BPO,32
2026-07-15,HULC1,XPO,30
2026-07-15,HULC1,XL,20
2026-07-15,HULC1,VB,29
2026-07-15,Košice,SPO,18
2026-07-15,Košice,BPO,2
2026-07-15,Košice,VB,1
2026-07-15,LCU,XPO,41
2026-07-15,LCU,VB,44
2026-07-15,Nitra,SPO,13
2026-07-15,Nitra,XPO,1
2026-07-15,Pobočka HULC1,SPO,15
2026-07-15,Pobočka HULC1,BPO,2
2026-07-15,Pobočka HULC1,XPO,3
2026-07-15,Prešov,SPO,16
2026-07-15,Prešov,BPO,2
2026-07-15,Prešov,XPO,2
2026-07-15,Trenčín,SPO,17
2026-07-15,Trenčín,BPO,3
2026-07-15,Trenčín,XPO,4
2026-07-15,Trenčín,XL,1
2026-07-15,Trnava,SPO,17
2026-07-15,Trnava,BPO,7
2026-07-15,Trnava,XPO,1
2026-07-15,Trnava,XL,1
2026-07-15,Trnava,VB,1
2026-07-15,Wien Karlsplatz,SPO,6
2026-07-15,Wien Karlsplatz,XPO,1
2026-07-15,Wien Karlsplatz,XL,1
2026-07-15,Žilina,SPO,22
2026-07-15,Žilina,BPO,1
2026-07-15,Žilina,XPO,10
2026-07-16,Banská Bystrica,SPO,2
2026-07-16,Banská Bystrica,BPO,1
2026-07-16,Banská Bystrica,XPO,5
2026-07-16,Bratislava Centrála,SPO,26
2026-07-16,Bratislava Centrála,BPO,6
2026-07-16,Bratislava Centrála,XPO,5
2026-07-16,Bratislava Centrála,XL,1
2026-07-16,Bratislava Centrála,VB,1
2026-07-16,Bratislava Petržalka,SPO,1
2026-07-16,Budapešť Blaha,BPO,1
2026-07-16,CBP Budapešť centrála,SPO,8
2026-07-16,CZLC4,SPO,2002
2026-07-16,CZLC4,BPO,467
2026-07-16,CZLC4,XPO,9
2026-07-16,CZLC4,XL,1
2026-07-16,HULC1,SPO,441
2026-07-16,HULC1,BPO,68
2026-07-16,HULC1,XPO,20
2026-07-16,HULC1,VB,20
2026-07-16,Košice,SPO,3
2026-07-16,Košice,BPO,2
2026-07-16,Košice,XPO,2
2026-07-16,Košice,VB,1
2026-07-16,LCU,XPO,33
2026-07-16,LCU,VB,31
2026-07-16,Nitra,SPO,8
2026-07-16,Nitra,BPO,2
2026-07-16,Nitra,XPO,1
2026-07-16,Nitra,XL,1
2026-07-16,Pobočka HULC1,SPO,4
2026-07-16,Pobočka HULC1,BPO,1
2026-07-16,Prešov,SPO,12
2026-07-16,Prešov,BPO,5
2026-07-16,Prešov,XPO,1
2026-07-16,Trenčín,SPO,1
2026-07-16,Trenčín,XPO,1
2026-07-16,Trnava,SPO,15
2026-07-16,Trnava,BPO,1
2026-07-16,Trnava,XPO,1
2026-07-16,Wien Karlsplatz,SPO,2
2026-07-16,Žilina,SPO,9
2026-07-16,Žilina,XPO,1
2026-07-17,Banská Bystrica,BPO,2
2026-07-17,Banská Bystrica,XPO,1
2026-07-17,Banská Bystrica,XL,1
2026-07-17,Bratislava Centrála,SPO,47
2026-07-17,Bratislava Centrála,BPO,9
2026-07-17,Bratislava Centrála,XPO,10
2026-07-17,Bratislava Centrála,XL,1
2026-07-17,Bratislava Centrála,VB,2
2026-07-17,Bratislava Petržalka,SPO,2
2026-07-17,Bratislava Petržalka,BPO,2
2026-07-17,Bratislava Petržalka,XPO,1
2026-07-17,Budapešť Blaha,SPO,2
2026-07-17,Budapešť Blaha,XPO,1
2026-07-17,CBP Budapešť centrála,SPO,64
2026-07-17,CBP Budapešť centrála,BPO,7
2026-07-17,CBP Budapešť centrála,XPO,22
2026-07-17,CBP Budapešť centrála,XL,1
2026-07-17,CBP Budapešť centrála,VB,5
2026-07-17,CZLC4,SPO,2182
2026-07-17,CZLC4,BPO,715
2026-07-17,CZLC4,XPO,6
2026-07-17,HULC1,SPO,419
2026-07-17,HULC1,BPO,61
2026-07-17,HULC1,XPO,30
2026-07-17,HULC1,XL,27
2026-07-17,HULC1,VB,55
2026-07-17,Košice,SPO,4
2026-07-17,Košice,BPO,1
2026-07-17,Košice,XPO,1
2026-07-17,LCU,XPO,28
2026-07-17,LCU,XL,3
2026-07-17,LCU,VB,18
2026-07-17,Nitra,SPO,10
2026-07-17,Nitra,BPO,1
2026-07-17,Nitra,XPO,2
2026-07-17,Pobočka HULC1,SPO,4
2026-07-17,Pobočka HULC1,BPO,3
2026-07-17,Prešov,SPO,7
2026-07-17,Prešov,BPO,3
2026-07-17,Prešov,XPO,4
2026-07-17,Trenčín,SPO,1
2026-07-17,Trenčín,XPO,1
2026-07-17,Trnava,SPO,26
2026-07-17,Wien Karlsplatz,SPO,1
2026-07-17,Žilina,SPO,15
2026-07-17,Žilina,BPO,1
2026-07-17,Žilina,XPO,2
2026-07-18,Banská Bystrica,SPO,7
2026-07-18,Banská Bystrica,XPO,2
2026-07-18,Banská Bystrica,VB,1
2026-07-18,Bratislava Centrála,SPO,46
2026-07-18,Bratislava Centrála,BPO,11
2026-07-18,Bratislava Centrála,XPO,7
2026-07-18,Bratislava Centrála,XL,1
2026-07-18,Bratislava Centrála,VB,1
2026-07-18,Bratislava Petržalka,SPO,1
2026-07-18,Bratislava Petržalka,XPO,1
2026-07-18,Budapest Újbuda Központ,SPO,5
2026-07-18,Budapest Újbuda Központ,XPO,6
2026-07-18,Budapest Újbuda Központ,XL,1
2026-07-18,Budapešť Blaha,XL,1
2026-07-18,CBP Budapešť centrála,SPO,41
2026-07-18,CBP Budapešť centrála,BPO,7
2026-07-18,CBP Budapešť centrála,XPO,9
2026-07-18,CBP Budapešť centrála,XL,2
2026-07-18,CBP Budapešť centrála,VB,2
2026-07-18,CZLC4,SPO,594
2026-07-18,CZLC4,BPO,22
2026-07-18,CZLC4,XPO,2
2026-07-18,HULC1,SPO,382
2026-07-18,HULC1,BPO,38
2026-07-18,HULC1,XPO,19
2026-07-18,Košice,SPO,2
2026-07-18,Košice,BPO,1
2026-07-18,Košice,XL,1
2026-07-18,LCU,XPO,40
2026-07-18,LCU,XL,5
2026-07-18,Nitra,SPO,11
2026-07-18,Nitra,BPO,2
2026-07-18,Nitra,XPO,2
2026-07-18,Pobočka HULC1,SPO,17
2026-07-18,Pobočka HULC1,BPO,4
2026-07-18,Pobočka HULC1,XPO,9
2026-07-18,Prešov,BPO,1
2026-07-18,Trnava,SPO,1
2026-07-18,Trnava,XPO,1
2026-07-18,Trnava,VB,1
2026-07-18,Žilina,SPO,7
2026-07-18,Žilina,XPO,2
2026-07-19,Banská Bystrica,SPO,4
2026-07-19,Banská Bystrica,XPO,1
2026-07-19,Bratislava Centrála,SPO,40
2026-07-19,Bratislava Centrála,BPO,7
2026-07-19,Bratislava Centrála,XPO,10
2026-07-19,Bratislava Centrála,XL,1
2026-07-19,Bratislava Centrála,VB,2
2026-07-19,Bratislava Petržalka,SPO,3
2026-07-19,Bratislava Petržalka,XPO,1
2026-07-19,Budapešť Blaha,SPO,6
2026-07-19,Budapešť Blaha,BPO,5
2026-07-19,Budapešť Blaha,XPO,1
2026-07-19,Budapešť Blaha,XL,3
2026-07-19,CBP Budapešť centrála,SPO,48
2026-07-19,CBP Budapešť centrála,BPO,7
2026-07-19,CBP Budapešť centrála,XPO,3
2026-07-19,CBP Budapešť centrála,XL,4
2026-07-19,CZLC4,SPO,6073
2026-07-19,CZLC4,BPO,1257
2026-07-19,CZLC4,XPO,1
2026-07-19,HULC1,SPO,604
2026-07-19,HULC1,BPO,37
2026-07-19,HULC1,XPO,13
2026-07-19,HULC1,VB,18
2026-07-19,Košice,SPO,6
2026-07-19,Košice,XL,1
2026-07-19,LCU,XPO,14
2026-07-19,Nitra,SPO,9
2026-07-19,Nitra,BPO,2
2026-07-19,Nitra,XPO,3
2026-07-19,Pobočka HULC1,SPO,33
2026-07-19,Pobočka HULC1,BPO,2
2026-07-19,Pobočka HULC1,XPO,3
2026-07-19,Prešov,SPO,5
2026-07-19,Prešov,BPO,2
2026-07-19,Prešov,XPO,1
2026-07-19,Trnava,SPO,7
2026-07-19,Trnava,BPO,1
2026-07-19,Trnava,XPO,4
2026-07-19,Trnava,VB,1
2026-07-19,Žilina,SPO,11
2026-07-19,Žilina,XL,1
2026-07-19,Žilina,VB,1
2026-07-20,Banská Bystrica,SPO,8
2026-07-20,Banská Bystrica,XPO,1
2026-07-20,Banská Bystrica,XL,2
2026-07-20,Bratislava Centrála,SPO,50
2026-07-20,Bratislava Centrála,BPO,19
2026-07-20,Bratislava Centrála,XPO,11
2026-07-20,Bratislava Centrála,XL,2
2026-07-20,Bratislava Petržalka,SPO,6
2026-07-20,Bratislava Petržalka,XPO,1
2026-07-20,Budapest Újbuda Központ,SPO,8
2026-07-20,Budapest Újbuda Központ,BPO,1
2026-07-20,Budapest Újbuda Központ,XPO,1
2026-07-20,Budapešť Blaha,SPO,2
2026-07-20,Budapešť Blaha,XL,1
2026-07-20,CBP Budapešť centrála,SPO,37
2026-07-20,CBP Budapešť centrála,BPO,10
2026-07-20,CBP Budapešť centrála,XPO,7
2026-07-20,CBP Budapešť centrála,XL,7
2026-07-20,CBP Budapešť centrála,VB,4
2026-07-20,CZLC4,SPO,3549
2026-07-20,CZLC4,BPO,896
2026-07-20,HULC1,SPO,431
2026-07-20,HULC1,BPO,39
2026-07-20,HULC1,XPO,17
2026-07-20,HULC1,VB,31
2026-07-20,Košice,SPO,6
2026-07-20,Košice,BPO,1
2026-07-20,Košice,VB,1
2026-07-20,LCU,BPO,1
2026-07-20,LCU,XPO,45
2026-07-20,LCU,XL,3
2026-07-20,LCU,VB,22
2026-07-20,Nitra,SPO,8
2026-07-20,Nitra,BPO,2
2026-07-20,Nitra,XL,1
2026-07-20,Pobočka HULC1,SPO,3
2026-07-20,Pobočka HULC1,BPO,3
2026-07-20,Pobočka HULC1,XPO,1
2026-07-20,Prešov,SPO,3
2026-07-20,Prešov,BPO,1
2026-07-20,Prešov,XPO,1
2026-07-20,Prešov,XL,1
2026-07-20,Trenčín,SPO,3
2026-07-20,Trenčín,XPO,2
2026-07-20,Trnava,SPO,11
2026-07-20,Trnava,BPO,2
2026-07-20,Trnava,XPO,1
2026-07-20,Wien Karlsplatz,SPO,1
2026-07-20,Wien Karlsplatz,XL,2
2026-07-20,Žilina,SPO,6
2026-07-20,Žilina,BPO,1
2026-07-20,Žilina,XPO,5
2026-07-21,Banská Bystrica,BPO,8
2026-07-21,Banská Bystrica,XPO,1
2026-07-21,Banská Bystrica,XL,1
2026-07-21,Bratislava Centrála,SPO,37
2026-07-21,Bratislava Centrála,BPO,12
2026-07-21,Bratislava Centrála,XPO,6
2026-07-21,Bratislava Centrála,XL,1
2026-07-21,Bratislava Centrála,VB,1
2026-07-21,Bratislava Petržalka,SPO,2
2026-07-21,Bratislava Petržalka,BPO,65
2026-07-21,Budapest Újbuda Központ,SPO,4
2026-07-21,Budapest Újbuda Központ,XPO,3
2026-07-21,Budapest Újbuda Központ,XL,2
2026-07-21,Budapešť Blaha,SPO,3
2026-07-21,CBP Budapešť centrála,SPO,37
2026-07-21,CBP Budapešť centrála,BPO,9
2026-07-21,CBP Budapešť centrála,XPO,4
2026-07-21,CBP Budapešť centrála,XL,1
2026-07-21,CBP Budapešť centrála,VB,1
2026-07-21,CZLC4,SPO,2376
2026-07-21,CZLC4,BPO,734
2026-07-21,HULC1,SPO,366
2026-07-21,HULC1,BPO,28
2026-07-21,HULC1,XPO,14
2026-07-21,HULC1,XL,19
2026-07-21,HULC1,VB,13
2026-07-21,Košice,BPO,1
2026-07-21,Košice,XPO,2
2026-07-21,LCU,XPO,424
2026-07-21,LCU,XL,43
2026-07-21,LCU,VB,95
2026-07-21,Nitra,SPO,5
2026-07-21,Nitra,BPO,1
2026-07-21,Nitra,XPO,7
2026-07-21,Pobočka HULC1,SPO,1
2026-07-21,Pobočka HULC1,BPO,1
2026-07-21,Pobočka HULC1,XPO,1
2026-07-21,Prešov,SPO,3
2026-07-21,Prešov,XL,1
2026-07-21,Trenčín,SPO,2
2026-07-21,Trnava,SPO,28
2026-07-21,Trnava,BPO,5
2026-07-21,Trnava,XPO,4
2026-07-21,Trnava,XL,1
2026-07-21,Wien Karlsplatz,SPO,1
2026-07-21,Wien Karlsplatz,XL,1
2026-07-21,Žilina,SPO,10
2026-07-21,Žilina,BPO,2
2026-07-21,Žilina,XPO,2
2026-07-21,Žilina,XL,1
2026-07-22,Banská Bystrica,SPO,8
2026-07-22,Banská Bystrica,BPO,6
2026-07-22,Banská Bystrica,XPO,3
2026-07-22,Banská Bystrica,XL,1
2026-07-22,Banská Bystrica,VB,1
2026-07-22,Bratislava Centrála,SPO,27
2026-07-22,Bratislava Centrála,BPO,10
2026-07-22,Bratislava Centrála,XPO,6
2026-07-22,Bratislava Centrála,XL,1
2026-07-22,Bratislava Centrála,VB,1
2026-07-22,Bratislava Petržalka,SPO,3
2026-07-22,Bratislava Petržalka,BPO,73
2026-07-22,Budapešť Blaha,SPO,6
2026-07-22,Budapešť Blaha,XPO,1
2026-07-22,Budapešť Blaha,VB,10
2026-07-22,CBP Budapešť centrála,SPO,67
2026-07-22,CBP Budapešť centrála,BPO,24
2026-07-22,CBP Budapešť centrála,XPO,20
2026-07-22,CBP Budapešť centrála,XL,9
2026-07-22,CBP Budapešť centrála,VB,1
2026-07-22,CZLC4,SPO,2384
2026-07-22,CZLC4,BPO,569
2026-07-22,HULC1,SPO,273
2026-07-22,HULC1,BPO,34
2026-07-22,HULC1,XPO,8
2026-07-22,HULC1,XL,4
2026-07-22,HULC1,VB,31
2026-07-22,Košice,SPO,2
2026-07-22,Košice,XPO,2
2026-07-22,Košice,XL,1
2026-07-22,Košice,VB,1
2026-07-22,LCU,BPO,1
2026-07-22,LCU,XPO,318
2026-07-22,LCU,XL,18
2026-07-22,LCU,VB,12
2026-07-22,Nitra,SPO,8
2026-07-22,Pobočka HULC1,SPO,9
2026-07-22,Pobočka HULC1,BPO,1
2026-07-22,Pobočka HULC1,XPO,2
2026-07-22,Prešov,XPO,1
2026-07-22,Trenčín,SPO,6
2026-07-22,Trenčín,XL,1
2026-07-22,Trnava,SPO,8
2026-07-22,Trnava,BPO,2
2026-07-22,Trnava,XPO,1
2026-07-22,Trnava,XL,2
2026-07-22,Wien Karlsplatz,SPO,3
2026-07-22,Wien Karlsplatz,XL,1
2026-07-22,Žilina,SPO,14
2026-07-22,Žilina,BPO,3
2026-07-22,Žilina,XPO,1
2026-07-23,Banská Bystrica,SPO,5
2026-07-23,Banská Bystrica,BPO,1
2026-07-23,Bratislava Centrála,SPO,42
2026-07-23,Bratislava Centrála,BPO,8
2026-07-23,Bratislava Centrála,XPO,11
2026-07-23,Bratislava Centrála,XL,3
2026-07-23,Bratislava Petržalka,SPO,9
2026-07-23,Budapešť Blaha,BPO,1
2026-07-23,Budapešť Blaha,XPO,1
2026-07-23,Budapešť Blaha,VB,1
2026-07-23,CBP Budapešť centrála,SPO,5
2026-07-23,CBP Budapešť centrála,BPO,3
2026-07-23,CBP Budapešť centrála,XPO,1
2026-07-23,CZLC4,SPO,1880
2026-07-23,CZLC4,BPO,422
2026-07-23,HULC1,SPO,170
2026-07-23,HULC1,BPO,56
2026-07-23,HULC1,XPO,45
2026-07-23,HULC1,XL,13
2026-07-23,HULC1,VB,14
2026-07-23,Košice,SPO,6
2026-07-23,Košice,BPO,1
2026-07-23,Košice,XPO,1
2026-07-23,Košice,XL,1
2026-07-23,LCU,XPO,594
2026-07-23,LCU,XL,194
2026-07-23,LCU,VB,23
2026-07-23,Nitra,SPO,3
2026-07-23,Nitra,BPO,1
2026-07-23,Nitra,XL,1
2026-07-23,Pobočka HULC1,SPO,5
2026-07-23,Pobočka HULC1,BPO,1
2026-07-23,Pobočka HULC1,XPO,3
2026-07-23,Prešov,SPO,12
2026-07-23,Prešov,BPO,1
2026-07-23,Prešov,XPO,1
2026-07-23,Trenčín,SPO,6
2026-07-23,Trnava,SPO,16
2026-07-23,Trnava,BPO,3
2026-07-23,Trnava,XPO,1
2026-07-23,Žilina,SPO,11
2026-07-23,Žilina,BPO,2
2026-07-23,Žilina,XPO,2
2026-07-24,Banská Bystrica,SPO,1
2026-07-24,Bratislava Centrála,SPO,41
2026-07-24,Bratislava Centrála,BPO,7
2026-07-24,Bratislava Centrála,XPO,11
2026-07-24,Bratislava Centrála,XL,1
2026-07-24,Bratislava Petržalka,SPO,5
2026-07-24,Bratislava Petržalka,BPO,1
2026-07-24,Budapest Újbuda Központ,SPO,7
2026-07-24,Budapest Újbuda Központ,XPO,3
2026-07-24,Budapešť Blaha,SPO,13
2026-07-24,Budapešť Blaha,BPO,1
2026-07-24,Budapešť Blaha,XPO,1
2026-07-24,CBP Budapešť centrála,SPO,80
2026-07-24,CBP Budapešť centrála,BPO,18
2026-07-24,CBP Budapešť centrála,XPO,19
2026-07-24,CBP Budapešť centrála,XL,6
2026-07-24,CBP Budapešť centrála,VB,2
2026-07-24,CZLC4,SPO,2775
2026-07-24,CZLC4,BPO,451
2026-07-24,HULC1,SPO,374
2026-07-24,HULC1,BPO,64
2026-07-24,HULC1,XPO,20
2026-07-24,HULC1,XL,36
2026-07-24,HULC1,VB,27
2026-07-24,Košice,SPO,5
2026-07-24,Košice,BPO,1
2026-07-24,Košice,XPO,1
2026-07-24,LCU,BPO,1
2026-07-24,LCU,XPO,1182
2026-07-24,LCU,XL,227
2026-07-24,LCU,VB,174
2026-07-24,Nitra,SPO,12
2026-07-24,Nitra,BPO,1
2026-07-24,Nitra,XPO,3
2026-07-24,Pobočka HULC1,SPO,16
2026-07-24,Pobočka HULC1,XPO,3
2026-07-24,Prešov,SPO,7
2026-07-24,Prešov,BPO,1
2026-07-24,Prešov,XPO,1
2026-07-24,Trenčín,SPO,1
2026-07-24,Trenčín,XPO,1
2026-07-24,Trnava,SPO,1
2026-07-24,Žilina,SPO,8
2026-07-24,Žilina,BPO,2
2026-07-24,Žilina,XPO,1
2026-07-24,Žilina,XL,2
2026-07-25,Banská Bystrica,SPO,1
2026-07-25,Banská Bystrica,XPO,2
2026-07-25,Bratislava Centrála,SPO,39
2026-07-25,Bratislava Centrála,BPO,4
2026-07-25,Bratislava Centrála,XPO,15
2026-07-25,Bratislava Centrála,XL,7
2026-07-25,Bratislava Petržalka,SPO,1
2026-07-25,Bratislava Petržalka,BPO,1
2026-07-25,Budapest Újbuda Központ,SPO,1
2026-07-25,Budapešť Blaha,SPO,4
2026-07-25,CBP Budapešť centrála,SPO,62
2026-07-25,CBP Budapešť centrála,BPO,15
2026-07-25,CBP Budapešť centrála,XPO,10
2026-07-25,CBP Budapešť centrála,XL,1
2026-07-25,CBP Budapešť centrála,VB,1
2026-07-25,CZLC4,SPO,1902
2026-07-25,CZLC4,BPO,527
2026-07-25,HULC1,SPO,419
2026-07-25,HULC1,BPO,50
2026-07-25,HULC1,XPO,21
2026-07-25,HULC1,VB,16
2026-07-25,Košice,SPO,6
2026-07-25,Košice,XL,1
2026-07-25,LCU,XPO,282
2026-07-25,LCU,XL,33
2026-07-25,LCU,VB,335
2026-07-25,Nitra,SPO,9
2026-07-25,Nitra,BPO,5
2026-07-25,Nitra,XPO,1
2026-07-25,Pobočka HULC1,SPO,8
2026-07-25,Pobočka HULC1,BPO,2
2026-07-25,Pobočka HULC1,XPO,2
2026-07-25,Prešov,SPO,4
2026-07-25,Trnava,SPO,15
2026-07-25,Trnava,BPO,1
2026-07-25,Trnava,XPO,2
2026-07-25,Žilina,SPO,5
2026-07-25,Žilina,BPO,3
2026-07-25,Žilina,XPO,1
2026-07-25,Žilina,VB,2
2026-07-26,Banská Bystrica,SPO,2
2026-07-26,Banská Bystrica,BPO,2
2026-07-26,Bratislava Centrála,SPO,31
2026-07-26,Bratislava Centrála,BPO,5
2026-07-26,Bratislava Centrála,XPO,6
2026-07-26,Bratislava Centrála,VB,1
2026-07-26,Bratislava Petržalka,SPO,2
2026-07-26,Bratislava Petržalka,BPO,15
2026-07-26,Bratislava Petržalka,XPO,1
2026-07-26,Bratislava Petržalka,XL,1
2026-07-26,Budapešť Blaha,SPO,3
2026-07-26,Budapešť Blaha,XL,1
2026-07-26,CBP Budapešť centrála,SPO,47
2026-07-26,CBP Budapešť centrála,BPO,5
2026-07-26,CBP Budapešť centrála,XPO,10
2026-07-26,CZLC4,SPO,1783
2026-07-26,CZLC4,BPO,430
2026-07-26,HULC1,SPO,191
2026-07-26,HULC1,BPO,25
2026-07-26,HULC1,XPO,8
2026-07-26,HULC1,VB,9
2026-07-26,Košice,SPO,10
2026-07-26,Košice,BPO,1
2026-07-26,Košice,XPO,1
2026-07-26,LCU,SPO,1
2026-07-26,LCU,BPO,2
2026-07-26,LCU,XPO,156
2026-07-26,LCU,XL,18
2026-07-26,LCU,VB,4
2026-07-26,Nitra,BPO,1
2026-07-26,Pobočka HULC1,SPO,8
2026-07-26,Pobočka HULC1,BPO,1
2026-07-26,Pobočka HULC1,XPO,1
2026-07-26,Prešov,SPO,1
2026-07-26,Trnava,SPO,31
2026-07-26,Trnava,BPO,5
2026-07-26,Trnava,XPO,8
2026-07-26,Trnava,XL,3
2026-07-26,Trnava,VB,1
2026-07-26,Žilina,SPO,11
2026-07-26,Žilina,BPO,1
2026-07-27,Banská Bystrica,SPO,2
2026-07-27,Banská Bystrica,BPO,1
2026-07-27,Banská Bystrica,XL,2
2026-07-27,Bratislava Centrála,SPO,33
2026-07-27,Bratislava Centrála,BPO,12
2026-07-27,Bratislava Centrála,XPO,8
2026-07-27,Bratislava Centrála,XL,5
2026-07-27,Bratislava Centrála,VB,1
2026-07-27,Bratislava Petržalka,SPO,1
2026-07-27,Bratislava Petržalka,XL,1
2026-07-27,Budapest Újbuda Központ,SPO,8
2026-07-27,Budapest Újbuda Központ,BPO,1
2026-07-27,CBP Budapešť centrála,SPO,57
2026-07-27,CBP Budapešť centrála,BPO,14
2026-07-27,CBP Budapešť centrála,XPO,23
2026-07-27,CBP Budapešť centrála,VB,1
2026-07-27,CZLC4,SPO,1859
2026-07-27,CZLC4,BPO,572
2026-07-27,HULC1,SPO,263
2026-07-27,HULC1,BPO,53
2026-07-27,HULC1,XPO,27
2026-07-27,HULC1,XL,20
2026-07-27,HULC1,VB,31
2026-07-27,Košice,SPO,1
2026-07-27,LCU,XPO,1039
2026-07-27,LCU,XL,115
2026-07-27,LCU,VB,82
2026-07-27,Nitra,SPO,6
2026-07-27,Nitra,BPO,2
2026-07-27,Nitra,XPO,3
2026-07-27,Pobočka HULC1,SPO,4
2026-07-27,Pobočka HULC1,BPO,2
2026-07-27,Trenčín,SPO,9
2026-07-27,Trenčín,BPO,2
2026-07-27,Trenčín,XPO,1
2026-07-27,Trenčín,XL,1
2026-07-27,Trnava,SPO,12
2026-07-27,Trnava,BPO,5
2026-07-27,Trnava,XPO,2
2026-07-27,Trnava,XL,1
2026-07-27,Wien Karlsplatz,SPO,2
2026-07-27,Žilina,SPO,2
2026-07-27,Žilina,XPO,1
2026-07-28,Banská Bystrica,SPO,4
2026-07-28,Banská Bystrica,BPO,1
2026-07-28,Banská Bystrica,VB,1
2026-07-28,Bratislava Centrála,SPO,49
2026-07-28,Bratislava Centrála,BPO,13
2026-07-28,Bratislava Centrála,XPO,11
2026-07-28,Bratislava Centrála,XL,3
2026-07-28,Bratislava Petržalka,SPO,2
2026-07-28,Budapest Újbuda Központ,SPO,4
2026-07-28,CBP Budapešť centrála,SPO,59
2026-07-28,CBP Budapešť centrála,BPO,11
2026-07-28,CBP Budapešť centrála,XPO,10
2026-07-28,CBP Budapešť centrála,XL,1
2026-07-28,CBP Budapešť centrála,VB,2
2026-07-28,CZLC4,SPO,2491
2026-07-28,CZLC4,BPO,531
2026-07-28,CZLC4,XPO,2
2026-07-28,HULC1,SPO,397
2026-07-28,HULC1,BPO,48
2026-07-28,HULC1,XPO,45
2026-07-28,HULC1,XL,7
2026-07-28,HULC1,VB,4
2026-07-28,Košice,SPO,1
2026-07-28,LCU,XPO,502
2026-07-28,LCU,XL,69
2026-07-28,LCU,VB,139
2026-07-28,Nitra,SPO,4
2026-07-28,Nitra,BPO,2
2026-07-28,Nitra,XPO,2
2026-07-28,Nitra,XL,1
2026-07-28,Pobočka HULC1,SPO,5
2026-07-28,Pobočka HULC1,BPO,9
2026-07-28,Pobočka HULC1,XPO,1
2026-07-28,Prešov,BPO,2
2026-07-28,Prešov,XPO,2
2026-07-28,Prešov,XL,1
2026-07-28,Trenčín,SPO,6
2026-07-28,Trenčín,BPO,2
2026-07-28,Trenčín,XPO,3
2026-07-28,Trenčín,XL,1
2026-07-28,Trnava,BPO,1
2026-07-28,Trnava,XPO,1
2026-07-28,Trnava,XL,1
2026-07-28,Žilina,SPO,72
2026-07-28,Žilina,BPO,2
2026-07-28,Žilina,XPO,2
2026-07-28,Žilina,XL,1
2026-07-29,Banská Bystrica,BPO,1
2026-07-29,Banská Bystrica,XPO,1
2026-07-29,Bratislava Centrála,SPO,46
2026-07-29,Bratislava Centrála,BPO,8
2026-07-29,Bratislava Centrála,XPO,7
2026-07-29,Bratislava Centrála,XL,1
2026-07-29,Bratislava Centrála,VB,2
2026-07-29,Bratislava Petržalka,SPO,2
2026-07-29,Bratislava Petržalka,BPO,1
2026-07-29,Bratislava Petržalka,XL,1
2026-07-29,Budapešť Blaha,SPO,4
2026-07-29,CBP Budapešť centrála,SPO,64
2026-07-29,CBP Budapešť centrála,BPO,9
2026-07-29,CBP Budapešť centrála,XPO,16
2026-07-29,CBP Budapešť centrála,XL,2
2026-07-29,CBP Budapešť centrála,VB,2
2026-07-29,CZLC4,SPO,2109
2026-07-29,CZLC4,BPO,486
2026-07-29,HULC1,SPO,357
2026-07-29,HULC1,BPO,40
2026-07-29,HULC1,XPO,36
2026-07-29,HULC1,XL,19
2026-07-29,HULC1,VB,19
2026-07-29,Košice,SPO,10
2026-07-29,Košice,BPO,8
2026-07-29,Košice,XL,4
2026-07-29,LCU,BPO,2
2026-07-29,LCU,XPO,127
2026-07-29,LCU,XL,49
2026-07-29,LCU,VB,44
2026-07-29,Nitra,SPO,4
2026-07-29,Nitra,BPO,2
2026-07-29,Pobočka HULC1,SPO,4
2026-07-29,Pobočka HULC1,BPO,1
2026-07-29,Pobočka HULC1,XPO,1
2026-07-29,Prešov,XPO,2
2026-07-29,Trenčín,SPO,6
2026-07-29,Trenčín,XPO,2
2026-07-29,Trenčín,XL,1
2026-07-29,Trnava,SPO,14
2026-07-29,Trnava,BPO,3
2026-07-29,Trnava,XPO,7
2026-07-29,Trnava,XL,1
2026-07-29,Trnava,VB,1
2026-07-29,Žilina,SPO,7
2026-07-29,Žilina,BPO,7
2026-07-29,Žilina,XPO,3
2026-07-30,Banská Bystrica,SPO,2
2026-07-30,Banská Bystrica,BPO,1
2026-07-30,Banská Bystrica,XPO,1
2026-07-30,Banská Bystrica,XL,1
2026-07-30,Banská Bystrica,VB,1
2026-07-30,Bratislava Centrála,SPO,32
2026-07-30,Bratislava Centrála,BPO,11
2026-07-30,Bratislava Centrála,XPO,5
2026-07-30,Bratislava Centrála,XL,1
2026-07-30,Bratislava Centrála,VB,1
2026-07-30,Bratislava Petržalka,SPO,3
2026-07-30,Budapest Újbuda Központ,SPO,22
2026-07-30,Budapest Újbuda Központ,BPO,1
2026-07-30,Budapest Újbuda Központ,XPO,3
2026-07-30,Budapest Újbuda Központ,XL,1
2026-07-30,CBP Budapešť centrála,SPO,65
2026-07-30,CBP Budapešť centrála,BPO,19
2026-07-30,CBP Budapešť centrála,XPO,3
2026-07-30,CBP Budapešť centrála,XL,2
2026-07-30,CBP Budapešť centrála,VB,5
2026-07-30,CZLC4,SPO,1697
2026-07-30,CZLC4,BPO,493
2026-07-30,CZLC4,XPO,3
2026-07-30,HULC1,SPO,422
2026-07-30,HULC1,BPO,44
2026-07-30,HULC1,XPO,51
2026-07-30,HULC1,VB,34
2026-07-30,Košice,SPO,3
2026-07-30,LCU,SPO,1
2026-07-30,LCU,BPO,6
2026-07-30,LCU,XPO,207
2026-07-30,LCU,XL,31
2026-07-30,LCU,VB,78
2026-07-30,Nitra,SPO,1
2026-07-30,Nitra,BPO,4
2026-07-30,Nitra,XPO,3
2026-07-30,Pobočka HULC1,SPO,8
2026-07-30,Pobočka HULC1,BPO,1
2026-07-30,Prešov,SPO,1
2026-07-30,Trenčín,SPO,1
2026-07-30,Trenčín,BPO,2
2026-07-30,Trnava,SPO,25
2026-07-30,Trnava,BPO,3
2026-07-30,Žilina,SPO,5
2026-07-30,Žilina,BPO,2
2026-07-30,Žilina,XPO,1
2026-07-31,Banská Bystrica,SPO,7
2026-07-31,Banská Bystrica,BPO,1
2026-07-31,Banská Bystrica,XL,3
2026-07-31,Bratislava Centrála,SPO,6
2026-07-31,Bratislava Petržalka,SPO,2
2026-07-31,Budapest Újbuda Központ,SPO,2
2026-07-31,Budapest Újbuda Központ,BPO,1
2026-07-31,Budapest Újbuda Központ,XL,1
2026-07-31,Budapešť Blaha,XL,1
2026-07-31,Budapešť Blaha,VB,1
2026-07-31,CBP Budapešť centrála,SPO,38
2026-07-31,CBP Budapešť centrála,BPO,11
2026-07-31,CBP Budapešť centrála,XPO,5
2026-07-31,CBP Budapešť centrála,XL,2
2026-07-31,CBP Budapešť centrála,VB,1
2026-07-31,CZLC4,SPO,3207
2026-07-31,CZLC4,BPO,642
2026-07-31,CZLC4,XPO,1
2026-07-31,HULC1,SPO,312
2026-07-31,HULC1,BPO,74
2026-07-31,HULC1,XPO,93
2026-07-31,HULC1,XL,8
2026-07-31,HULC1,VB,16
2026-07-31,Košice,SPO,3
2026-07-31,Košice,BPO,1
2026-07-31,Košice,XPO,1
2026-07-31,Košice,XL,1
2026-07-31,LCU,SPO,1
2026-07-31,LCU,BPO,1
2026-07-31,LCU,XPO,249
2026-07-31,LCU,XL,30
2026-07-31,LCU,VB,72
2026-07-31,Nitra,SPO,3
2026-07-31,Nitra,XPO,3
2026-07-31,Nitra,XL,1
2026-07-31,Pobočka HULC1,SPO,6
2026-07-31,Pobočka HULC1,BPO,2
2026-07-31,Pobočka HULC1,XPO,5
2026-07-31,Prešov,SPO,1
2026-07-31,Trnava,SPO,27
2026-07-31,Trnava,BPO,5
2026-07-31,Trnava,XPO,5
2026-07-31,Trnava,XL,2
2026-07-31,Žilina,SPO,4
2026-07-31,Žilina,BPO,1
2026-07-31,Žilina,XPO,1
2026-08-01,Banská Bystrica,BPO,1
2026-08-01,Banská Bystrica,XPO,1
2026-08-01,Bratislava Centrála,SPO,64
2026-08-01,Bratislava Centrála,BPO,28
2026-08-01,Bratislava Centrála,XPO,15
2026-08-01,Bratislava Centrála,XL,1
2026-08-01,Bratislava Petržalka,SPO,7
2026-08-01,Bratislava Petržalka,BPO,1
2026-08-01,Bratislava Petržalka,XPO,1
2026-08-01,Budapešť Blaha,SPO,1
2026-08-01,Budapešť Blaha,XL,2
2026-08-01,CBP Budapešť centrála,SPO,75
2026-08-01,CBP Budapešť centrála,BPO,17
2026-08-01,CBP Budapešť centrála,XPO,8
2026-08-01,CBP Budapešť centrála,VB,1
2026-08-01,CZLC4,SPO,3145
2026-08-01,CZLC4,BPO,573
2026-08-01,HULC1,SPO,386
2026-08-01,HULC1,BPO,84
2026-08-01,HULC1,XPO,54
2026-08-01,HULC1,XL,8
2026-08-01,HULC1,VB,19
2026-08-01,Košice,SPO,9
2026-08-01,Košice,BPO,1
2026-08-01,Košice,XPO,1
2026-08-01,Košice,XL,1
2026-08-01,LCU,XPO,197
2026-08-01,LCU,XL,19
2026-08-01,LCU,VB,81
2026-08-01,Nitra,SPO,14
2026-08-01,Nitra,BPO,9
2026-08-01,Nitra,XPO,1
2026-08-01,Pobočka HULC1,SPO,10
2026-08-01,Pobočka HULC1,BPO,1
2026-08-01,Pobočka HULC1,XPO,2
2026-08-01,Prešov,SPO,22
2026-08-01,Prešov,BPO,8
2026-08-01,Prešov,XPO,2
2026-08-01,Prešov,XL,1
2026-08-01,Trenčín,SPO,10
2026-08-01,Trenčín,BPO,2
2026-08-01,Trnava,SPO,20
2026-08-01,Trnava,BPO,2
2026-08-01,Žilina,SPO,19
2026-08-01,Žilina,BPO,3
2026-08-01,Žilina,XPO,4
2026-08-01,Žilina,XL,2
2026-08-02,Banská Bystrica,BPO,1
2026-08-02,Banská Bystrica,XL,1
2026-08-02,Banská Bystrica,VB,1
2026-08-02,Bratislava Centrála,SPO,78
2026-08-02,Bratislava Centrála,BPO,11
2026-08-02,Bratislava Centrála,XPO,9
2026-08-02,Bratislava Centrála,XL,2
2026-08-02,Bratislava Petržalka,SPO,1
2026-08-02,Bratislava Petržalka,XL,1
2026-08-02,Budapešť Blaha,SPO,1
2026-08-02,CZLC4,SPO,2317
2026-08-02,CZLC4,BPO,436
2026-08-02,CZLC4,XPO,1
2026-08-02,HULC1,SPO,185
2026-08-02,HULC1,BPO,28
2026-08-02,HULC1,XPO,13
2026-08-02,HULC1,XL,5
2026-08-02,HULC1,VB,12
2026-08-02,Košice,SPO,5
2026-08-02,Košice,BPO,4
2026-08-02,Košice,XPO,3
2026-08-02,Košice,XL,1
2026-08-02,Košice,VB,1
2026-08-02,LCU,XPO,203
2026-08-02,LCU,XL,14
2026-08-02,LCU,VB,44
2026-08-02,Nitra,SPO,2
2026-08-02,Nitra,XPO,1
2026-08-02,Nitra,XL,1
2026-08-02,Pobočka HULC1,SPO,9
2026-08-02,Pobočka HULC1,BPO,5
2026-08-02,Pobočka HULC1,XPO,1
2026-08-02,Prešov,SPO,2
2026-08-02,Trnava,SPO,1
2026-08-02,Trnava,VB,1
2026-08-02,Žilina,SPO,10
2026-08-02,Žilina,BPO,5
2026-08-02,Žilina,XPO,1
2026-08-02,Žilina,XL,1
2026-08-03,Banská Bystrica,SPO,6
2026-08-03,Banská Bystrica,BPO,3
2026-08-03,Banská Bystrica,XPO,1
2026-08-03,Banská Bystrica,XL,1
2026-08-03,Bratislava Centrála,SPO,51
2026-08-03,Bratislava Centrála,BPO,5
2026-08-03,Bratislava Centrála,XPO,4
2026-08-03,Bratislava Centrála,XL,5
2026-08-03,Bratislava Petržalka,XL,1
2026-08-03,Brno Lískovec,SPO,1
2026-08-03,Budapešť Blaha,SPO,3
2026-08-03,CBP Budapešť centrála,SPO,60
2026-08-03,CBP Budapešť centrála,BPO,16
2026-08-03,CBP Budapešť centrála,XPO,7
2026-08-03,CBP Budapešť centrála,XL,5
2026-08-03,CBP Budapešť centrála,VB,4
2026-08-03,CZLC4,SPO,2752
2026-08-03,CZLC4,BPO,593
2026-08-03,CZLC4,XPO,2
2026-08-03,HULC1,SPO,227
2026-08-03,HULC1,BPO,74
2026-08-03,HULC1,XPO,10
2026-08-03,HULC1,XL,18
2026-08-03,HULC1,VB,40
2026-08-03,Košice,SPO,13
2026-08-03,Košice,BPO,1
2026-08-03,LCU,BPO,1
2026-08-03,LCU,XPO,337
2026-08-03,LCU,XL,55
2026-08-03,LCU,VB,132
2026-08-03,Nitra,SPO,9
2026-08-03,Nitra,XPO,1
2026-08-03,Nitra,XL,1
2026-08-03,Nitra,VB,1
2026-08-03,Olomouc,SPO,7
2026-08-03,Olomouc,BPO,1
2026-08-03,Olomouc,XPO,1
2026-08-03,Pobočka HULC1,SPO,3
2026-08-03,Pobočka HULC1,BPO,1
2026-08-03,Pobočka HULC1,XPO,1
2026-08-03,Prešov,VB,1
2026-08-03,Trenčín,SPO,17
2026-08-03,Trenčín,BPO,9
2026-08-03,Trnava,SPO,14
2026-08-03,Trnava,BPO,2
2026-08-03,Trnava,XPO,2
2026-08-03,Wien Karlsplatz,SPO,3
2026-08-03,Wien Karlsplatz,XL,1
2026-08-03,Žilina,SPO,4
2026-08-03,Žilina,BPO,3
2026-08-03,Žilina,XPO,3
2026-08-03,Žilina,XL,1
2026-08-04,Banská Bystrica,BPO,1
2026-08-04,Banská Bystrica,XL,1
2026-08-04,Bratislava Centrála,SPO,38
2026-08-04,Bratislava Centrála,BPO,6
2026-08-04,Bratislava Centrála,XPO,6
2026-08-04,Bratislava Petržalka,SPO,2
2026-08-04,Bratislava Petržalka,XPO,1
2026-08-04,Brno,SPO,107
2026-08-04,Brno,BPO,16
2026-08-04,Brno,XPO,27
2026-08-04,Brno,XL,2
2026-08-04,Brno,VB,1
2026-08-04,Brno Lískovec,SPO,15
2026-08-04,Brno Lískovec,BPO,1
2026-08-04,Brno Lískovec,XPO,7
2026-08-04,Budapešť Blaha,SPO,5
2026-08-04,CBP Budapešť centrála,SPO,13
2026-08-04,CBP Budapešť centrála,BPO,1
2026-08-04,CBP Budapešť centrála,XPO,1
2026-08-04,CZLC4,SPO,3300
2026-08-04,CZLC4,BPO,746
2026-08-04,HULC1,SPO,389
2026-08-04,HULC1,BPO,66
2026-08-04,HULC1,XPO,30
2026-08-04,HULC1,XL,4
2026-08-04,HULC1,VB,32
2026-08-04,Košice,SPO,3
2026-08-04,Košice,BPO,2
2026-08-04,Košice,XPO,1
2026-08-04,Košice,XL,2
2026-08-04,Košice,VB,1
2026-08-04,LCU,XPO,382
2026-08-04,LCU,XL,115
2026-08-04,LCU,VB,64
2026-08-04,Nitra,SPO,10
2026-08-04,Nitra,BPO,1
2026-08-04,Nitra,XPO,2
2026-08-04,Nitra,XL,1
2026-08-04,Olomouc,SPO,12
2026-08-04,Olomouc,BPO,1
2026-08-04,Olomouc,XPO,1
2026-08-04,Olomouc,XL,1
2026-08-04,Pobočka HULC1,SPO,11
2026-08-04,Pobočka HULC1,BPO,2
2026-08-04,Pobočka HULC1,XPO,4
2026-08-04,Prešov,SPO,5
2026-08-04,Prešov,BPO,1
2026-08-04,Prešov,XL,1
2026-08-04,Prostějov,XPO,1
2026-08-04,Trenčín,SPO,2
2026-08-04,Trenčín,XPO,2
2026-08-04,Trenčín,XL,1
2026-08-04,Trnava,SPO,5
2026-08-04,Trnava,BPO,1
2026-08-04,Trnava,XPO,1
2026-08-04,Wien Karlsplatz,SPO,9
2026-08-04,Zlín,SPO,1
2026-08-04,Zlín,XPO,2
2026-08-04,Zlín,XL,1
2026-08-04,Žilina,SPO,10
2026-08-04,Žilina,BPO,3
2026-08-05,Banská Bystrica,SPO,1
2026-08-05,Banská Bystrica,XL,1
2026-08-05,Banská Bystrica,VB,1
2026-08-05,Bratislava Centrála,SPO,64
2026-08-05,Bratislava Centrála,BPO,14
2026-08-05,Bratislava Centrála,XPO,15
2026-08-05,Bratislava Centrála,XL,2
2026-08-05,Bratislava Petržalka,SPO,2
2026-08-05,Bratislava Petržalka,XL,1
2026-08-05,Brno,SPO,24
2026-08-05,Brno,BPO,8
2026-08-05,Brno,XPO,7
2026-08-05,Brno,XL,1
2026-08-05,Brno Lískovec,SPO,10
2026-08-05,Brno Lískovec,BPO,3
2026-08-05,Brno Lískovec,XPO,1
2026-08-05,Brno Lískovec,XL,1
2026-08-05,Brno Lískovec,VB,1
2026-08-05,CBP Budapešť centrála,SPO,118
2026-08-05,CBP Budapešť centrála,BPO,17
2026-08-05,CBP Budapešť centrála,XPO,11
2026-08-05,CBP Budapešť centrála,VB,1
2026-08-05,CZLC4,SPO,4010
2026-08-05,CZLC4,BPO,681
2026-08-05,CZLC4,XPO,1
2026-08-05,HULC1,SPO,492
2026-08-05,HULC1,BPO,56
2026-08-05,HULC1,XPO,16
2026-08-05,HULC1,XL,15
2026-08-05,HULC1,VB,30
2026-08-05,Košice,SPO,2
2026-08-05,Košice,BPO,7
2026-08-05,Košice,XPO,3
2026-08-05,LCS,SPO,1
2026-08-05,LCU,XPO,510
2026-08-05,LCU,XL,78
2026-08-05,LCU,VB,209
2026-08-05,Nitra,SPO,9
2026-08-05,Nitra,BPO,6
2026-08-05,Nitra,XPO,1
2026-08-05,Olomouc,SPO,6
2026-08-05,Olomouc,BPO,6
2026-08-05,Olomouc,XPO,7
2026-08-05,Pobočka HULC1,SPO,7
2026-08-05,Pobočka HULC1,BPO,3
2026-08-05,Prešov,SPO,7
2026-08-05,Prešov,BPO,3
2026-08-05,Prešov,XPO,2
2026-08-05,Trenčín,SPO,1
2026-08-05,Trenčín,BPO,1
2026-08-05,Trnava,SPO,25
2026-08-05,Trnava,BPO,2
2026-08-05,Trnava,XPO,3
2026-08-05,Wien Karlsplatz,SPO,1
2026-08-05,Wien Karlsplatz,BPO,1
2026-08-05,Zlín,SPO,3
2026-08-05,Zlín,BPO,1
2026-08-05,Žilina,SPO,11
2026-08-05,Žilina,XL,1
2026-08-06,Banská Bystrica,SPO,1
2026-08-06,Banská Bystrica,BPO,1
2026-08-06,Banská Bystrica,XPO,1
2026-08-06,Bratislava Centrála,SPO,34
2026-08-06,Bratislava Centrála,BPO,8
2026-08-06,Bratislava Centrála,XPO,14
2026-08-06,Bratislava Centrála,XL,1
2026-08-06,Bratislava Petržalka,SPO,4
2026-08-06,Bratislava Petržalka,XL,2
2026-08-06,Bratislava Petržalka,VB,1
2026-08-06,Brno,SPO,31
2026-08-06,Brno,BPO,1
2026-08-06,Brno,XPO,4
2026-08-06,Brno,VB,1
2026-08-06,Brno Lískovec,SPO,26
2026-08-06,Brno Lískovec,BPO,11
2026-08-06,Brno Lískovec,XPO,1
2026-08-06,Brno Lískovec,XL,3
2026-08-06,Budapešť Blaha,SPO,7
2026-08-06,CBP Budapešť centrála,SPO,44
2026-08-06,CBP Budapešť centrála,BPO,5
2026-08-06,CBP Budapešť centrála,XPO,5
2026-08-06,CBP Budapešť centrála,XL,2
2026-08-06,CBP Budapešť centrála,VB,1
2026-08-06,CZLC4,SPO,3089
2026-08-06,CZLC4,BPO,740
2026-08-06,CZLC4,XPO,4
2026-08-06,HULC1,SPO,314
2026-08-06,HULC1,BPO,63
2026-08-06,HULC1,XPO,35
2026-08-06,HULC1,XL,8
2026-08-06,HULC1,VB,209
2026-08-06,Košice,SPO,14
2026-08-06,Košice,BPO,1
2026-08-06,Košice,XPO,3
2026-08-06,Košice,XL,1
2026-08-06,LCU,XPO,344
2026-08-06,LCU,XL,38
2026-08-06,LCU,VB,176
2026-08-06,Nitra,SPO,2
2026-08-06,Nitra,BPO,1
2026-08-06,Nitra,XPO,2
2026-08-06,Olomouc,SPO,3
2026-08-06,Olomouc,BPO,1
2026-08-06,Olomouc,XPO,4
2026-08-06,Olomouc,VB,1
2026-08-06,Pobočka HULC1,SPO,18
2026-08-06,Pobočka HULC1,BPO,2
2026-08-06,Pobočka HULC1,XPO,2
2026-08-06,Prešov,SPO,2
2026-08-06,Prešov,XPO,1
2026-08-06,Prešov,XL,1
2026-08-06,Prostějov,SPO,4
2026-08-06,Prostějov,BPO,1
2026-08-06,Trenčín,SPO,17
2026-08-06,Trenčín,BPO,2
2026-08-06,Trenčín,VB,1
2026-08-06,Trnava,SPO,11
2026-08-06,Trnava,BPO,2
2026-08-06,Trnava,XPO,2
2026-08-06,Trnava,XL,1
2026-08-06,Zlín,SPO,9
2026-08-06,Zlín,XPO,2
2026-08-06,Zlín,XL,1
2026-08-06,Žilina,SPO,3
2026-08-06,Žilina,BPO,3
2026-08-06,Žilina,XPO,3
2026-08-07,Banská Bystrica,SPO,2
2026-08-07,Bratislava Centrála,SPO,37
2026-08-07,Bratislava Centrála,BPO,4
2026-08-07,Bratislava Centrála,XPO,6
2026-08-07,Bratislava Centrála,XL,9
2026-08-07,Bratislava Centrála,VB,1
2026-08-07,Bratislava Petržalka,SPO,1
2026-08-07,Brno,SPO,22
2026-08-07,Brno,BPO,7
2026-08-07,Brno,XPO,1
2026-08-07,Brno,XL,1
2026-08-07,Brno,VB,2
2026-08-07,Brno Lískovec,SPO,5
2026-08-07,Brno Lískovec,XPO,2
2026-08-07,Brno Lískovec,VB,1
2026-08-07,Budapest Újbuda Központ,SPO,8
2026-08-07,Budapest Újbuda Központ,BPO,1
2026-08-07,Budapest Újbuda Központ,XPO,3
2026-08-07,Budapešť Blaha,XPO,1
2026-08-07,CBP Budapešť centrála,SPO,41
2026-08-07,CBP Budapešť centrála,BPO,7
2026-08-07,CBP Budapešť centrála,XPO,3
2026-08-07,CBP Budapešť centrála,XL,1
2026-08-07,CBP Budapešť centrála,VB,3
2026-08-07,CZLC4,SPO,4109
2026-08-07,CZLC4,BPO,994
2026-08-07,CZLC4,XPO,1
2026-08-07,HULC1,SPO,470
2026-08-07,HULC1,BPO,48
2026-08-07,HULC1,XPO,31
2026-08-07,HULC1,XL,12
2026-08-07,HULC1,VB,83
2026-08-07,Košice,SPO,2
2026-08-07,Košice,BPO,17
2026-08-07,Košice,XPO,2
2026-08-07,LCU,XPO,433
2026-08-07,LCU,XL,98
2026-08-07,LCU,VB,308
2026-08-07,Nitra,SPO,4
2026-08-07,Nitra,BPO,3
2026-08-07,Nitra,XPO,1
2026-08-07,Olomouc,SPO,2
2026-08-07,Olomouc,BPO,1
2026-08-07,Olomouc,XPO,3
2026-08-07,Olomouc,XL,2
2026-08-07,Pobočka HULC1,SPO,5
2026-08-07,Prešov,SPO,2
2026-08-07,Prešov,BPO,1
2026-08-07,Prostějov,SPO,4
2026-08-07,Prostějov,BPO,2
2026-08-07,Prostějov,XPO,1
2026-08-07,Trenčín,BPO,2
2026-08-07,Trnava,SPO,9
2026-08-07,Trnava,BPO,4
2026-08-07,Trnava,XPO,1
2026-08-07,Zlín,SPO,2
2026-08-07,Zlín,BPO,2
2026-08-07,Zlín,XPO,2
2026-08-07,Zlín,XL,1
2026-08-07,Zlín,VB,1
2026-08-07,Žilina,SPO,8
2026-08-07,Žilina,BPO,6
2026-08-07,Žilina,XL,2
2026-08-07,Žilina,VB,1
2026-08-08,Banská Bystrica,BPO,1
2026-08-08,Banská Bystrica,XPO,1
2026-08-08,Bratislava Centrála,SPO,37
2026-08-08,Bratislava Centrála,BPO,20
2026-08-08,Bratislava Centrála,XPO,8
2026-08-08,Bratislava Centrála,XL,4
2026-08-08,Bratislava Centrála,VB,1
2026-08-08,Bratislava Petržalka,SPO,2
2026-08-08,Bratislava Petržalka,BPO,4
2026-08-08,Bratislava Petržalka,XPO,1
2026-08-08,Bratislava Petržalka,XL,1
2026-08-08,Brno,SPO,46
2026-08-08,Brno,BPO,3
2026-08-08,Brno,XPO,4
2026-08-08,Brno,VB,1
2026-08-08,Brno Lískovec,SPO,24
2026-08-08,Brno Lískovec,BPO,5
2026-08-08,Brno Lískovec,XPO,5
2026-08-08,Brno Lískovec,VB,2
2026-08-08,Budapešť Blaha,XL,1
2026-08-08,CBP Budapešť centrála,SPO,63
2026-08-08,CBP Budapešť centrála,BPO,10
2026-08-08,CBP Budapešť centrála,XPO,9
2026-08-08,CBP Budapešť centrála,XL,2
2026-08-08,CBP Budapešť centrála,VB,3
2026-08-08,CZLC4,SPO,3587
2026-08-08,CZLC4,BPO,579
2026-08-08,HULC1,SPO,435
2026-08-08,HULC1,BPO,60
2026-08-08,HULC1,XPO,12
2026-08-08,HULC1,XL,13
2026-08-08,HULC1,VB,27
2026-08-08,Košice,SPO,5
2026-08-08,Košice,XL,1
2026-08-08,Košice,VB,1
2026-08-08,LCU,BPO,7
2026-08-08,LCU,XPO,278
2026-08-08,LCU,XL,58
2026-08-08,LCU,VB,56
2026-08-08,Nitra,SPO,13
2026-08-08,Nitra,BPO,3
2026-08-08,Nitra,VB,3
2026-08-08,Olomouc,SPO,1
2026-08-08,Olomouc,BPO,1
2026-08-08,Olomouc,XPO,4
2026-08-08,Olomouc,XL,1
2026-08-08,Pobočka HULC1,SPO,12
2026-08-08,Pobočka HULC1,BPO,4
2026-08-08,Pobočka HULC1,XPO,2
2026-08-08,Prešov,SPO,2
2026-08-08,Prostějov,SPO,3
2026-08-08,Prostějov,XL,1
2026-08-08,Trnava,SPO,6
2026-08-08,Trnava,BPO,10
2026-08-08,Wien Karlsplatz,BPO,1
2026-08-08,Wien Karlsplatz,XPO,2
2026-08-08,Zlín,SPO,1
2026-08-08,Zlín,XPO,2
2026-08-08,Žilina,SPO,9
2026-08-08,Žilina,XPO,1
2026-08-09,Banská Bystrica,SPO,3
2026-08-09,Banská Bystrica,XPO,1
2026-08-09,Banská Bystrica,XL,1
2026-08-09,Bratislava Centrála,SPO,78
2026-08-09,Bratislava Centrála,BPO,14
2026-08-09,Bratislava Centrála,XPO,15
2026-08-09,Bratislava Centrála,XL,3
2026-08-09,Bratislava Petržalka,SPO,2
2026-08-09,Bratislava Petržalka,VB,1
2026-08-09,Brno,SPO,20
2026-08-09,Brno,BPO,4
2026-08-09,Brno,XPO,11
2026-08-09,Brno,XL,5
2026-08-09,Brno Lískovec,SPO,6
2026-08-09,Brno Lískovec,BPO,4
2026-08-09,Brno Lískovec,XPO,1
2026-08-09,Brno Lískovec,XL,2
2026-08-09,CBP Budapešť centrála,SPO,65
2026-08-09,CBP Budapešť centrála,BPO,13
2026-08-09,CBP Budapešť centrála,XPO,7
2026-08-09,CBP Budapešť centrála,XL,2
2026-08-09,CBP Budapešť centrála,VB,1
2026-08-09,CZLC4,SPO,2708
2026-08-09,CZLC4,BPO,453
2026-08-09,HULC1,SPO,319
2026-08-09,HULC1,BPO,22
2026-08-09,HULC1,XPO,6
2026-08-09,HULC1,XL,20
2026-08-09,HULC1,VB,15
2026-08-09,Košice,SPO,3
2026-08-09,Košice,BPO,6
2026-08-09,Košice,XPO,10
2026-08-09,LCU,SPO,2
2026-08-09,LCU,BPO,3
2026-08-09,LCU,XPO,121
2026-08-09,LCU,XL,28
2026-08-09,LCU,VB,54
2026-08-09,Nitra,SPO,3
2026-08-09,Nitra,BPO,1
2026-08-09,Nitra,XPO,5
2026-08-09,Olomouc,SPO,7
2026-08-09,Olomouc,XPO,4
2026-08-09,Olomouc,XL,1
2026-08-09,Olomouc,VB,1
2026-08-09,Pobočka HULC1,SPO,11
2026-08-09,Pobočka HULC1,BPO,2
2026-08-09,Pobočka HULC1,XPO,2
2026-08-09,Prešov,SPO,1
2026-08-09,Prešov,BPO,2
2026-08-09,Prešov,XPO,4
2026-08-09,Trnava,SPO,13
2026-08-09,Trnava,BPO,13
2026-08-09,Trnava,XPO,4
2026-08-09,Trnava,XL,1
2026-08-09,Zlín,SPO,7
2026-08-09,Zlín,XPO,1
2026-08-09,Žilina,SPO,10
2026-08-09,Žilina,BPO,1
2026-08-09,Žilina,XPO,4
2026-08-10,Banská Bystrica,SPO,3
2026-08-10,Banská Bystrica,BPO,3
2026-08-10,Banská Bystrica,XPO,1
2026-08-10,Bratislava Centrála,SPO,28
2026-08-10,Bratislava Centrála,BPO,6
2026-08-10,Bratislava Centrála,XPO,3
2026-08-10,Bratislava Centrála,XL,2
2026-08-10,Bratislava Petržalka,SPO,8
2026-08-10,Bratislava Petržalka,XPO,1
2026-08-10,Bratislava Petržalka,XL,1
2026-08-10,Brno,SPO,38
2026-08-10,Brno,BPO,3
2026-08-10,Brno,XPO,10
2026-08-10,Brno,XL,1
2026-08-10,Brno,VB,1
2026-08-10,Brno Lískovec,SPO,2
2026-08-10,Brno Lískovec,XPO,4
2026-08-10,Brno Lískovec,XL,2
2026-08-10,Budapešť Blaha,SPO,2
2026-08-10,Budapešť Blaha,XL,1
2026-08-10,CBP Budapešť centrála,SPO,77
2026-08-10,CBP Budapešť centrála,BPO,14
2026-08-10,CBP Budapešť centrála,XPO,9
2026-08-10,CBP Budapešť centrála,XL,1
2026-08-10,CBP Budapešť centrála,VB,1
2026-08-10,CZLC4,SPO,2490
2026-08-10,CZLC4,BPO,603
2026-08-10,HULC1,SPO,295
2026-08-10,HULC1,BPO,36
2026-08-10,HULC1,XPO,15
2026-08-10,HULC1,XL,4
2026-08-10,HULC1,VB,63
2026-08-10,Košice,SPO,3
2026-08-10,Košice,BPO,2
2026-08-10,Košice,XPO,1
2026-08-10,LCU,XPO,221
2026-08-10,LCU,XL,82
2026-08-10,LCU,VB,140
2026-08-10,Nitra,SPO,14
2026-08-10,Nitra,BPO,6
2026-08-10,Nitra,XPO,3
2026-08-10,Olomouc,SPO,15
2026-08-10,Olomouc,BPO,2
2026-08-10,Olomouc,XPO,5
2026-08-10,Pobočka HULC1,SPO,3
2026-08-10,Pobočka HULC1,BPO,2
2026-08-10,Prešov,SPO,3
2026-08-10,Prešov,XL,1
2026-08-10,Trenčín,SPO,6
2026-08-10,Trenčín,XPO,2
2026-08-10,Trenčín,XL,1
2026-08-10,Trnava,SPO,11
2026-08-10,Trnava,BPO,5
2026-08-10,Trnava,XPO,3
2026-08-10,Trnava,XL,5
2026-08-10,Trnava,VB,2
2026-08-10,Wien Karlsplatz,SPO,2
2026-08-10,Wien Karlsplatz,XPO,1
2026-08-10,Zlín,XPO,1
2026-08-10,Zlín,VB,1
2026-08-10,Žilina,SPO,6
2026-08-10,Žilina,BPO,3
2026-08-10,Žilina,XPO,2
2026-08-11,Banská Bystrica,SPO,1
2026-08-11,Banská Bystrica,XPO,2
2026-08-11,Banská Bystrica,XL,2
2026-08-11,Bratislava Centrála,SPO,61
2026-08-11,Bratislava Centrála,BPO,10
2026-08-11,Bratislava Centrála,XPO,19
2026-08-11,Bratislava Centrála,XL,2
2026-08-11,Bratislava Centrála,VB,1
2026-08-11,Bratislava Petržalka,SPO,1
2026-08-11,Bratislava Petržalka,XPO,1
2026-08-11,Bratislava Petržalka,VB,2
2026-08-11,Brno,SPO,21
2026-08-11,Brno,BPO,2
2026-08-11,Brno,XPO,4
2026-08-11,Brno,XL,2
2026-08-11,Brno,VB,1
2026-08-11,Brno Lískovec,SPO,20
2026-08-11,Brno Lískovec,BPO,1
2026-08-11,Budapest Újbuda Központ,SPO,6
2026-08-11,Budapest Újbuda Központ,BPO,1
2026-08-11,Budapešť Blaha,SPO,1
2026-08-11,Budapešť Blaha,BPO,2
2026-08-11,Budapešť Blaha,XL,1
2026-08-11,CBP Budapešť centrála,SPO,52
2026-08-11,CBP Budapešť centrála,BPO,8
2026-08-11,CBP Budapešť centrála,XPO,19
2026-08-11,CBP Budapešť centrála,XL,4
2026-08-11,CZLC4,SPO,3861
2026-08-11,CZLC4,BPO,939
2026-08-11,CZLC4,XPO,2
2026-08-11,HULC1,SPO,358
2026-08-11,HULC1,BPO,55
2026-08-11,HULC1,XPO,26
2026-08-11,HULC1,XL,10
2026-08-11,HULC1,VB,155
2026-08-11,Košice,SPO,7
2026-08-11,Košice,XPO,1
2026-08-11,LCU,XPO,418
2026-08-11,LCU,XL,114
2026-08-11,LCU,VB,133
2026-08-11,Nitra,SPO,4
2026-08-11,Nitra,VB,1
2026-08-11,Olomouc,SPO,13
2026-08-11,Olomouc,BPO,2
2026-08-11,Olomouc,XPO,2
2026-08-11,Olomouc,XL,1
2026-08-11,Pobočka HULC1,SPO,4
2026-08-11,Pobočka HULC1,BPO,1
2026-08-11,Pobočka HULC1,XPO,1
2026-08-11,Prešov,SPO,5
2026-08-11,Prešov,XPO,1
2026-08-11,Prešov,XL,1
2026-08-11,Prostějov,SPO,1
2026-08-11,Prostějov,XL,1
2026-08-11,Trenčín,SPO,5
2026-08-11,Trenčín,BPO,1
2026-08-11,Trenčín,XPO,4
2026-08-11,Trnava,SPO,15
2026-08-11,Trnava,XPO,2
2026-08-11,Trnava,XL,1
2026-08-11,Zlín,BPO,2
2026-08-11,Zlín,XPO,2
2026-08-11,Zlín,XL,1
2026-08-11,Žilina,SPO,2
2026-08-11,Žilina,BPO,1
2026-08-11,Žilina,XPO,4
2026-08-11,Žilina,XL,1
2026-08-12,Bratislava Centrála,SPO,13
2026-08-12,Bratislava Centrála,BPO,3
2026-08-12,Brno,SPO,22
2026-08-12,Brno,BPO,2
2026-08-12,Brno Lískovec,SPO,6
2026-08-12,Brno Lískovec,BPO,1
2026-08-12,Budapest Újbuda Központ,SPO,7
2026-08-12,Budapešť Blaha,SPO,7
2026-08-12,CBP Budapešť centrála,SPO,22
2026-08-12,CBP Budapešť centrála,BPO,2
2026-08-12,CBP Budapešť centrála,XPO,1
2026-08-12,CZLC4,SPO,2636
2026-08-12,CZLC4,BPO,922
2026-08-12,HULC1,SPO,10
2026-08-12,HULC1,BPO,7
2026-08-12,HULC1,XL,45
2026-08-12,HULC1,VB,36
2026-08-12,Košice,SPO,7
2026-08-12,LCS,XPO,1
2026-08-12,LCU,SPO,1
2026-08-12,LCU,XPO,211
2026-08-12,LCU,XL,97
2026-08-12,LCU,VB,52
2026-08-12,Nitra,SPO,3
2026-08-12,Olomouc,SPO,12
2026-08-12,Pobočka HULC1,SPO,6
2026-08-12,Prešov,SPO,8
2026-08-12,Prostějov,SPO,5
2026-08-12,Trenčín,SPO,8
2026-08-12,Trnava,SPO,21
2026-08-12,Trnava,BPO,5
2026-08-12,Trnava,XPO,2
2026-08-12,Wien Karlsplatz,BPO,1
2026-08-12,Zlín,SPO,12
2026-08-12,Žilina,SPO,10
2026-08-12,Žilina,BPO,1
2026-08-12,Žilina,XPO,1
