datum,protistrana,geosize,joblines
2026-02-28,Banská Bystrica,SPO,5
2026-02-28,Bratislava Centrála,SPO,269
2026-02-28,Bratislava Centrála,BPO,100
2026-02-28,Bratislava Centrála,XPO,67
2026-02-28,Bratislava Centrála,XL,16
2026-02-28,Bratislava Petržalka,SPO,3
2026-02-28,Budapest Újbuda Központ,SPO,2
2026-02-28,Budapešť Blaha,SPO,131
2026-02-28,Budapešť Blaha,BPO,20
2026-02-28,CBP Budapešť centrála,SPO,439
2026-02-28,CBP Budapešť centrála,BPO,104
2026-02-28,CBP Budapešť centrála,XPO,18
2026-02-28,CBP Budapešť centrála,XL,8
2026-02-28,CZLC4,SPO,501
2026-02-28,CZLC4,BPO,243
2026-02-28,CZLC4,XPO,16
2026-02-28,Dunajská Streda,SPO,1
2026-02-28,Košice,SPO,5
2026-02-28,LCU,XPO,50
2026-02-28,LCU,XL,5
2026-02-28,LCU,VB,9
2026-02-28,Nitra,SPO,5
2026-02-28,Pobočka HULC1,SPO,4
2026-02-28,Pobočka Senec,SPO,1
2026-02-28,Prešov,SPO,1
2026-02-28,Trenčín,SPO,1
2026-02-28,Trnava,SPO,2
2026-02-28,Žilina,SPO,4
2026-03-01,Banská Bystrica,SPO,2
2026-03-01,Bratislava Centrála,SPO,170
2026-03-01,Bratislava Centrála,BPO,28
2026-03-01,Bratislava Petržalka,SPO,1
2026-03-01,Budapest Újbuda Központ,SPO,5
2026-03-01,Budapešť Blaha,SPO,3
2026-03-01,CBP Budapešť centrála,SPO,106
2026-03-01,CBP Budapešť centrála,BPO,76
2026-03-01,CBP Budapešť centrála,XPO,16
2026-03-01,CBP Budapešť centrála,XL,18
2026-03-01,CZLC4,SPO,125
2026-03-01,CZLC4,BPO,121
2026-03-01,CZLC4,XPO,10
2026-03-01,Dunajská Streda,SPO,1
2026-03-01,Košice,SPO,4
2026-03-01,LCU,XPO,15
2026-03-01,LCU,XL,42
2026-03-01,LCU,VB,62
2026-03-01,Nitra,SPO,6
2026-03-01,Pobočka HULC1,SPO,2
2026-03-01,Pobočka Senec,SPO,1
2026-03-01,Prešov,SPO,2
2026-03-01,Trenčín,SPO,3
2026-03-01,Trnava,SPO,1
2026-03-01,Žilina,SPO,2
2026-03-02,Banská Bystrica,SPO,2
2026-03-02,Bratislava Centrála,SPO,167
2026-03-02,Bratislava Centrála,BPO,86
2026-03-02,Bratislava Centrála,XPO,53
2026-03-02,Bratislava Centrála,XL,6
2026-03-02,Bratislava Petržalka,SPO,2
2026-03-02,Budapešť Blaha,SPO,4
2026-03-02,CBP Budapešť centrála,SPO,94
2026-03-02,CBP Budapešť centrála,BPO,51
2026-03-02,CBP Budapešť centrála,XPO,18
2026-03-02,CBP Budapešť centrála,XL,13
2026-03-02,CZLC4,SPO,450
2026-03-02,CZLC4,BPO,100
2026-03-02,CZLC4,XPO,15
2026-03-02,Dunajská Streda,SPO,2
2026-03-02,Košice,SPO,5
2026-03-02,LCU,XPO,19
2026-03-02,LCU,XL,5
2026-03-02,LCU,VB,66
2026-03-02,Nitra,SPO,3
2026-03-02,Pobočka Senec,SPO,2
2026-03-02,Prešov,SPO,3
2026-03-02,Trenčín,SPO,2
2026-03-02,Trnava,SPO,5
2026-03-02,Wien Karlsplatz,SPO,1
2026-03-02,Žilina,SPO,6
2026-03-03,Banská Bystrica,SPO,5
2026-03-03,Bratislava Centrála,SPO,263
2026-03-03,Bratislava Centrála,BPO,69
2026-03-03,Bratislava Centrála,XPO,18
2026-03-03,Bratislava Petržalka,SPO,2
2026-03-03,Bratislava Petržalka,BPO,3
2026-03-03,Budapest Újbuda Központ,SPO,5
2026-03-03,Budapešť Blaha,SPO,6
2026-03-03,CBP Budapešť centrála,SPO,254
2026-03-03,CBP Budapešť centrála,BPO,36
2026-03-03,CBP Budapešť centrála,XPO,20
2026-03-03,CBP Budapešť centrála,XL,11
2026-03-03,CZLC4,SPO,637
2026-03-03,CZLC4,BPO,254
2026-03-03,CZLC4,XPO,24
2026-03-03,Dunajská Streda,SPO,1
2026-03-03,Dunajská Streda,BPO,1
2026-03-03,Košice,SPO,3
2026-03-03,LCU,XPO,26
2026-03-03,LCU,XL,56
2026-03-03,LCU,VB,85
2026-03-03,Nitra,SPO,2
2026-03-03,Nitra,BPO,1
2026-03-03,Pobočka HULC1,SPO,8
2026-03-03,Prešov,SPO,5
2026-03-03,Prešov,BPO,3
2026-03-03,Trenčín,SPO,6
2026-03-03,Trenčín,BPO,3
2026-03-03,Trnava,SPO,5
2026-03-03,Žilina,SPO,5
2026-03-04,Banská Bystrica,SPO,8
2026-03-04,Bratislava Centrála,SPO,281
2026-03-04,Bratislava Centrála,BPO,60
2026-03-04,Bratislava Centrála,XPO,12
2026-03-04,Bratislava Centrála,XL,17
2026-03-04,Budapest Újbuda Központ,SPO,2
2026-03-04,Budapešť Blaha,SPO,11
2026-03-04,CBP Budapešť centrála,SPO,202
2026-03-04,CBP Budapešť centrála,BPO,55
2026-03-04,CBP Budapešť centrála,XPO,19
2026-03-04,CZLC4,SPO,449
2026-03-04,CZLC4,BPO,106
2026-03-04,CZLC4,XPO,27
2026-03-04,Dunajská Streda,SPO,8
2026-03-04,Dunajská Streda,BPO,1
2026-03-04,Košice,SPO,3
2026-03-04,LCU,XPO,16
2026-03-04,LCU,XL,53
2026-03-04,LCU,VB,35
2026-03-04,Nitra,SPO,7
2026-03-04,Pobočka HULC1,SPO,1
2026-03-04,Pobočka Senec,SPO,6
2026-03-04,Prešov,SPO,4
2026-03-04,Trenčín,SPO,1
2026-03-04,Trnava,SPO,7
2026-03-04,Žilina,SPO,2
2026-03-05,Banská Bystrica,SPO,5
2026-03-05,Bratislava Centrála,SPO,619
2026-03-05,Bratislava Centrála,BPO,107
2026-03-05,Bratislava Centrála,XPO,15
2026-03-05,Bratislava Petržalka,SPO,3
2026-03-05,Budapest Újbuda Központ,SPO,2
2026-03-05,Budapešť Blaha,SPO,12
2026-03-05,CBP Budapešť centrála,SPO,217
2026-03-05,CBP Budapešť centrála,BPO,118
2026-03-05,CBP Budapešť centrála,XPO,37
2026-03-05,CZLC4,SPO,289
2026-03-05,CZLC4,BPO,122
2026-03-05,CZLC4,XPO,23
2026-03-05,Dunajská Streda,SPO,4
2026-03-05,Dunajská Streda,BPO,2
2026-03-05,Košice,SPO,8
2026-03-05,LCU,XPO,75
2026-03-05,LCU,XL,11
2026-03-05,LCU,VB,133
2026-03-05,Nitra,SPO,7
2026-03-05,Pobočka HULC1,SPO,6
2026-03-05,Pobočka Senec,SPO,4
2026-03-05,Prešov,SPO,5
2026-03-05,Trenčín,SPO,3
2026-03-05,Trnava,SPO,12
2026-03-05,Wien Karlsplatz,SPO,3
2026-03-05,Žilina,SPO,9
2026-03-06,Banská Bystrica,SPO,9
2026-03-06,Bratislava Centrála,SPO,237
2026-03-06,Bratislava Centrála,BPO,95
2026-03-06,Bratislava Centrála,XPO,48
2026-03-06,Bratislava Centrála,XL,10
2026-03-06,Bratislava Petržalka,SPO,2
2026-03-06,Budapest Újbuda Központ,SPO,2
2026-03-06,Budapešť Blaha,SPO,10
2026-03-06,CBP Budapešť centrála,SPO,210
2026-03-06,CBP Budapešť centrála,BPO,73
2026-03-06,CBP Budapešť centrála,XPO,66
2026-03-06,CZLC4,SPO,497
2026-03-06,CZLC4,BPO,286
2026-03-06,CZLC4,XPO,50
2026-03-06,Dunajská Streda,SPO,4
2026-03-06,Košice,SPO,4
2026-03-06,LCU,XPO,11
2026-03-06,LCU,XL,12
2026-03-06,LCU,VB,15
2026-03-06,Nitra,SPO,7
2026-03-06,Pobočka HULC1,SPO,4
2026-03-06,Prešov,SPO,8
2026-03-06,Trenčín,SPO,6
2026-03-06,Trnava,SPO,8
2026-03-06,Žilina,SPO,6
2026-03-07,Banská Bystrica,SPO,2
2026-03-07,Bratislava Centrála,SPO,262
2026-03-07,Bratislava Centrála,BPO,132
2026-03-07,Bratislava Centrála,XPO,44
2026-03-07,Bratislava Centrála,XL,6
2026-03-07,Bratislava Petržalka,SPO,1
2026-03-07,Budapest Újbuda Központ,SPO,2
2026-03-07,Budapešť Blaha,SPO,4
2026-03-07,CBP Budapešť centrála,SPO,206
2026-03-07,CBP Budapešť centrála,BPO,66
2026-03-07,CBP Budapešť centrála,XPO,47
2026-03-07,CZLC4,SPO,149
2026-03-07,CZLC4,BPO,206
2026-03-07,CZLC4,XPO,12
2026-03-07,Dunajská Streda,SPO,3
2026-03-07,Košice,SPO,7
2026-03-07,LCU,XPO,57
2026-03-07,LCU,XL,27
2026-03-07,LCU,VB,12
2026-03-07,Nitra,SPO,5
2026-03-07,Pobočka HULC1,SPO,6
2026-03-07,Pobočka HULC1,BPO,2
2026-03-07,Pobočka Senec,SPO,2
2026-03-07,Prešov,SPO,4
2026-03-07,Trenčín,SPO,4
2026-03-07,Trnava,SPO,12
2026-03-07,Wien Karlsplatz,SPO,4
2026-03-07,Žilina,SPO,4
2026-03-08,Banská Bystrica,SPO,7
2026-03-08,Bratislava Centrála,SPO,320
2026-03-08,Bratislava Centrála,BPO,71
2026-03-08,Bratislava Centrála,XPO,71
2026-03-08,Bratislava Centrála,XL,16
2026-03-08,Bratislava Petržalka,SPO,4
2026-03-08,Budapešť Blaha,SPO,6
2026-03-08,CBP Budapešť centrála,SPO,306
2026-03-08,CBP Budapešť centrála,BPO,68
2026-03-08,CBP Budapešť centrála,XPO,26
2026-03-08,CZLC4,SPO,154
2026-03-08,CZLC4,BPO,165
2026-03-08,Dunajská Streda,SPO,1
2026-03-08,Košice,SPO,7
2026-03-08,LCU,XPO,18
2026-03-08,LCU,XL,8
2026-03-08,LCU,VB,8
2026-03-08,Nitra,SPO,10
2026-03-08,Pobočka HULC1,SPO,5
2026-03-08,Pobočka Senec,SPO,3
2026-03-08,Prešov,SPO,6
2026-03-08,Trnava,SPO,12
2026-03-08,Wien Karlsplatz,SPO,1
2026-03-08,Žilina,SPO,2
2026-03-09,Banská Bystrica,SPO,6
2026-03-09,Bratislava Centrála,SPO,317
2026-03-09,Bratislava Centrála,BPO,64
2026-03-09,Bratislava Centrála,XPO,65
2026-03-09,Bratislava Petržalka,SPO,2
2026-03-09,Budapest Újbuda Központ,SPO,3
2026-03-09,Budapest Újbuda Központ,BPO,2
2026-03-09,Budapešť Blaha,SPO,8
2026-03-09,Budapešť Blaha,BPO,2
2026-03-09,CBP Budapešť centrála,SPO,230
2026-03-09,CBP Budapešť centrála,BPO,68
2026-03-09,CBP Budapešť centrála,XPO,36
2026-03-09,CBP Budapešť centrála,XL,13
2026-03-09,CBP Budapešť centrála,VB,3
2026-03-09,CZLC4,SPO,467
2026-03-09,CZLC4,BPO,103
2026-03-09,CZLC4,XPO,19
2026-03-09,Dunajská Streda,SPO,2
2026-03-09,Košice,SPO,6
2026-03-09,LCU,XPO,185
2026-03-09,LCU,XL,7
2026-03-09,LCU,VB,16
2026-03-09,Nitra,SPO,8
2026-03-09,Pobočka HULC1,SPO,5
2026-03-09,Pobočka Senec,SPO,1
2026-03-09,Prešov,SPO,4
2026-03-09,Trenčín,SPO,5
2026-03-09,Trnava,SPO,6
2026-03-09,Wien Karlsplatz,SPO,1
2026-03-09,Žilina,SPO,10
2026-03-10,Banská Bystrica,SPO,4
2026-03-10,Bratislava Centrála,SPO,327
2026-03-10,Bratislava Centrála,BPO,110
2026-03-10,Bratislava Petržalka,SPO,3
2026-03-10,Budapešť Blaha,SPO,10
2026-03-10,Budapešť Blaha,BPO,2
2026-03-10,CBP Budapešť centrála,SPO,274
2026-03-10,CBP Budapešť centrála,BPO,65
2026-03-10,CBP Budapešť centrála,XPO,43
2026-03-10,CZLC4,SPO,780
2026-03-10,CZLC4,BPO,603
2026-03-10,Dunajská Streda,SPO,6
2026-03-10,Košice,SPO,5
2026-03-10,LCU,XPO,174
2026-03-10,LCU,XL,104
2026-03-10,LCU,VB,64
2026-03-10,Nitra,SPO,1
2026-03-10,Pobočka HULC1,SPO,3
2026-03-10,Pobočka Senec,SPO,3
2026-03-10,Prešov,SPO,7
2026-03-10,Trenčín,SPO,9
2026-03-10,Trnava,SPO,20
2026-03-10,Žilina,SPO,5
2026-03-11,Banská Bystrica,SPO,11
2026-03-11,Bratislava Centrála,SPO,266
2026-03-11,Bratislava Centrála,BPO,126
2026-03-11,Bratislava Centrála,XL,8
2026-03-11,Bratislava Petržalka,SPO,5
2026-03-11,Budapest Újbuda Központ,SPO,3
2026-03-11,Budapest Újbuda Központ,BPO,2
2026-03-11,Budapešť Blaha,SPO,6
2026-03-11,CBP Budapešť centrála,SPO,198
2026-03-11,CBP Budapešť centrála,BPO,88
2026-03-11,CBP Budapešť centrála,XPO,37
2026-03-11,CZLC4,SPO,718
2026-03-11,CZLC4,BPO,144
2026-03-11,Košice,SPO,22
2026-03-11,Košice,BPO,2
2026-03-11,LCU,SPO,12
2026-03-11,LCU,BPO,1
2026-03-11,LCU,XPO,250
2026-03-11,LCU,XL,14
2026-03-11,LCU,VB,25
2026-03-11,Nitra,SPO,22
2026-03-11,Pobočka HULC1,SPO,20
2026-03-11,Prešov,SPO,20
2026-03-11,Trenčín,SPO,14
2026-03-11,Trnava,SPO,18
2026-03-11,Wien Karlsplatz,SPO,1
2026-03-11,Žilina,SPO,4
2026-03-12,Banská Bystrica,SPO,6
2026-03-12,Bratislava Centrála,SPO,347
2026-03-12,Bratislava Centrála,BPO,59
2026-03-12,Bratislava Centrála,XPO,22
2026-03-12,Bratislava Centrála,XL,6
2026-03-12,Bratislava Petržalka,SPO,9
2026-03-12,Budapest Újbuda Központ,SPO,9
2026-03-12,Budapešť Blaha,SPO,15
2026-03-12,CBP Budapešť centrála,SPO,300
2026-03-12,CBP Budapešť centrála,BPO,58
2026-03-12,CBP Budapešť centrála,XPO,49
2026-03-12,CBP Budapešť centrála,XL,28
2026-03-12,CZLC4,SPO,663
2026-03-12,CZLC4,BPO,198
2026-03-12,Dunajská Streda,SPO,29
2026-03-12,Košice,SPO,41
2026-03-12,LCU,XPO,181
2026-03-12,LCU,XL,24
2026-03-12,LCU,VB,39
2026-03-12,Nitra,SPO,40
2026-03-12,Pobočka HULC1,SPO,13
2026-03-12,Prešov,SPO,8
2026-03-12,Trenčín,SPO,32
2026-03-12,Trnava,SPO,41
2026-03-12,Wien Karlsplatz,SPO,1
2026-03-12,Žilina,SPO,38
2026-03-13,Banská Bystrica,SPO,4
2026-03-13,Banská Bystrica,BPO,1
2026-03-13,Bratislava Centrála,SPO,283
2026-03-13,Bratislava Centrála,BPO,105
2026-03-13,Bratislava Centrála,XPO,4
2026-03-13,Bratislava Petržalka,SPO,3
2026-03-13,Budapest Újbuda Központ,SPO,5
2026-03-13,Budapešť Blaha,SPO,13
2026-03-13,CBP Budapešť centrála,SPO,251
2026-03-13,CBP Budapešť centrála,BPO,64
2026-03-13,CBP Budapešť centrála,XPO,26
2026-03-13,CBP Budapešť centrála,XL,28
2026-03-13,CZLC4,SPO,729
2026-03-13,CZLC4,BPO,227
2026-03-13,Dunajská Streda,SPO,1
2026-03-13,Košice,SPO,8
2026-03-13,LCU,XPO,70
2026-03-13,LCU,XL,10
2026-03-13,LCU,VB,32
2026-03-13,Nitra,SPO,3
2026-03-13,Pobočka HULC1,SPO,6
2026-03-13,Prešov,SPO,6
2026-03-13,Trenčín,SPO,4
2026-03-13,Trnava,SPO,9
2026-03-13,Wien Karlsplatz,SPO,3
2026-03-13,Žilina,SPO,7
2026-03-14,Banská Bystrica,SPO,37
2026-03-14,Bratislava Centrála,SPO,420
2026-03-14,Bratislava Centrála,BPO,84
2026-03-14,Bratislava Centrála,XPO,90
2026-03-14,Bratislava Petržalka,SPO,11
2026-03-14,Budapest Újbuda Központ,SPO,10
2026-03-14,Budapešť Blaha,SPO,28
2026-03-14,CBP Budapešť centrála,SPO,325
2026-03-14,CBP Budapešť centrála,BPO,62
2026-03-14,CBP Budapešť centrála,XPO,63
2026-03-14,CBP Budapešť centrála,XL,8
2026-03-14,CZLC4,SPO,452
2026-03-14,CZLC4,BPO,277
2026-03-14,Košice,SPO,21
2026-03-14,LCU,XPO,61
2026-03-14,LCU,XL,10
2026-03-14,LCU,VB,22
2026-03-14,Nitra,SPO,13
2026-03-14,Pobočka HULC1,SPO,44
2026-03-14,Prešov,SPO,46
2026-03-14,Trenčín,SPO,10
2026-03-14,Trnava,SPO,19
2026-03-14,Wien Karlsplatz,SPO,13
2026-03-14,Žilina,SPO,8
2026-03-15,Banská Bystrica,SPO,7
2026-03-15,Bratislava Centrála,SPO,392
2026-03-15,Bratislava Centrála,BPO,88
2026-03-15,Bratislava Centrála,XPO,13
2026-03-15,Bratislava Centrála,XL,25
2026-03-15,Bratislava Petržalka,SPO,5
2026-03-15,Budapest Újbuda Központ,SPO,8
2026-03-15,Budapešť Blaha,SPO,13
2026-03-15,Budapešť Blaha,BPO,1
2026-03-15,CBP Budapešť centrála,SPO,278
2026-03-15,CBP Budapešť centrála,BPO,61
2026-03-15,CBP Budapešť centrála,XPO,33
2026-03-15,CBP Budapešť centrála,XL,9
2026-03-15,CZLC4,SPO,672
2026-03-15,CZLC4,BPO,106
2026-03-15,Košice,SPO,21
2026-03-15,LCU,XPO,83
2026-03-15,Nitra,SPO,13
2026-03-15,Pobočka HULC1,SPO,10
2026-03-15,Prešov,SPO,15
2026-03-15,Trenčín,SPO,6
2026-03-15,Trnava,SPO,14
2026-03-15,Wien Karlsplatz,SPO,5
2026-03-15,Žilina,SPO,10
2026-03-16,Banská Bystrica,SPO,9
2026-03-16,Bratislava Centrála,SPO,329
2026-03-16,Bratislava Centrála,BPO,66
2026-03-16,Bratislava Centrála,XPO,56
2026-03-16,Bratislava Centrála,XL,10
2026-03-16,Bratislava Petržalka,SPO,5
2026-03-16,Budapest Újbuda Központ,SPO,2
2026-03-16,Budapešť Blaha,SPO,5
2026-03-16,CBP Budapešť centrála,SPO,169
2026-03-16,CBP Budapešť centrála,BPO,22
2026-03-16,CBP Budapešť centrála,XPO,17
2026-03-16,CBP Budapešť centrála,XL,2
2026-03-16,CZLC4,SPO,658
2026-03-16,CZLC4,BPO,201
2026-03-16,Košice,SPO,3
2026-03-16,LCU,BPO,1
2026-03-16,LCU,XPO,113
2026-03-16,LCU,VB,51
2026-03-16,Nitra,SPO,10
2026-03-16,Nitra,BPO,1
2026-03-16,Pobočka HULC1,SPO,5
2026-03-16,Prešov,SPO,6
2026-03-16,Trenčín,SPO,4
2026-03-16,Trnava,SPO,11
2026-03-16,Žilina,SPO,6
2026-03-17,Banská Bystrica,SPO,3
2026-03-17,Bratislava Centrála,SPO,346
2026-03-17,Bratislava Centrála,BPO,54
2026-03-17,Bratislava Centrála,XPO,22
2026-03-17,Bratislava Petržalka,SPO,8
2026-03-17,Budapest Újbuda Központ,SPO,5
2026-03-17,Budapešť Blaha,SPO,13
2026-03-17,CBP Budapešť centrála,SPO,303
2026-03-17,CBP Budapešť centrála,BPO,97
2026-03-17,CBP Budapešť centrála,XPO,24
2026-03-17,CBP Budapešť centrála,XL,15
2026-03-17,CZLC4,SPO,1347
2026-03-17,CZLC4,BPO,198
2026-03-17,Košice,SPO,5
2026-03-17,LCU,XPO,138
2026-03-17,LCU,XL,48
2026-03-17,LCU,VB,68
2026-03-17,Nitra,SPO,6
2026-03-17,Pobočka HULC1,SPO,14
2026-03-17,Prešov,SPO,5
2026-03-17,Trenčín,SPO,3
2026-03-17,Trnava,SPO,6
2026-03-17,Wien Karlsplatz,SPO,1
2026-03-17,Žilina,SPO,2
2026-03-18,Banská Bystrica,SPO,3
2026-03-18,Bratislava Centrála,SPO,309
2026-03-18,Bratislava Centrála,BPO,47
2026-03-18,Bratislava Centrála,XPO,33
2026-03-18,Bratislava Petržalka,SPO,1
2026-03-18,Budapest Újbuda Központ,SPO,1
2026-03-18,Budapešť Blaha,SPO,8
2026-03-18,CBP Budapešť centrála,SPO,219
2026-03-18,CBP Budapešť centrála,BPO,72
2026-03-18,CBP Budapešť centrála,XPO,34
2026-03-18,CBP Budapešť centrála,XL,13
2026-03-18,CZLC4,SPO,620
2026-03-18,CZLC4,BPO,180
2026-03-18,Košice,SPO,5
2026-03-18,LCU,SPO,1
2026-03-18,LCU,BPO,2
2026-03-18,LCU,XPO,64
2026-03-18,LCU,XL,35
2026-03-18,LCU,VB,42
2026-03-18,Nitra,SPO,13
2026-03-18,Pobočka HULC1,SPO,9
2026-03-18,Prešov,SPO,4
2026-03-18,Trenčín,SPO,2
2026-03-18,Trnava,SPO,11
2026-03-18,Wien Karlsplatz,SPO,1
2026-03-18,Žilina,SPO,4
2026-03-19,Banská Bystrica,SPO,24
2026-03-19,Banská Bystrica,BPO,2
2026-03-19,Bratislava Centrála,SPO,527
2026-03-19,Bratislava Centrála,BPO,87
2026-03-19,Bratislava Centrála,XPO,39
2026-03-19,Bratislava Petržalka,SPO,6
2026-03-19,Budapest Újbuda Központ,SPO,6
2026-03-19,Budapešť Blaha,SPO,8
2026-03-19,Budapešť Blaha,BPO,1
2026-03-19,CBP Budapešť centrála,SPO,273
2026-03-19,CBP Budapešť centrála,BPO,84
2026-03-19,CBP Budapešť centrála,XPO,54
2026-03-19,CBP Budapešť centrála,XL,9
2026-03-19,CZLC4,SPO,652
2026-03-19,CZLC4,BPO,155
2026-03-19,Košice,SPO,12
2026-03-19,Košice,BPO,1
2026-03-19,LCU,XPO,164
2026-03-19,LCU,XL,21
2026-03-19,LCU,VB,31
2026-03-19,Nitra,SPO,18
2026-03-19,Pobočka HULC1,SPO,4
2026-03-19,Prešov,SPO,17
2026-03-19,Prešov,BPO,1
2026-03-19,Trenčín,SPO,13
2026-03-19,Trnava,SPO,19
2026-03-19,Trnava,BPO,1
2026-03-19,Wien Karlsplatz,SPO,3
2026-03-19,Žilina,SPO,13
2026-03-20,Banská Bystrica,SPO,8
2026-03-20,Bratislava Centrála,SPO,317
2026-03-20,Bratislava Centrála,BPO,87
2026-03-20,Bratislava Centrála,XPO,43
2026-03-20,Bratislava Centrála,XL,14
2026-03-20,Bratislava Petržalka,SPO,1
2026-03-20,Budapest Újbuda Központ,SPO,1
2026-03-20,Budapešť Blaha,SPO,9
2026-03-20,CBP Budapešť centrála,SPO,644
2026-03-20,CBP Budapešť centrála,BPO,74
2026-03-20,CBP Budapešť centrála,XPO,33
2026-03-20,CBP Budapešť centrála,XL,10
2026-03-20,CZLC4,SPO,1800
2026-03-20,CZLC4,BPO,249
2026-03-20,Košice,SPO,8
2026-03-20,LCU,XPO,56
2026-03-20,LCU,VB,14
2026-03-20,Nitra,SPO,6
2026-03-20,Pobočka HULC1,SPO,8
2026-03-20,Prešov,SPO,8
2026-03-20,Trnava,SPO,18
2026-03-20,Wien Karlsplatz,SPO,4
2026-03-20,Žilina,SPO,7
2026-03-21,Banská Bystrica,SPO,7
2026-03-21,Bratislava Centrála,SPO,322
2026-03-21,Bratislava Centrála,BPO,84
2026-03-21,Bratislava Centrála,XPO,43
2026-03-21,Bratislava Petržalka,SPO,2
2026-03-21,Budapest Újbuda Központ,SPO,3
2026-03-21,Budapešť Blaha,SPO,10
2026-03-21,CBP Budapešť centrála,SPO,257
2026-03-21,CBP Budapešť centrála,BPO,63
2026-03-21,CBP Budapešť centrála,XPO,25
2026-03-21,CBP Budapešť centrála,XL,6
2026-03-21,CZLC4,SPO,453
2026-03-21,CZLC4,BPO,141
2026-03-21,Košice,SPO,7
2026-03-21,LCU,XPO,44
2026-03-21,LCU,XL,107
2026-03-21,LCU,VB,14
2026-03-21,Nitra,SPO,12
2026-03-21,Pobočka HULC1,SPO,5
2026-03-21,Pobočka HULC1,BPO,1
2026-03-21,Prešov,SPO,8
2026-03-21,Trenčín,SPO,5
2026-03-21,Trnava,SPO,22
2026-03-21,Wien Karlsplatz,SPO,2
2026-03-21,Žilina,SPO,9
2026-03-22,Banská Bystrica,SPO,13
2026-03-22,Bratislava Centrála,SPO,414
2026-03-22,Bratislava Centrála,BPO,92
2026-03-22,Bratislava Centrála,XPO,19
2026-03-22,Bratislava Centrála,XL,8
2026-03-22,Bratislava Petržalka,SPO,6
2026-03-22,Budapest Újbuda Központ,SPO,4
2026-03-22,Budapešť Blaha,SPO,7
2026-03-22,CBP Budapešť centrála,SPO,325
2026-03-22,CBP Budapešť centrála,BPO,77
2026-03-22,CBP Budapešť centrála,XPO,33
2026-03-22,CBP Budapešť centrála,XL,4
2026-03-22,CZLC4,SPO,576
2026-03-22,CZLC4,BPO,85
2026-03-22,Košice,SPO,12
2026-03-22,LCU,XPO,61
2026-03-22,LCU,XL,33
2026-03-22,LCU,VB,22
2026-03-22,Nitra,SPO,16
2026-03-22,Pobočka HULC1,SPO,9
2026-03-22,Prešov,SPO,7
2026-03-22,Trenčín,SPO,11
2026-03-22,Trnava,SPO,12
2026-03-22,Wien Karlsplatz,SPO,1
2026-03-22,Žilina,SPO,10
2026-03-23,Banská Bystrica,SPO,7
2026-03-23,Bratislava Centrála,SPO,336
2026-03-23,Bratislava Centrála,BPO,76
2026-03-23,Bratislava Centrála,XPO,13
2026-03-23,Bratislava Centrála,XL,9
2026-03-23,Bratislava Petržalka,SPO,2
2026-03-23,Budapest Újbuda Központ,SPO,5
2026-03-23,Budapešť Blaha,SPO,4
2026-03-23,CBP Budapešť centrála,SPO,188
2026-03-23,CBP Budapešť centrála,BPO,46
2026-03-23,CBP Budapešť centrála,XPO,46
2026-03-23,CBP Budapešť centrála,XL,16
2026-03-23,CZLC4,SPO,871
2026-03-23,CZLC4,BPO,218
2026-03-23,CZLC4,XPO,1
2026-03-23,Košice,SPO,2
2026-03-23,LCU,XPO,106
2026-03-23,LCU,XL,10
2026-03-23,LCU,VB,28
2026-03-23,Nitra,SPO,4
2026-03-23,Pobočka HULC1,SPO,4
2026-03-23,Prešov,SPO,14
2026-03-23,Prešov,BPO,1
2026-03-23,Trenčín,SPO,4
2026-03-23,Trnava,SPO,8
2026-03-23,Trnava,BPO,1
2026-03-23,Žilina,SPO,5
2026-03-24,Banská Bystrica,SPO,9
2026-03-24,Bratislava Centrála,SPO,351
2026-03-24,Bratislava Centrála,BPO,94
2026-03-24,Bratislava Centrála,XPO,19
2026-03-24,Bratislava Petržalka,SPO,3
2026-03-24,Budapest Újbuda Központ,SPO,9
2026-03-24,Budapešť Blaha,SPO,18
2026-03-24,Budapešť Blaha,BPO,1
2026-03-24,CBP Budapešť centrála,SPO,322
2026-03-24,CBP Budapešť centrála,BPO,77
2026-03-24,CBP Budapešť centrála,XPO,38
2026-03-24,CBP Budapešť centrála,XL,11
2026-03-24,CZLC4,SPO,1015
2026-03-24,CZLC4,BPO,260
2026-03-24,Košice,SPO,11
2026-03-24,LCU,XPO,174
2026-03-24,LCU,XL,37
2026-03-24,LCU,VB,24
2026-03-24,Nitra,SPO,9
2026-03-24,Pobočka HULC1,SPO,20
2026-03-24,Pobočka HULC1,BPO,1
2026-03-24,Prešov,SPO,5
2026-03-24,Trenčín,SPO,4
2026-03-24,Trnava,SPO,7
2026-03-24,Wien Karlsplatz,SPO,2
2026-03-24,Žilina,SPO,4
2026-03-25,Banská Bystrica,SPO,23
2026-03-25,Bratislava Centrála,SPO,277
2026-03-25,Bratislava Centrála,BPO,47
2026-03-25,Bratislava Centrála,XPO,32
2026-03-25,Bratislava Centrála,XL,5
2026-03-25,Bratislava Petržalka,SPO,24
2026-03-25,Budapest Újbuda Központ,SPO,20
2026-03-25,Budapešť Blaha,SPO,26
2026-03-25,CBP Budapešť centrála,SPO,195
2026-03-25,CBP Budapešť centrála,BPO,50
2026-03-25,CBP Budapešť centrála,XPO,40
2026-03-25,CBP Budapešť centrála,XL,7
2026-03-25,CZLC4,SPO,748
2026-03-25,CZLC4,BPO,155
2026-03-25,Košice,SPO,30
2026-03-25,LCU,XPO,119
2026-03-25,LCU,XL,5
2026-03-25,LCU,VB,16
2026-03-25,Nitra,SPO,21
2026-03-25,Pobočka HULC1,SPO,17
2026-03-25,Prešov,SPO,18
2026-03-25,Trenčín,SPO,17
2026-03-25,Trnava,SPO,24
2026-03-25,Wien Karlsplatz,SPO,3
2026-03-25,Žilina,SPO,21
2026-03-26,Banská Bystrica,SPO,5
2026-03-26,Bratislava Centrála,SPO,301
2026-03-26,Bratislava Centrála,BPO,86
2026-03-26,Bratislava Centrála,XL,10
2026-03-26,Bratislava Petržalka,SPO,7
2026-03-26,Budapest Újbuda Központ,SPO,2
2026-03-26,Budapešť Blaha,SPO,11
2026-03-26,Budapešť Blaha,BPO,2
2026-03-26,CBP Budapešť centrála,SPO,201
2026-03-26,CBP Budapešť centrála,BPO,61
2026-03-26,CBP Budapešť centrála,XPO,23
2026-03-26,CBP Budapešť centrála,XL,9
2026-03-26,CZLC4,SPO,828
2026-03-26,CZLC4,BPO,214
2026-03-26,CZLC4,XPO,1
2026-03-26,CZLC4,XL,1
2026-03-26,Košice,SPO,9
2026-03-26,LCU,XPO,57
2026-03-26,LCU,VB,41
2026-03-26,Nitra,SPO,7
2026-03-26,Pobočka HULC1,SPO,8
2026-03-26,Pobočka HULC1,BPO,4
2026-03-26,Prešov,SPO,4
2026-03-26,Trenčín,SPO,3
2026-03-26,Trnava,SPO,10
2026-03-26,Žilina,SPO,13
2026-03-27,Banská Bystrica,SPO,2
2026-03-27,Bratislava Centrála,SPO,323
2026-03-27,Bratislava Centrála,BPO,111
2026-03-27,Bratislava Centrála,XPO,16
2026-03-27,Bratislava Petržalka,SPO,3
2026-03-27,Budapest Újbuda Központ,SPO,8
2026-03-27,Budapešť Blaha,SPO,11
2026-03-27,CBP Budapešť centrála,SPO,206
2026-03-27,CBP Budapešť centrála,BPO,63
2026-03-27,CBP Budapešť centrála,XPO,34
2026-03-27,CBP Budapešť centrála,XL,4
2026-03-27,CZLC4,SPO,582
2026-03-27,CZLC4,BPO,251
2026-03-27,Košice,SPO,4
2026-03-27,LCU,XPO,69
2026-03-27,LCU,XL,12
2026-03-27,LCU,VB,57
2026-03-27,Nitra,SPO,6
2026-03-27,Pobočka HULC1,SPO,1
2026-03-27,Prešov,SPO,8
2026-03-27,Trenčín,SPO,2
2026-03-27,Trnava,SPO,7
2026-03-27,Wien Karlsplatz,SPO,1
2026-03-27,Žilina,SPO,6
2026-03-28,Banská Bystrica,SPO,10
2026-03-28,Bratislava Centrála,SPO,353
2026-03-28,Bratislava Centrála,BPO,93
2026-03-28,Bratislava Centrála,XPO,69
2026-03-28,Bratislava Petržalka,SPO,6
2026-03-28,Budapest Újbuda Központ,SPO,8
2026-03-28,Budapešť Blaha,SPO,7
2026-03-28,CBP Budapešť centrála,SPO,199
2026-03-28,CBP Budapešť centrála,BPO,68
2026-03-28,CBP Budapešť centrála,XPO,12
2026-03-28,CBP Budapešť centrála,XL,8
2026-03-28,CZLC4,SPO,628
2026-03-28,CZLC4,BPO,153
2026-03-28,Košice,SPO,6
2026-03-28,LCU,XPO,98
2026-03-28,LCU,XL,12
2026-03-28,LCU,VB,32
2026-03-28,Nitra,SPO,11
2026-03-28,Pobočka HULC1,SPO,9
2026-03-28,Prešov,SPO,7
2026-03-28,Prešov,BPO,1
2026-03-28,Trenčín,SPO,4
2026-03-28,Trnava,SPO,6
2026-03-28,Žilina,SPO,5
2026-03-29,Banská Bystrica,SPO,3
2026-03-29,Bratislava Centrála,SPO,342
2026-03-29,Bratislava Centrála,BPO,87
2026-03-29,Bratislava Centrála,XPO,40
2026-03-29,Bratislava Petržalka,SPO,7
2026-03-29,Budapest Újbuda Központ,SPO,4
2026-03-29,Budapešť Blaha,SPO,5
2026-03-29,CBP Budapešť centrála,SPO,247
2026-03-29,CBP Budapešť centrála,BPO,54
2026-03-29,CBP Budapešť centrála,XPO,46
2026-03-29,CBP Budapešť centrála,XL,9
2026-03-29,CZLC4,SPO,390
2026-03-29,CZLC4,BPO,261
2026-03-29,Košice,SPO,9
2026-03-29,LCU,XPO,81
2026-03-29,LCU,XL,17
2026-03-29,LCU,VB,8
2026-03-29,Nitra,SPO,15
2026-03-29,Pobočka HULC1,SPO,5
2026-03-29,Prešov,SPO,7
2026-03-29,Trenčín,SPO,4
2026-03-29,Trnava,SPO,11
2026-03-29,Wien Karlsplatz,SPO,5
2026-03-29,Žilina,SPO,7
2026-03-30,Banská Bystrica,SPO,7
2026-03-30,Bratislava Centrála,SPO,315
2026-03-30,Bratislava Centrála,BPO,93
2026-03-30,Bratislava Centrála,XPO,41
2026-03-30,Bratislava Petržalka,SPO,5
2026-03-30,Budapest Újbuda Központ,SPO,4
2026-03-30,Budapešť Blaha,SPO,7
2026-03-30,CBP Budapešť centrála,SPO,206
2026-03-30,CBP Budapešť centrála,BPO,71
2026-03-30,CBP Budapešť centrála,XPO,32
2026-03-30,CBP Budapešť centrála,XL,14
2026-03-30,CZLC4,SPO,1024
2026-03-30,CZLC4,BPO,191
2026-03-30,CZLC4,XL,1
2026-03-30,Košice,SPO,4
2026-03-30,LCU,XPO,42
2026-03-30,LCU,XL,10
2026-03-30,LCU,VB,11
2026-03-30,Nitra,SPO,3
2026-03-30,Pobočka HULC1,SPO,8
2026-03-30,Pobočka HULC1,BPO,2
2026-03-30,Prešov,SPO,4
2026-03-30,Trenčín,SPO,5
2026-03-30,Trnava,SPO,4
2026-03-30,Žilina,SPO,5
2026-03-31,Banská Bystrica,SPO,7
2026-03-31,Bratislava Centrála,SPO,374
2026-03-31,Bratislava Centrála,BPO,67
2026-03-31,Bratislava Petržalka,SPO,4
2026-03-31,Budapest Újbuda Központ,SPO,6
2026-03-31,Budapešť Blaha,SPO,10
2026-03-31,CBP Budapešť centrála,SPO,652
2026-03-31,CBP Budapešť centrála,BPO,49
2026-03-31,CBP Budapešť centrála,XPO,28
2026-03-31,CBP Budapešť centrála,XL,11
2026-03-31,CZLC4,SPO,937
2026-03-31,CZLC4,BPO,258
2026-03-31,Košice,SPO,6
2026-03-31,LCU,XPO,165
2026-03-31,LCU,XL,54
2026-03-31,LCU,VB,88
2026-03-31,Nitra,SPO,7
2026-03-31,Pobočka HULC1,SPO,5
2026-03-31,Prešov,SPO,8
2026-03-31,Trenčín,SPO,5
2026-03-31,Trnava,SPO,11
2026-03-31,Wien Karlsplatz,SPO,12
2026-03-31,Žilina,SPO,5
2026-04-01,Banská Bystrica,SPO,9
2026-04-01,Bratislava Centrála,SPO,312
2026-04-01,Bratislava Centrála,BPO,79
2026-04-01,Bratislava Centrála,XPO,36
2026-04-01,Bratislava Centrála,XL,2
2026-04-01,Bratislava Petržalka,SPO,4
2026-04-01,Budapest Újbuda Központ,SPO,4
2026-04-01,Budapest Újbuda Központ,BPO,2
2026-04-01,Budapešť Blaha,SPO,7
2026-04-01,CBP Budapešť centrála,SPO,205
2026-04-01,CBP Budapešť centrála,BPO,57
2026-04-01,CBP Budapešť centrála,XPO,37
2026-04-01,CBP Budapešť centrála,XL,6
2026-04-01,CZLC4,SPO,875
2026-04-01,CZLC4,BPO,175
2026-04-01,Košice,SPO,2
2026-04-01,LCU,XPO,64
2026-04-01,LCU,XL,8
2026-04-01,LCU,VB,8
2026-04-01,Nitra,SPO,8
2026-04-01,Pobočka HULC1,SPO,6
2026-04-01,Prešov,SPO,9
2026-04-01,Trenčín,SPO,6
2026-04-01,Trnava,SPO,9
2026-04-01,Wien Karlsplatz,SPO,1
2026-04-01,Žilina,SPO,3
2026-04-02,Banská Bystrica,SPO,4
2026-04-02,Bratislava Centrála,SPO,87
2026-04-02,Bratislava Centrála,BPO,23
2026-04-02,Bratislava Petržalka,SPO,4
2026-04-02,Budapešť Blaha,SPO,1
2026-04-02,CBP Budapešť centrála,SPO,66
2026-04-02,CBP Budapešť centrála,BPO,18
2026-04-02,CBP Budapešť centrála,XPO,17
2026-04-02,CBP Budapešť centrála,XL,2
2026-04-02,CZLC4,SPO,610
2026-04-02,CZLC4,BPO,73
2026-04-02,CZLC4,XPO,1
2026-04-02,Košice,SPO,5
2026-04-02,LCU,XPO,51
2026-04-02,LCU,XL,10
2026-04-02,LCU,VB,13
2026-04-02,Nitra,SPO,3
2026-04-02,Pobočka HULC1,SPO,1
2026-04-02,Prešov,SPO,3
2026-04-02,Trenčín,SPO,1
2026-04-02,Trnava,SPO,6
2026-04-02,Wien Karlsplatz,SPO,2
2026-04-02,Žilina,SPO,4
2026-04-03,Banská Bystrica,SPO,17
2026-04-03,Bratislava Centrála,SPO,398
2026-04-03,Bratislava Centrála,BPO,67
2026-04-03,Bratislava Centrála,XPO,96
2026-04-03,Bratislava Centrála,XL,12
2026-04-03,Bratislava Petržalka,SPO,5
2026-04-03,Budapest Újbuda Központ,SPO,5
2026-04-03,Budapešť Blaha,SPO,10
2026-04-03,Budapešť Blaha,BPO,1
2026-04-03,CBP Budapešť centrála,SPO,331
2026-04-03,CBP Budapešť centrála,BPO,164
2026-04-03,CBP Budapešť centrála,XPO,83
2026-04-03,CBP Budapešť centrála,XL,21
2026-04-03,CZLC4,SPO,606
2026-04-03,CZLC4,BPO,221
2026-04-03,Košice,SPO,11
2026-04-03,LCU,XPO,125
2026-04-03,LCU,XL,59
2026-04-03,LCU,VB,25
2026-04-03,Nitra,SPO,8
2026-04-03,Pobočka HULC1,SPO,16
2026-04-03,Prešov,SPO,10
2026-04-03,Prešov,BPO,1
2026-04-03,Trenčín,SPO,6
2026-04-03,Trnava,SPO,16
2026-04-03,Wien Karlsplatz,SPO,2
2026-04-03,Žilina,SPO,5
2026-04-04,Banská Bystrica,SPO,5
2026-04-04,Bratislava Centrála,SPO,204
2026-04-04,Bratislava Centrála,BPO,125
2026-04-04,Bratislava Centrála,XPO,43
2026-04-04,Bratislava Centrála,XL,9
2026-04-04,Budapest Újbuda Központ,SPO,3
2026-04-04,CBP Budapešť centrála,SPO,107
2026-04-04,CBP Budapešť centrála,BPO,25
2026-04-04,CBP Budapešť centrála,XPO,15
2026-04-04,CZLC4,SPO,466
2026-04-04,CZLC4,BPO,110
2026-04-04,Košice,SPO,5
2026-04-04,LCU,XPO,117
2026-04-04,Nitra,SPO,1
2026-04-04,Pobočka HULC1,SPO,3
2026-04-04,Prešov,SPO,4
2026-04-04,Trenčín,SPO,2
2026-04-04,Trnava,SPO,4
2026-04-04,Wien Karlsplatz,SPO,6
2026-04-04,Žilina,SPO,5
2026-04-05,Banská Bystrica,SPO,4
2026-04-05,Bratislava Centrála,SPO,242
2026-04-05,Bratislava Centrála,BPO,23
2026-04-05,Bratislava Centrála,XPO,3
2026-04-05,Bratislava Centrála,XL,6
2026-04-05,Bratislava Petržalka,SPO,3
2026-04-05,Bratislava Petržalka,BPO,1
2026-04-05,Budapešť Blaha,SPO,3
2026-04-05,Budapešť Blaha,BPO,1
2026-04-05,CBP Budapešť centrála,SPO,132
2026-04-05,CBP Budapešť centrála,BPO,20
2026-04-05,CBP Budapešť centrála,XPO,14
2026-04-05,CBP Budapešť centrála,XL,14
2026-04-05,CZLC4,SPO,334
2026-04-05,CZLC4,BPO,75
2026-04-05,Košice,SPO,18
2026-04-05,LCU,XPO,57
2026-04-05,LCU,XL,11
2026-04-05,LCU,VB,17
2026-04-05,Nitra,SPO,4
2026-04-05,Pobočka HULC1,SPO,4
2026-04-05,Prešov,SPO,13
2026-04-05,Prešov,BPO,1
2026-04-05,Trenčín,SPO,4
2026-04-05,Trnava,SPO,2
2026-04-05,Wien Karlsplatz,SPO,2
2026-04-05,Žilina,SPO,5
2026-04-06,Banská Bystrica,SPO,2
2026-04-06,Bratislava Centrála,SPO,209
2026-04-06,Bratislava Centrála,BPO,48
2026-04-06,Bratislava Centrála,XPO,8
2026-04-06,Bratislava Centrála,XL,7
2026-04-06,Bratislava Petržalka,SPO,1
2026-04-06,Budapest Újbuda Központ,SPO,2
2026-04-06,Budapešť Blaha,BPO,1
2026-04-06,CBP Budapešť centrála,SPO,135
2026-04-06,CBP Budapešť centrála,BPO,34
2026-04-06,CBP Budapešť centrála,XPO,11
2026-04-06,CZLC4,SPO,432
2026-04-06,CZLC4,BPO,133
2026-04-06,Košice,SPO,3
2026-04-06,LCU,XPO,118
2026-04-06,LCU,XL,16
2026-04-06,LCU,VB,36
2026-04-06,Nitra,SPO,4
2026-04-06,Pobočka HULC1,SPO,3
2026-04-06,Prešov,SPO,2
2026-04-06,Trenčín,SPO,2
2026-04-06,Trnava,SPO,3
2026-04-06,Wien Karlsplatz,SPO,1
2026-04-06,Žilina,SPO,2
2026-04-07,Banská Bystrica,SPO,10
2026-04-07,Bratislava Centrála,SPO,246
2026-04-07,Bratislava Centrála,BPO,61
2026-04-07,Budapešť Blaha,SPO,8
2026-04-07,CBP Budapešť centrála,SPO,127
2026-04-07,CBP Budapešť centrála,BPO,38
2026-04-07,CBP Budapešť centrála,XPO,13
2026-04-07,CBP Budapešť centrála,XL,1
2026-04-07,CZLC4,SPO,1379
2026-04-07,CZLC4,BPO,216
2026-04-07,Košice,SPO,8
2026-04-07,LCU,XPO,65
2026-04-07,LCU,XL,61
2026-04-07,LCU,VB,17
2026-04-07,Nitra,SPO,10
2026-04-07,Pobočka HULC1,SPO,5
2026-04-07,Prešov,SPO,4
2026-04-07,Trenčín,SPO,5
2026-04-07,Trnava,SPO,5
2026-04-07,Wien Karlsplatz,SPO,1
2026-04-07,Žilina,SPO,3
2026-04-08,Banská Bystrica,SPO,3
2026-04-08,Bratislava Centrála,SPO,474
2026-04-08,Bratislava Centrála,BPO,74
2026-04-08,Bratislava Petržalka,SPO,1
2026-04-08,Bratislava Petržalka,BPO,1
2026-04-08,Budapest Újbuda Központ,SPO,4
2026-04-08,Budapešť Blaha,SPO,11
2026-04-08,CBP Budapešť centrála,SPO,231
2026-04-08,CBP Budapešť centrála,BPO,37
2026-04-08,CBP Budapešť centrála,XPO,29
2026-04-08,CBP Budapešť centrála,XL,28
2026-04-08,CZLC4,SPO,929
2026-04-08,CZLC4,BPO,286
2026-04-08,Košice,SPO,4
2026-04-08,LCU,XPO,112
2026-04-08,LCU,XL,17
2026-04-08,LCU,VB,77
2026-04-08,Nitra,SPO,11
2026-04-08,Pobočka HULC1,SPO,7
2026-04-08,Trenčín,SPO,3
2026-04-08,Trnava,SPO,8
2026-04-08,Wien Karlsplatz,SPO,1
2026-04-08,Žilina,SPO,9
2026-04-09,Banská Bystrica,SPO,4
2026-04-09,Bratislava Centrála,SPO,276
2026-04-09,Bratislava Centrála,BPO,68
2026-04-09,Bratislava Centrála,XPO,15
2026-04-09,Bratislava Petržalka,SPO,1
2026-04-09,Budapest Újbuda Központ,SPO,6
2026-04-09,Budapešť Blaha,SPO,11
2026-04-09,CBP Budapešť centrála,SPO,207
2026-04-09,CBP Budapešť centrála,BPO,62
2026-04-09,CBP Budapešť centrála,XPO,41
2026-04-09,CBP Budapešť centrála,XL,5
2026-04-09,CZLC4,SPO,945
2026-04-09,CZLC4,BPO,179
2026-04-09,Košice,SPO,2
2026-04-09,LCU,XPO,118
2026-04-09,LCU,XL,28
2026-04-09,LCU,VB,59
2026-04-09,Pobočka HULC1,SPO,1
2026-04-09,Prešov,SPO,3
2026-04-09,Trenčín,SPO,5
2026-04-09,Trnava,SPO,6
2026-04-09,Wien Karlsplatz,SPO,1
2026-04-09,Žilina,SPO,4
2026-04-10,Banská Bystrica,SPO,8
2026-04-10,Bratislava Centrála,SPO,324
2026-04-10,Bratislava Centrála,BPO,102
2026-04-10,Bratislava Centrála,XPO,2
2026-04-10,Bratislava Centrála,XL,7
2026-04-10,Bratislava Petržalka,SPO,2
2026-04-10,Bratislava Petržalka,BPO,1
2026-04-10,Budapest Újbuda Központ,SPO,4
2026-04-10,Budapešť Blaha,SPO,9
2026-04-10,CBP Budapešť centrála,SPO,171
2026-04-10,CBP Budapešť centrála,BPO,81
2026-04-10,CBP Budapešť centrála,XPO,23
2026-04-10,CZLC4,SPO,661
2026-04-10,CZLC4,BPO,434
2026-04-10,Košice,SPO,7
2026-04-10,LCU,XPO,55
2026-04-10,LCU,XL,10
2026-04-10,LCU,VB,34
2026-04-10,Nitra,SPO,6
2026-04-10,Pobočka HULC1,SPO,1
2026-04-10,Prešov,SPO,3
2026-04-10,Trenčín,SPO,3
2026-04-10,Trnava,SPO,9
2026-04-10,Žilina,SPO,4
2026-04-11,Banská Bystrica,SPO,10
2026-04-11,Bratislava Centrála,SPO,309
2026-04-11,Bratislava Centrála,BPO,128
2026-04-11,Bratislava Centrála,XPO,19
2026-04-11,Bratislava Centrála,XL,3
2026-04-11,Bratislava Petržalka,SPO,1
2026-04-11,Budapešť Blaha,SPO,4
2026-04-11,CBP Budapešť centrála,SPO,200
2026-04-11,CBP Budapešť centrála,BPO,46
2026-04-11,CBP Budapešť centrála,XPO,42
2026-04-11,CZLC4,SPO,932
2026-04-11,CZLC4,BPO,241
2026-04-11,Košice,SPO,6
2026-04-11,LCU,XPO,47
2026-04-11,LCU,XL,12
2026-04-11,LCU,VB,33
2026-04-11,Nitra,SPO,16
2026-04-11,Pobočka HULC1,SPO,5
2026-04-11,Prešov,SPO,7
2026-04-11,Trenčín,SPO,3
2026-04-11,Trnava,SPO,14
2026-04-11,Wien Karlsplatz,SPO,4
2026-04-11,Žilina,SPO,3
2026-04-12,Banská Bystrica,SPO,6
2026-04-12,Bratislava Centrála,SPO,294
2026-04-12,Bratislava Centrála,BPO,145
2026-04-12,Bratislava Centrála,XPO,80
2026-04-12,Bratislava Centrála,XL,35
2026-04-12,Bratislava Petržalka,SPO,5
2026-04-12,Bratislava Petržalka,BPO,1
2026-04-12,Budapest Újbuda Központ,SPO,3
2026-04-12,Budapešť Blaha,SPO,15
2026-04-12,CBP Budapešť centrála,SPO,206
2026-04-12,CBP Budapešť centrála,BPO,63
2026-04-12,CBP Budapešť centrála,XPO,33
2026-04-12,CBP Budapešť centrála,XL,22
2026-04-12,CZLC4,SPO,437
2026-04-12,CZLC4,BPO,161
2026-04-12,Košice,SPO,5
2026-04-12,LCU,BPO,2
2026-04-12,LCU,XPO,118
2026-04-12,LCU,XL,12
2026-04-12,LCU,VB,88
2026-04-12,Nitra,SPO,10
2026-04-12,Pobočka HULC1,SPO,11
2026-04-12,Prešov,SPO,3
2026-04-12,Trenčín,SPO,6
2026-04-12,Trnava,SPO,8
2026-04-12,Wien Karlsplatz,SPO,4
2026-04-12,Žilina,SPO,8
2026-04-13,Banská Bystrica,SPO,3
2026-04-13,Bratislava Centrála,SPO,287
2026-04-13,Bratislava Centrála,BPO,81
2026-04-13,Bratislava Centrála,XL,19
2026-04-13,Bratislava Petržalka,SPO,5
2026-04-13,Budapest Újbuda Központ,SPO,4
2026-04-13,Budapešť Blaha,SPO,9
2026-04-13,CBP Budapešť centrála,SPO,173
2026-04-13,CBP Budapešť centrála,BPO,44
2026-04-13,CBP Budapešť centrála,XPO,16
2026-04-13,CBP Budapešť centrála,XL,21
2026-04-13,CZLC4,SPO,840
2026-04-13,CZLC4,BPO,268
2026-04-13,Košice,SPO,4
2026-04-13,LCU,XPO,98
2026-04-13,LCU,XL,5
2026-04-13,LCU,VB,44
2026-04-13,Nitra,SPO,2
2026-04-13,Pobočka HULC1,SPO,7
2026-04-13,Prešov,SPO,3
2026-04-13,Trenčín,SPO,1
2026-04-13,Trnava,SPO,1
2026-04-13,Trnava,BPO,1
2026-04-13,Žilina,SPO,4
2026-04-14,Banská Bystrica,SPO,5
2026-04-14,Bratislava Centrála,SPO,364
2026-04-14,Bratislava Centrála,BPO,98
2026-04-14,Bratislava Centrála,XPO,40
2026-04-14,Bratislava Petržalka,SPO,3
2026-04-14,Bratislava Petržalka,BPO,1
2026-04-14,Budapest Újbuda Központ,SPO,1
2026-04-14,Budapešť Blaha,SPO,3
2026-04-14,CBP Budapešť centrála,SPO,179
2026-04-14,CBP Budapešť centrála,BPO,82
2026-04-14,CBP Budapešť centrála,XPO,23
2026-04-14,CZLC4,SPO,1312
2026-04-14,CZLC4,BPO,301
2026-04-14,LCU,XPO,214
2026-04-14,LCU,XL,39
2026-04-14,LCU,VB,38
2026-04-14,Nitra,SPO,3
2026-04-14,Pobočka HULC1,SPO,8
2026-04-14,Pobočka HULC1,BPO,4
2026-04-14,Trenčín,SPO,4
2026-04-14,Trnava,SPO,7
2026-04-14,Wien Karlsplatz,SPO,1
2026-04-14,Žilina,SPO,6
2026-04-15,Banská Bystrica,SPO,7
2026-04-15,Bratislava Centrála,SPO,229
2026-04-15,Bratislava Centrála,BPO,111
2026-04-15,Bratislava Centrála,XPO,20
2026-04-15,Bratislava Petržalka,SPO,2
2026-04-15,Budapešť Blaha,SPO,4
2026-04-15,CBP Budapešť centrála,SPO,218
2026-04-15,CBP Budapešť centrála,BPO,57
2026-04-15,CBP Budapešť centrála,XPO,26
2026-04-15,CBP Budapešť centrála,XL,11
2026-04-15,CZLC4,SPO,811
2026-04-15,CZLC4,BPO,219
2026-04-15,Košice,SPO,4
2026-04-15,LCU,XPO,111
2026-04-15,LCU,XL,33
2026-04-15,LCU,VB,95
2026-04-15,Nitra,SPO,8
2026-04-15,Pobočka HULC1,SPO,7
2026-04-15,Prešov,SPO,2
2026-04-15,Trenčín,SPO,6
2026-04-15,Trnava,SPO,3
2026-04-15,Wien Karlsplatz,SPO,2
2026-04-15,Žilina,SPO,4
2026-04-16,Banská Bystrica,SPO,7
2026-04-16,Bratislava Centrála,SPO,426
2026-04-16,Bratislava Centrála,BPO,118
2026-04-16,Bratislava Centrála,XPO,50
2026-04-16,Bratislava Petržalka,SPO,2
2026-04-16,Bratislava Petržalka,BPO,1
2026-04-16,Budapest Újbuda Központ,SPO,15
2026-04-16,Budapešť Blaha,SPO,24
2026-04-16,Budapešť Blaha,BPO,1
2026-04-16,CBP Budapešť centrála,SPO,209
2026-04-16,CBP Budapešť centrála,BPO,54
2026-04-16,CBP Budapešť centrála,XPO,28
2026-04-16,CBP Budapešť centrála,XL,16
2026-04-16,CZLC4,SPO,839
2026-04-16,CZLC4,BPO,282
2026-04-16,Košice,SPO,13
2026-04-16,LCU,XPO,62
2026-04-16,LCU,XL,13
2026-04-16,LCU,VB,28
2026-04-16,Nitra,SPO,25
2026-04-16,Pobočka HULC1,SPO,4
2026-04-16,Prešov,SPO,10
2026-04-16,Trenčín,SPO,10
2026-04-16,Trnava,SPO,22
2026-04-16,Wien Karlsplatz,SPO,4
2026-04-16,Žilina,SPO,5
2026-04-17,Banská Bystrica,SPO,13
2026-04-17,Bratislava Centrála,SPO,348
2026-04-17,Bratislava Centrála,BPO,86
2026-04-17,Bratislava Centrála,XPO,14
2026-04-17,Bratislava Centrála,XL,4
2026-04-17,Bratislava Petržalka,SPO,6
2026-04-17,Budapest Újbuda Központ,SPO,8
2026-04-17,Budapešť Blaha,SPO,6
2026-04-17,CBP Budapešť centrála,SPO,219
2026-04-17,CBP Budapešť centrála,BPO,62
2026-04-17,CBP Budapešť centrála,XPO,20
2026-04-17,CZLC4,SPO,762
2026-04-17,CZLC4,BPO,244
2026-04-17,Košice,SPO,3
2026-04-17,LCU,XPO,107
2026-04-17,LCU,XL,1
2026-04-17,LCU,VB,44
2026-04-17,Nitra,SPO,7
2026-04-17,Pobočka HULC1,SPO,3
2026-04-17,Prešov,SPO,9
2026-04-17,Trenčín,SPO,6
2026-04-17,Trnava,SPO,14
2026-04-17,Wien Karlsplatz,SPO,1
2026-04-17,Žilina,SPO,5
2026-04-18,Banská Bystrica,SPO,14
2026-04-18,Bratislava Centrála,SPO,310
2026-04-18,Bratislava Centrála,BPO,54
2026-04-18,Bratislava Centrála,XPO,49
2026-04-18,Bratislava Centrála,XL,2
2026-04-18,Bratislava Petržalka,SPO,11
2026-04-18,Budapest Újbuda Központ,SPO,5
2026-04-18,Budapešť Blaha,SPO,12
2026-04-18,CBP Budapešť centrála,SPO,227
2026-04-18,CBP Budapešť centrála,BPO,73
2026-04-18,CBP Budapešť centrála,XPO,46
2026-04-18,CBP Budapešť centrála,XL,9
2026-04-18,CZLC4,SPO,715
2026-04-18,CZLC4,BPO,156
2026-04-18,Košice,SPO,5
2026-04-18,LCU,XPO,83
2026-04-18,LCU,XL,37
2026-04-18,LCU,VB,18
2026-04-18,Nitra,SPO,12
2026-04-18,Pobočka HULC1,SPO,7
2026-04-18,Prešov,SPO,7
2026-04-18,Trenčín,SPO,4
2026-04-18,Trnava,SPO,16
2026-04-18,Žilina,SPO,12
2026-04-19,Banská Bystrica,SPO,7
2026-04-19,Bratislava Centrála,SPO,341
2026-04-19,Bratislava Centrála,BPO,87
2026-04-19,Bratislava Centrála,XPO,33
2026-04-19,Bratislava Centrála,XL,2
2026-04-19,Bratislava Petržalka,SPO,6
2026-04-19,Budapest Újbuda Központ,SPO,5
2026-04-19,Budapešť Blaha,SPO,8
2026-04-19,CBP Budapešť centrála,SPO,258
2026-04-19,CBP Budapešť centrála,BPO,59
2026-04-19,CBP Budapešť centrála,XPO,33
2026-04-19,CBP Budapešť centrála,XL,13
2026-04-19,CZLC4,SPO,371
2026-04-19,CZLC4,BPO,120
2026-04-19,Košice,SPO,8
2026-04-19,LCU,XPO,83
2026-04-19,LCU,XL,16
2026-04-19,LCU,VB,21
2026-04-19,Nitra,SPO,19
2026-04-19,Pobočka HULC1,SPO,13
2026-04-19,Prešov,SPO,8
2026-04-19,Trenčín,SPO,4
2026-04-19,Trnava,SPO,13
2026-04-19,Wien Karlsplatz,SPO,7
2026-04-19,Žilina,SPO,11
2026-04-20,Banská Bystrica,SPO,14
2026-04-20,Banská Bystrica,BPO,1
2026-04-20,Bratislava Centrála,SPO,439
2026-04-20,Bratislava Centrála,BPO,78
2026-04-20,Bratislava Centrála,XPO,42
2026-04-20,Bratislava Centrála,XL,2
2026-04-20,Bratislava Petržalka,SPO,8
2026-04-20,Bratislava Petržalka,BPO,2
2026-04-20,Budapest Újbuda Központ,SPO,5
2026-04-20,Budapešť Blaha,SPO,10
2026-04-20,CBP Budapešť centrála,SPO,272
2026-04-20,CBP Budapešť centrála,BPO,59
2026-04-20,CBP Budapešť centrála,XPO,30
2026-04-20,CBP Budapešť centrála,XL,12
2026-04-20,CZLC4,SPO,903
2026-04-20,CZLC4,BPO,236
2026-04-20,CZLC4,XPO,1
2026-04-20,Košice,SPO,11
2026-04-20,LCU,XPO,112
2026-04-20,LCU,XL,90
2026-04-20,LCU,VB,43
2026-04-20,Nitra,SPO,16
2026-04-20,Nitra,BPO,2
2026-04-20,Pobočka HULC1,SPO,16
2026-04-20,Pobočka HULC1,BPO,2
2026-04-20,Prešov,SPO,15
2026-04-20,Prešov,BPO,2
2026-04-20,Trenčín,SPO,10
2026-04-20,Trnava,SPO,16
2026-04-20,Wien Karlsplatz,SPO,2
2026-04-20,Žilina,SPO,11
2026-04-21,Banská Bystrica,SPO,29
2026-04-21,Bratislava Centrála,SPO,382
2026-04-21,Bratislava Centrála,BPO,146
2026-04-21,Bratislava Centrála,XPO,6
2026-04-21,Bratislava Petržalka,SPO,17
2026-04-21,Budapest Újbuda Központ,SPO,5
2026-04-21,Budapešť Blaha,SPO,14
2026-04-21,CBP Budapešť centrála,SPO,254
2026-04-21,CBP Budapešť centrála,BPO,94
2026-04-21,CBP Budapešť centrála,XPO,52
2026-04-21,CBP Budapešť centrála,XL,12
2026-04-21,CZLC4,SPO,1030
2026-04-21,CZLC4,BPO,271
2026-04-21,Košice,SPO,29
2026-04-21,LCU,BPO,1
2026-04-21,LCU,XPO,148
2026-04-21,LCU,XL,14
2026-04-21,LCU,VB,60
2026-04-21,Nitra,SPO,23
2026-04-21,Pobočka HULC1,SPO,11
2026-04-21,Prešov,SPO,21
2026-04-21,Trenčín,SPO,14
2026-04-21,Trnava,SPO,30
2026-04-21,Wien Karlsplatz,SPO,1
2026-04-21,Žilina,SPO,27
2026-04-22,Banská Bystrica,SPO,11
2026-04-22,Bratislava Centrála,SPO,311
2026-04-22,Bratislava Centrála,BPO,52
2026-04-22,Bratislava Petržalka,SPO,7
2026-04-22,Budapest Újbuda Központ,SPO,6
2026-04-22,Budapešť Blaha,SPO,8
2026-04-22,CBP Budapešť centrála,SPO,222
2026-04-22,CBP Budapešť centrála,BPO,81
2026-04-22,CBP Budapešť centrála,XPO,47
2026-04-22,CBP Budapešť centrála,XL,11
2026-04-22,CZLC4,SPO,809
2026-04-22,CZLC4,BPO,289
2026-04-22,Košice,SPO,12
2026-04-22,LCU,XPO,151
2026-04-22,LCU,XL,41
2026-04-22,LCU,VB,81
2026-04-22,Nitra,SPO,11
2026-04-22,Pobočka HULC1,SPO,3
2026-04-22,Prešov,SPO,14
2026-04-22,Trenčín,SPO,3
2026-04-22,Trnava,SPO,13
2026-04-22,Wien Karlsplatz,SPO,4
2026-04-22,Žilina,SPO,10
2026-04-23,Banská Bystrica,SPO,22
2026-04-23,Bratislava Centrála,SPO,348
2026-04-23,Bratislava Centrála,BPO,76
2026-04-23,Bratislava Centrála,XPO,44
2026-04-23,Bratislava Petržalka,SPO,4
2026-04-23,Budapest Újbuda Központ,SPO,4
2026-04-23,Budapešť Blaha,SPO,11
2026-04-23,Budapešť Blaha,BPO,2
2026-04-23,CBP Budapešť centrála,SPO,215
2026-04-23,CBP Budapešť centrála,BPO,47
2026-04-23,CBP Budapešť centrála,XPO,30
2026-04-23,CZLC4,SPO,932
2026-04-23,CZLC4,BPO,315
2026-04-23,Košice,SPO,4
2026-04-23,LCU,XPO,153
2026-04-23,LCU,XL,5
2026-04-23,LCU,VB,14
2026-04-23,Nitra,SPO,27
2026-04-23,Pobočka HULC1,SPO,3
2026-04-23,Prešov,SPO,4
2026-04-23,Trenčín,SPO,16
2026-04-23,Trnava,SPO,13
2026-04-23,Wien Karlsplatz,SPO,2
2026-04-23,Žilina,SPO,17
2026-04-24,Banská Bystrica,SPO,4
2026-04-24,Bratislava Centrála,SPO,404
2026-04-24,Bratislava Centrála,BPO,131
2026-04-24,Bratislava Centrála,XPO,10
2026-04-24,Bratislava Centrála,XL,4
2026-04-24,Bratislava Petržalka,SPO,5
2026-04-24,Budapest Újbuda Központ,SPO,1
2026-04-24,Budapešť Blaha,SPO,10
2026-04-24,Budapešť Blaha,BPO,1
2026-04-24,CBP Budapešť centrála,SPO,246
2026-04-24,CBP Budapešť centrála,BPO,92
2026-04-24,CBP Budapešť centrála,XPO,35
2026-04-24,CBP Budapešť centrála,XL,10
2026-04-24,CZLC4,SPO,994
2026-04-24,CZLC4,BPO,467
2026-04-24,Košice,SPO,7
2026-04-24,LCU,XPO,97
2026-04-24,LCU,XL,25
2026-04-24,LCU,VB,11
2026-04-24,Nitra,SPO,5
2026-04-24,Pobočka HULC1,SPO,29
2026-04-24,Pobočka HULC1,BPO,8
2026-04-24,Prešov,SPO,4
2026-04-24,Trenčín,SPO,6
2026-04-24,Trnava,SPO,8
2026-04-24,Wien Karlsplatz,SPO,4
2026-04-24,Žilina,SPO,9
2026-04-25,Banská Bystrica,SPO,17
2026-04-25,Bratislava Centrála,SPO,347
2026-04-25,Bratislava Centrála,BPO,158
2026-04-25,Bratislava Centrála,XPO,59
2026-04-25,Bratislava Centrála,XL,8
2026-04-25,Bratislava Petržalka,SPO,8
2026-04-25,Budapest Újbuda Központ,SPO,5
2026-04-25,Budapešť Blaha,SPO,9
2026-04-25,CBP Budapešť centrála,SPO,279
2026-04-25,CBP Budapešť centrála,BPO,109
2026-04-25,CBP Budapešť centrála,XPO,51
2026-04-25,CBP Budapešť centrála,XL,15
2026-04-25,CZLC4,SPO,1255
2026-04-25,CZLC4,BPO,328
2026-04-25,CZLC4,XPO,1
2026-04-25,Košice,SPO,14
2026-04-25,LCU,XPO,73
2026-04-25,LCU,XL,6
2026-04-25,LCU,VB,8
2026-04-25,Nitra,SPO,9
2026-04-25,Pobočka HULC1,SPO,7
2026-04-25,Prešov,SPO,13
2026-04-25,Trenčín,SPO,12
2026-04-25,Trnava,SPO,24
2026-04-25,Wien Karlsplatz,SPO,2
2026-04-25,Žilina,SPO,13
2026-04-26,Banská Bystrica,SPO,11
2026-04-26,Bratislava Centrála,SPO,371
2026-04-26,Bratislava Centrála,BPO,77
2026-04-26,Bratislava Centrála,XPO,20
2026-04-26,Bratislava Petržalka,SPO,3
2026-04-26,Budapest Újbuda Központ,SPO,2
2026-04-26,Budapešť Blaha,SPO,7
2026-04-26,CBP Budapešť centrála,SPO,241
2026-04-26,CBP Budapešť centrála,BPO,71
2026-04-26,CBP Budapešť centrála,XPO,25
2026-04-26,CBP Budapešť centrála,XL,1
2026-04-26,CZLC4,SPO,623
2026-04-26,CZLC4,BPO,131
2026-04-26,Košice,SPO,2
2026-04-26,LCU,BPO,1
2026-04-26,LCU,XPO,123
2026-04-26,LCU,XL,33
2026-04-26,LCU,VB,19
2026-04-26,Nitra,SPO,3
2026-04-26,Pobočka HULC1,SPO,5
2026-04-26,Prešov,SPO,4
2026-04-26,Trenčín,SPO,6
2026-04-26,Trnava,SPO,6
2026-04-26,Wien Karlsplatz,SPO,1
2026-04-26,Žilina,SPO,1
2026-04-27,Banská Bystrica,SPO,2
2026-04-27,Bratislava Centrála,SPO,317
2026-04-27,Bratislava Centrála,BPO,106
2026-04-27,Bratislava Centrála,XPO,22
2026-04-27,Bratislava Centrála,XL,29
2026-04-27,Bratislava Petržalka,BPO,2
2026-04-27,Budapest Újbuda Központ,SPO,4
2026-04-27,Budapešť Blaha,SPO,7
2026-04-27,Budapešť Blaha,BPO,2
2026-04-27,CBP Budapešť centrála,SPO,229
2026-04-27,CBP Budapešť centrála,BPO,43
2026-04-27,CBP Budapešť centrála,XPO,58
2026-04-27,CBP Budapešť centrála,XL,20
2026-04-27,CZLC4,SPO,824
2026-04-27,CZLC4,BPO,242
2026-04-27,Košice,SPO,3
2026-04-27,LCU,XPO,120
2026-04-27,LCU,VB,37
2026-04-27,Nitra,SPO,5
2026-04-27,Pobočka HULC1,SPO,3
2026-04-27,Prešov,SPO,3
2026-04-27,Trenčín,SPO,2
2026-04-27,Trnava,SPO,5
2026-04-27,Trnava,BPO,2
2026-04-27,Wien Karlsplatz,SPO,1
2026-04-27,Žilina,SPO,3
2026-04-28,Banská Bystrica,SPO,16
2026-04-28,Bratislava Centrála,SPO,420
2026-04-28,Bratislava Centrála,BPO,86
2026-04-28,Bratislava Centrála,XPO,3
2026-04-28,Bratislava Petržalka,SPO,3
2026-04-28,Budapest Újbuda Központ,SPO,8
2026-04-28,Budapešť Blaha,SPO,26
2026-04-28,Budapešť Blaha,BPO,8
2026-04-28,CBP Budapešť centrála,SPO,280
2026-04-28,CBP Budapešť centrála,BPO,51
2026-04-28,CBP Budapešť centrála,XPO,35
2026-04-28,CZLC4,SPO,1163
2026-04-28,CZLC4,BPO,455
2026-04-28,CZLC4,XPO,2
2026-04-28,Košice,SPO,20
2026-04-28,Košice,BPO,8
2026-04-28,LCU,XPO,250
2026-04-28,LCU,XL,28
2026-04-28,LCU,VB,91
2026-04-28,Nitra,SPO,9
2026-04-28,Pobočka HULC1,SPO,7
2026-04-28,Prešov,SPO,30
2026-04-28,Prešov,BPO,9
2026-04-28,Trenčín,SPO,6
2026-04-28,Trnava,SPO,38
2026-04-28,Trnava,BPO,8
2026-04-28,Žilina,SPO,7
2026-04-29,Banská Bystrica,SPO,8
2026-04-29,Bratislava Centrála,SPO,278
2026-04-29,Bratislava Centrála,BPO,142
2026-04-29,Bratislava Centrála,XPO,64
2026-04-29,Bratislava Centrála,XL,37
2026-04-29,Bratislava Petržalka,SPO,2
2026-04-29,Bratislava Petržalka,BPO,4
2026-04-29,Budapest Újbuda Központ,SPO,13
2026-04-29,Budapešť Blaha,SPO,7
2026-04-29,CBP Budapešť centrála,SPO,258
2026-04-29,CBP Budapešť centrála,BPO,103
2026-04-29,CBP Budapešť centrála,XPO,47
2026-04-29,CBP Budapešť centrála,XL,12
2026-04-29,CZLC4,SPO,808
2026-04-29,CZLC4,BPO,243
2026-04-29,CZLC4,XPO,4
2026-04-29,Košice,SPO,13
2026-04-29,LCU,XPO,124
2026-04-29,LCU,XL,14
2026-04-29,LCU,VB,46
2026-04-29,Nitra,SPO,11
2026-04-29,Pobočka HULC1,SPO,10
2026-04-29,Pobočka HULC1,BPO,2
2026-04-29,Prešov,SPO,6
2026-04-29,Trenčín,SPO,2
2026-04-29,Trnava,SPO,8
2026-04-29,Wien Karlsplatz,SPO,2
2026-04-29,Žilina,SPO,4
2026-04-30,Banská Bystrica,SPO,6
2026-04-30,Bratislava Centrála,SPO,250
2026-04-30,Bratislava Centrála,BPO,101
2026-04-30,Bratislava Centrála,XPO,27
2026-04-30,Bratislava Centrála,XL,6
2026-04-30,Bratislava Petržalka,SPO,1
2026-04-30,Budapest Újbuda Központ,SPO,3
2026-04-30,Budapešť Blaha,SPO,6
2026-04-30,CBP Budapešť centrála,SPO,210
2026-04-30,CBP Budapešť centrála,BPO,114
2026-04-30,CBP Budapešť centrála,XPO,35
2026-04-30,CBP Budapešť centrála,XL,13
2026-04-30,CZLC4,SPO,716
2026-04-30,CZLC4,BPO,176
2026-04-30,Košice,SPO,10
2026-04-30,LCU,XPO,112
2026-04-30,LCU,XL,30
2026-04-30,LCU,VB,14
2026-04-30,Nitra,SPO,10
2026-04-30,Pobočka HULC1,SPO,1
2026-04-30,Prešov,SPO,5
2026-04-30,Trenčín,SPO,2
2026-04-30,Trenčín,BPO,1
2026-04-30,Trnava,SPO,11
2026-04-30,Žilina,SPO,5
2026-05-01,Banská Bystrica,BPO,2
2026-05-01,Bratislava Centrála,SPO,296
2026-05-01,Bratislava Centrála,BPO,110
2026-05-01,Bratislava Centrála,XPO,54
2026-05-01,Bratislava Centrála,XL,14
2026-05-01,Bratislava Petržalka,SPO,3
2026-05-01,Bratislava Petržalka,BPO,1
2026-05-01,Budapest Újbuda Központ,SPO,3
2026-05-01,Budapest Újbuda Központ,BPO,3
2026-05-01,Budapešť Blaha,SPO,6
2026-05-01,CBP Budapešť centrála,SPO,206
2026-05-01,CBP Budapešť centrála,BPO,143
2026-05-01,CBP Budapešť centrála,XPO,31
2026-05-01,CBP Budapešť centrála,XL,23
2026-05-01,CZLC4,SPO,712
2026-05-01,CZLC4,BPO,270
2026-05-01,Košice,SPO,3
2026-05-01,LCU,XPO,74
2026-05-01,LCU,XL,35
2026-05-01,LCU,VB,12
2026-05-01,Nitra,SPO,5
2026-05-01,Nitra,BPO,1
2026-05-01,Pobočka HULC1,SPO,9
2026-05-01,Pobočka HULC1,BPO,6
2026-05-01,Prešov,SPO,3
2026-05-01,Trenčín,SPO,3
2026-05-01,Trnava,SPO,12
2026-05-01,Wien Karlsplatz,SPO,4
2026-05-01,Žilina,SPO,3
2026-05-02,Banská Bystrica,SPO,7
2026-05-02,Banská Bystrica,BPO,1
2026-05-02,Bratislava Centrála,SPO,325
2026-05-02,Bratislava Centrála,BPO,135
2026-05-02,Bratislava Centrála,XPO,6
2026-05-02,Bratislava Centrála,XL,9
2026-05-02,Bratislava Petržalka,SPO,3
2026-05-02,Budapest Újbuda Központ,SPO,5
2026-05-02,Budapešť Blaha,SPO,7
2026-05-02,CBP Budapešť centrála,SPO,272
2026-05-02,CBP Budapešť centrála,BPO,97
2026-05-02,CBP Budapešť centrála,XPO,20
2026-05-02,CBP Budapešť centrála,XL,6
2026-05-02,CZLC4,SPO,329
2026-05-02,CZLC4,BPO,111
2026-05-02,Košice,SPO,9
2026-05-02,LCU,XPO,93
2026-05-02,LCU,XL,28
2026-05-02,LCU,VB,14
2026-05-02,Nitra,SPO,9
2026-05-02,Pobočka HULC1,SPO,5
2026-05-02,Prešov,SPO,6
2026-05-02,Trenčín,SPO,2
2026-05-02,Trnava,SPO,10
2026-05-02,Žilina,SPO,3
2026-05-03,Banská Bystrica,SPO,15
2026-05-03,Bratislava Centrála,SPO,483
2026-05-03,Bratislava Centrála,BPO,78
2026-05-03,Bratislava Centrála,XPO,21
2026-05-03,Bratislava Petržalka,SPO,3
2026-05-03,Bratislava Petržalka,BPO,1
2026-05-03,Budapest Újbuda Központ,SPO,12
2026-05-03,Budapest Újbuda Központ,BPO,2
2026-05-03,Budapešť Blaha,SPO,16
2026-05-03,CBP Budapešť centrála,SPO,457
2026-05-03,CBP Budapešť centrála,BPO,54
2026-05-03,CBP Budapešť centrála,XPO,38
2026-05-03,CZLC4,SPO,494
2026-05-03,CZLC4,BPO,186
2026-05-03,Košice,SPO,17
2026-05-03,LCU,XPO,140
2026-05-03,LCU,XL,11
2026-05-03,LCU,VB,42
2026-05-03,Nitra,SPO,19
2026-05-03,Pobočka HULC1,SPO,17
2026-05-03,Prešov,SPO,16
2026-05-03,Trenčín,SPO,14
2026-05-03,Trnava,SPO,20
2026-05-03,Wien Karlsplatz,SPO,6
2026-05-03,Žilina,SPO,8
2026-05-04,Banská Bystrica,SPO,3
2026-05-04,Bratislava Centrála,SPO,287
2026-05-04,Bratislava Centrála,BPO,70
2026-05-04,Bratislava Centrála,XPO,6
2026-05-04,Bratislava Centrála,XL,23
2026-05-04,Bratislava Petržalka,SPO,3
2026-05-04,Budapest Újbuda Központ,SPO,3
2026-05-04,Budapešť Blaha,SPO,8
2026-05-04,Budapešť Blaha,BPO,2
2026-05-04,CBP Budapešť centrála,SPO,188
2026-05-04,CBP Budapešť centrála,BPO,37
2026-05-04,CBP Budapešť centrála,XPO,15
2026-05-04,CBP Budapešť centrála,XL,20
2026-05-04,CZLC4,SPO,771
2026-05-04,CZLC4,BPO,237
2026-05-04,Košice,SPO,4
2026-05-04,LCU,XPO,255
2026-05-04,LCU,XL,96
2026-05-04,LCU,VB,25
2026-05-04,Nitra,SPO,9
2026-05-04,Pobočka HULC1,SPO,5
2026-05-04,Prešov,SPO,12
2026-05-04,Trenčín,SPO,8
2026-05-04,Trnava,SPO,7
2026-05-04,Žilina,SPO,4
2026-05-05,Banská Bystrica,SPO,9
2026-05-05,Bratislava Centrála,SPO,473
2026-05-05,Bratislava Centrála,BPO,118
2026-05-05,Bratislava Petržalka,SPO,3
2026-05-05,Budapest Újbuda Központ,SPO,7
2026-05-05,Budapešť Blaha,SPO,10
2026-05-05,CBP Budapešť centrála,SPO,292
2026-05-05,CBP Budapešť centrála,BPO,42
2026-05-05,CBP Budapešť centrála,XPO,36
2026-05-05,CBP Budapešť centrála,XL,13
2026-05-05,CZLC4,SPO,1086
2026-05-05,CZLC4,BPO,237
2026-05-05,Košice,SPO,6
2026-05-05,LCU,XPO,188
2026-05-05,LCU,XL,60
2026-05-05,LCU,VB,31
2026-05-05,Nitra,SPO,8
2026-05-05,Pobočka HULC1,SPO,4
2026-05-05,Prešov,SPO,7
2026-05-05,Trenčín,SPO,4
2026-05-05,Trnava,SPO,8
2026-05-05,Wien Karlsplatz,SPO,2
2026-05-05,Žilina,SPO,3
2026-05-06,Banská Bystrica,SPO,13
2026-05-06,Bratislava Centrála,SPO,330
2026-05-06,Bratislava Centrála,BPO,70
2026-05-06,Budapest Újbuda Központ,SPO,15
2026-05-06,Budapešť Blaha,SPO,15
2026-05-06,CBP Budapešť centrála,SPO,261
2026-05-06,CBP Budapešť centrála,BPO,92
2026-05-06,CBP Budapešť centrála,XPO,26
2026-05-06,CBP Budapešť centrála,XL,5
2026-05-06,CZLC4,SPO,727
2026-05-06,CZLC4,BPO,313
2026-05-06,Košice,SPO,2
2026-05-06,LCU,XPO,137
2026-05-06,LCU,XL,16
2026-05-06,LCU,VB,65
2026-05-06,Nitra,SPO,9
2026-05-06,Pobočka HULC1,SPO,16
2026-05-06,Prešov,SPO,16
2026-05-06,Trenčín,SPO,6
2026-05-06,Trnava,SPO,12
2026-05-06,Wien Karlsplatz,SPO,1
2026-05-06,Žilina,SPO,2
2026-05-07,Banská Bystrica,SPO,7
2026-05-07,Bratislava Centrála,SPO,351
2026-05-07,Bratislava Centrála,BPO,135
2026-05-07,Bratislava Centrála,XPO,61
2026-05-07,Bratislava Centrála,XL,13
2026-05-07,Bratislava Petržalka,SPO,2
2026-05-07,Budapest Újbuda Központ,SPO,12
2026-05-07,Budapešť Blaha,SPO,18
2026-05-07,CBP Budapešť centrála,SPO,283
2026-05-07,CBP Budapešť centrála,BPO,77
2026-05-07,CBP Budapešť centrála,XPO,51
2026-05-07,CBP Budapešť centrála,XL,19
2026-05-07,CZLC4,SPO,847
2026-05-07,CZLC4,BPO,175
2026-05-07,CZLC4,XPO,1
2026-05-07,Košice,SPO,4
2026-05-07,LCU,XPO,217
2026-05-07,LCU,XL,8
2026-05-07,LCU,VB,19
2026-05-07,Nitra,SPO,14
2026-05-07,Pobočka HULC1,SPO,15
2026-05-07,Prešov,SPO,18
2026-05-07,Trenčín,SPO,7
2026-05-07,Trnava,SPO,12
2026-05-07,Wien Karlsplatz,SPO,4
2026-05-07,Žilina,SPO,4
2026-05-08,Banská Bystrica,SPO,52
2026-05-08,Banská Bystrica,BPO,19
2026-05-08,Bratislava Centrála,SPO,323
2026-05-08,Bratislava Centrála,BPO,95
2026-05-08,Bratislava Centrála,XPO,6
2026-05-08,Bratislava Centrála,XL,6
2026-05-08,Bratislava Petržalka,SPO,4
2026-05-08,Budapest Újbuda Központ,SPO,8
2026-05-08,Budapešť Blaha,SPO,7
2026-05-08,CBP Budapešť centrála,SPO,234
2026-05-08,CBP Budapešť centrála,BPO,62
2026-05-08,CBP Budapešť centrála,XPO,27
2026-05-08,CZLC4,SPO,883
2026-05-08,CZLC4,BPO,231
2026-05-08,Košice,SPO,15
2026-05-08,LCU,XPO,113
2026-05-08,LCU,VB,4
2026-05-08,Nitra,SPO,7
2026-05-08,Pobočka HULC1,SPO,13
2026-05-08,Prešov,SPO,7
2026-05-08,Trenčín,SPO,6
2026-05-08,Trnava,SPO,17
2026-05-08,Wien Karlsplatz,SPO,3
2026-05-08,Žilina,SPO,3
2026-05-09,Banská Bystrica,SPO,3
2026-05-09,Bratislava Centrála,SPO,352
2026-05-09,Bratislava Centrála,BPO,80
2026-05-09,Bratislava Centrála,XPO,6
2026-05-09,Bratislava Centrála,XL,23
2026-05-09,Bratislava Petržalka,SPO,3
2026-05-09,Budapest Újbuda Központ,SPO,11
2026-05-09,Budapešť Blaha,SPO,10
2026-05-09,CBP Budapešť centrála,SPO,307
2026-05-09,CBP Budapešť centrála,BPO,57
2026-05-09,CBP Budapešť centrála,XPO,47
2026-05-09,CBP Budapešť centrála,XL,3
2026-05-09,CZLC4,SPO,660
2026-05-09,CZLC4,BPO,496
2026-05-09,CZLC4,XPO,3
2026-05-09,Košice,SPO,6
2026-05-09,LCU,XPO,82
2026-05-09,LCU,XL,25
2026-05-09,LCU,VB,9
2026-05-09,Nitra,SPO,12
2026-05-09,Pobočka HULC1,SPO,11
2026-05-09,Prešov,SPO,3
2026-05-09,Trenčín,SPO,7
2026-05-09,Trnava,SPO,13
2026-05-09,Wien Karlsplatz,SPO,5
2026-05-09,Žilina,SPO,7
2026-05-10,Banská Bystrica,SPO,9
2026-05-10,Banská Bystrica,BPO,4
2026-05-10,Bratislava Centrála,SPO,306
2026-05-10,Bratislava Centrála,BPO,78
2026-05-10,Bratislava Centrála,XPO,70
2026-05-10,Bratislava Centrála,XL,15
2026-05-10,Bratislava Petržalka,SPO,3
2026-05-10,Budapest Újbuda Központ,SPO,8
2026-05-10,Budapešť Blaha,SPO,17
2026-05-10,CBP Budapešť centrála,SPO,257
2026-05-10,CBP Budapešť centrála,BPO,67
2026-05-10,CBP Budapešť centrála,XPO,27
2026-05-10,CBP Budapešť centrála,XL,4
2026-05-10,CZLC4,SPO,820
2026-05-10,CZLC4,BPO,309
2026-05-10,CZLC4,XPO,2
2026-05-10,Košice,SPO,8
2026-05-10,LCU,XPO,115
2026-05-10,LCU,XL,4
2026-05-10,LCU,VB,21
2026-05-10,Nitra,SPO,6
2026-05-10,Pobočka HULC1,SPO,10
2026-05-10,Prešov,SPO,3
2026-05-10,Trenčín,SPO,6
2026-05-10,Trnava,SPO,7
2026-05-10,Wien Karlsplatz,SPO,3
2026-05-10,Žilina,SPO,8
2026-05-11,Banská Bystrica,SPO,7
2026-05-11,Bratislava Centrála,SPO,272
2026-05-11,Bratislava Centrála,BPO,87
2026-05-11,Budapest Újbuda Központ,SPO,6
2026-05-11,Budapešť Blaha,SPO,17
2026-05-11,CBP Budapešť centrála,SPO,216
2026-05-11,CBP Budapešť centrála,BPO,66
2026-05-11,CBP Budapešť centrála,XPO,24
2026-05-11,CBP Budapešť centrála,XL,26
2026-05-11,CZLC4,SPO,1251
2026-05-11,CZLC4,BPO,625
2026-05-11,Košice,SPO,2
2026-05-11,LCU,XPO,117
2026-05-11,LCU,XL,13
2026-05-11,LCU,VB,16
2026-05-11,Nitra,SPO,10
2026-05-11,Nitra,BPO,1
2026-05-11,Pobočka HULC1,SPO,5
2026-05-11,Prešov,SPO,4
2026-05-11,Trnava,SPO,10
2026-05-11,Wien Karlsplatz,SPO,2
2026-05-11,Žilina,SPO,7
2026-05-12,Banská Bystrica,SPO,12
2026-05-12,Banská Bystrica,BPO,2
2026-05-12,Bratislava Centrála,SPO,422
2026-05-12,Bratislava Centrála,BPO,116
2026-05-12,Bratislava Centrála,XPO,12
2026-05-12,Bratislava Petržalka,SPO,7
2026-05-12,Budapest Újbuda Központ,SPO,4
2026-05-12,Budapešť Blaha,SPO,13
2026-05-12,CBP Budapešť centrála,SPO,336
2026-05-12,CBP Budapešť centrála,BPO,102
2026-05-12,CBP Budapešť centrála,XPO,44
2026-05-12,CBP Budapešť centrála,XL,3
2026-05-12,CZLC4,SPO,1227
2026-05-12,CZLC4,BPO,548
2026-05-12,Košice,SPO,12
2026-05-12,LCU,XPO,208
2026-05-12,LCU,XL,30
2026-05-12,LCU,VB,77
2026-05-12,Nitra,SPO,18
2026-05-12,Pobočka HULC1,SPO,12
2026-05-12,Prešov,SPO,14
2026-05-12,Trenčín,SPO,10
2026-05-12,Trnava,SPO,13
2026-05-12,Wien Karlsplatz,SPO,1
2026-05-12,Žilina,SPO,5
2026-05-13,Banská Bystrica,SPO,9
2026-05-13,Banská Bystrica,BPO,3
2026-05-13,Bratislava Centrála,SPO,351
2026-05-13,Bratislava Centrála,BPO,80
2026-05-13,Bratislava Centrála,XL,8
2026-05-13,Budapest Újbuda Központ,SPO,10
2026-05-13,Budapešť Blaha,SPO,6
2026-05-13,CBP Budapešť centrála,SPO,286
2026-05-13,CBP Budapešť centrála,BPO,90
2026-05-13,CBP Budapešť centrála,XPO,27
2026-05-13,CZLC4,SPO,863
2026-05-13,CZLC4,BPO,407
2026-05-13,CZLC4,XPO,4
2026-05-13,Košice,SPO,10
2026-05-13,LCU,XPO,116
2026-05-13,LCU,XL,14
2026-05-13,LCU,VB,42
2026-05-13,Nitra,SPO,9
2026-05-13,Pobočka HULC1,SPO,13
2026-05-13,Prešov,SPO,2
2026-05-13,Trenčín,SPO,6
2026-05-13,Trnava,SPO,7
2026-05-13,Wien Karlsplatz,SPO,2
2026-05-13,Žilina,SPO,8
2026-05-14,Banská Bystrica,SPO,3
2026-05-14,Bratislava Centrála,SPO,434
2026-05-14,Bratislava Centrála,BPO,90
2026-05-14,Bratislava Centrála,XPO,67
2026-05-14,Bratislava Centrála,XL,26
2026-05-14,Bratislava Petržalka,SPO,3
2026-05-14,Budapest Újbuda Központ,SPO,4
2026-05-14,Budapešť Blaha,SPO,13
2026-05-14,Budapešť Blaha,BPO,2
2026-05-14,CBP Budapešť centrála,SPO,309
2026-05-14,CBP Budapešť centrála,BPO,74
2026-05-14,CBP Budapešť centrála,XPO,80
2026-05-14,CZLC4,SPO,914
2026-05-14,CZLC4,BPO,490
2026-05-14,Košice,SPO,7
2026-05-14,LCU,XPO,257
2026-05-14,LCU,XL,15
2026-05-14,LCU,VB,42
2026-05-14,Nitra,SPO,11
2026-05-14,Pobočka HULC1,SPO,14
2026-05-14,Prešov,SPO,8
2026-05-14,Trenčín,SPO,5
2026-05-14,Trnava,SPO,10
2026-05-14,Wien Karlsplatz,SPO,3
2026-05-14,Žilina,SPO,9
2026-05-15,Banská Bystrica,SPO,9
2026-05-15,Bratislava Centrála,SPO,326
2026-05-15,Bratislava Centrála,BPO,133
2026-05-15,Bratislava Centrála,XPO,38
2026-05-15,Bratislava Petržalka,SPO,4
2026-05-15,Budapest Újbuda Központ,SPO,12
2026-05-15,Budapešť Blaha,SPO,12
2026-05-15,CBP Budapešť centrála,SPO,251
2026-05-15,CBP Budapešť centrála,BPO,58
2026-05-15,CBP Budapešť centrála,XPO,39
2026-05-15,CBP Budapešť centrála,XL,2
2026-05-15,CZLC4,SPO,956
2026-05-15,CZLC4,BPO,296
2026-05-15,Košice,SPO,3
2026-05-15,LCU,XPO,204
2026-05-15,LCU,XL,26
2026-05-15,LCU,VB,49
2026-05-15,Nitra,SPO,11
2026-05-15,Pobočka HULC1,SPO,26
2026-05-15,Prešov,SPO,13
2026-05-15,Trenčín,SPO,7
2026-05-15,Trnava,SPO,9
2026-05-15,Wien Karlsplatz,SPO,2
2026-05-15,Žilina,SPO,9
2026-05-16,Banská Bystrica,SPO,4
2026-05-16,Bratislava Centrála,SPO,408
2026-05-16,Bratislava Centrála,BPO,109
2026-05-16,Bratislava Centrála,XL,7
2026-05-16,Bratislava Petržalka,SPO,5
2026-05-16,Budapest Újbuda Központ,SPO,3
2026-05-16,Budapešť Blaha,SPO,18
2026-05-16,CBP Budapešť centrála,SPO,269
2026-05-16,CBP Budapešť centrála,BPO,105
2026-05-16,CBP Budapešť centrála,XPO,44
2026-05-16,CBP Budapešť centrála,XL,3
2026-05-16,CZLC4,SPO,658
2026-05-16,CZLC4,BPO,334
2026-05-16,Košice,SPO,4
2026-05-16,LCU,XPO,144
2026-05-16,LCU,XL,38
2026-05-16,LCU,VB,27
2026-05-16,Nitra,SPO,4
2026-05-16,Pobočka HULC1,SPO,11
2026-05-16,Prešov,SPO,9
2026-05-16,Trnava,SPO,9
2026-05-16,Trnava,BPO,1
2026-05-16,Wien Karlsplatz,SPO,1
2026-05-16,Žilina,SPO,6
2026-05-17,Banská Bystrica,SPO,12
2026-05-17,Bratislava Centrála,SPO,420
2026-05-17,Bratislava Centrála,BPO,108
2026-05-17,Bratislava Centrála,XPO,9
2026-05-17,Bratislava Centrála,XL,16
2026-05-17,Bratislava Petržalka,SPO,6
2026-05-17,Budapest Újbuda Központ,SPO,6
2026-05-17,Budapešť Blaha,SPO,19
2026-05-17,CBP Budapešť centrála,SPO,305
2026-05-17,CBP Budapešť centrála,BPO,53
2026-05-17,CBP Budapešť centrála,XPO,40
2026-05-17,CBP Budapešť centrála,XL,18
2026-05-17,CZLC4,SPO,831
2026-05-17,CZLC4,BPO,121
2026-05-17,Košice,SPO,9
2026-05-17,LCU,XPO,62
2026-05-17,LCU,XL,8
2026-05-17,LCU,VB,22
2026-05-17,Nitra,SPO,16
2026-05-17,Pobočka HULC1,SPO,12
2026-05-17,Prešov,SPO,12
2026-05-17,Trenčín,SPO,3
2026-05-17,Trnava,SPO,12
2026-05-17,Wien Karlsplatz,SPO,7
2026-05-17,Žilina,SPO,13
2026-05-18,Banská Bystrica,SPO,7
2026-05-18,Bratislava Centrála,SPO,276
2026-05-18,Bratislava Centrála,BPO,95
2026-05-18,Bratislava Centrála,XPO,125
2026-05-18,Bratislava Centrála,XL,14
2026-05-18,Bratislava Petržalka,SPO,1
2026-05-18,Budapest Újbuda Központ,SPO,4
2026-05-18,Budapešť Blaha,SPO,5
2026-05-18,CBP Budapešť centrála,SPO,181
2026-05-18,CBP Budapešť centrála,BPO,75
2026-05-18,CBP Budapešť centrála,XPO,30
2026-05-18,CBP Budapešť centrála,XL,45
2026-05-18,CZLC4,SPO,1420
2026-05-18,CZLC4,BPO,570
2026-05-18,Košice,SPO,2
2026-05-18,LCU,XPO,221
2026-05-18,LCU,XL,18
2026-05-18,LCU,VB,24
2026-05-18,Nitra,SPO,9
2026-05-18,Prešov,SPO,5
2026-05-18,Trenčín,SPO,2
2026-05-18,Trnava,SPO,2
2026-05-18,Wien Karlsplatz,SPO,1
2026-05-18,Žilina,SPO,1
2026-05-19,Banská Bystrica,SPO,6
2026-05-19,Bratislava Centrála,SPO,387
2026-05-19,Bratislava Centrála,BPO,94
2026-05-19,Bratislava Centrála,XL,13
2026-05-19,Bratislava Petržalka,SPO,2
2026-05-19,Budapest Újbuda Központ,SPO,7
2026-05-19,Budapest Újbuda Központ,BPO,2
2026-05-19,Budapešť Blaha,SPO,5
2026-05-19,Budapešť Blaha,BPO,5
2026-05-19,CBP Budapešť centrála,SPO,278
2026-05-19,CBP Budapešť centrála,BPO,101
2026-05-19,CBP Budapešť centrála,XPO,54
2026-05-19,CBP Budapešť centrála,XL,7
2026-05-19,CZLC4,SPO,1632
2026-05-19,CZLC4,BPO,847
2026-05-19,Košice,SPO,7
2026-05-19,LCU,BPO,25
2026-05-19,LCU,XPO,333
2026-05-19,LCU,XL,28
2026-05-19,LCU,VB,176
2026-05-19,Nitra,SPO,6
2026-05-19,Pobočka HULC1,SPO,9
2026-05-19,Prešov,SPO,3
2026-05-19,Trenčín,SPO,4
2026-05-19,Trnava,SPO,9
2026-05-19,Wien Karlsplatz,SPO,2
2026-05-19,Žilina,SPO,5
2026-05-20,Banská Bystrica,SPO,4
2026-05-20,Bratislava Centrála,SPO,270
2026-05-20,Bratislava Centrála,BPO,93
2026-05-20,Bratislava Centrála,XPO,28
2026-05-20,Bratislava Centrála,XL,1
2026-05-20,Bratislava Petržalka,SPO,5
2026-05-20,Budapest Újbuda Központ,SPO,6
2026-05-20,Budapešť Blaha,SPO,9
2026-05-20,CBP Budapešť centrála,SPO,190
2026-05-20,CBP Budapešť centrála,BPO,48
2026-05-20,CBP Budapešť centrála,XPO,21
2026-05-20,CBP Budapešť centrála,XL,16
2026-05-20,CZLC4,SPO,736
2026-05-20,CZLC4,BPO,520
2026-05-20,Košice,SPO,8
2026-05-20,LCU,XPO,127
2026-05-20,LCU,XL,54
2026-05-20,LCU,VB,46
2026-05-20,Nitra,SPO,4
2026-05-20,Pobočka HULC1,SPO,1
2026-05-20,Prešov,SPO,3
2026-05-20,Trenčín,SPO,1
2026-05-20,Trnava,SPO,6
2026-05-20,Wien Karlsplatz,SPO,5
2026-05-20,Žilina,SPO,2
2026-05-21,Banská Bystrica,SPO,7
2026-05-21,Bratislava Centrála,SPO,342
2026-05-21,Bratislava Centrála,BPO,72
2026-05-21,Bratislava Centrála,XPO,51
2026-05-21,Bratislava Centrála,XL,4
2026-05-21,Bratislava Petržalka,SPO,3
2026-05-21,Budapest Újbuda Központ,SPO,10
2026-05-21,Budapešť Blaha,SPO,9
2026-05-21,CBP Budapešť centrála,SPO,365
2026-05-21,CBP Budapešť centrála,BPO,86
2026-05-21,CBP Budapešť centrála,XPO,44
2026-05-21,CZLC4,SPO,1002
2026-05-21,CZLC4,BPO,430
2026-05-21,Košice,SPO,9
2026-05-21,LCU,XPO,244
2026-05-21,LCU,XL,8
2026-05-21,LCU,VB,9
2026-05-21,Nitra,SPO,7
2026-05-21,Pobočka HULC1,SPO,13
2026-05-21,Prešov,SPO,5
2026-05-21,Trenčín,SPO,1
2026-05-21,Trnava,SPO,12
2026-05-21,Trnava,BPO,1
2026-05-21,Wien Karlsplatz,SPO,1
2026-05-21,Žilina,SPO,4
2026-05-22,Banská Bystrica,SPO,2
2026-05-22,Bratislava Centrála,SPO,276
2026-05-22,Bratislava Centrála,BPO,106
2026-05-22,Bratislava Centrála,XPO,1
2026-05-22,Bratislava Centrála,XL,18
2026-05-22,Bratislava Petržalka,SPO,3
2026-05-22,Budapest Újbuda Központ,SPO,2
2026-05-22,Budapešť Blaha,SPO,6
2026-05-22,CBP Budapešť centrála,SPO,201
2026-05-22,CBP Budapešť centrála,BPO,64
2026-05-22,CBP Budapešť centrála,XPO,26
2026-05-22,CZLC4,SPO,977
2026-05-22,CZLC4,BPO,554
2026-05-22,Košice,SPO,3
2026-05-22,LCU,XPO,150
2026-05-22,LCU,XL,74
2026-05-22,LCU,VB,7
2026-05-22,Nitra,SPO,9
2026-05-22,Pobočka HULC1,SPO,4
2026-05-22,Prešov,SPO,7
2026-05-22,Trenčín,SPO,4
2026-05-22,Trnava,SPO,8
2026-05-22,Wien Karlsplatz,SPO,1
2026-05-22,Žilina,SPO,2
2026-05-23,Banská Bystrica,SPO,3
2026-05-23,Bratislava Centrála,SPO,290
2026-05-23,Bratislava Centrála,BPO,113
2026-05-23,Bratislava Centrála,XPO,33
2026-05-23,Bratislava Centrála,XL,12
2026-05-23,Bratislava Petržalka,SPO,4
2026-05-23,Budapest Újbuda Központ,SPO,3
2026-05-23,Budapešť Blaha,SPO,6
2026-05-23,CBP Budapešť centrála,SPO,248
2026-05-23,CBP Budapešť centrála,BPO,115
2026-05-23,CBP Budapešť centrála,XPO,52
2026-05-23,CZLC4,SPO,799
2026-05-23,CZLC4,BPO,501
2026-05-23,CZLC4,XPO,4
2026-05-23,Košice,SPO,5
2026-05-23,LCU,XPO,120
2026-05-23,LCU,XL,13
2026-05-23,LCU,VB,17
2026-05-23,Nitra,SPO,6
2026-05-23,Prešov,SPO,5
2026-05-23,Trenčín,SPO,2
2026-05-23,Trnava,SPO,4
2026-05-23,Wien Karlsplatz,SPO,1
2026-05-23,Žilina,SPO,7
2026-05-24,Banská Bystrica,SPO,2
2026-05-24,Bratislava Centrála,SPO,291
2026-05-24,Bratislava Centrála,BPO,51
2026-05-24,Bratislava Centrála,XPO,50
2026-05-24,Bratislava Centrála,XL,2
2026-05-24,Budapest Újbuda Központ,SPO,2
2026-05-24,Budapešť Blaha,SPO,8
2026-05-24,CBP Budapešť centrála,SPO,142
2026-05-24,CBP Budapešť centrála,BPO,22
2026-05-24,CBP Budapešť centrála,XPO,14
2026-05-24,CZLC4,SPO,471
2026-05-24,CZLC4,BPO,790
2026-05-24,Košice,SPO,11
2026-05-24,LCU,XPO,70
2026-05-24,LCU,VB,1
2026-05-24,Nitra,SPO,7
2026-05-24,Pobočka HULC1,SPO,5
2026-05-24,Prešov,SPO,6
2026-05-24,Trenčín,SPO,4
2026-05-24,Trnava,SPO,5
2026-05-24,Wien Karlsplatz,SPO,1
2026-05-24,Žilina,SPO,7
2026-05-25,Banská Bystrica,SPO,1
2026-05-25,Bratislava Centrála,SPO,286
2026-05-25,Bratislava Centrála,BPO,51
2026-05-25,Bratislava Centrála,XPO,21
2026-05-25,Bratislava Centrála,XL,20
2026-05-25,Budapest Újbuda Központ,SPO,1
2026-05-25,CBP Budapešť centrála,SPO,119
2026-05-25,CBP Budapešť centrála,BPO,69
2026-05-25,CBP Budapešť centrála,XPO,20
2026-05-25,CZLC4,SPO,824
2026-05-25,CZLC4,BPO,466
2026-05-25,Košice,SPO,8
2026-05-25,LCU,XPO,14
2026-05-25,LCU,XL,19
2026-05-25,LCU,VB,39
2026-05-25,Nitra,SPO,3
2026-05-25,Pobočka HULC1,SPO,1
2026-05-25,Prešov,SPO,4
2026-05-25,Trenčín,SPO,2
2026-05-25,Trnava,SPO,2
2026-05-25,Žilina,SPO,8
2026-05-26,Banská Bystrica,SPO,10
2026-05-26,Bratislava Centrála,SPO,416
2026-05-26,Bratislava Centrála,BPO,75
2026-05-26,Bratislava Petržalka,SPO,4
2026-05-26,Budapest Újbuda Központ,SPO,5
2026-05-26,Budapešť Blaha,SPO,3
2026-05-26,CBP Budapešť centrála,SPO,128
2026-05-26,CBP Budapešť centrála,BPO,25
2026-05-26,CBP Budapešť centrála,XPO,15
2026-05-26,CZLC4,SPO,1468
2026-05-26,CZLC4,BPO,657
2026-05-26,CZLC4,XPO,1
2026-05-26,Košice,SPO,15
2026-05-26,LCU,XPO,293
2026-05-26,LCU,XL,39
2026-05-26,LCU,VB,83
2026-05-26,Nitra,SPO,13
2026-05-26,Prešov,SPO,3
2026-05-26,Prešov,BPO,1
2026-05-26,Trenčín,SPO,1
2026-05-26,Trnava,SPO,13
2026-05-26,Žilina,SPO,9
2026-05-27,Banská Bystrica,SPO,5
2026-05-27,Bratislava Centrála,SPO,327
2026-05-27,Bratislava Centrála,BPO,120
2026-05-27,Bratislava Petržalka,SPO,4
2026-05-27,Budapest Újbuda Központ,SPO,2
2026-05-27,Budapešť Blaha,SPO,8
2026-05-27,CBP Budapešť centrála,SPO,233
2026-05-27,CBP Budapešť centrála,BPO,57
2026-05-27,CBP Budapešť centrála,XPO,26
2026-05-27,CZLC4,SPO,1035
2026-05-27,CZLC4,BPO,568
2026-05-27,Košice,SPO,4
2026-05-27,LCU,XPO,100
2026-05-27,LCU,XL,20
2026-05-27,LCU,VB,2
2026-05-27,Nitra,SPO,6
2026-05-27,Pobočka HULC1,SPO,15
2026-05-27,Prešov,SPO,8
2026-05-27,Trenčín,SPO,3
2026-05-27,Trnava,SPO,12
2026-05-27,Žilina,SPO,2
2026-05-28,Banská Bystrica,SPO,2
2026-05-28,Bratislava Centrála,SPO,242
2026-05-28,Bratislava Centrála,BPO,59
2026-05-28,Bratislava Centrála,XPO,29
2026-05-28,Bratislava Centrála,XL,19
2026-05-28,Bratislava Petržalka,SPO,4
2026-05-28,Budapest Újbuda Központ,SPO,4
2026-05-28,Budapešť Blaha,SPO,5
2026-05-28,CBP Budapešť centrála,SPO,238
2026-05-28,CBP Budapešť centrála,BPO,46
2026-05-28,CBP Budapešť centrála,XPO,55
2026-05-28,CZLC4,SPO,1169
2026-05-28,CZLC4,BPO,674
2026-05-28,Košice,SPO,8
2026-05-28,LCU,BPO,7
2026-05-28,LCU,XPO,21
2026-05-28,LCU,XL,13
2026-05-28,LCU,VB,47
2026-05-28,Nitra,SPO,2
2026-05-28,Pobočka HULC1,SPO,4
2026-05-28,Prešov,SPO,2
2026-05-28,Trenčín,SPO,2
2026-05-28,Trnava,SPO,8
2026-05-28,Wien Karlsplatz,SPO,4
2026-05-28,Žilina,SPO,1
2026-05-29,Banská Bystrica,SPO,4
2026-05-29,Bratislava Centrála,SPO,311
2026-05-29,Bratislava Centrála,BPO,53
2026-05-29,Bratislava Centrála,XPO,12
2026-05-29,Bratislava Centrála,XL,3
2026-05-29,Bratislava Petržalka,SPO,5
2026-05-29,Budapest Újbuda Központ,SPO,1
2026-05-29,Budapešť Blaha,SPO,5
2026-05-29,CBP Budapešť centrála,SPO,215
2026-05-29,CBP Budapešť centrála,BPO,63
2026-05-29,CBP Budapešť centrála,XPO,21
2026-05-29,CZLC4,SPO,1694
2026-05-29,CZLC4,BPO,529
2026-05-29,Košice,SPO,8
2026-05-29,LCU,XPO,252
2026-05-29,LCU,XL,5
2026-05-29,LCU,VB,58
2026-05-29,Nitra,SPO,14
2026-05-29,Pobočka HULC1,SPO,10
2026-05-29,Prešov,SPO,4
2026-05-29,Trenčín,SPO,2
2026-05-29,Trnava,SPO,8
2026-05-29,Wien Karlsplatz,SPO,1
2026-05-29,Žilina,SPO,4
2026-05-30,Banská Bystrica,SPO,3
2026-05-30,Bratislava Centrála,SPO,287
2026-05-30,Bratislava Centrála,BPO,95
2026-05-30,Bratislava Centrála,XPO,46
2026-05-30,Bratislava Centrála,XL,5
2026-05-30,Bratislava Petržalka,SPO,3
2026-05-30,Budapest Újbuda Központ,SPO,6
2026-05-30,Budapešť Blaha,SPO,8
2026-05-30,CBP Budapešť centrála,SPO,200
2026-05-30,CBP Budapešť centrála,BPO,97
2026-05-30,CBP Budapešť centrála,XPO,41
2026-05-30,CBP Budapešť centrála,XL,15
2026-05-30,CZLC4,SPO,920
2026-05-30,CZLC4,BPO,160
2026-05-30,Košice,SPO,7
2026-05-30,LCU,XPO,66
2026-05-30,LCU,XL,8
2026-05-30,LCU,VB,26
2026-05-30,Nitra,SPO,6
2026-05-30,Nitra,BPO,1
2026-05-30,Pobočka HULC1,SPO,9
2026-05-30,Pobočka HULC1,BPO,2
2026-05-30,Prešov,SPO,5
2026-05-30,Trenčín,SPO,4
2026-05-30,Trnava,SPO,8
2026-05-30,Žilina,SPO,6
2026-05-31,Banská Bystrica,SPO,6
2026-05-31,Banská Bystrica,BPO,1
2026-05-31,Bratislava Centrála,SPO,261
2026-05-31,Bratislava Centrála,BPO,74
2026-05-31,Bratislava Centrála,XPO,36
2026-05-31,Bratislava Petržalka,SPO,2
2026-05-31,Bratislava Petržalka,BPO,1
2026-05-31,Budapest Újbuda Központ,SPO,2
2026-05-31,Budapešť Blaha,SPO,2
2026-05-31,Budapešť Blaha,BPO,3
2026-05-31,CBP Budapešť centrála,SPO,205
2026-05-31,CBP Budapešť centrála,BPO,64
2026-05-31,CBP Budapešť centrála,XPO,26
2026-05-31,CBP Budapešť centrála,XL,5
2026-05-31,CZLC4,SPO,734
2026-05-31,CZLC4,BPO,348
2026-05-31,Košice,SPO,6
2026-05-31,Košice,BPO,2
2026-05-31,LCU,XPO,268
2026-05-31,LCU,XL,4
2026-05-31,LCU,VB,13
2026-05-31,Nitra,SPO,7
2026-05-31,Pobočka HULC1,SPO,14
2026-05-31,Pobočka HULC1,BPO,2
2026-05-31,Prešov,SPO,7
2026-05-31,Trenčín,SPO,3
2026-05-31,Trnava,SPO,4
2026-05-31,Žilina,SPO,3
2026-06-01,Banská Bystrica,SPO,2
2026-06-01,Bratislava Centrála,SPO,492
2026-06-01,Bratislava Centrála,BPO,320
2026-06-01,Bratislava Centrála,XPO,34
2026-06-01,Bratislava Centrála,XL,10
2026-06-01,Budapest Újbuda Központ,SPO,3
2026-06-01,Budapešť Blaha,SPO,5
2026-06-01,CBP Budapešť centrála,SPO,380
2026-06-01,CBP Budapešť centrála,BPO,429
2026-06-01,CBP Budapešť centrála,XPO,87
2026-06-01,CBP Budapešť centrála,XL,55
2026-06-01,CZLC4,SPO,823
2026-06-01,CZLC4,BPO,347
2026-06-01,Košice,SPO,2
2026-06-01,LCU,XPO,156
2026-06-01,LCU,XL,26
2026-06-01,LCU,VB,51
2026-06-01,Nitra,SPO,6
2026-06-01,Pobočka HULC1,SPO,3
2026-06-01,Prešov,SPO,8
2026-06-01,Trnava,SPO,1
2026-06-01,Wien Karlsplatz,SPO,1
2026-06-01,Žilina,SPO,3
2026-06-02,Banská Bystrica,SPO,3
2026-06-02,Bratislava Centrála,SPO,334
2026-06-02,Bratislava Centrála,BPO,88
2026-06-02,Bratislava Centrála,XL,2
2026-06-02,Bratislava Petržalka,SPO,3
2026-06-02,Budapest Újbuda Központ,SPO,6
2026-06-02,Budapešť Blaha,SPO,14
2026-06-02,CBP Budapešť centrála,SPO,288
2026-06-02,CBP Budapešť centrála,BPO,43
2026-06-02,CBP Budapešť centrála,XPO,43
2026-06-02,CZLC4,SPO,1434
2026-06-02,CZLC4,BPO,296
2026-06-02,Košice,SPO,4
2026-06-02,LCU,XPO,157
2026-06-02,LCU,XL,19
2026-06-02,LCU,VB,19
2026-06-02,Nitra,SPO,11
2026-06-02,Nitra,BPO,1
2026-06-02,Pobočka HULC1,SPO,11
2026-06-02,Prešov,SPO,4
2026-06-02,Trnava,SPO,10
2026-06-02,Wien Karlsplatz,SPO,2
2026-06-02,Žilina,SPO,6
2026-06-02,Žilina,BPO,2
2026-06-03,Banská Bystrica,SPO,4
2026-06-03,Bratislava Centrála,SPO,514
2026-06-03,Bratislava Centrála,BPO,197
2026-06-03,Bratislava Centrála,XPO,5
2026-06-03,Bratislava Petržalka,SPO,1
2026-06-03,Budapest Újbuda Központ,SPO,4
2026-06-03,Budapešť Blaha,SPO,10
2026-06-03,CBP Budapešť centrála,SPO,369
2026-06-03,CBP Budapešť centrála,BPO,101
2026-06-03,CBP Budapešť centrála,XPO,42
2026-06-03,CBP Budapešť centrála,XL,16
2026-06-03,CZLC4,SPO,1482
2026-06-03,CZLC4,BPO,758
2026-06-03,Košice,SPO,7
2026-06-03,LCU,XPO,212
2026-06-03,LCU,XL,80
2026-06-03,LCU,VB,89
2026-06-03,Nitra,SPO,11
2026-06-03,Pobočka HULC1,SPO,6
2026-06-03,Prešov,SPO,10
2026-06-03,Trenčín,SPO,2
2026-06-03,Trnava,SPO,10
2026-06-03,Wien Karlsplatz,SPO,1
2026-06-03,Žilina,SPO,8
2026-06-04,Banská Bystrica,SPO,13
2026-06-04,Bratislava Centrála,SPO,339
2026-06-04,Bratislava Centrála,BPO,117
2026-06-04,Bratislava Centrála,XPO,38
2026-06-04,Bratislava Centrála,XL,5
2026-06-04,Bratislava Petržalka,SPO,6
2026-06-04,Budapest Újbuda Központ,SPO,8
2026-06-04,Budapešť Blaha,SPO,17
2026-06-04,CBP Budapešť centrála,SPO,244
2026-06-04,CBP Budapešť centrála,BPO,92
2026-06-04,CBP Budapešť centrála,XPO,45
2026-06-04,CZLC4,SPO,1148
2026-06-04,CZLC4,BPO,414
2026-06-04,Košice,SPO,2
2026-06-04,LCU,XPO,123
2026-06-04,LCU,VB,22
2026-06-04,Nitra,SPO,7
2026-06-04,Pobočka HULC1,SPO,3
2026-06-04,Prešov,SPO,3
2026-06-04,Trenčín,SPO,1
2026-06-04,Trnava,SPO,9
2026-06-04,Wien Karlsplatz,SPO,4
2026-06-04,Žilina,SPO,3
2026-06-05,Banská Bystrica,SPO,6
2026-06-05,Bratislava Centrála,SPO,432
2026-06-05,Bratislava Centrála,BPO,110
2026-06-05,Bratislava Petržalka,SPO,18
2026-06-05,Bratislava Petržalka,BPO,8
2026-06-05,Budapest Újbuda Központ,SPO,6
2026-06-05,Budapešť Blaha,SPO,19
2026-06-05,Budapešť Blaha,BPO,8
2026-06-05,CBP Budapešť centrála,SPO,300
2026-06-05,CBP Budapešť centrála,BPO,97
2026-06-05,CBP Budapešť centrála,XPO,49
2026-06-05,CZLC4,SPO,1319
2026-06-05,CZLC4,BPO,619
2026-06-05,Košice,SPO,29
2026-06-05,Košice,BPO,8
2026-06-05,LCU,SPO,3
2026-06-05,LCU,XPO,121
2026-06-05,LCU,XL,49
2026-06-05,LCU,VB,27
2026-06-05,Nitra,SPO,15
2026-06-05,Pobočka HULC1,SPO,8
2026-06-05,Prešov,SPO,8
2026-06-05,Trenčín,SPO,18
2026-06-05,Trenčín,BPO,8
2026-06-05,Trnava,SPO,23
2026-06-05,Trnava,BPO,7
2026-06-05,Wien Karlsplatz,SPO,1
2026-06-05,Žilina,SPO,1
2026-06-06,Banská Bystrica,SPO,17
2026-06-06,Bratislava Centrála,SPO,398
2026-06-06,Bratislava Centrála,BPO,142
2026-06-06,Bratislava Centrála,XPO,33
2026-06-06,Bratislava Centrála,XL,2
2026-06-06,Bratislava Petržalka,SPO,8
2026-06-06,Budapest Újbuda Központ,SPO,7
2026-06-06,Budapešť Blaha,SPO,29
2026-06-06,CBP Budapešť centrála,SPO,342
2026-06-06,CBP Budapešť centrála,BPO,83
2026-06-06,CBP Budapešť centrála,XPO,23
2026-06-06,CBP Budapešť centrála,XL,28
2026-06-06,CZLC4,SPO,1013
2026-06-06,CZLC4,BPO,541
2026-06-06,Košice,SPO,22
2026-06-06,LCU,XPO,185
2026-06-06,LCU,XL,14
2026-06-06,LCU,VB,4
2026-06-06,Nitra,SPO,11
2026-06-06,Pobočka HULC1,SPO,12
2026-06-06,Prešov,SPO,13
2026-06-06,Trenčín,SPO,21
2026-06-06,Trnava,SPO,25
2026-06-06,Wien Karlsplatz,SPO,24
2026-06-06,Žilina,SPO,22
2026-06-07,Banská Bystrica,SPO,4
2026-06-07,Bratislava Centrála,SPO,355
2026-06-07,Bratislava Centrála,BPO,115
2026-06-07,Bratislava Centrála,XPO,21
2026-06-07,Bratislava Petržalka,SPO,2
2026-06-07,Budapest Újbuda Központ,SPO,11
2026-06-07,Budapešť Blaha,SPO,9
2026-06-07,CBP Budapešť centrála,SPO,322
2026-06-07,CBP Budapešť centrála,BPO,94
2026-06-07,CBP Budapešť centrála,XPO,75
2026-06-07,CBP Budapešť centrála,XL,6
2026-06-07,CZLC4,SPO,623
2026-06-07,CZLC4,BPO,400
2026-06-07,Košice,SPO,5
2026-06-07,LCU,XPO,163
2026-06-07,LCU,XL,28
2026-06-07,LCU,VB,8
2026-06-07,Nitra,SPO,8
2026-06-07,Pobočka HULC1,SPO,3
2026-06-07,Prešov,SPO,7
2026-06-07,Trenčín,SPO,2
2026-06-07,Trnava,SPO,10
2026-06-07,Trnava,BPO,2
2026-06-07,Wien Karlsplatz,SPO,1
2026-06-07,Žilina,SPO,2
2026-06-08,Banská Bystrica,SPO,2
2026-06-08,Bratislava Centrála,SPO,422
2026-06-08,Bratislava Centrála,BPO,93
2026-06-08,Bratislava Centrála,XPO,61
2026-06-08,Bratislava Centrála,XL,38
2026-06-08,Bratislava Petržalka,SPO,8
2026-06-08,Budapest Újbuda Központ,SPO,2
2026-06-08,Budapešť Blaha,SPO,17
2026-06-08,Budapešť Blaha,BPO,1
2026-06-08,CBP Budapešť centrála,SPO,267
2026-06-08,CBP Budapešť centrála,BPO,96
2026-06-08,CBP Budapešť centrála,XPO,106
2026-06-08,CZLC4,SPO,1355
2026-06-08,CZLC4,BPO,321
2026-06-08,Košice,SPO,8
2026-06-08,LCU,XPO,300
2026-06-08,LCU,XL,32
2026-06-08,LCU,VB,87
2026-06-08,Nitra,SPO,4
2026-06-08,Pobočka HULC1,SPO,12
2026-06-08,Prešov,SPO,5
2026-06-08,Trenčín,SPO,6
2026-06-08,Trnava,SPO,8
2026-06-08,Žilina,SPO,4
2026-06-09,Banská Bystrica,SPO,6
2026-06-09,Bratislava Centrála,SPO,462
2026-06-09,Bratislava Centrála,BPO,91
2026-06-09,Bratislava Petržalka,SPO,8
2026-06-09,Budapest Újbuda Központ,SPO,7
2026-06-09,Budapešť Blaha,SPO,14
2026-06-09,CBP Budapešť centrála,SPO,350
2026-06-09,CBP Budapešť centrála,BPO,144
2026-06-09,CBP Budapešť centrála,XPO,28
2026-06-09,CZLC4,SPO,1590
2026-06-09,CZLC4,BPO,868
2026-06-09,Košice,SPO,10
2026-06-09,LCU,XPO,314
2026-06-09,LCU,XL,42
2026-06-09,LCU,VB,33
2026-06-09,Nitra,SPO,7
2026-06-09,Pobočka HULC1,SPO,9
2026-06-09,Prešov,SPO,33
2026-06-09,Prešov,BPO,11
2026-06-09,Trenčín,SPO,11
2026-06-09,Trnava,SPO,13
2026-06-09,Wien Karlsplatz,SPO,3
2026-06-09,Žilina,SPO,7
2026-06-10,Banská Bystrica,SPO,43
2026-06-10,Banská Bystrica,BPO,19
2026-06-10,Bratislava Centrála,SPO,366
2026-06-10,Bratislava Centrála,BPO,98
2026-06-10,Bratislava Centrála,XPO,67
2026-06-10,Bratislava Petržalka,SPO,3
2026-06-10,Budapest Újbuda Központ,SPO,12
2026-06-10,Budapešť Blaha,SPO,7
2026-06-10,CBP Budapešť centrála,SPO,243
2026-06-10,CBP Budapešť centrála,BPO,64
2026-06-10,CBP Budapešť centrála,XPO,86
2026-06-10,CZLC4,SPO,1300
2026-06-10,CZLC4,BPO,538
2026-06-10,Košice,SPO,7
2026-06-10,LCU,XPO,136
2026-06-10,LCU,XL,34
2026-06-10,LCU,VB,104
2026-06-10,Nitra,SPO,9
2026-06-10,Pobočka HULC1,SPO,39
2026-06-10,Pobočka HULC1,BPO,14
2026-06-10,Prešov,SPO,4
2026-06-10,Trenčín,SPO,1
2026-06-10,Trnava,SPO,10
2026-06-10,Wien Karlsplatz,SPO,2
2026-06-10,Žilina,SPO,3
2026-06-11,Banská Bystrica,SPO,11
2026-06-11,Bratislava Centrála,SPO,346
2026-06-11,Bratislava Centrála,BPO,141
2026-06-11,Bratislava Petržalka,SPO,2
2026-06-11,Budapest Újbuda Központ,SPO,8
2026-06-11,Budapešť Blaha,SPO,14
2026-06-11,CBP Budapešť centrála,SPO,295
2026-06-11,CBP Budapešť centrála,BPO,68
2026-06-11,CBP Budapešť centrála,XPO,24
2026-06-11,CZLC4,SPO,1324
2026-06-11,CZLC4,BPO,788
2026-06-11,Košice,SPO,3
2026-06-11,LCU,XPO,218
2026-06-11,LCU,XL,19
2026-06-11,LCU,VB,16
2026-06-11,Nitra,SPO,10
2026-06-11,Pobočka HULC1,SPO,7
2026-06-11,Prešov,SPO,5
2026-06-11,Prešov,BPO,2
2026-06-11,Trenčín,SPO,9
2026-06-11,Trnava,SPO,3
2026-06-11,Wien Karlsplatz,SPO,1
2026-06-11,Žilina,SPO,6
2026-06-12,Banská Bystrica,SPO,9
2026-06-12,Banská Bystrica,BPO,1
2026-06-12,Bratislava Centrála,SPO,440
2026-06-12,Bratislava Centrála,BPO,132
2026-06-12,Bratislava Centrála,XPO,6
2026-06-12,Bratislava Centrála,XL,14
2026-06-12,Bratislava Petržalka,SPO,3
2026-06-12,Budapest Újbuda Központ,SPO,2
2026-06-12,Budapešť Blaha,SPO,9
2026-06-12,CBP Budapešť centrála,SPO,288
2026-06-12,CBP Budapešť centrála,BPO,95
2026-06-12,CBP Budapešť centrála,XPO,15
2026-06-12,CBP Budapešť centrála,XL,22
2026-06-12,CZLC4,SPO,1372
2026-06-12,CZLC4,BPO,627
2026-06-12,Košice,SPO,7
2026-06-12,LCU,XPO,192
2026-06-12,LCU,XL,143
2026-06-12,LCU,VB,40
2026-06-12,Nitra,SPO,10
2026-06-12,Nitra,BPO,2
2026-06-12,Pobočka HULC1,SPO,10
2026-06-12,Prešov,SPO,24
2026-06-12,Trenčín,SPO,2
2026-06-12,Trnava,SPO,31
2026-06-12,Wien Karlsplatz,SPO,3
2026-06-12,Žilina,SPO,5
2026-06-13,Banská Bystrica,SPO,19
2026-06-13,Banská Bystrica,BPO,2
2026-06-13,Bratislava Centrála,SPO,396
2026-06-13,Bratislava Centrála,BPO,47
2026-06-13,Bratislava Centrála,XPO,105
2026-06-13,Bratislava Centrála,XL,18
2026-06-13,Bratislava Petržalka,SPO,3
2026-06-13,Budapest Újbuda Központ,SPO,12
2026-06-13,Budapešť Blaha,SPO,7
2026-06-13,CBP Budapešť centrála,SPO,298
2026-06-13,CBP Budapešť centrála,BPO,52
2026-06-13,CBP Budapešť centrála,XPO,39
2026-06-13,CZLC4,SPO,1160
2026-06-13,CZLC4,BPO,459
2026-06-13,Košice,SPO,6
2026-06-13,LCU,XPO,183
2026-06-13,LCU,VB,41
2026-06-13,Nitra,SPO,40
2026-06-13,Nitra,BPO,6
2026-06-13,Pobočka HULC1,SPO,11
2026-06-13,Prešov,SPO,8
2026-06-13,Trenčín,SPO,7
2026-06-13,Trnava,SPO,11
2026-06-13,Wien Karlsplatz,SPO,3
2026-06-13,Žilina,SPO,24
2026-06-13,Žilina,BPO,4
2026-06-14,Banská Bystrica,SPO,7
2026-06-14,Bratislava Centrála,SPO,287
2026-06-14,Bratislava Centrála,BPO,96
2026-06-14,Bratislava Centrála,XPO,56
2026-06-14,Bratislava Centrála,XL,7
2026-06-14,Bratislava Petržalka,SPO,1
2026-06-14,Budapest Újbuda Központ,SPO,2
2026-06-14,Budapešť Blaha,SPO,3
2026-06-14,CBP Budapešť centrála,SPO,220
2026-06-14,CBP Budapešť centrála,BPO,56
2026-06-14,CBP Budapešť centrála,XPO,91
2026-06-14,CZLC4,SPO,1051
2026-06-14,CZLC4,BPO,333
2026-06-14,Košice,SPO,8
2026-06-14,LCU,XPO,76
2026-06-14,LCU,XL,30
2026-06-14,LCU,VB,24
2026-06-14,Nitra,SPO,10
2026-06-14,Pobočka HULC1,SPO,15
2026-06-14,Pobočka HULC1,BPO,2
2026-06-14,Prešov,SPO,11
2026-06-14,Trenčín,SPO,2
2026-06-14,Trnava,SPO,15
2026-06-14,Wien Karlsplatz,SPO,1
2026-06-14,Žilina,SPO,5
2026-06-15,Banská Bystrica,SPO,1
2026-06-15,Bratislava Centrála,SPO,306
2026-06-15,Bratislava Centrála,BPO,81
2026-06-15,Bratislava Centrála,XPO,79
2026-06-15,Bratislava Centrála,XL,14
2026-06-15,Bratislava Petržalka,SPO,3
2026-06-15,Budapest Újbuda Központ,SPO,9
2026-06-15,Budapešť Blaha,SPO,9
2026-06-15,CBP Budapešť centrála,SPO,222
2026-06-15,CBP Budapešť centrála,BPO,69
2026-06-15,CBP Budapešť centrála,XPO,50
2026-06-15,CBP Budapešť centrála,XL,28
2026-06-15,CZLC4,SPO,1684
2026-06-15,CZLC4,BPO,308
2026-06-15,Košice,SPO,8
2026-06-15,LCU,XPO,154
2026-06-15,LCU,XL,28
2026-06-15,LCU,VB,48
2026-06-15,Nitra,SPO,6
2026-06-15,Pobočka HULC1,SPO,14
2026-06-15,Prešov,SPO,5
2026-06-15,Trenčín,SPO,5
2026-06-15,Trnava,SPO,8
2026-06-15,Žilina,SPO,2
2026-06-16,Banská Bystrica,SPO,29
2026-06-16,Bratislava Centrála,SPO,566
2026-06-16,Bratislava Centrála,BPO,92
2026-06-16,Bratislava Centrála,XL,2
2026-06-16,Bratislava Petržalka,SPO,2
2026-06-16,Budapest Újbuda Központ,SPO,5
2026-06-16,Budapešť Blaha,SPO,39
2026-06-16,CBP Budapešť centrála,SPO,385
2026-06-16,CBP Budapešť centrála,BPO,95
2026-06-16,CBP Budapešť centrála,XPO,64
2026-06-16,CZLC4,SPO,1694
2026-06-16,CZLC4,BPO,1743
2026-06-16,Košice,SPO,1
2026-06-16,LCU,XPO,384
2026-06-16,LCU,XL,37
2026-06-16,Nitra,SPO,32
2026-06-16,Nitra,BPO,1
2026-06-16,Pobočka HULC1,SPO,31
2026-06-16,Prešov,SPO,27
2026-06-16,Trenčín,SPO,27
2026-06-16,Trnava,SPO,27
2026-06-16,Wien Karlsplatz,SPO,7
2026-06-16,Žilina,SPO,31
2026-06-17,Banská Bystrica,SPO,6
2026-06-17,Bratislava Centrála,SPO,373
2026-06-17,Bratislava Centrála,BPO,81
2026-06-17,Bratislava Centrála,XL,20
2026-06-17,Bratislava Petržalka,SPO,3
2026-06-17,Budapest Újbuda Központ,SPO,3
2026-06-17,Budapešť Blaha,SPO,12
2026-06-17,Budapešť Blaha,BPO,2
2026-06-17,CBP Budapešť centrála,SPO,239
2026-06-17,CBP Budapešť centrála,BPO,64
2026-06-17,CBP Budapešť centrála,XPO,7
2026-06-17,CZLC4,SPO,1241
2026-06-17,CZLC4,BPO,569
2026-06-17,Košice,SPO,4
2026-06-17,LCU,BPO,1
2026-06-17,LCU,XPO,203
2026-06-17,LCU,XL,20
2026-06-17,LCU,VB,75
2026-06-17,Nitra,SPO,10
2026-06-17,Pobočka HULC1,SPO,4
2026-06-17,Prešov,SPO,7
2026-06-17,Trenčín,SPO,8
2026-06-17,Trnava,SPO,10
2026-06-17,Trnava,BPO,1
2026-06-17,Wien Karlsplatz,SPO,3
2026-06-17,Žilina,SPO,12
2026-06-18,Banská Bystrica,SPO,7
2026-06-18,Bratislava Centrála,SPO,319
2026-06-18,Bratislava Centrála,BPO,105
2026-06-18,Bratislava Centrála,XL,27
2026-06-18,Bratislava Petržalka,SPO,3
2026-06-18,Budapest Újbuda Központ,SPO,8
2026-06-18,Budapešť Blaha,SPO,11
2026-06-18,Budapešť Blaha,BPO,2
2026-06-18,CBP Budapešť centrála,SPO,251
2026-06-18,CBP Budapešť centrála,BPO,115
2026-06-18,CBP Budapešť centrála,XPO,4
2026-06-18,CBP Budapešť centrála,XL,3
2026-06-18,CZLC4,SPO,1033
2026-06-18,CZLC4,BPO,244
2026-06-18,Košice,SPO,2
2026-06-18,LCU,XPO,132
2026-06-18,LCU,XL,54
2026-06-18,LCU,VB,40
2026-06-18,Nitra,SPO,2
2026-06-18,Pobočka HULC1,SPO,6
2026-06-18,Prešov,SPO,6
2026-06-18,Trenčín,SPO,2
2026-06-18,Trnava,SPO,3
2026-06-18,Wien Karlsplatz,SPO,2
2026-06-18,Žilina,SPO,3
2026-06-19,Bratislava Centrála,SPO,336
2026-06-19,Bratislava Centrála,BPO,87
2026-06-19,Bratislava Petržalka,SPO,2
2026-06-19,Budapest Újbuda Központ,SPO,4
2026-06-19,Budapešť Blaha,SPO,13
2026-06-19,CBP Budapešť centrála,SPO,266
2026-06-19,CBP Budapešť centrála,BPO,60
2026-06-19,CBP Budapešť centrála,XPO,63
2026-06-19,CZLC4,SPO,1283
2026-06-19,CZLC4,BPO,360
2026-06-19,Košice,SPO,7
2026-06-19,LCU,XPO,350
2026-06-19,LCU,VB,35
2026-06-19,Nitra,SPO,5
2026-06-19,Pobočka HULC1,SPO,7
2026-06-19,Prešov,SPO,9
2026-06-19,Trenčín,SPO,5
2026-06-19,Trnava,SPO,1
2026-06-19,Žilina,SPO,4
2026-06-20,Banská Bystrica,SPO,5
2026-06-20,Bratislava Centrála,SPO,255
2026-06-20,Bratislava Centrála,BPO,93
2026-06-20,Bratislava Centrála,XPO,4
2026-06-20,Bratislava Centrála,XL,8
2026-06-20,Bratislava Petržalka,SPO,2
2026-06-20,Budapest Újbuda Központ,SPO,4
2026-06-20,Budapešť Blaha,SPO,7
2026-06-20,Budapešť Blaha,BPO,1
2026-06-20,CBP Budapešť centrála,SPO,226
2026-06-20,CBP Budapešť centrála,BPO,59
2026-06-20,CBP Budapešť centrála,XL,13
2026-06-20,CZLC4,SPO,1009
2026-06-20,CZLC4,BPO,468
2026-06-20,Košice,SPO,4
2026-06-20,LCU,XPO,196
2026-06-20,LCU,XL,36
2026-06-20,LCU,VB,34
2026-06-20,Nitra,SPO,1
2026-06-20,Pobočka HULC1,SPO,8
2026-06-20,Prešov,SPO,2
2026-06-20,Trenčín,SPO,2
2026-06-20,Trnava,SPO,5
2026-06-20,Žilina,SPO,2
2026-06-21,Banská Bystrica,SPO,7
2026-06-21,Bratislava Centrála,SPO,284
2026-06-21,Bratislava Centrála,BPO,95
2026-06-21,Bratislava Centrála,XPO,50
2026-06-21,Bratislava Centrála,XL,12
2026-06-21,Bratislava Petržalka,SPO,1
2026-06-21,Budapest Újbuda Központ,SPO,4
2026-06-21,Budapešť Blaha,SPO,9
2026-06-21,CBP Budapešť centrála,SPO,223
2026-06-21,CBP Budapešť centrála,BPO,68
2026-06-21,CBP Budapešť centrála,XPO,73
2026-06-21,CBP Budapešť centrála,XL,11
2026-06-21,CZLC4,SPO,981
2026-06-21,CZLC4,BPO,460
2026-06-21,Košice,SPO,7
2026-06-21,LCU,XPO,177
2026-06-21,LCU,XL,19
2026-06-21,LCU,VB,6
2026-06-21,Nitra,SPO,7
2026-06-21,Pobočka HULC1,SPO,9
2026-06-21,Prešov,SPO,5
2026-06-21,Trnava,SPO,3
2026-06-21,Wien Karlsplatz,SPO,3
2026-06-21,Žilina,SPO,3
2026-06-22,Banská Bystrica,SPO,2
2026-06-22,Bratislava Centrála,SPO,324
2026-06-22,Bratislava Centrála,BPO,135
2026-06-22,Budapest Újbuda Központ,SPO,12
2026-06-22,Budapešť Blaha,SPO,6
2026-06-22,CBP Budapešť centrála,SPO,213
2026-06-22,CBP Budapešť centrála,BPO,55
2026-06-22,CBP Budapešť centrála,XPO,27
2026-06-22,CBP Budapešť centrála,XL,41
2026-06-22,CZLC4,SPO,1532
2026-06-22,CZLC4,BPO,459
2026-06-22,Košice,SPO,7
2026-06-22,LCU,BPO,1
2026-06-22,LCU,XPO,65
2026-06-22,LCU,XL,2
2026-06-22,LCU,VB,1
2026-06-22,Nitra,SPO,6
2026-06-22,Pobočka HULC1,SPO,6
2026-06-22,Prešov,SPO,5
2026-06-22,Trenčín,SPO,4
2026-06-22,Trnava,SPO,1
2026-06-22,Žilina,SPO,3
2026-06-23,Banská Bystrica,SPO,4
2026-06-23,Bratislava Centrála,SPO,387
2026-06-23,Bratislava Centrála,BPO,166
2026-06-23,Bratislava Petržalka,SPO,3
2026-06-23,Budapest Újbuda Központ,SPO,6
2026-06-23,Budapešť Blaha,SPO,4
2026-06-23,CBP Budapešť centrála,SPO,241
2026-06-23,CBP Budapešť centrála,BPO,35
2026-06-23,CBP Budapešť centrála,XPO,80
2026-06-23,CZLC4,SPO,1234
2026-06-23,CZLC4,BPO,680
2026-06-23,Košice,SPO,11
2026-06-23,LCU,XPO,12
2026-06-23,LCU,XL,1
2026-06-23,Nitra,SPO,3
2026-06-23,Pobočka HULC1,SPO,1
2026-06-23,Prešov,SPO,5
2026-06-23,Prešov,BPO,1
2026-06-23,Trenčín,SPO,4
2026-06-23,Trnava,SPO,4
2026-06-23,Wien Karlsplatz,SPO,1
2026-06-23,Žilina,SPO,2
2026-06-24,Banská Bystrica,SPO,8
2026-06-24,Bratislava Centrála,SPO,326
2026-06-24,Bratislava Centrála,BPO,66
2026-06-24,Bratislava Centrála,XL,20
2026-06-24,Bratislava Petržalka,SPO,3
2026-06-24,Budapest Újbuda Központ,SPO,10
2026-06-24,Budapešť Blaha,SPO,10
2026-06-24,CBP Budapešť centrála,SPO,254
2026-06-24,CBP Budapešť centrála,BPO,71
2026-06-24,CBP Budapešť centrála,XPO,52
2026-06-24,CBP Budapešť centrála,XL,12
2026-06-24,CZLC4,SPO,1866
2026-06-24,CZLC4,BPO,1326
2026-06-24,Košice,SPO,3
2026-06-24,LCU,BPO,1
2026-06-24,LCU,XPO,12
2026-06-24,LCU,VB,2
2026-06-24,Nitra,SPO,7
2026-06-24,Pobočka HULC1,SPO,3
2026-06-24,Prešov,SPO,9
2026-06-24,Trenčín,SPO,2
2026-06-24,Trnava,SPO,3
2026-06-24,Wien Karlsplatz,SPO,4
2026-06-24,Žilina,SPO,7
2026-06-25,Banská Bystrica,SPO,2
2026-06-25,Bratislava Centrála,SPO,319
2026-06-25,Bratislava Centrála,BPO,91
2026-06-25,Bratislava Centrála,XL,13
2026-06-25,Bratislava Petržalka,SPO,1
2026-06-25,Budapest Újbuda Központ,SPO,11
2026-06-25,Budapešť Blaha,SPO,6
2026-06-25,CBP Budapešť centrála,SPO,243
2026-06-25,CBP Budapešť centrála,BPO,56
2026-06-25,CBP Budapešť centrála,XPO,35
2026-06-25,CZLC4,SPO,1394
2026-06-25,CZLC4,BPO,874
2026-06-25,Košice,SPO,2
2026-06-25,LCU,XPO,15
2026-06-25,LCU,XL,2
2026-06-25,LCU,VB,11
2026-06-25,Nitra,SPO,7
2026-06-25,Pobočka HULC1,SPO,2
2026-06-25,Prešov,SPO,4
2026-06-25,Trenčín,SPO,2
2026-06-25,Trnava,SPO,4
2026-06-25,Wien Karlsplatz,SPO,4
2026-06-25,Žilina,SPO,3
2026-06-26,Banská Bystrica,SPO,6
2026-06-26,Bratislava Centrála,SPO,289
2026-06-26,Bratislava Centrála,BPO,66
2026-06-26,Bratislava Centrála,XL,25
2026-06-26,Bratislava Petržalka,SPO,3
2026-06-26,Budapest Újbuda Központ,SPO,5
2026-06-26,Budapešť Blaha,SPO,8
2026-06-26,Budapešť Blaha,BPO,4
2026-06-26,CBP Budapešť centrála,SPO,216
2026-06-26,CBP Budapešť centrála,BPO,60
2026-06-26,CBP Budapešť centrála,XPO,45
2026-06-26,CBP Budapešť centrála,XL,22
2026-06-26,CZLC4,SPO,1095
2026-06-26,CZLC4,BPO,1079
2026-06-26,Košice,SPO,6
2026-06-26,Košice,BPO,1
2026-06-26,LCU,XPO,9
2026-06-26,LCU,XL,4
2026-06-26,LCU,VB,4
2026-06-26,Nitra,SPO,10
2026-06-26,Pobočka HULC1,SPO,6
2026-06-26,Prešov,SPO,5
2026-06-26,Prešov,BPO,1
2026-06-26,Trenčín,SPO,6
2026-06-26,Trnava,SPO,3
2026-06-26,Wien Karlsplatz,SPO,4
2026-06-26,Žilina,SPO,7
2026-06-27,Banská Bystrica,SPO,5
2026-06-27,Bratislava Centrála,SPO,319
2026-06-27,Bratislava Centrála,BPO,67
2026-06-27,Bratislava Petržalka,SPO,5
2026-06-27,Budapest Újbuda Központ,SPO,5
2026-06-27,Budapešť Blaha,SPO,3
2026-06-27,CBP Budapešť centrála,SPO,188
2026-06-27,CBP Budapešť centrála,BPO,66
2026-06-27,CBP Budapešť centrála,XPO,87
2026-06-27,CBP Budapešť centrála,XL,18
2026-06-27,CZLC4,SPO,950
2026-06-27,CZLC4,BPO,376
2026-06-27,Košice,SPO,2
2026-06-27,LCU,XPO,4
2026-06-27,LCU,VB,2
2026-06-27,Nitra,SPO,4
2026-06-27,Pobočka HULC1,SPO,6
2026-06-27,Prešov,SPO,5
2026-06-27,Trenčín,SPO,4
2026-06-27,Trnava,SPO,5
2026-06-27,Wien Karlsplatz,SPO,4
2026-06-27,Žilina,SPO,3
2026-06-28,Banská Bystrica,SPO,7
2026-06-28,Bratislava Centrála,SPO,268
2026-06-28,Bratislava Centrála,BPO,69
2026-06-28,Bratislava Petržalka,SPO,2
2026-06-28,Budapest Újbuda Központ,SPO,7
2026-06-28,Budapešť Blaha,SPO,7
2026-06-28,CBP Budapešť centrála,SPO,205
2026-06-28,CBP Budapešť centrála,BPO,69
2026-06-28,CBP Budapešť centrála,XPO,67
2026-06-28,CBP Budapešť centrála,XL,14
2026-06-28,CZLC4,SPO,717
2026-06-28,CZLC4,BPO,458
2026-06-28,Košice,SPO,10
2026-06-28,LCU,XPO,1
2026-06-28,Nitra,SPO,2
2026-06-28,Pobočka HULC1,SPO,5
2026-06-28,Prešov,SPO,7
2026-06-28,Trenčín,SPO,3
2026-06-28,Trnava,SPO,7
2026-06-28,Žilina,SPO,10
2026-06-29,Banská Bystrica,SPO,1
2026-06-29,Bratislava Centrála,SPO,277
2026-06-29,Bratislava Centrála,BPO,36
2026-06-29,Bratislava Centrála,XPO,24
2026-06-29,Bratislava Centrála,XL,22
2026-06-29,Bratislava Petržalka,SPO,5
2026-06-29,Budapešť Blaha,SPO,4
2026-06-29,CBP Budapešť centrála,SPO,171
2026-06-29,CBP Budapešť centrála,BPO,32
2026-06-29,CBP Budapešť centrála,XPO,41
2026-06-29,CBP Budapešť centrála,XL,10
2026-06-29,CZLC4,SPO,1081
2026-06-29,CZLC4,BPO,313
2026-06-29,Košice,SPO,5
2026-06-29,LCU,XPO,16
2026-06-29,LCU,XL,2
2026-06-29,LCU,VB,1
2026-06-29,Pobočka HULC1,SPO,6
2026-06-29,Prešov,SPO,9
2026-06-29,Trenčín,SPO,1
2026-06-29,Trnava,SPO,2
2026-06-29,Žilina,SPO,5
2026-06-30,Banská Bystrica,SPO,4
2026-06-30,Bratislava Centrála,SPO,342
2026-06-30,Bratislava Centrála,BPO,73
2026-06-30,Bratislava Centrála,XL,6
2026-06-30,Bratislava Petržalka,SPO,1
2026-06-30,Budapest Újbuda Központ,SPO,4
2026-06-30,Budapešť Blaha,SPO,9
2026-06-30,CBP Budapešť centrála,SPO,229
2026-06-30,CBP Budapešť centrála,BPO,22
2026-06-30,CBP Budapešť centrála,XPO,41
2026-06-30,CBP Budapešť centrála,XL,14
2026-06-30,CZLC4,SPO,1143
2026-06-30,CZLC4,BPO,342
2026-06-30,Košice,SPO,4
2026-06-30,LCU,XPO,24
2026-06-30,LCU,VB,8
2026-06-30,Nitra,SPO,5
2026-06-30,Pobočka HULC1,SPO,4
2026-06-30,Prešov,SPO,8
2026-06-30,Trenčín,SPO,1
2026-06-30,Trnava,SPO,4
2026-06-30,Žilina,SPO,2
2026-07-01,Banská Bystrica,SPO,10
2026-07-01,Bratislava Centrála,SPO,326
2026-07-01,Bratislava Centrála,BPO,49
2026-07-01,Bratislava Centrála,XL,6
2026-07-01,Bratislava Petržalka,SPO,6
2026-07-01,Budapest Újbuda Központ,SPO,2
2026-07-01,Budapešť Blaha,SPO,5
2026-07-01,CBP Budapešť centrála,SPO,183
2026-07-01,CBP Budapešť centrála,BPO,40
2026-07-01,CBP Budapešť centrála,XPO,30
2026-07-01,CZLC4,SPO,982
2026-07-01,CZLC4,BPO,311
2026-07-01,Košice,SPO,3
2026-07-01,LCU,XPO,11
2026-07-01,LCU,VB,3
2026-07-01,Nitra,SPO,4
2026-07-01,Pobočka HULC1,SPO,4
2026-07-01,Prešov,SPO,3
2026-07-01,Trenčín,SPO,6
2026-07-01,Trnava,SPO,9
2026-07-01,Wien Karlsplatz,SPO,2
2026-07-01,Žilina,SPO,3
2026-07-02,Banská Bystrica,SPO,9
2026-07-02,Bratislava Centrála,SPO,260
2026-07-02,Bratislava Centrála,BPO,44
2026-07-02,Bratislava Centrála,XPO,42
2026-07-02,Bratislava Petržalka,SPO,1
2026-07-02,Budapest Újbuda Központ,SPO,6
2026-07-02,Budapešť Blaha,SPO,7
2026-07-02,CBP Budapešť centrála,SPO,154
2026-07-02,CBP Budapešť centrála,BPO,31
2026-07-02,CBP Budapešť centrála,XPO,22
2026-07-02,CZLC4,SPO,1282
2026-07-02,CZLC4,BPO,350
2026-07-02,Košice,SPO,4
2026-07-02,LCU,XPO,14
2026-07-02,LCU,XL,3
2026-07-02,LCU,VB,5
2026-07-02,Nitra,SPO,9
2026-07-02,Pobočka HULC1,BPO,1
2026-07-02,Prešov,SPO,1
2026-07-02,Trenčín,SPO,2
2026-07-02,Trnava,SPO,1
2026-07-02,Wien Karlsplatz,SPO,2
2026-07-02,Žilina,SPO,4
2026-07-03,Banská Bystrica,SPO,5
2026-07-03,Bratislava Centrála,SPO,317
2026-07-03,Bratislava Centrála,BPO,48
2026-07-03,Bratislava Centrála,XPO,75
2026-07-03,Bratislava Centrála,XL,16
2026-07-03,Bratislava Petržalka,SPO,2
2026-07-03,Budapest Újbuda Központ,SPO,4
2026-07-03,Budapešť Blaha,SPO,9
2026-07-03,CBP Budapešť centrála,SPO,230
2026-07-03,CBP Budapešť centrála,BPO,65
2026-07-03,CBP Budapešť centrála,XPO,25
2026-07-03,CZLC4,SPO,1471
2026-07-03,CZLC4,BPO,587
2026-07-03,Košice,SPO,4
2026-07-03,LCU,XPO,13
2026-07-03,LCU,XL,2
2026-07-03,LCU,VB,4
2026-07-03,Nitra,SPO,10
2026-07-03,Pobočka HULC1,SPO,7
2026-07-03,Prešov,SPO,5
2026-07-03,Trenčín,SPO,7
2026-07-03,Trnava,SPO,4
2026-07-03,Wien Karlsplatz,SPO,3
2026-07-03,Žilina,SPO,2
2026-07-04,Bratislava Centrála,SPO,290
2026-07-04,Bratislava Centrála,BPO,88
2026-07-04,Bratislava Centrála,XPO,10
2026-07-04,Bratislava Centrála,XL,23
2026-07-04,Bratislava Petržalka,SPO,4
2026-07-04,Budapest Újbuda Központ,SPO,12
2026-07-04,Budapešť Blaha,SPO,6
2026-07-04,Budapešť Blaha,BPO,2
2026-07-04,CBP Budapešť centrála,SPO,199
2026-07-04,CBP Budapešť centrála,BPO,74
2026-07-04,CBP Budapešť centrála,XPO,27
2026-07-04,CZLC4,SPO,631
2026-07-04,CZLC4,BPO,238
2026-07-04,Košice,SPO,8
2026-07-04,LCU,XPO,5
2026-07-04,LCU,XL,1
2026-07-04,LCU,VB,6
2026-07-04,Nitra,SPO,5
2026-07-04,Pobočka HULC1,SPO,4
2026-07-04,Prešov,SPO,5
2026-07-04,Trenčín,SPO,1
2026-07-04,Trnava,SPO,9
2026-07-04,Wien Karlsplatz,SPO,2
2026-07-04,Žilina,SPO,5
2026-07-05,Bratislava Centrála,SPO,355
2026-07-05,Bratislava Centrála,BPO,128
2026-07-05,Bratislava Centrála,XPO,42
2026-07-05,Bratislava Petržalka,SPO,2
2026-07-05,Budapest Újbuda Központ,SPO,4
2026-07-05,Budapešť Blaha,SPO,5
2026-07-05,CBP Budapešť centrála,SPO,251
2026-07-05,CBP Budapešť centrála,BPO,78
2026-07-05,CBP Budapešť centrála,XPO,26
2026-07-05,CBP Budapešť centrála,XL,34
2026-07-05,CZLC4,SPO,583
2026-07-05,CZLC4,BPO,365
2026-07-05,Košice,SPO,4
2026-07-05,LCU,XPO,2
2026-07-05,LCU,XL,1
2026-07-05,Nitra,SPO,6
2026-07-05,Pobočka HULC1,SPO,9
2026-07-05,Pobočka HULC1,BPO,1
2026-07-05,Prešov,SPO,4
2026-07-05,Trenčín,SPO,1
2026-07-05,Trnava,SPO,7
2026-07-05,Wien Karlsplatz,SPO,6
2026-07-05,Žilina,SPO,3
2026-07-06,Bratislava Centrála,SPO,362
2026-07-06,Bratislava Centrála,BPO,119
2026-07-06,Bratislava Centrála,XPO,40
2026-07-06,Bratislava Centrála,XL,6
2026-07-06,Bratislava Petržalka,SPO,5
2026-07-06,Budapest Újbuda Központ,SPO,4
2026-07-06,Budapešť Blaha,SPO,15
2026-07-06,CBP Budapešť centrála,SPO,228
2026-07-06,CBP Budapešť centrála,BPO,105
2026-07-06,CBP Budapešť centrála,XPO,49
2026-07-06,CBP Budapešť centrála,XL,13
2026-07-06,CZLC4,SPO,1171
2026-07-06,CZLC4,BPO,545
2026-07-06,Košice,SPO,5
2026-07-06,LCU,XPO,19
2026-07-06,LCU,XL,1
2026-07-06,LCU,VB,5
2026-07-06,Nitra,SPO,7
2026-07-06,Pobočka HULC1,SPO,6
2026-07-06,Prešov,SPO,7
2026-07-06,Trenčín,SPO,4
2026-07-06,Trnava,SPO,12
2026-07-06,Wien Karlsplatz,SPO,1
2026-07-06,Žilina,SPO,4
2026-07-07,Bratislava Centrála,SPO,445
2026-07-07,Bratislava Centrála,BPO,106
2026-07-07,Bratislava Centrála,XL,8
2026-07-07,Bratislava Petržalka,SPO,4
2026-07-07,Budapest Újbuda Központ,SPO,8
2026-07-07,Budapešť Blaha,SPO,9
2026-07-07,CBP Budapešť centrála,SPO,291
2026-07-07,CBP Budapešť centrála,BPO,77
2026-07-07,CBP Budapešť centrála,XPO,40
2026-07-07,CBP Budapešť centrála,XL,10
2026-07-07,CZLC4,SPO,1042
2026-07-07,CZLC4,BPO,438
2026-07-07,Košice,SPO,5
2026-07-07,LCU,XPO,4
2026-07-07,LCU,VB,3
2026-07-07,Nitra,SPO,6
2026-07-07,Nitra,BPO,1
2026-07-07,Pobočka HULC1,SPO,4
2026-07-07,Prešov,SPO,6
2026-07-07,Trnava,SPO,3
2026-07-07,Wien Karlsplatz,SPO,5
2026-07-07,Žilina,SPO,4
2026-07-08,Bratislava Centrála,SPO,380
2026-07-08,Bratislava Centrála,BPO,87
2026-07-08,Bratislava Centrála,XPO,101
2026-07-08,Bratislava Centrála,XL,8
2026-07-08,Bratislava Petržalka,SPO,2
2026-07-08,Budapest Újbuda Központ,SPO,8
2026-07-08,Budapešť Blaha,SPO,9
2026-07-08,CBP Budapešť centrála,SPO,248
2026-07-08,CBP Budapešť centrála,BPO,66
2026-07-08,CBP Budapešť centrála,XPO,35
2026-07-08,CBP Budapešť centrála,XL,4
2026-07-08,CZLC4,SPO,1646
2026-07-08,CZLC4,BPO,502
2026-07-08,Košice,SPO,12
2026-07-08,LCU,XPO,3
2026-07-08,LCU,XL,2
2026-07-08,LCU,VB,9
2026-07-08,Nitra,SPO,9
2026-07-08,Pobočka HULC1,SPO,8
2026-07-08,Prešov,SPO,6
2026-07-08,Trenčín,SPO,7
2026-07-08,Trnava,SPO,8
2026-07-08,Wien Karlsplatz,SPO,1
2026-07-08,Žilina,SPO,6
2026-07-09,Bratislava Centrála,SPO,354
2026-07-09,Bratislava Centrála,BPO,129
2026-07-09,Bratislava Centrála,XPO,16
2026-07-09,Bratislava Petržalka,SPO,4
2026-07-09,Budapest Újbuda Központ,SPO,9
2026-07-09,Budapešť Blaha,SPO,6
2026-07-09,CBP Budapešť centrála,SPO,247
2026-07-09,CBP Budapešť centrála,BPO,74
2026-07-09,CBP Budapešť centrála,XPO,55
2026-07-09,CBP Budapešť centrála,XL,14
2026-07-09,CZLC4,SPO,1008
2026-07-09,CZLC4,BPO,383
2026-07-09,Košice,SPO,9
2026-07-09,LCU,XPO,6
2026-07-09,LCU,XL,2
2026-07-09,Nitra,SPO,4
2026-07-09,Pobočka HULC1,SPO,4
2026-07-09,Prešov,SPO,6
2026-07-09,Trenčín,SPO,4
2026-07-09,Trnava,SPO,3
2026-07-09,Wien Karlsplatz,SPO,3
2026-07-09,Žilina,SPO,3
2026-07-10,Bratislava Centrála,SPO,354
2026-07-10,Bratislava Centrála,BPO,61
2026-07-10,Bratislava Centrála,XPO,47
2026-07-10,Bratislava Centrála,XL,4
2026-07-10,Bratislava Petržalka,SPO,4
2026-07-10,Budapest Újbuda Központ,SPO,9
2026-07-10,Budapešť Blaha,SPO,5
2026-07-10,CBP Budapešť centrála,SPO,275
2026-07-10,CBP Budapešť centrála,BPO,58
2026-07-10,CBP Budapešť centrála,XPO,53
2026-07-10,CZLC4,SPO,1568
2026-07-10,CZLC4,BPO,294
2026-07-10,Košice,SPO,6
2026-07-10,LCU,XPO,7
2026-07-10,LCU,VB,4
2026-07-10,Nitra,SPO,7
2026-07-10,Pobočka HULC1,SPO,7
2026-07-10,Prešov,SPO,11
2026-07-10,Trenčín,SPO,2
2026-07-10,Trnava,SPO,6
2026-07-10,Žilina,SPO,11
2026-07-11,Bratislava Centrála,SPO,295
2026-07-11,Bratislava Centrála,BPO,126
2026-07-11,Bratislava Centrála,XPO,36
2026-07-11,Bratislava Centrála,XL,42
2026-07-11,Bratislava Petržalka,SPO,2
2026-07-11,Budapest Újbuda Központ,SPO,7
2026-07-11,Budapešť Blaha,SPO,7
2026-07-11,CBP Budapešť centrála,SPO,292
2026-07-11,CBP Budapešť centrála,BPO,48
2026-07-11,CBP Budapešť centrála,XPO,30
2026-07-11,CZLC4,SPO,897
2026-07-11,CZLC4,BPO,225
2026-07-11,Košice,SPO,7
2026-07-11,LCU,XPO,3
2026-07-11,Nitra,SPO,3
2026-07-11,Pobočka HULC1,SPO,8
2026-07-11,Prešov,SPO,8
2026-07-11,Trenčín,SPO,4
2026-07-11,Trnava,SPO,17
2026-07-11,Wien Karlsplatz,SPO,2
2026-07-11,Žilina,SPO,6
2026-07-12,Bratislava Centrála,SPO,250
2026-07-12,Bratislava Centrála,BPO,36
2026-07-12,Bratislava Centrála,XPO,19
2026-07-12,Bratislava Petržalka,SPO,3
2026-07-12,Budapest Újbuda Központ,SPO,1
2026-07-12,Budapešť Blaha,SPO,9
2026-07-12,CBP Budapešť centrála,SPO,207
2026-07-12,CBP Budapešť centrála,BPO,62
2026-07-12,CBP Budapešť centrála,XPO,55
2026-07-12,CBP Budapešť centrála,XL,9
2026-07-12,CZLC4,SPO,938
2026-07-12,CZLC4,BPO,427
2026-07-12,Košice,SPO,3
2026-07-12,LCU,XPO,7
2026-07-12,Nitra,SPO,2
2026-07-12,Pobočka HULC1,SPO,5
2026-07-12,Prešov,SPO,9
2026-07-12,Trnava,SPO,6
2026-07-12,Trnava,BPO,1
2026-07-12,Wien Karlsplatz,SPO,4
2026-07-12,Žilina,SPO,3
2026-07-13,Bratislava Centrála,SPO,288
2026-07-13,Bratislava Centrála,BPO,71
2026-07-13,Bratislava Centrála,XPO,45
2026-07-13,Bratislava Centrála,XL,8
2026-07-13,Bratislava Petržalka,SPO,5
2026-07-13,Budapest Újbuda Központ,SPO,4
2026-07-13,Budapešť Blaha,SPO,4
2026-07-13,CBP Budapešť centrála,SPO,251
2026-07-13,CBP Budapešť centrála,BPO,43
2026-07-13,CBP Budapešť centrála,XPO,37
2026-07-13,CBP Budapešť centrála,XL,21
2026-07-13,CZLC4,SPO,1547
2026-07-13,CZLC4,BPO,753
2026-07-13,Košice,SPO,5
2026-07-13,LCU,XPO,18
2026-07-13,LCU,XL,1
2026-07-13,LCU,VB,3
2026-07-13,Nitra,SPO,3
2026-07-13,Pobočka HULC1,SPO,10
2026-07-13,Prešov,SPO,4
2026-07-13,Trenčín,SPO,3
2026-07-13,Trnava,SPO,4
2026-07-13,Žilina,SPO,3
2026-07-14,Bratislava Centrála,SPO,359
2026-07-14,Bratislava Centrála,BPO,86
2026-07-14,Bratislava Centrála,XPO,12
2026-07-14,Bratislava Centrála,XL,22
2026-07-14,Bratislava Petržalka,SPO,1
2026-07-14,Budapest Újbuda Központ,SPO,2
2026-07-14,Budapešť Blaha,SPO,2
2026-07-14,CBP Budapešť centrála,SPO,257
2026-07-14,CBP Budapešť centrála,BPO,78
2026-07-14,CBP Budapešť centrála,XPO,16
2026-07-14,CBP Budapešť centrála,XL,18
2026-07-14,CZLC4,SPO,1742
2026-07-14,CZLC4,BPO,822
2026-07-14,Košice,SPO,7
2026-07-14,LCU,XPO,19
2026-07-14,LCU,XL,1
2026-07-14,LCU,VB,2
2026-07-14,Nitra,SPO,6
2026-07-14,Pobočka HULC1,SPO,6
2026-07-14,Prešov,SPO,4
2026-07-14,Trenčín,SPO,3
2026-07-14,Trnava,SPO,9
2026-07-14,Wien Karlsplatz,SPO,3
2026-07-14,Žilina,SPO,4
2026-07-15,Bratislava Centrála,SPO,384
2026-07-15,Bratislava Centrála,BPO,62
2026-07-15,Bratislava Centrála,XPO,43
2026-07-15,Bratislava Centrála,XL,5
2026-07-15,Bratislava Petržalka,SPO,3
2026-07-15,Budapest Újbuda Központ,SPO,8
2026-07-15,Budapešť Blaha,SPO,13
2026-07-15,CBP Budapešť centrála,SPO,313
2026-07-15,CBP Budapešť centrála,BPO,51
2026-07-15,CBP Budapešť centrála,XPO,32
2026-07-15,CZLC4,SPO,1272
2026-07-15,CZLC4,BPO,400
2026-07-15,Košice,SPO,4
2026-07-15,LCU,XPO,9
2026-07-15,LCU,VB,4
2026-07-15,Nitra,SPO,10
2026-07-15,Pobočka HULC1,SPO,9
2026-07-15,Prešov,SPO,10
2026-07-15,Trenčín,SPO,3
2026-07-15,Trnava,SPO,11
2026-07-15,Wien Karlsplatz,SPO,7
2026-07-15,Žilina,SPO,7
2026-07-16,Bratislava Centrála,SPO,354
2026-07-16,Bratislava Centrála,BPO,45
2026-07-16,Bratislava Centrála,XPO,36
2026-07-16,Bratislava Centrála,XL,11
2026-07-16,Bratislava Petržalka,SPO,1
2026-07-16,Budapest Újbuda Központ,SPO,3
2026-07-16,Budapešť Blaha,SPO,10
2026-07-16,CBP Budapešť centrála,SPO,259
2026-07-16,CBP Budapešť centrála,BPO,58
2026-07-16,CBP Budapešť centrála,XPO,33
2026-07-16,CZLC4,SPO,1125
2026-07-16,CZLC4,BPO,378
2026-07-16,Košice,SPO,6
2026-07-16,LCU,XPO,24
2026-07-16,LCU,XL,1
2026-07-16,LCU,VB,6
2026-07-16,Nitra,SPO,6
2026-07-16,Pobočka HULC1,SPO,6
2026-07-16,Prešov,SPO,5
2026-07-16,Trenčín,SPO,1
2026-07-16,Trnava,SPO,9
2026-07-16,Wien Karlsplatz,SPO,5
2026-07-16,Žilina,SPO,2
2026-07-17,Bratislava Centrála,SPO,306
2026-07-17,Bratislava Centrála,BPO,81
2026-07-17,Bratislava Centrála,XPO,49
2026-07-17,Bratislava Centrála,XL,6
2026-07-17,Bratislava Petržalka,SPO,4
2026-07-17,Budapest Újbuda Központ,SPO,10
2026-07-17,Budapešť Blaha,SPO,12
2026-07-17,CBP Budapešť centrála,SPO,210
2026-07-17,CBP Budapešť centrála,BPO,46
2026-07-17,CBP Budapešť centrála,XPO,34
2026-07-17,CZLC4,SPO,1781
2026-07-17,CZLC4,BPO,588
2026-07-17,Košice,SPO,12
2026-07-17,LCU,XPO,21
2026-07-17,LCU,VB,5
2026-07-17,Nitra,SPO,5
2026-07-17,Pobočka HULC1,SPO,5
2026-07-17,Pobočka HULC1,BPO,3
2026-07-17,Prešov,SPO,8
2026-07-17,Trnava,SPO,11
2026-07-17,Wien Karlsplatz,SPO,4
2026-07-17,Žilina,SPO,4
2026-07-18,CZLC4,SPO,216
2026-07-18,CZLC4,BPO,10
2026-07-18,LCU,VB,3
2026-07-19,Bratislava Centrála,SPO,503
2026-07-19,Bratislava Centrála,BPO,122
2026-07-19,Bratislava Centrála,XPO,51
2026-07-19,Bratislava Centrála,XL,14
2026-07-19,Bratislava Petržalka,SPO,8
2026-07-19,Budapest Újbuda Központ,SPO,10
2026-07-19,Budapešť Blaha,SPO,15
2026-07-19,CBP Budapešť centrála,SPO,424
2026-07-19,CBP Budapešť centrála,BPO,106
2026-07-19,CBP Budapešť centrála,XPO,89
2026-07-19,CZLC4,SPO,1538
2026-07-19,CZLC4,BPO,555
2026-07-19,Košice,SPO,11
2026-07-19,LCU,XPO,5
2026-07-19,LCU,VB,3
2026-07-19,Nitra,SPO,16
2026-07-19,Nitra,BPO,2
2026-07-19,Pobočka HULC1,SPO,10
2026-07-19,Pobočka HULC1,BPO,1
2026-07-19,Prešov,SPO,4
2026-07-19,Trenčín,SPO,3
2026-07-19,Trnava,SPO,24
2026-07-19,Wien Karlsplatz,SPO,4
2026-07-19,Žilina,SPO,11
2026-07-20,Bratislava Centrála,SPO,230
2026-07-20,Bratislava Centrála,BPO,62
2026-07-20,Bratislava Centrála,XPO,49
2026-07-20,Bratislava Centrála,XL,8
2026-07-20,Bratislava Petržalka,SPO,2
2026-07-20,Budapest Újbuda Központ,SPO,7
2026-07-20,Budapešť Blaha,SPO,6
2026-07-20,CBP Budapešť centrála,SPO,222
2026-07-20,CBP Budapešť centrála,BPO,73
2026-07-20,CBP Budapešť centrála,XPO,15
2026-07-20,CZLC4,SPO,1301
2026-07-20,CZLC4,BPO,573
2026-07-20,Košice,SPO,4
2026-07-20,LCU,XPO,6
2026-07-20,LCU,XL,1
2026-07-20,LCU,VB,1
2026-07-20,Nitra,SPO,2
2026-07-20,Pobočka HULC1,SPO,2
2026-07-20,Prešov,SPO,6
2026-07-20,Trnava,SPO,3
2026-07-20,Žilina,SPO,1
2026-07-21,Bratislava Centrála,SPO,311
2026-07-21,Bratislava Centrála,BPO,63
2026-07-21,Bratislava Centrála,XPO,32
2026-07-21,Bratislava Centrála,XL,7
2026-07-21,Bratislava Petržalka,SPO,15
2026-07-21,Budapest Újbuda Központ,SPO,23
2026-07-21,Budapešť Blaha,SPO,28
2026-07-21,CBP Budapešť centrála,SPO,247
2026-07-21,CBP Budapešť centrála,BPO,70
2026-07-21,CBP Budapešť centrála,XPO,22
2026-07-21,CBP Budapešť centrála,XL,32
2026-07-21,CZLC4,SPO,1588
2026-07-21,CZLC4,BPO,477
2026-07-21,Košice,SPO,17
2026-07-21,LCU,XPO,1193
2026-07-21,LCU,XL,52
2026-07-21,LCU,VB,46
2026-07-21,Nitra,SPO,21
2026-07-21,Pobočka HULC1,SPO,28
2026-07-21,Prešov,SPO,31
2026-07-21,Trenčín,SPO,15
2026-07-21,Trnava,SPO,17
2026-07-21,Wien Karlsplatz,SPO,4
2026-07-21,Žilina,SPO,14
2026-07-22,Banská Bystrica,SPO,32
2026-07-22,Banská Bystrica,BPO,4
2026-07-22,Bratislava Centrála,SPO,342
2026-07-22,Bratislava Centrála,BPO,95
2026-07-22,Bratislava Centrála,XPO,25
2026-07-22,Bratislava Petržalka,SPO,4
2026-07-22,Budapest Újbuda Központ,SPO,2
2026-07-22,Budapešť Blaha,SPO,11
2026-07-22,CBP Budapešť centrála,SPO,249
2026-07-22,CBP Budapešť centrála,BPO,86
2026-07-22,CBP Budapešť centrála,XPO,35
2026-07-22,CBP Budapešť centrála,XL,8
2026-07-22,CZLC4,SPO,987
2026-07-22,CZLC4,BPO,304
2026-07-22,Košice,SPO,9
2026-07-22,LCU,XPO,144
2026-07-22,LCU,XL,7
2026-07-22,LCU,VB,8
2026-07-22,Nitra,SPO,9
2026-07-22,Pobočka HULC1,SPO,4
2026-07-22,Prešov,SPO,7
2026-07-22,Trenčín,SPO,2
2026-07-22,Trnava,SPO,8
2026-07-22,Wien Karlsplatz,SPO,1
2026-07-22,Žilina,SPO,7
2026-07-23,Banská Bystrica,SPO,3
2026-07-23,Bratislava Centrála,SPO,334
2026-07-23,Bratislava Centrála,BPO,72
2026-07-23,Bratislava Centrála,XPO,24
2026-07-23,Bratislava Petržalka,SPO,8
2026-07-23,Budapest Újbuda Központ,SPO,13
2026-07-23,Budapešť Blaha,SPO,13
2026-07-23,CBP Budapešť centrála,SPO,224
2026-07-23,CBP Budapešť centrála,BPO,60
2026-07-23,CBP Budapešť centrála,XPO,30
2026-07-23,CZLC4,SPO,691
2026-07-23,CZLC4,BPO,434
2026-07-23,Košice,SPO,2
2026-07-23,LCU,XPO,105
2026-07-23,LCU,XL,115
2026-07-23,LCU,VB,88
2026-07-23,Nitra,SPO,13
2026-07-23,Pobočka HULC1,SPO,5
2026-07-23,Prešov,SPO,7
2026-07-23,Trenčín,SPO,7
2026-07-23,Trnava,SPO,8
2026-07-23,Wien Karlsplatz,SPO,2
2026-07-23,Žilina,SPO,5
2026-07-24,Banská Bystrica,SPO,68
2026-07-24,Bratislava Centrála,SPO,322
2026-07-24,Bratislava Centrála,BPO,67
2026-07-24,Bratislava Centrála,XPO,44
2026-07-24,Bratislava Centrála,XL,5
2026-07-24,Bratislava Petržalka,SPO,3
2026-07-24,Budapest Újbuda Központ,SPO,8
2026-07-24,Budapešť Blaha,SPO,7
2026-07-24,CBP Budapešť centrála,SPO,263
2026-07-24,CBP Budapešť centrála,BPO,64
2026-07-24,CBP Budapešť centrála,XPO,27
2026-07-24,CBP Budapešť centrála,XL,18
2026-07-24,CZLC4,SPO,967
2026-07-24,CZLC4,BPO,417
2026-07-24,Košice,SPO,4
2026-07-24,LCU,SPO,21
2026-07-24,LCU,XPO,108
2026-07-24,LCU,XL,29
2026-07-24,LCU,VB,125
2026-07-24,Nitra,SPO,7
2026-07-24,Pobočka HULC1,SPO,10
2026-07-24,Prešov,SPO,8
2026-07-24,Trenčín,SPO,2
2026-07-24,Trnava,SPO,8
2026-07-24,Žilina,SPO,7
2026-07-25,Banská Bystrica,SPO,7
2026-07-25,Bratislava Centrála,SPO,283
2026-07-25,Bratislava Centrála,BPO,63
2026-07-25,Bratislava Centrála,XPO,56
2026-07-25,Bratislava Centrála,XL,2
2026-07-25,Bratislava Petržalka,SPO,2
2026-07-25,Budapest Újbuda Központ,SPO,6
2026-07-25,Budapešť Blaha,SPO,15
2026-07-25,CBP Budapešť centrála,SPO,284
2026-07-25,CBP Budapešť centrála,BPO,73
2026-07-25,CBP Budapešť centrála,XPO,40
2026-07-25,CBP Budapešť centrála,XL,15
2026-07-25,CZLC4,SPO,789
2026-07-25,CZLC4,BPO,264
2026-07-25,Košice,SPO,6
2026-07-25,LCU,XPO,119
2026-07-25,LCU,XL,79
2026-07-25,LCU,VB,43
2026-07-25,Nitra,SPO,5
2026-07-25,Pobočka HULC1,SPO,9
2026-07-25,Prešov,SPO,14
2026-07-25,Trenčín,SPO,4
2026-07-25,Trnava,SPO,3
2026-07-25,Wien Karlsplatz,SPO,4
2026-07-25,Žilina,SPO,2
2026-07-26,Banská Bystrica,SPO,2
2026-07-26,Bratislava Centrála,SPO,259
2026-07-26,Bratislava Centrála,BPO,48
2026-07-26,Bratislava Centrála,XPO,38
2026-07-26,Bratislava Centrála,XL,25
2026-07-26,Bratislava Petržalka,SPO,2
2026-07-26,Budapest Újbuda Központ,SPO,4
2026-07-26,Budapešť Blaha,SPO,6
2026-07-26,CBP Budapešť centrála,SPO,214
2026-07-26,CBP Budapešť centrála,BPO,33
2026-07-26,CBP Budapešť centrála,XPO,23
2026-07-26,CBP Budapešť centrála,XL,15
2026-07-26,CZLC4,SPO,731
2026-07-26,CZLC4,BPO,392
2026-07-26,Košice,SPO,1
2026-07-26,LCU,XPO,193
2026-07-26,LCU,XL,34
2026-07-26,LCU,VB,210
2026-07-26,Nitra,SPO,11
2026-07-26,Pobočka HULC1,SPO,5
2026-07-26,Prešov,SPO,6
2026-07-26,Trenčín,SPO,2
2026-07-26,Trnava,SPO,2
2026-07-26,Wien Karlsplatz,SPO,3
2026-07-26,Žilina,SPO,3
2026-07-27,Banská Bystrica,SPO,7
2026-07-27,Bratislava Centrála,SPO,255
2026-07-27,Bratislava Centrála,BPO,68
2026-07-27,Bratislava Centrála,XPO,15
2026-07-27,Bratislava Centrála,XL,19
2026-07-27,Bratislava Petržalka,SPO,7
2026-07-27,Budapest Újbuda Központ,SPO,3
2026-07-27,Budapešť Blaha,SPO,4
2026-07-27,CBP Budapešť centrála,SPO,169
2026-07-27,CBP Budapešť centrála,BPO,56
2026-07-27,CBP Budapešť centrála,XPO,28
2026-07-27,CBP Budapešť centrála,XL,6
2026-07-27,CZLC4,SPO,1112
2026-07-27,CZLC4,BPO,385
2026-07-27,Košice,SPO,7
2026-07-27,LCU,XPO,188
2026-07-27,LCU,XL,15
2026-07-27,LCU,VB,75
2026-07-27,Nitra,SPO,3
2026-07-27,Pobočka HULC1,SPO,1
2026-07-27,Prešov,SPO,5
2026-07-27,Žilina,SPO,5
2026-07-28,Banská Bystrica,SPO,3
2026-07-28,Bratislava Centrála,SPO,332
2026-07-28,Bratislava Centrála,BPO,51
2026-07-28,Bratislava Petržalka,SPO,2
2026-07-28,Budapest Újbuda Központ,SPO,7
2026-07-28,Budapešť Blaha,SPO,7
2026-07-28,CBP Budapešť centrála,SPO,200
2026-07-28,CBP Budapešť centrála,BPO,54
2026-07-28,CBP Budapešť centrála,XPO,30
2026-07-28,CBP Budapešť centrála,XL,7
2026-07-28,CZLC4,SPO,1455
2026-07-28,CZLC4,BPO,328
2026-07-28,Košice,SPO,4
2026-07-28,LCU,XPO,156
2026-07-28,LCU,XL,19
2026-07-28,LCU,VB,112
2026-07-28,Nitra,SPO,1
2026-07-28,Pobočka HULC1,SPO,24
2026-07-28,Pobočka HULC1,BPO,8
2026-07-28,Prešov,SPO,2
2026-07-28,Trenčín,SPO,4
2026-07-28,Trnava,SPO,7
2026-07-28,Wien Karlsplatz,SPO,5
2026-07-28,Žilina,SPO,1
2026-07-29,Banská Bystrica,SPO,10
2026-07-29,Bratislava Centrála,SPO,300
2026-07-29,Bratislava Centrála,BPO,76
2026-07-29,Bratislava Centrála,XPO,53
2026-07-29,Bratislava Petržalka,SPO,3
2026-07-29,Budapest Újbuda Központ,SPO,8
2026-07-29,Budapešť Blaha,SPO,4
2026-07-29,CBP Budapešť centrála,SPO,265
2026-07-29,CBP Budapešť centrála,BPO,41
2026-07-29,CBP Budapešť centrála,XPO,33
2026-07-29,CBP Budapešť centrála,XL,13
2026-07-29,CZLC4,SPO,852
2026-07-29,CZLC4,BPO,343
2026-07-29,Košice,SPO,5
2026-07-29,LCU,XPO,106
2026-07-29,LCU,XL,24
2026-07-29,LCU,VB,57
2026-07-29,Nitra,SPO,16
2026-07-29,Nitra,BPO,4
2026-07-29,Pobočka HULC1,SPO,12
2026-07-29,Prešov,SPO,17
2026-07-29,Prešov,BPO,4
2026-07-29,Trenčín,SPO,21
2026-07-29,Trenčín,BPO,4
2026-07-29,Trnava,SPO,5
2026-07-29,Wien Karlsplatz,SPO,1
2026-07-29,Žilina,SPO,4
2026-07-30,Banská Bystrica,SPO,11
2026-07-30,Bratislava Centrála,SPO,316
2026-07-30,Bratislava Centrála,BPO,46
2026-07-30,Bratislava Centrála,XPO,42
2026-07-30,Bratislava Centrála,XL,12
2026-07-30,Bratislava Petržalka,SPO,2
2026-07-30,Budapest Újbuda Központ,SPO,6
2026-07-30,Budapešť Blaha,SPO,15
2026-07-30,CBP Budapešť centrála,SPO,289
2026-07-30,CBP Budapešť centrála,BPO,48
2026-07-30,CBP Budapešť centrála,XPO,28
2026-07-30,CBP Budapešť centrála,XL,13
2026-07-30,CZLC4,SPO,1141
2026-07-30,CZLC4,BPO,641
2026-07-30,Košice,SPO,13
2026-07-30,LCU,XPO,132
2026-07-30,LCU,XL,8
2026-07-30,LCU,VB,34
2026-07-30,Nitra,SPO,5
2026-07-30,Pobočka HULC1,SPO,22
2026-07-30,Prešov,SPO,6
2026-07-30,Trenčín,SPO,5
2026-07-30,Trnava,SPO,9
2026-07-30,Trnava,BPO,1
2026-07-30,Wien Karlsplatz,SPO,5
2026-07-30,Žilina,SPO,11
2026-07-31,Banská Bystrica,SPO,9
2026-07-31,Bratislava Centrála,SPO,267
2026-07-31,Bratislava Centrála,BPO,51
2026-07-31,Bratislava Centrála,XPO,40
2026-07-31,Bratislava Centrála,XL,14
2026-07-31,Bratislava Petržalka,SPO,5
2026-07-31,Budapest Újbuda Központ,SPO,3
2026-07-31,Budapešť Blaha,SPO,8
2026-07-31,CBP Budapešť centrála,SPO,256
2026-07-31,CBP Budapešť centrála,BPO,62
2026-07-31,CBP Budapešť centrála,XPO,37
2026-07-31,CBP Budapešť centrála,XL,8
2026-07-31,CZLC4,SPO,902
2026-07-31,CZLC4,BPO,486
2026-07-31,Košice,SPO,3
2026-07-31,LCU,XPO,123
2026-07-31,LCU,XL,21
2026-07-31,LCU,VB,73
2026-07-31,Nitra,SPO,6
2026-07-31,Pobočka HULC1,SPO,5
2026-07-31,Prešov,SPO,7
2026-07-31,Trenčín,SPO,2
2026-07-31,Trnava,SPO,7
2026-07-31,Wien Karlsplatz,SPO,11
2026-07-31,Žilina,SPO,1
2026-08-01,Banská Bystrica,SPO,12
2026-08-01,Bratislava Centrála,SPO,320
2026-08-01,Bratislava Centrála,BPO,46
2026-08-01,Bratislava Centrála,XL,23
2026-08-01,Bratislava Petržalka,SPO,3
2026-08-01,Budapest Újbuda Központ,SPO,9
2026-08-01,Budapešť Blaha,SPO,6
2026-08-01,CBP Budapešť centrála,SPO,224
2026-08-01,CBP Budapešť centrála,BPO,52
2026-08-01,CBP Budapešť centrála,XPO,31
2026-08-01,CBP Budapešť centrála,XL,12
2026-08-01,CZLC4,SPO,672
2026-08-01,CZLC4,BPO,226
2026-08-01,Košice,SPO,5
2026-08-01,LCU,XPO,86
2026-08-01,LCU,XL,34
2026-08-01,LCU,VB,28
2026-08-01,Nitra,SPO,7
2026-08-01,Pobočka HULC1,SPO,4
2026-08-01,Prešov,SPO,5
2026-08-01,Trnava,SPO,5
2026-08-01,Wien Karlsplatz,SPO,7
2026-08-01,Žilina,SPO,9
2026-08-02,Banská Bystrica,SPO,2
2026-08-02,Bratislava Centrála,SPO,277
2026-08-02,Bratislava Centrála,BPO,74
2026-08-02,Bratislava Centrála,XPO,66
2026-08-02,Bratislava Centrála,XL,13
2026-08-02,Bratislava Petržalka,SPO,5
2026-08-02,Budapest Újbuda Központ,SPO,4
2026-08-02,Budapešť Blaha,SPO,2
2026-08-02,CBP Budapešť centrála,SPO,205
2026-08-02,CBP Budapešť centrála,BPO,49
2026-08-02,CBP Budapešť centrála,XPO,14
2026-08-02,CBP Budapešť centrála,XL,4
2026-08-02,CZLC4,SPO,787
2026-08-02,CZLC4,BPO,202
2026-08-02,LCU,XPO,91
2026-08-02,LCU,XL,24
2026-08-02,LCU,VB,23
2026-08-02,Nitra,SPO,4
2026-08-02,Pobočka HULC1,SPO,2
2026-08-02,Prešov,SPO,5
2026-08-02,Trnava,SPO,8
2026-08-02,Wien Karlsplatz,SPO,1
2026-08-03,Bratislava Centrála,SPO,276
2026-08-03,Bratislava Centrála,BPO,48
2026-08-03,Bratislava Centrála,XPO,27
2026-08-03,Bratislava Centrála,XL,17
2026-08-03,Bratislava Petržalka,SPO,4
2026-08-03,Budapest Újbuda Központ,SPO,4
2026-08-03,Budapešť Blaha,SPO,5
2026-08-03,CBP Budapešť centrála,SPO,202
2026-08-03,CBP Budapešť centrála,BPO,88
2026-08-03,CBP Budapešť centrála,XPO,46
2026-08-03,CBP Budapešť centrála,XL,6
2026-08-03,CZLC4,SPO,819
2026-08-03,CZLC4,BPO,394
2026-08-03,Košice,SPO,5
2026-08-03,LCU,XPO,169
2026-08-03,LCU,XL,19
2026-08-03,LCU,VB,88
2026-08-03,Nitra,SPO,1
2026-08-03,Pobočka HULC1,SPO,2
2026-08-03,Pobočka HULC1,BPO,1
2026-08-03,Prešov,SPO,4
2026-08-03,Trnava,SPO,3
2026-08-03,Žilina,SPO,3
2026-08-04,Banská Bystrica,SPO,11
2026-08-04,Bratislava Centrála,SPO,365
2026-08-04,Bratislava Centrála,BPO,116
2026-08-04,Bratislava Centrála,XL,5
2026-08-04,Bratislava Petržalka,SPO,3
2026-08-04,Brno,SPO,73
2026-08-04,Brno,BPO,21
2026-08-04,Brno,XPO,4
2026-08-04,Brno Lískovec,SPO,5
2026-08-04,Budapest Újbuda Központ,SPO,5
2026-08-04,Budapešť Blaha,SPO,6
2026-08-04,CBP Budapešť centrála,SPO,201
2026-08-04,CBP Budapešť centrála,BPO,70
2026-08-04,CBP Budapešť centrála,XPO,52
2026-08-04,CBP Budapešť centrála,XL,14
2026-08-04,CZLC4,SPO,1365
2026-08-04,CZLC4,BPO,160
2026-08-04,Košice,SPO,10
2026-08-04,LCU,XPO,116
2026-08-04,LCU,XL,31
2026-08-04,LCU,VB,16
2026-08-04,Nitra,SPO,7
2026-08-04,Olomouc,SPO,9
2026-08-04,Pobočka HULC1,SPO,6
2026-08-04,Prešov,SPO,6
2026-08-04,Prostějov,SPO,7
2026-08-04,Trenčín,SPO,2
2026-08-04,Trnava,SPO,7
2026-08-04,Trnava,BPO,2
2026-08-04,Wien Karlsplatz,SPO,1
2026-08-04,Zlín,SPO,8
2026-08-04,Žilina,SPO,2
2026-08-05,Banská Bystrica,SPO,3
2026-08-05,Bratislava Centrála,SPO,358
2026-08-05,Bratislava Centrála,BPO,71
2026-08-05,Bratislava Centrála,XPO,12
2026-08-05,Bratislava Centrála,XL,11
2026-08-05,Bratislava Petržalka,SPO,3
2026-08-05,Brno,SPO,38
2026-08-05,Brno,BPO,5
2026-08-05,Brno,XPO,7
2026-08-05,Brno,XL,2
2026-08-05,Brno Lískovec,SPO,5
2026-08-05,Budapest Újbuda Központ,SPO,3
2026-08-05,Budapešť Blaha,SPO,6
2026-08-05,CBP Budapešť centrála,SPO,274
2026-08-05,CBP Budapešť centrála,BPO,58
2026-08-05,CBP Budapešť centrála,XPO,23
2026-08-05,CBP Budapešť centrála,XL,14
2026-08-05,CZLC4,SPO,951
2026-08-05,CZLC4,BPO,277
2026-08-05,Košice,SPO,2
2026-08-05,LCU,XPO,92
2026-08-05,LCU,XL,8
2026-08-05,LCU,VB,33
2026-08-05,Nitra,SPO,3
2026-08-05,Olomouc,SPO,7
2026-08-05,Pobočka HULC1,SPO,4
2026-08-05,Prešov,SPO,3
2026-08-05,Prostějov,SPO,2
2026-08-05,Trenčín,SPO,1
2026-08-05,Wien Karlsplatz,SPO,2
2026-08-05,Zlín,SPO,4
2026-08-05,Žilina,SPO,7
2026-08-06,Banská Bystrica,SPO,7
2026-08-06,Bratislava Centrála,SPO,280
2026-08-06,Bratislava Centrála,BPO,69
2026-08-06,Bratislava Centrála,XPO,61
2026-08-06,Bratislava Petržalka,SPO,3
2026-08-06,Brno,SPO,45
2026-08-06,Brno,BPO,11
2026-08-06,Brno,XPO,20
2026-08-06,Brno,XL,4
2026-08-06,Brno Lískovec,SPO,6
2026-08-06,Brno Lískovec,BPO,1
2026-08-06,Budapest Újbuda Központ,SPO,6
2026-08-06,Budapešť Blaha,SPO,9
2026-08-06,CBP Budapešť centrála,SPO,206
2026-08-06,CBP Budapešť centrála,BPO,46
2026-08-06,CBP Budapešť centrála,XPO,62
2026-08-06,CBP Budapešť centrála,XL,6
2026-08-06,CZLC4,SPO,785
2026-08-06,CZLC4,BPO,325
2026-08-06,Košice,SPO,1
2026-08-06,LCU,XPO,257
2026-08-06,LCU,XL,5
2026-08-06,LCU,VB,21
2026-08-06,Nitra,SPO,6
2026-08-06,Olomouc,SPO,4
2026-08-06,Pobočka HULC1,SPO,6
2026-08-06,Prešov,SPO,11
2026-08-06,Prostějov,SPO,2
2026-08-06,Trenčín,SPO,1
2026-08-06,Trnava,SPO,8
2026-08-06,Wien Karlsplatz,SPO,3
2026-08-06,Zlín,SPO,4
2026-08-06,Žilina,SPO,10
2026-08-07,Banská Bystrica,SPO,1
2026-08-07,Bratislava Centrála,SPO,315
2026-08-07,Bratislava Centrála,BPO,87
2026-08-07,Bratislava Centrála,XPO,84
2026-08-07,Bratislava Centrála,XL,8
2026-08-07,Bratislava Petržalka,SPO,4
2026-08-07,Brno,SPO,54
2026-08-07,Brno,BPO,4
2026-08-07,Brno,XPO,38
2026-08-07,Brno,XL,4
2026-08-07,Brno Lískovec,SPO,7
2026-08-07,Budapest Újbuda Központ,SPO,4
2026-08-07,Budapešť Blaha,SPO,4
2026-08-07,CBP Budapešť centrála,SPO,281
2026-08-07,CBP Budapešť centrála,BPO,73
2026-08-07,CBP Budapešť centrála,XPO,51
2026-08-07,CBP Budapešť centrála,XL,11
2026-08-07,CZLC4,SPO,1101
2026-08-07,CZLC4,BPO,374
2026-08-07,Košice,SPO,1
2026-08-07,LCU,XPO,143
2026-08-07,LCU,XL,13
2026-08-07,LCU,VB,16
2026-08-07,Nitra,SPO,9
2026-08-07,Olomouc,SPO,11
2026-08-07,Pobočka HULC1,SPO,11
2026-08-07,Prešov,SPO,3
2026-08-07,Prostějov,SPO,1
2026-08-07,Trenčín,SPO,3
2026-08-07,Trnava,SPO,10
2026-08-07,Wien Karlsplatz,SPO,1
2026-08-07,Zlín,SPO,5
2026-08-07,Žilina,SPO,2
2026-08-08,Banská Bystrica,SPO,2
2026-08-08,Bratislava Centrála,SPO,282
2026-08-08,Bratislava Centrála,BPO,69
2026-08-08,Bratislava Centrála,XPO,18
2026-08-08,Bratislava Centrála,XL,22
2026-08-08,Bratislava Petržalka,SPO,1
2026-08-08,Brno,SPO,45
2026-08-08,Brno,BPO,8
2026-08-08,Brno,XPO,5
2026-08-08,Brno,XL,4
2026-08-08,Brno Lískovec,SPO,5
2026-08-08,Budapest Újbuda Központ,SPO,8
2026-08-08,Budapešť Blaha,SPO,5
2026-08-08,CBP Budapešť centrála,SPO,279
2026-08-08,CBP Budapešť centrála,BPO,70
2026-08-08,CBP Budapešť centrála,XPO,40
2026-08-08,CBP Budapešť centrála,XL,22
2026-08-08,CZLC4,SPO,606
2026-08-08,CZLC4,BPO,373
2026-08-08,Košice,SPO,6
2026-08-08,Košice,BPO,4
2026-08-08,LCU,XPO,98
2026-08-08,LCU,XL,8
2026-08-08,LCU,VB,15
2026-08-08,Nitra,SPO,7
2026-08-08,Olomouc,SPO,20
2026-08-08,Pobočka HULC1,SPO,6
2026-08-08,Prešov,SPO,7
2026-08-08,Prostějov,SPO,2
2026-08-08,Trenčín,SPO,3
2026-08-08,Trnava,SPO,8
2026-08-08,Wien Karlsplatz,SPO,1
2026-08-08,Zlín,SPO,3
2026-08-08,Žilina,SPO,3
2026-08-09,Banská Bystrica,SPO,3
2026-08-09,Bratislava Centrála,SPO,300
2026-08-09,Bratislava Centrála,BPO,70
2026-08-09,Bratislava Centrála,XPO,22
2026-08-09,Bratislava Petržalka,SPO,5
2026-08-09,Bratislava Petržalka,BPO,2
2026-08-09,Brno,SPO,43
2026-08-09,Brno,BPO,4
2026-08-09,Brno,XPO,4
2026-08-09,Brno Lískovec,SPO,9
2026-08-09,Budapest Újbuda Központ,SPO,6
2026-08-09,Budapešť Blaha,SPO,12
2026-08-09,CBP Budapešť centrála,SPO,274
2026-08-09,CBP Budapešť centrála,BPO,92
2026-08-09,CBP Budapešť centrála,XPO,21
2026-08-09,CBP Budapešť centrála,XL,8
2026-08-09,CZLC4,SPO,536
2026-08-09,CZLC4,BPO,133
2026-08-09,Košice,SPO,5
2026-08-09,LCU,XPO,99
2026-08-09,LCU,XL,12
2026-08-09,LCU,VB,6
2026-08-09,Nitra,SPO,9
2026-08-09,Olomouc,SPO,1
2026-08-09,Pobočka HULC1,SPO,6
2026-08-09,Prešov,SPO,12
2026-08-09,Prostějov,SPO,3
2026-08-09,Trenčín,SPO,5
2026-08-09,Trnava,SPO,7
2026-08-09,Wien Karlsplatz,SPO,1
2026-08-09,Zlín,SPO,9
2026-08-09,Zlín,BPO,2
2026-08-09,Žilina,SPO,4
2026-08-10,Banská Bystrica,SPO,3
2026-08-10,Bratislava Centrála,SPO,282
2026-08-10,Bratislava Centrála,BPO,68
2026-08-10,Bratislava Centrála,XPO,39
2026-08-10,Bratislava Petržalka,SPO,3
2026-08-10,Brno,SPO,36
2026-08-10,Brno,BPO,7
2026-08-10,Brno,XPO,6
2026-08-10,Brno,XL,4
2026-08-10,Brno Lískovec,SPO,9
2026-08-10,Budapest Újbuda Központ,SPO,3
2026-08-10,Budapešť Blaha,SPO,10
2026-08-10,CBP Budapešť centrála,SPO,207
2026-08-10,CBP Budapešť centrála,BPO,39
2026-08-10,CBP Budapešť centrála,XPO,20
2026-08-10,CBP Budapešť centrála,XL,10
2026-08-10,CZLC4,SPO,875
2026-08-10,CZLC4,BPO,422
2026-08-10,Košice,SPO,3
2026-08-10,LCU,XPO,107
2026-08-10,LCU,XL,28
2026-08-10,LCU,VB,25
2026-08-10,Nitra,SPO,7
2026-08-10,Olomouc,SPO,8
2026-08-10,Pobočka HULC1,SPO,5
2026-08-10,Prešov,SPO,6
2026-08-10,Prostějov,SPO,4
2026-08-10,Trnava,SPO,4
2026-08-10,Zlín,SPO,4
2026-08-10,Žilina,SPO,3
2026-08-11,Banská Bystrica,SPO,41
2026-08-11,Bratislava Centrála,SPO,402
2026-08-11,Bratislava Centrála,BPO,69
2026-08-11,Bratislava Centrála,XPO,11
2026-08-11,Bratislava Centrála,XL,8
2026-08-11,Bratislava Petržalka,SPO,1
2026-08-11,Brno,SPO,77
2026-08-11,Brno,BPO,6
2026-08-11,Brno,XPO,8
2026-08-11,Brno,XL,2
2026-08-11,Brno Lískovec,SPO,43
2026-08-11,Budapest Újbuda Központ,SPO,34
2026-08-11,Budapešť Blaha,SPO,22
2026-08-11,CBP Budapešť centrála,SPO,327
2026-08-11,CBP Budapešť centrála,BPO,58
2026-08-11,CBP Budapešť centrála,XPO,37
2026-08-11,CBP Budapešť centrála,XL,10
2026-08-11,CZLC4,SPO,1054
2026-08-11,CZLC4,BPO,276
2026-08-11,Košice,SPO,48
2026-08-11,LCU,XPO,193
2026-08-11,LCU,XL,29
2026-08-11,LCU,VB,46
2026-08-11,Nitra,SPO,39
2026-08-11,Olomouc,SPO,41
2026-08-11,Pobočka HULC1,SPO,35
2026-08-11,Prešov,SPO,39
2026-08-11,Prostějov,SPO,20
2026-08-11,Trenčín,SPO,37
2026-08-11,Trnava,SPO,51
2026-08-11,Wien Karlsplatz,SPO,1
2026-08-11,Zlín,SPO,53
2026-08-11,Žilina,SPO,40
2026-08-12,Banská Bystrica,SPO,16
2026-08-12,Banská Bystrica,BPO,3
2026-08-12,Bratislava Centrála,SPO,459
2026-08-12,Bratislava Centrála,BPO,82
2026-08-12,Bratislava Centrála,XPO,4
2026-08-12,Bratislava Centrála,XL,3
2026-08-12,Bratislava Petržalka,SPO,3
2026-08-12,Brno,SPO,58
2026-08-12,Brno,BPO,19
2026-08-12,Brno,XPO,10
2026-08-12,Brno Lískovec,SPO,8
2026-08-12,Budapest Újbuda Központ,SPO,6
2026-08-12,Budapešť Blaha,SPO,18
2026-08-12,CBP Budapešť centrála,SPO,292
2026-08-12,CBP Budapešť centrála,BPO,79
2026-08-12,CBP Budapešť centrála,XPO,51
2026-08-12,CBP Budapešť centrála,XL,6
2026-08-12,CZLC4,SPO,1461
2026-08-12,CZLC4,BPO,349
2026-08-12,Košice,SPO,10
2026-08-12,LCU,XPO,218
2026-08-12,LCU,XL,3
2026-08-12,LCU,VB,9
2026-08-12,Nitra,SPO,9
2026-08-12,Olomouc,SPO,12
2026-08-12,Pobočka HULC1,SPO,8
2026-08-12,Prešov,SPO,5
2026-08-12,Prostějov,SPO,9
2026-08-12,Trenčín,SPO,3
2026-08-12,Trnava,SPO,12
2026-08-12,Wien Karlsplatz,SPO,4
2026-08-12,Zlín,SPO,15
2026-08-12,Žilina,SPO,18
