datum,hodina,joblines
2025-08-19,10,9
2025-08-27,13,6
2025-09-01,10,1
2025-09-01,11,2
2025-09-01,12,4
2025-09-01,13,1
2025-09-04,8,20
2025-09-04,10,1
2025-09-05,9,1
2025-09-05,11,1
2025-09-05,12,1
2025-09-05,13,4
2025-09-05,14,30
2025-09-05,15,1
2025-09-09,0,4
2025-09-09,1,1
2025-09-09,2,5
2025-09-09,3,1
2025-09-09,4,1
2025-09-09,5,2
2025-09-09,6,6
2025-09-09,7,29
2025-09-09,8,6
2025-09-09,9,18
2025-09-09,10,9
2025-09-09,11,18
2025-09-09,12,6
2025-09-09,13,8
2025-09-09,14,2
2025-09-09,15,5
2025-09-09,16,17
2025-09-09,17,104
2025-09-09,18,307
2025-09-09,19,78
2025-09-09,20,106
2025-09-09,21,69
2025-09-09,22,125
2025-09-09,23,77
2025-09-10,0,117
2025-09-10,1,36
2025-09-10,2,60
2025-09-10,3,28
2025-09-10,4,30
2025-09-10,5,16
2025-09-10,6,14
2025-09-10,7,49
2025-09-10,8,49
2025-09-10,9,42
2025-09-10,10,3
2025-09-10,11,4
2025-09-10,12,2
2025-09-10,13,8
2025-09-10,14,2
2025-09-10,15,4
2025-09-10,16,1
2025-09-10,17,1
2025-09-10,18,1
2025-09-10,19,1
2025-09-10,20,1
2025-09-10,21,2
2025-09-10,22,4
2025-09-10,23,2
2025-09-11,0,2
2025-09-11,1,2
2025-09-11,3,1
2025-09-11,4,2
2025-09-11,5,3
2025-09-11,6,2
2025-09-11,7,4
2025-09-11,8,3
2025-09-11,9,7
2025-09-11,10,8
2025-09-11,11,3
2025-09-11,12,2
2025-09-11,13,5
2025-09-11,14,4
2025-09-11,15,6
2025-09-11,16,1
2025-09-11,17,3
2025-09-11,18,5
2025-09-11,19,5
2025-09-11,20,4
2025-09-11,21,12
2025-09-11,22,5
2025-09-11,23,5
2025-09-12,0,4
2025-09-12,1,1
2025-09-12,2,1
2025-09-12,7,57
2025-09-12,8,5
2025-09-12,9,9
2025-09-12,10,10
2025-09-12,11,5
2025-09-12,12,15
2025-09-12,13,19
2025-09-12,14,3
2025-09-12,15,10
2025-09-12,16,8
2025-09-12,17,4
2025-09-12,18,1
2025-09-12,20,11
2025-09-12,21,5
2025-09-12,22,6
2025-09-12,23,11
2025-09-13,0,38
2025-09-13,1,39
2025-09-13,2,25
2025-09-13,3,39
2025-09-13,4,57
2025-09-13,5,82
2025-09-13,6,47
2025-09-13,7,469
2025-09-13,8,42
2025-09-13,9,171
2025-09-13,10,82
2025-09-13,11,86
2025-09-13,12,104
2025-09-13,13,56
2025-09-13,14,43
2025-09-13,15,71
2025-09-13,16,58
2025-09-13,17,52
2025-09-13,18,54
2025-09-13,19,51
2025-09-13,20,81
2025-09-13,21,82
2025-09-13,22,51
2025-09-13,23,38
2025-09-14,0,9
2025-09-14,1,15
2025-09-14,2,8
2025-09-14,3,4
2025-09-14,4,4
2025-09-14,5,10
2025-09-14,6,9
2025-09-14,7,23
2025-09-14,8,35
2025-09-14,9,66
2025-09-14,10,103
2025-09-14,11,117
2025-09-14,12,101
2025-09-14,13,119
2025-09-14,14,102
2025-09-14,15,100
2025-09-14,16,129
2025-09-14,17,151
2025-09-14,18,124
2025-09-14,19,116
2025-09-14,20,169
2025-09-14,21,191
2025-09-14,22,162
2025-09-14,23,94
2025-09-15,0,49
2025-09-15,1,17
2025-09-15,2,5
2025-09-15,3,4
2025-09-15,4,12
2025-09-15,5,9
2025-09-15,6,21
2025-09-15,7,168
2025-09-15,8,131
2025-09-15,9,142
2025-09-15,10,173
2025-09-15,11,200
2025-09-15,12,228
2025-09-15,13,214
2025-09-15,14,199
2025-09-15,15,183
2025-09-15,16,239
2025-09-15,17,160
2025-09-15,18,221
2025-09-15,19,227
2025-09-15,20,323
2025-09-15,21,331
2025-09-15,22,279
2025-09-15,23,173
2025-09-16,0,134
2025-09-16,1,79
2025-09-16,2,40
2025-09-16,3,40
2025-09-16,4,41
2025-09-16,5,61
2025-09-16,6,71
2025-09-16,7,154
2025-09-16,8,308
2025-09-16,9,332
2025-09-16,10,471
2025-09-16,11,402
2025-09-16,12,423
2025-09-16,13,424
2025-09-16,14,528
2025-09-16,15,320
2025-09-16,16,373
2025-09-16,17,316
2025-09-16,18,394
2025-09-16,19,429
2025-09-16,20,523
2025-09-16,21,498
2025-09-16,22,546
2025-09-16,23,468
2025-09-17,0,319
2025-09-17,1,188
2025-09-17,2,35
2025-09-17,3,50
2025-09-17,4,79
2025-09-17,5,34
2025-09-17,6,136
2025-09-17,7,217
2025-09-17,8,296
2025-09-17,9,429
2025-09-17,10,477
2025-09-17,11,307
2025-09-17,12,393
2025-09-17,13,360
2025-09-17,14,583
2025-09-17,15,383
2025-09-17,16,401
2025-09-17,17,345
2025-09-17,18,497
2025-09-17,19,541
2025-09-17,20,654
2025-09-17,21,672
2025-09-17,22,624
2025-09-17,23,410
2025-09-18,0,262
2025-09-18,1,407
2025-09-18,2,104
2025-09-18,3,64
2025-09-18,4,20
2025-09-18,5,31
2025-09-18,6,142
2025-09-18,7,227
2025-09-18,8,384
2025-09-18,9,433
2025-09-18,10,514
2025-09-18,11,431
2025-09-18,12,538
2025-09-18,13,350
2025-09-18,14,500
2025-09-18,15,424
2025-09-18,16,436
2025-09-18,17,427
2025-09-18,18,507
2025-09-18,19,504
2025-09-18,20,724
2025-09-18,21,713
2025-09-18,22,655
2025-09-18,23,479
2025-09-19,0,389
2025-09-19,1,158
2025-09-19,2,12
2025-09-19,3,39
2025-09-19,4,81
2025-09-19,5,35
2025-09-19,6,98
2025-09-19,7,172
2025-09-19,8,306
2025-09-19,9,379
2025-09-19,10,494
2025-09-19,11,423
2025-09-19,12,357
2025-09-19,13,592
2025-09-19,14,378
2025-09-19,15,335
2025-09-19,16,364
2025-09-19,17,359
2025-09-19,18,325
2025-09-19,19,475
2025-09-19,20,498
2025-09-19,21,497
2025-09-19,22,508
2025-09-19,23,391
2025-09-20,0,366
2025-09-20,1,187
2025-09-20,2,43
2025-09-20,3,17
2025-09-20,4,70
2025-09-20,5,25
2025-09-20,6,69
2025-09-20,7,156
2025-09-20,8,257
2025-09-20,9,362
2025-09-20,10,485
2025-09-20,11,442
2025-09-20,12,488
2025-09-20,13,315
2025-09-20,14,413
2025-09-20,15,345
2025-09-20,16,321
2025-09-20,17,408
2025-09-20,18,389
2025-09-20,19,401
2025-09-20,20,533
2025-09-20,21,548
2025-09-20,22,506
2025-09-20,23,489
2025-09-21,0,346
2025-09-21,1,68
2025-09-21,2,61
2025-09-21,3,25
2025-09-21,4,9
2025-09-21,5,33
2025-09-21,6,45
2025-09-21,7,133
2025-09-21,8,227
2025-09-21,9,356
2025-09-21,10,499
2025-09-21,11,492
2025-09-21,12,436
2025-09-21,13,491
2025-09-21,14,443
2025-09-21,15,423
2025-09-21,16,384
2025-09-21,17,444
2025-09-21,18,434
2025-09-21,19,562
2025-09-21,20,753
2025-09-21,21,739
2025-09-21,22,769
2025-09-21,23,670
2025-09-22,0,350
2025-09-22,1,266
2025-09-22,2,43
2025-09-22,3,4376
2025-09-22,4,49
2025-09-22,5,97
2025-09-22,6,971
2025-09-22,7,295
2025-09-22,8,426
2025-09-22,9,465
2025-09-22,10,614
2025-09-22,11,541
2025-09-22,12,525
2025-09-22,13,419
2025-09-22,14,548
2025-09-22,15,497
2025-09-22,16,494
2025-09-22,17,443
2025-09-22,18,889
2025-09-22,19,685
2025-09-22,20,742
2025-09-22,21,961
2025-09-22,22,829
2025-09-22,23,650
2025-09-23,0,371
2025-09-23,1,462
2025-09-23,2,228
2025-09-23,3,1225
2025-09-23,4,26
2025-09-23,5,276
2025-09-23,6,401
2025-09-23,7,312
2025-09-23,8,426
2025-09-23,9,606
2025-09-23,10,680
2025-09-23,11,653
2025-09-23,12,604
2025-09-23,13,531
2025-09-23,14,614
2025-09-23,15,548
2025-09-23,16,499
2025-09-23,17,592
2025-09-23,18,830
2025-09-23,19,1168
2025-09-23,20,1275
2025-09-23,21,1231
2025-09-23,22,1222
2025-09-23,23,768
2025-09-24,0,245
2025-09-24,1,353
2025-09-24,2,797
2025-09-24,3,885
2025-09-24,4,32
2025-09-24,5,515
2025-09-24,6,499
2025-09-24,7,639
2025-09-24,8,641
2025-09-24,9,732
2025-09-24,10,880
2025-09-24,11,675
2025-09-24,12,729
2025-09-24,13,1006
2025-09-24,14,883
2025-09-24,15,810
2025-09-24,16,776
2025-09-24,17,771
2025-09-24,18,1014
2025-09-24,19,1143
2025-09-24,20,1212
2025-09-24,21,1274
2025-09-24,22,1193
2025-09-24,23,700
2025-09-25,0,227
2025-09-25,1,174
2025-09-25,2,200
2025-09-25,3,912
2025-09-25,4,721
2025-09-25,5,296
2025-09-25,6,204
2025-09-25,7,63
2025-09-25,8,1224
2025-09-25,9,849
2025-09-25,10,539
2025-09-25,11,1101
2025-09-25,12,696
2025-09-25,13,909
2025-09-25,14,808
2025-09-25,15,752
2025-09-25,16,719
2025-09-25,17,616
2025-09-25,18,842
2025-09-25,19,1013
2025-09-25,20,1213
2025-09-25,21,1479
2025-09-25,22,1382
2025-09-25,23,991
2025-09-26,0,453
2025-09-26,1,316
2025-09-26,2,242
2025-09-26,3,1018
2025-09-26,4,20
2025-09-26,5,271
2025-09-26,6,341
2025-09-26,7,89
2025-09-26,8,772
2025-09-26,9,808
2025-09-26,10,773
2025-09-26,11,908
2025-09-26,12,772
2025-09-26,13,961
2025-09-26,14,827
2025-09-26,15,809
2025-09-26,16,923
2025-09-26,17,979
2025-09-26,18,945
2025-09-26,19,1123
2025-09-26,20,1136
2025-09-26,21,947
2025-09-26,22,1245
2025-09-26,23,985
2025-09-27,0,394
2025-09-27,1,161
2025-09-27,2,59
2025-09-27,3,799
2025-09-27,4,26
2025-09-27,5,137
2025-09-27,6,367
2025-09-27,7,237
2025-09-27,8,508
2025-09-27,9,776
2025-09-27,10,854
2025-09-27,11,928
2025-09-27,12,844
2025-09-27,13,809
2025-09-27,14,839
2025-09-27,15,824
2025-09-27,16,769
2025-09-27,17,853
2025-09-27,18,814
2025-09-27,19,1126
2025-09-27,20,1025
2025-09-27,21,1234
2025-09-27,22,1234
2025-09-27,23,1065
2025-09-28,0,507
2025-09-28,1,127
2025-09-28,2,23
2025-09-28,3,720
2025-09-28,4,31
2025-09-28,5,197
2025-09-28,6,59
2025-09-28,7,254
2025-09-28,8,411
2025-09-28,9,644
2025-09-28,10,914
2025-09-28,11,789
2025-09-28,12,845
2025-09-28,13,953
2025-09-28,14,960
2025-09-28,15,941
2025-09-28,16,794
2025-09-28,17,899
2025-09-28,18,1089
2025-09-28,19,1360
2025-09-28,20,1552
2025-09-28,21,1535
2025-09-28,22,1514
2025-09-28,23,1117
2025-09-29,0,764
2025-09-29,1,439
2025-09-29,2,163
2025-09-29,3,1051
2025-09-29,4,34
2025-09-29,5,245
2025-09-29,6,441
2025-09-29,7,435
2025-09-29,8,707
2025-09-29,9,1118
2025-09-29,10,1112
2025-09-29,11,1014
2025-09-29,12,940
2025-09-29,13,1136
2025-09-29,14,983
2025-09-29,15,917
2025-09-29,16,1038
2025-09-29,17,739
2025-09-29,18,1048
2025-09-29,19,1170
2025-09-29,20,1722
2025-09-29,21,1535
2025-09-29,22,1640
2025-09-29,23,966
2025-09-30,0,485
2025-09-30,1,317
2025-09-30,2,200
2025-09-30,3,1755
2025-09-30,4,387
2025-09-30,5,265
2025-09-30,6,356
2025-09-30,7,406
2025-09-30,8,693
2025-09-30,9,1123
2025-09-30,10,1064
2025-09-30,11,745
2025-09-30,12,1025
2025-09-30,13,994
2025-09-30,14,934
2025-09-30,15,907
2025-09-30,16,859
2025-09-30,17,907
2025-09-30,18,865
2025-09-30,19,1414
2025-09-30,20,1684
2025-09-30,21,1510
2025-09-30,22,1565
2025-09-30,23,998
2025-10-01,0,486
2025-10-01,1,187
2025-10-01,2,144
2025-10-01,3,899
2025-10-01,4,53
2025-10-01,5,122
2025-10-01,6,457
2025-10-01,7,478
2025-10-01,8,1043
2025-10-01,9,907
2025-10-01,10,1017
2025-10-01,11,1103
2025-10-01,12,932
2025-10-01,13,1169
2025-10-01,14,1035
2025-10-01,15,756
2025-10-01,16,1135
2025-10-01,17,958
2025-10-01,18,1252
2025-10-01,19,1293
2025-10-01,20,1711
2025-10-01,21,1549
2025-10-01,22,1567
2025-10-01,23,993
2025-10-02,0,619
2025-10-02,1,292
2025-10-02,2,137
2025-10-02,3,922
2025-10-02,4,191
2025-10-02,5,101
2025-10-02,6,361
2025-10-02,7,437
2025-10-02,8,1245
2025-10-02,9,567
2025-10-02,10,294
2025-10-02,11,1852
2025-10-02,12,941
2025-10-02,13,1110
2025-10-02,14,933
2025-10-02,15,874
2025-10-02,16,843
2025-10-02,17,1066
2025-10-02,18,833
2025-10-02,19,1205
2025-10-02,20,1438
2025-10-02,21,1471
2025-10-02,22,1474
2025-10-02,23,1014
2025-10-03,0,566
2025-10-03,1,548
2025-10-03,2,192
2025-10-03,3,884
2025-10-03,4,117
2025-10-03,5,140
2025-10-03,6,361
2025-10-03,7,653
2025-10-03,8,594
2025-10-03,9,839
2025-10-03,10,1130
2025-10-03,11,919
2025-10-03,12,803
2025-10-03,13,850
2025-10-03,14,858
2025-10-03,15,880
2025-10-03,16,873
2025-10-03,17,804
2025-10-03,18,791
2025-10-03,19,1279
2025-10-03,20,1229
2025-10-03,21,883
2025-10-03,22,1062
2025-10-03,23,770
2025-10-04,0,298
2025-10-04,1,140
2025-10-04,2,47
2025-10-04,3,2005
2025-10-04,4,143
2025-10-04,5,158
2025-10-04,6,189
2025-10-04,7,502
2025-10-04,8,587
2025-10-04,9,852
2025-10-04,10,756
2025-10-04,11,821
2025-10-04,12,645
2025-10-04,13,986
2025-10-04,14,755
2025-10-04,15,587
2025-10-04,16,554
2025-10-04,17,771
2025-10-04,18,744
2025-10-04,19,914
2025-10-04,20,950
2025-10-04,21,927
2025-10-04,22,1015
2025-10-04,23,994
2025-10-05,0,393
2025-10-05,1,160
2025-10-05,2,56
2025-10-05,3,1050
2025-10-05,4,172
2025-10-05,5,144
2025-10-05,6,339
2025-10-05,7,309
2025-10-05,8,406
2025-10-05,9,696
2025-10-05,10,992
2025-10-05,11,960
2025-10-05,12,791
2025-10-05,13,1053
2025-10-05,14,863
2025-10-05,15,834
2025-10-05,16,918
2025-10-05,17,995
2025-10-05,18,1129
2025-10-05,19,1284
2025-10-05,20,1514
2025-10-05,21,1565
2025-10-05,22,1466
2025-10-05,23,1125
2025-10-06,0,438
2025-10-06,1,265
2025-10-06,2,96
2025-10-06,3,1102
2025-10-06,4,24
2025-10-06,5,139
2025-10-06,6,291
2025-10-06,7,556
2025-10-06,8,1148
2025-10-06,9,1043
2025-10-06,10,1451
2025-10-06,11,1207
2025-10-06,12,1181
2025-10-06,13,1159
2025-10-06,14,1652
2025-10-06,15,1376
2025-10-06,16,996
2025-10-06,17,1234
2025-10-06,18,1384
2025-10-06,19,1739
2025-10-06,20,1863
2025-10-06,21,1818
2025-10-06,22,1807
2025-10-06,23,1093
2025-10-07,0,805
2025-10-07,1,352
2025-10-07,3,1759
2025-10-07,4,416
2025-10-07,5,377
2025-10-07,6,488
2025-10-07,7,629
2025-10-07,8,1259
2025-10-07,9,1294
2025-10-07,10,1472
2025-10-07,11,1086
2025-10-07,12,1300
2025-10-07,13,1312
2025-10-07,14,1291
2025-10-07,15,1364
2025-10-07,16,1371
2025-10-07,17,957
2025-10-07,18,1736
2025-10-07,19,1665
2025-10-07,20,1648
2025-10-07,21,1769
2025-10-07,22,1659
2025-10-07,23,1215
2025-10-08,0,540
2025-10-08,1,470
2025-10-08,2,301
2025-10-08,3,1385
2025-10-08,4,205
2025-10-08,5,570
2025-10-08,6,134
2025-10-08,7,375
2025-10-08,8,1341
2025-10-08,9,1258
2025-10-08,10,1488
2025-10-08,11,1201
2025-10-08,12,1163
2025-10-08,13,1268
2025-10-08,14,1291
2025-10-08,15,1111
2025-10-08,16,1124
2025-10-08,17,1117
2025-10-08,18,1146
2025-10-08,19,1582
2025-10-08,20,1927
2025-10-08,21,1782
2025-10-08,22,1767
2025-10-08,23,933
2025-10-09,0,703
2025-10-09,1,605
2025-10-09,2,255
2025-10-09,3,1028
2025-10-09,4,48
2025-10-09,5,344
2025-10-09,6,518
2025-10-09,7,491
2025-10-09,8,1004
2025-10-09,9,1315
2025-10-09,10,1171
2025-10-09,11,1320
2025-10-09,12,1011
2025-10-09,13,1250
2025-10-09,14,1217
2025-10-09,15,1108
2025-10-09,16,1235
2025-10-09,17,1319
2025-10-09,18,1464
2025-10-09,19,1768
2025-10-09,20,1781
2025-10-09,21,1771
2025-10-09,22,1771
2025-10-09,23,1342
2025-10-10,0,474
2025-10-10,1,357
2025-10-10,2,169
2025-10-10,3,1126
2025-10-10,4,66
2025-10-10,5,215
2025-10-10,6,478
2025-10-10,7,580
2025-10-10,8,915
2025-10-10,9,1245
2025-10-10,10,1279
2025-10-10,11,1067
2025-10-10,12,1277
2025-10-10,13,1078
2025-10-10,14,1029
2025-10-10,15,958
2025-10-10,16,1118
2025-10-10,17,1218
2025-10-10,18,1503
2025-10-10,19,1422
2025-10-10,20,1389
2025-10-10,21,1311
2025-10-10,22,1212
2025-10-10,23,1101
2025-10-11,0,444
2025-10-11,1,263
2025-10-11,2,106
2025-10-11,3,1229
2025-10-11,4,55
2025-10-11,5,182
2025-10-11,6,468
2025-10-11,7,324
2025-10-11,8,654
2025-10-11,9,964
2025-10-11,10,1104
2025-10-11,11,1046
2025-10-11,12,912
2025-10-11,13,1007
2025-10-11,14,974
2025-10-11,15,1049
2025-10-11,16,872
2025-10-11,17,1085
2025-10-11,18,1266
2025-10-11,19,1448
2025-10-11,20,1347
2025-10-11,21,1320
2025-10-11,22,1290
2025-10-11,23,1228
2025-10-12,0,598
2025-10-12,1,280
2025-10-12,2,71
2025-10-12,3,928
2025-10-12,4,299
2025-10-12,5,44
2025-10-12,6,74
2025-10-12,7,202
2025-10-12,8,468
2025-10-12,9,815
2025-10-12,10,1225
2025-10-12,11,1178
2025-10-12,12,854
2025-10-12,13,1145
2025-10-12,14,1221
2025-10-12,15,1004
2025-10-12,16,999
2025-10-12,17,1105
2025-10-12,18,1259
2025-10-12,19,693
2025-10-12,20,2601
2025-10-12,21,1775
2025-10-12,22,1718
2025-10-12,23,1093
2025-10-13,0,499
2025-10-13,1,642
2025-10-13,2,404
2025-10-13,3,1453
2025-10-13,4,463
2025-10-13,5,128
2025-10-13,6,317
2025-10-13,7,508
2025-10-13,8,951
2025-10-13,9,886
2025-10-13,10,1239
2025-10-13,11,780
2025-10-13,12,1470
2025-10-13,13,1408
2025-10-13,14,1683
2025-10-13,15,1442
2025-10-13,16,1118
2025-10-13,17,1373
2025-10-13,18,1208
2025-10-13,19,1525
2025-10-13,20,1768
2025-10-13,21,1677
2025-10-13,22,1748
2025-10-13,23,1158
2025-10-14,0,379
2025-10-14,1,273
2025-10-14,2,441
2025-10-14,3,1271
2025-10-14,4,152
2025-10-14,5,687
2025-10-14,6,719
2025-10-14,7,589
2025-10-14,8,1011
2025-10-14,9,1254
2025-10-14,10,1341
2025-10-14,11,1227
2025-10-14,12,1281
2025-10-14,13,1368
2025-10-14,14,1197
2025-10-14,15,1131
2025-10-14,16,980
2025-10-14,17,1252
2025-10-14,18,1430
2025-10-14,19,1685
2025-10-14,20,1709
2025-10-14,21,1750
2025-10-14,22,1520
2025-10-14,23,1011
2025-10-15,0,477
2025-10-15,1,441
2025-10-15,2,288
2025-10-15,3,1110
2025-10-15,4,71
2025-10-15,5,458
2025-10-15,6,859
2025-10-15,7,545
2025-10-15,8,786
2025-10-15,9,1137
2025-10-15,10,1306
2025-10-15,11,1081
2025-10-15,12,1112
2025-10-15,13,1190
2025-10-15,14,1047
2025-10-15,15,1059
2025-10-15,16,1086
2025-10-15,17,872
2025-10-15,18,1078
2025-10-15,19,1899
2025-10-15,20,1805
2025-10-15,21,1581
2025-10-15,22,1714
2025-10-15,23,1043
2025-10-16,0,606
2025-10-16,1,532
2025-10-16,2,79
2025-10-16,3,941
2025-10-16,4,383
2025-10-16,5,549
2025-10-16,6,272
2025-10-16,7,462
2025-10-16,8,819
2025-10-16,9,917
2025-10-16,10,1373
2025-10-16,11,1116
2025-10-16,12,934
2025-10-16,13,1211
2025-10-16,14,1057
2025-10-16,15,963
2025-10-16,16,998
2025-10-16,17,1025
2025-10-16,18,1243
2025-10-16,19,1711
2025-10-16,20,1771
2025-10-16,21,1602
2025-10-16,22,1659
2025-10-16,23,1047
2025-10-17,0,480
2025-10-17,1,341
2025-10-17,2,49
2025-10-17,3,905
2025-10-17,4,68
2025-10-17,5,220
2025-10-17,6,242
2025-10-17,7,529
2025-10-17,8,856
2025-10-17,9,854
2025-10-17,10,1039
2025-10-17,11,883
2025-10-17,12,883
2025-10-17,13,1203
2025-10-17,14,988
2025-10-17,15,919
2025-10-17,16,813
2025-10-17,17,990
2025-10-17,18,939
2025-10-17,19,1388
2025-10-17,20,1295
2025-10-17,21,1153
2025-10-17,22,1202
2025-10-17,23,889
2025-10-18,0,395
2025-10-18,1,324
2025-10-18,2,391
2025-10-18,3,1119
2025-10-18,4,88
2025-10-18,5,394
2025-10-18,6,156
2025-10-18,7,292
2025-10-18,8,629
2025-10-18,9,802
2025-10-18,10,1054
2025-10-18,11,856
2025-10-18,12,881
2025-10-18,13,985
2025-10-18,14,781
2025-10-18,15,813
2025-10-18,16,670
2025-10-18,17,1030
2025-10-18,18,1054
2025-10-18,19,1239
2025-10-18,20,1133
2025-10-18,21,1154
2025-10-18,22,1388
2025-10-18,23,1053
2025-10-19,0,515
2025-10-19,1,312
2025-10-19,2,217
2025-10-19,3,806
2025-10-19,4,55
2025-10-19,5,253
2025-10-19,6,82
2025-10-19,7,220
2025-10-19,8,526
2025-10-19,9,1003
2025-10-19,10,1197
2025-10-19,11,993
2025-10-19,12,1016
2025-10-19,13,1157
2025-10-19,14,998
2025-10-19,15,984
2025-10-19,16,966
2025-10-19,17,1238
2025-10-19,18,1434
2025-10-19,19,1611
2025-10-19,20,1404
2025-10-19,21,1576
2025-10-19,22,1637
2025-10-19,23,1145
2025-10-20,0,588
2025-10-20,1,311
2025-10-20,2,369
2025-10-20,3,804
2025-10-20,4,73
2025-10-20,5,259
2025-10-20,6,308
2025-10-20,7,474
2025-10-20,8,904
2025-10-20,9,1543
2025-10-20,10,1437
2025-10-20,11,916
2025-10-20,12,906
2025-10-20,13,1136
2025-10-20,14,909
2025-10-20,15,754
2025-10-20,16,881
2025-10-20,17,900
2025-10-20,18,1010
2025-10-20,19,922
2025-10-20,20,1116
2025-10-20,21,872
2025-10-20,22,877
2025-10-20,23,704
2025-10-21,0,490
2025-10-21,1,85
2025-10-21,2,33
2025-10-21,3,778
2025-10-21,4,37
2025-10-21,5,37
2025-10-21,6,156
2025-10-21,7,261
2025-10-21,8,447
2025-10-21,9,588
2025-10-21,10,693
2025-10-21,11,664
2025-10-21,12,641
2025-10-21,13,620
2025-10-21,14,649
2025-10-21,15,606
2025-10-21,16,611
2025-10-21,17,666
2025-10-21,18,1164
2025-10-21,19,1073
2025-10-21,20,1430
2025-10-21,21,1458
2025-10-21,22,1475
2025-10-21,23,1170
2025-10-22,0,361
2025-10-22,1,150
2025-10-22,2,102
2025-10-22,3,1010
2025-10-22,4,397
2025-10-22,5,116
2025-10-22,6,301
2025-10-22,7,438
2025-10-22,8,858
2025-10-22,9,1041
2025-10-22,10,1308
2025-10-22,11,1149
2025-10-22,12,925
2025-10-22,13,1200
2025-10-22,14,1133
2025-10-22,15,927
2025-10-22,16,1022
2025-10-22,17,1101
2025-10-22,18,1148
2025-10-22,19,1417
2025-10-22,20,1834
2025-10-22,21,1830
2025-10-22,22,1684
2025-10-22,23,1087
2025-10-23,0,607
2025-10-23,1,369
2025-10-23,2,248
2025-10-23,3,784
2025-10-23,4,58
2025-10-23,5,545
2025-10-23,6,416
2025-10-23,7,494
2025-10-23,8,833
2025-10-23,9,1168
2025-10-23,10,1248
2025-10-23,11,1000
2025-10-23,12,892
2025-10-23,13,1154
2025-10-23,14,1126
2025-10-23,15,1053
2025-10-23,16,991
2025-10-23,17,1017
2025-10-23,18,1168
2025-10-23,19,1571
2025-10-23,20,1609
2025-10-23,21,1747
2025-10-23,22,1544
2025-10-23,23,1217
2025-10-24,0,400
2025-10-24,1,323
2025-10-24,2,579
2025-10-24,3,748
2025-10-24,4,67
2025-10-24,5,286
2025-10-24,6,417
2025-10-24,7,438
2025-10-24,8,659
2025-10-24,9,909
2025-10-24,10,1058
2025-10-24,11,987
2025-10-24,12,1083
2025-10-24,13,976
2025-10-24,14,1022
2025-10-24,15,1092
2025-10-24,16,1065
2025-10-24,17,1004
2025-10-24,18,1025
2025-10-24,19,1351
2025-10-24,20,1469
2025-10-24,21,1281
2025-10-24,22,1228
2025-10-24,23,1006
2025-10-25,0,322
2025-10-25,1,92
2025-10-25,2,76
2025-10-25,3,422
2025-10-25,4,443
2025-10-25,5,775
2025-10-25,6,211
2025-10-25,7,287
2025-10-25,8,633
2025-10-25,9,841
2025-10-25,10,1037
2025-10-25,11,912
2025-10-25,12,1118
2025-10-25,13,1107
2025-10-25,14,997
2025-10-25,15,953
2025-10-25,16,985
2025-10-25,17,1050
2025-10-25,18,1244
2025-10-25,19,1465
2025-10-25,20,1387
2025-10-25,21,1423
2025-10-25,22,1481
2025-10-25,23,1272
2025-10-26,0,466
2025-10-26,1,195
2025-10-26,2,134
2025-10-26,3,997
2025-10-26,4,25
2025-10-26,5,83
2025-10-26,6,156
2025-10-26,7,478
2025-10-26,8,828
2025-10-26,9,1027
2025-10-26,10,1240
2025-10-26,11,1180
2025-10-26,12,1053
2025-10-26,13,1214
2025-10-26,14,1102
2025-10-26,15,987
2025-10-26,16,1101
2025-10-26,17,1254
2025-10-26,18,1353
2025-10-26,19,1923
2025-10-26,20,1943
2025-10-26,21,1916
2025-10-26,22,1704
2025-10-26,23,1235
2025-10-27,0,516
2025-10-27,1,153
2025-10-27,2,75
2025-10-27,3,575
2025-10-27,4,27
2025-10-27,5,522
2025-10-27,6,242
2025-10-27,7,518
2025-10-27,8,797
2025-10-27,9,1211
2025-10-27,10,1204
2025-10-27,11,943
2025-10-27,12,939
2025-10-27,13,1162
2025-10-27,14,965
2025-10-27,15,986
2025-10-27,16,833
2025-10-27,17,888
2025-10-27,18,1107
2025-10-27,19,1223
2025-10-27,20,1469
2025-10-27,21,1508
2025-10-27,22,1198
2025-10-27,23,920
2025-10-28,0,317
2025-10-28,1,314
2025-10-28,2,128
2025-10-28,3,749
2025-10-28,4,91
2025-10-28,5,847
2025-10-28,6,253
2025-10-28,7,517
2025-10-28,8,834
2025-10-28,9,919
2025-10-28,10,1120
2025-10-28,11,918
2025-10-28,12,915
2025-10-28,13,1056
2025-10-28,14,1131
2025-10-28,15,958
2025-10-28,16,887
2025-10-28,17,1024
2025-10-28,18,1295
2025-10-28,19,1352
2025-10-28,20,1638
2025-10-28,21,1489
2025-10-28,22,1171
2025-10-28,23,974
2025-10-29,0,489
2025-10-29,1,192
2025-10-29,2,71
2025-10-29,3,508
2025-10-29,4,48
2025-10-29,5,448
2025-10-29,6,205
2025-10-29,7,446
2025-10-29,8,658
2025-10-29,9,963
2025-10-29,10,1102
2025-10-29,11,895
2025-10-29,12,1007
2025-10-29,13,979
2025-10-29,14,767
2025-10-29,15,846
2025-10-29,16,864
2025-10-29,17,779
2025-10-29,18,1098
2025-10-29,19,1265
2025-10-29,20,1414
2025-10-29,21,1430
2025-10-29,22,1317
2025-10-29,23,845
2025-10-30,0,281
2025-10-30,1,144
2025-10-30,2,83
2025-10-30,3,699
2025-10-30,4,37
2025-10-30,5,321
2025-10-30,6,308
2025-10-30,7,741
2025-10-30,8,841
2025-10-30,9,1175
2025-10-30,10,1444
2025-10-30,11,1142
2025-10-30,12,1208
2025-10-30,13,1541
2025-10-30,14,1287
2025-10-30,15,1180
2025-10-30,16,1124
2025-10-30,17,1437
2025-10-30,18,1595
2025-10-30,19,1775
2025-10-30,20,2003
2025-10-30,21,1943
2025-10-30,22,1677
2025-10-30,23,1287
2025-10-31,0,508
2025-10-31,1,112
2025-10-31,2,68
2025-10-31,3,894
2025-10-31,4,69
2025-10-31,5,371
2025-10-31,6,482
2025-10-31,7,627
2025-10-31,8,1001
2025-10-31,9,1243
2025-10-31,10,1341
2025-10-31,11,1106
2025-10-31,12,1060
2025-10-31,13,1227
2025-10-31,14,1153
2025-10-31,15,1041
2025-10-31,16,1059
2025-10-31,17,1137
2025-10-31,18,1467
2025-10-31,19,1489
2025-10-31,20,1552
2025-10-31,21,1480
2025-10-31,22,1175
2025-10-31,23,1082
2025-11-01,0,514
2025-11-01,1,264
2025-11-01,2,306
2025-11-01,3,662
2025-11-01,4,42
2025-11-01,5,350
2025-11-01,6,225
2025-11-01,7,500
2025-11-01,8,988
2025-11-01,9,1111
2025-11-01,10,1319
2025-11-01,11,1059
2025-11-01,12,1034
2025-11-01,13,1318
2025-11-01,14,992
2025-11-01,15,1024
2025-11-01,16,962
2025-11-01,17,1164
2025-11-01,18,1383
2025-11-01,19,1342
2025-11-01,20,1441
2025-11-01,21,1324
2025-11-01,22,1411
2025-11-01,23,1046
2025-11-02,0,554
2025-11-02,1,532
2025-11-02,2,199
2025-11-02,3,615
2025-11-02,4,232
2025-11-02,5,140
2025-11-02,6,104
2025-11-02,7,365
2025-11-02,8,727
2025-11-02,9,1130
2025-11-02,10,1436
2025-11-02,11,1256
2025-11-02,12,1171
2025-11-02,13,1192
2025-11-02,14,1278
2025-11-02,15,1248
2025-11-02,16,1268
2025-11-02,17,1387
2025-11-02,18,1874
2025-11-02,19,1908
2025-11-02,20,1955
2025-11-02,21,1734
2025-11-02,22,1989
2025-11-02,23,1576
2025-11-03,0,488
2025-11-03,1,302
2025-11-03,2,351
2025-11-03,3,759
2025-11-03,4,51
2025-11-03,5,230
2025-11-03,6,509
2025-11-03,7,677
2025-11-03,8,1024
2025-11-03,9,1637
2025-11-03,10,1730
2025-11-03,11,1336
2025-11-03,12,1318
2025-11-03,13,1156
2025-11-03,14,1977
2025-11-03,15,1331
2025-11-03,16,1267
2025-11-03,17,1301
2025-11-03,18,1629
2025-11-03,19,1576
2025-11-03,20,2150
2025-11-03,21,1724
2025-11-03,22,1906
2025-11-03,23,1333
2025-11-04,0,626
2025-11-04,1,278
2025-11-04,2,132
2025-11-04,3,1107
2025-11-04,4,632
2025-11-04,5,568
2025-11-04,6,360
2025-11-04,7,695
2025-11-04,8,1248
2025-11-04,9,1255
2025-11-04,10,1174
2025-11-04,11,1531
2025-11-04,12,1149
2025-11-04,13,1444
2025-11-04,14,1421
2025-11-04,15,1182
2025-11-04,16,1068
2025-11-04,17,1288
2025-11-04,18,1583
2025-11-04,19,1656
2025-11-04,20,2095
2025-11-04,21,2097
2025-11-04,22,1913
2025-11-04,23,1398
2025-11-05,0,582
2025-11-05,1,339
2025-11-05,2,144
2025-11-05,3,743
2025-11-05,4,72
2025-11-05,5,290
2025-11-05,6,548
2025-11-05,7,810
2025-11-05,8,881
2025-11-05,9,1465
2025-11-05,10,1581
2025-11-05,11,1229
2025-11-05,12,1400
2025-11-05,13,1612
2025-11-05,14,1345
2025-11-05,15,1240
2025-11-05,16,1149
2025-11-05,17,1303
2025-11-05,18,1673
2025-11-05,19,1656
2025-11-05,20,2034
2025-11-05,21,2089
2025-11-05,22,1973
2025-11-05,23,1322
2025-11-06,0,697
2025-11-06,1,236
2025-11-06,2,137
2025-11-06,3,818
2025-11-06,4,290
2025-11-06,5,317
2025-11-06,6,477
2025-11-06,7,579
2025-11-06,8,1185
2025-11-06,9,1512
2025-11-06,10,1622
2025-11-06,11,1303
2025-11-06,12,890
2025-11-06,13,1634
2025-11-06,14,1406
2025-11-06,15,1175
2025-11-06,16,893
2025-11-06,17,928
2025-11-06,18,1370
2025-11-06,19,1310
2025-11-06,20,1428
2025-11-06,21,503
2025-11-06,22,2305
2025-11-06,23,836
2025-11-07,0,296
2025-11-07,1,175
2025-11-07,2,64
2025-11-07,3,1188
2025-11-07,4,117
2025-11-07,5,453
2025-11-07,6,360
2025-11-07,7,804
2025-11-07,8,851
2025-11-07,9,915
2025-11-07,10,1191
2025-11-07,11,1019
2025-11-07,12,806
2025-11-07,13,766
2025-11-07,14,444
2025-11-07,15,1399
2025-11-07,16,1552
2025-11-07,17,1329
2025-11-07,18,1198
2025-11-07,19,1159
2025-11-07,20,1129
2025-11-07,21,1166
2025-11-07,22,1054
2025-11-07,23,724
2025-11-08,0,369
2025-11-08,1,271
2025-11-08,2,147
2025-11-08,3,791
2025-11-08,4,56
2025-11-08,5,412
2025-11-08,6,196
2025-11-08,7,333
2025-11-08,8,623
2025-11-08,9,841
2025-11-08,10,1019
2025-11-08,11,953
2025-11-08,12,1036
2025-11-08,13,1032
2025-11-08,14,1042
2025-11-08,15,1014
2025-11-08,16,1045
2025-11-08,17,1050
2025-11-08,18,1075
2025-11-08,19,1040
2025-11-08,20,1135
2025-11-08,21,1171
2025-11-08,22,1225
2025-11-08,23,962
2025-11-09,0,681
2025-11-09,1,295
2025-11-09,2,117
2025-11-09,3,779
2025-11-09,4,120
2025-11-09,5,46
2025-11-09,6,94
2025-11-09,7,393
2025-11-09,8,519
2025-11-09,9,736
2025-11-09,10,1133
2025-11-09,11,1092
2025-11-09,12,980
2025-11-09,13,942
2025-11-09,14,1039
2025-11-09,15,1100
2025-11-09,16,1070
2025-11-09,17,1146
2025-11-09,18,1203
2025-11-09,19,1335
2025-11-09,20,1516
2025-11-09,21,1365
2025-11-09,22,1442
2025-11-09,23,1038
2025-11-10,0,703
2025-11-10,1,307
2025-11-10,2,88
2025-11-10,3,1133
2025-11-10,4,39
2025-11-10,5,148
2025-11-10,6,540
2025-11-10,7,444
2025-11-10,8,302
2025-11-10,9,951
2025-11-10,10,1351
2025-11-10,11,547
2025-11-10,12,599
2025-11-10,13,1388
2025-11-10,14,2170
2025-11-10,15,1970
2025-11-10,16,1598
2025-11-10,17,1195
2025-11-10,18,1559
2025-11-10,19,1616
2025-11-10,20,1744
2025-11-10,21,1673
2025-11-10,22,1523
2025-11-10,23,1053
2025-11-11,0,517
2025-11-11,1,170
2025-11-11,2,56
2025-11-11,3,1342
2025-11-11,4,1242
2025-11-11,5,116
2025-11-11,6,247
2025-11-11,7,545
2025-11-11,8,978
2025-11-11,9,1312
2025-11-11,10,755
2025-11-11,11,1236
2025-11-11,12,2066
2025-11-11,13,1426
2025-11-11,14,1244
2025-11-11,15,1172
2025-11-11,16,1160
2025-11-11,17,1287
2025-11-11,18,1245
2025-11-11,19,1458
2025-11-11,20,1754
2025-11-11,21,1726
2025-11-11,22,1793
2025-11-11,23,1000
2025-11-12,0,477
2025-11-12,1,145
2025-11-12,2,114
2025-11-12,3,1486
2025-11-12,4,131
2025-11-12,5,160
2025-11-12,6,339
2025-11-12,7,574
2025-11-12,8,924
2025-11-12,9,1185
2025-11-12,10,1536
2025-11-12,11,1407
2025-11-12,12,1496
2025-11-12,13,1535
2025-11-12,14,1566
2025-11-12,15,1293
2025-11-12,16,1250
2025-11-12,17,1409
2025-11-12,18,1511
2025-11-12,19,1524
2025-11-12,20,1868
2025-11-12,21,1878
2025-11-12,22,1671
2025-11-12,23,1219
2025-11-13,0,712
2025-11-13,1,334
2025-11-13,2,105
2025-11-13,3,913
2025-11-13,4,367
2025-11-13,5,503
2025-11-13,6,366
2025-11-13,7,617
2025-11-13,8,1019
2025-11-13,9,1624
2025-11-13,10,1386
2025-11-13,11,1489
2025-11-13,12,1567
2025-11-13,13,1326
2025-11-13,14,1608
2025-11-13,15,1310
2025-11-13,16,1075
2025-11-13,17,1135
2025-11-13,18,1391
2025-11-13,19,1312
2025-11-13,20,1393
2025-11-13,21,1475
2025-11-13,22,1647
2025-11-13,23,1219
2025-11-14,0,630
2025-11-14,1,202
2025-11-14,2,126
2025-11-14,3,1322
2025-11-14,4,55
2025-11-14,5,149
2025-11-14,6,467
2025-11-14,7,638
2025-11-14,8,1063
2025-11-14,9,1167
2025-11-14,10,1347
2025-11-14,11,1486
2025-11-14,12,1353
2025-11-14,13,1525
2025-11-14,14,1505
2025-11-14,15,1252
2025-11-14,16,1070
2025-11-14,17,1215
2025-11-14,18,1319
2025-11-14,19,1549
2025-11-14,20,1372
2025-11-14,21,1361
2025-11-14,22,1378
2025-11-14,23,942
2025-11-15,0,408
2025-11-15,1,178
2025-11-15,2,74
2025-11-15,3,1151
2025-11-15,4,413
2025-11-15,5,99
2025-11-15,6,187
2025-11-15,7,303
2025-11-15,8,640
2025-11-15,9,1195
2025-11-15,10,1183
2025-11-15,11,1200
2025-11-15,12,1657
2025-11-15,13,1564
2025-11-15,14,1458
2025-11-15,15,1382
2025-11-15,16,1181
2025-11-15,17,1343
2025-11-15,18,1664
2025-11-15,19,1473
2025-11-15,20,1541
2025-11-15,21,1633
2025-11-15,22,1537
2025-11-15,23,1207
2025-11-16,0,653
2025-11-16,1,203
2025-11-16,2,108
2025-11-16,3,766
2025-11-16,4,53
2025-11-16,5,429
2025-11-16,6,121
2025-11-16,7,363
2025-11-16,8,598
2025-11-16,9,1036
2025-11-16,10,1385
2025-11-16,11,1493
2025-11-16,12,1488
2025-11-16,13,1586
2025-11-16,14,1399
2025-11-16,15,1289
2025-11-16,16,1243
2025-11-16,17,1459
2025-11-16,18,1711
2025-11-16,19,1802
2025-11-16,20,1831
2025-11-16,21,2212
2025-11-16,22,1923
2025-11-16,23,1357
2025-11-17,0,625
2025-11-17,1,258
2025-11-17,2,123
2025-11-17,3,1260
2025-11-17,4,44
2025-11-17,5,113
2025-11-17,6,298
2025-11-17,7,483
2025-11-17,8,965
2025-11-17,9,1278
2025-11-17,10,1491
2025-11-17,11,1497
2025-11-17,12,1451
2025-11-17,13,1701
2025-11-17,14,1799
2025-11-17,15,1498
2025-11-17,16,1248
2025-11-17,17,1373
2025-11-17,18,1290
2025-11-17,19,1517
2025-11-17,20,1613
2025-11-17,21,1878
2025-11-17,22,1791
2025-11-17,23,1210
2025-11-18,0,557
2025-11-18,1,164
2025-11-18,2,96
2025-11-18,3,1698
2025-11-18,4,284
2025-11-18,5,153
2025-11-18,6,1270
2025-11-18,7,706
2025-11-18,8,873
2025-11-18,9,1209
2025-11-18,10,1337
2025-11-18,11,1391
2025-11-18,12,1223
2025-11-18,13,1407
2025-11-18,14,1113
2025-11-18,15,1117
2025-11-18,16,1070
2025-11-18,17,1148
2025-11-18,18,1358
2025-11-18,19,1423
2025-11-18,20,1654
2025-11-18,21,1753
2025-11-18,22,1813
2025-11-18,23,1132
2025-11-19,0,430
2025-11-19,1,376
2025-11-19,2,312
2025-11-19,3,1070
2025-11-19,4,103
2025-11-19,5,160
2025-11-19,6,835
2025-11-19,7,812
2025-11-19,8,1172
2025-11-19,9,1318
2025-11-19,10,1366
2025-11-19,11,1313
2025-11-19,12,1253
2025-11-19,13,1441
2025-11-19,14,1416
2025-11-19,15,1048
2025-11-19,16,1351
2025-11-19,17,1053
2025-11-19,18,1203
2025-11-19,19,1453
2025-11-19,20,1692
2025-11-19,21,1666
2025-11-19,22,1663
2025-11-19,23,1080
2025-11-20,0,623
2025-11-20,1,435
2025-11-20,2,193
2025-11-20,3,1313
2025-11-20,4,58
2025-11-20,5,191
2025-11-20,6,410
2025-11-20,7,572
2025-11-20,8,959
2025-11-20,9,1124
2025-11-20,10,1313
2025-11-20,11,1167
2025-11-20,12,1414
2025-11-20,13,1138
2025-11-20,14,1672
2025-11-20,15,1149
2025-11-20,16,1002
2025-11-20,17,1097
2025-11-20,18,1523
2025-11-20,19,1469
2025-11-20,20,1494
2025-11-20,21,1773
2025-11-20,22,1761
2025-11-20,23,1017
2025-11-21,0,457
2025-11-21,1,209
2025-11-21,2,17
2025-11-21,3,1482
2025-11-21,4,66
2025-11-21,5,173
2025-11-21,6,281
2025-11-21,7,293
2025-11-21,8,1475
2025-11-21,9,1076
2025-11-21,10,1482
2025-11-21,11,1213
2025-11-21,12,1434
2025-11-21,13,1466
2025-11-21,14,1195
2025-11-21,15,1291
2025-11-21,16,1168
2025-11-21,17,1229
2025-11-21,18,1407
2025-11-21,19,1273
2025-11-21,20,1387
2025-11-21,21,1389
2025-11-21,22,1518
2025-11-21,23,921
2025-11-22,0,350
2025-11-22,1,488
2025-11-22,2,697
2025-11-22,3,1205
2025-11-22,4,173
2025-11-22,5,711
2025-11-22,6,434
2025-11-22,7,400
2025-11-22,8,760
2025-11-22,9,956
2025-11-22,10,1156
2025-11-22,11,1160
2025-11-22,12,1218
2025-11-22,13,1459
2025-11-22,14,1411
2025-11-22,15,1258
2025-11-22,16,1244
2025-11-22,17,1166
2025-11-22,18,1335
2025-11-22,19,1424
2025-11-22,20,1467
2025-11-22,21,1393
2025-11-22,22,1630
2025-11-22,23,1207
2025-11-23,0,468
2025-11-23,1,399
2025-11-23,2,375
2025-11-23,3,946
2025-11-23,4,354
2025-11-23,5,303
2025-11-23,6,105
2025-11-23,7,319
2025-11-23,8,668
2025-11-23,9,903
2025-11-23,10,1088
2025-11-23,11,1587
2025-11-23,12,1578
2025-11-23,13,1974
2025-11-23,14,2055
2025-11-23,15,1756
2025-11-23,16,1216
2025-11-23,17,1629
2025-11-23,18,1746
2025-11-23,19,1737
2025-11-23,20,1858
2025-11-23,21,2002
2025-11-23,22,1617
2025-11-23,23,1126
2025-11-24,0,655
2025-11-24,1,309
2025-11-24,2,132
2025-11-24,3,1154
2025-11-24,4,198
2025-11-24,5,624
2025-11-24,6,560
2025-11-24,7,805
2025-11-24,8,1340
2025-11-24,9,1953
2025-11-24,10,2043
2025-11-24,11,1907
2025-11-24,12,2117
2025-11-24,13,2204
2025-11-24,14,1941
2025-11-24,15,2047
2025-11-24,16,1488
2025-11-24,17,1959
2025-11-24,18,2283
2025-11-24,19,2318
2025-11-24,20,2562
2025-11-24,21,2630
2025-11-24,22,2332
2025-11-24,23,1757
2025-11-25,0,622
2025-11-25,1,433
2025-11-25,2,190
2025-11-25,3,1550
2025-11-25,4,84
2025-11-25,5,1427
2025-11-25,6,585
2025-11-25,7,967
2025-11-25,8,1557
2025-11-25,9,1820
2025-11-25,10,2050
2025-11-25,11,1706
2025-11-25,12,2141
2025-11-25,13,1975
2025-11-25,14,2090
2025-11-25,15,2126
2025-11-25,16,1592
2025-11-25,17,1926
2025-11-25,18,1904
2025-11-25,19,2102
2025-11-25,20,2416
2025-11-25,21,2593
2025-11-25,22,2664
2025-11-25,23,1685
2025-11-26,0,902
2025-11-26,1,326
2025-11-26,2,154
2025-11-26,3,1064
2025-11-26,4,146
2025-11-26,5,628
2025-11-26,6,719
2025-11-26,7,963
2025-11-26,8,1539
2025-11-26,9,2155
2025-11-26,10,2105
2025-11-26,11,1686
2025-11-26,12,1826
2025-11-26,13,2216
2025-11-26,14,2161
2025-11-26,15,1797
2025-11-26,16,1735
2025-11-26,17,1728
2025-11-26,18,2052
2025-11-26,19,2317
2025-11-26,20,2624
2025-11-26,21,2693
2025-11-26,22,2490
2025-11-26,23,1832
2025-11-27,0,880
2025-11-27,1,421
2025-11-27,2,189
2025-11-27,3,1476
2025-11-27,4,94
2025-11-27,5,145
2025-11-27,6,474
2025-11-27,7,907
2025-11-27,8,1913
2025-11-27,9,2016
2025-11-27,10,1774
2025-11-27,11,1772
2025-11-27,12,1814
2025-11-27,13,2221
2025-11-27,14,2013
2025-11-27,15,2024
2025-11-27,16,1891
2025-11-27,17,2092
2025-11-27,18,2366
2025-11-27,19,2375
2025-11-27,20,2935
2025-11-27,21,2952
2025-11-27,22,2639
2025-11-27,23,2260
2025-11-28,0,1140
2025-11-28,1,612
2025-11-28,2,211
2025-11-28,3,1881
2025-11-28,4,579
2025-11-28,5,306
2025-11-28,6,676
2025-11-28,7,1107
2025-11-28,8,1844
2025-11-28,9,2093
2025-11-28,10,2521
2025-11-28,11,2333
2025-11-28,12,2399
2025-11-28,13,2135
2025-11-28,14,2057
2025-11-28,15,2010
2025-11-28,16,2366
2025-11-28,17,2323
2025-11-28,18,2775
2025-11-28,19,2193
2025-11-28,20,2561
2025-11-28,21,2745
2025-11-28,22,2037
2025-11-28,23,2493
2025-11-29,0,913
2025-11-29,1,203
2025-11-29,2,202
2025-11-29,3,1673
2025-11-29,4,111
2025-11-29,5,918
2025-11-29,6,388
2025-11-29,7,781
2025-11-29,8,1605
2025-11-29,9,1901
2025-11-29,10,2158
2025-11-29,11,2098
2025-11-29,12,2226
2025-11-29,13,2198
2025-11-29,14,2072
2025-11-29,15,1983
2025-11-29,16,1634
2025-11-29,17,2171
2025-11-29,18,2306
2025-11-29,19,2120
2025-11-29,20,2642
2025-11-29,21,2446
2025-11-29,22,2590
2025-11-29,23,2133
2025-11-30,0,827
2025-11-30,1,415
2025-11-30,2,204
2025-11-30,3,1307
2025-11-30,4,60
2025-11-30,5,274
2025-11-30,6,640
2025-11-30,7,596
2025-11-30,8,1171
2025-11-30,9,1739
2025-11-30,10,2328
2025-11-30,11,2330
2025-11-30,12,2268
2025-11-30,13,2486
2025-11-30,14,2521
2025-11-30,15,2305
2025-11-30,16,2492
2025-11-30,17,2564
2025-11-30,18,3029
2025-11-30,19,3097
2025-11-30,20,4082
2025-11-30,21,4179
2025-11-30,22,4104
2025-11-30,23,3538
2025-12-01,0,1550
2025-12-01,1,424
2025-12-01,2,177
2025-12-01,3,1302
2025-12-01,4,113
2025-12-01,5,224
2025-12-01,6,729
2025-12-01,7,1036
2025-12-01,8,1868
2025-12-01,9,2379
2025-12-01,10,2400
2025-12-01,11,2364
2025-12-01,12,2160
2025-12-01,13,2644
2025-12-01,14,2720
2025-12-01,15,2550
2025-12-01,16,2177
2025-12-01,17,2201
2025-12-01,18,2336
2025-12-01,19,2571
2025-12-01,20,3224
2025-12-01,21,3247
2025-12-01,22,3283
2025-12-01,23,3016
2025-12-02,0,1126
2025-12-02,1,238
2025-12-02,2,106
2025-12-02,3,3051
2025-12-02,4,172
2025-12-02,5,794
2025-12-02,6,893
2025-12-02,7,863
2025-12-02,8,1759
2025-12-02,9,2212
2025-12-02,10,2135
2025-12-02,11,1751
2025-12-02,12,1910
2025-12-02,13,1900
2025-12-02,14,1778
2025-12-02,15,1733
2025-12-02,16,1541
2025-12-02,17,1679
2025-12-02,18,1841
2025-12-02,19,2348
2025-12-02,20,1949
2025-12-02,21,2312
2025-12-02,22,1995
2025-12-02,23,1454
2025-12-03,0,717
2025-12-03,1,423
2025-12-03,2,224
2025-12-03,3,1509
2025-12-03,4,101
2025-12-03,5,714
2025-12-03,6,605
2025-12-03,7,1141
2025-12-03,8,1772
2025-12-03,9,1826
2025-12-03,10,1999
2025-12-03,11,1806
2025-12-03,12,2133
2025-12-03,13,1995
2025-12-03,14,2157
2025-12-03,15,1871
2025-12-03,16,1827
2025-12-03,17,1655
2025-12-03,18,2238
2025-12-03,19,2177
2025-12-03,20,2543
2025-12-03,21,2825
2025-12-03,22,2239
2025-12-03,23,1736
2025-12-04,0,645
2025-12-04,1,297
2025-12-04,2,130
2025-12-04,3,2092
2025-12-04,4,171
2025-12-04,5,939
2025-12-04,6,582
2025-12-04,7,807
2025-12-04,8,1480
2025-12-04,9,2038
2025-12-04,10,2057
2025-12-04,11,2049
2025-12-04,12,2229
2025-12-04,13,2100
2025-12-04,14,2036
2025-12-04,15,1970
2025-12-04,16,1871
2025-12-04,17,161
2025-12-04,18,3266
2025-12-04,19,1932
2025-12-04,20,2606
2025-12-04,21,2841
2025-12-04,22,2528
2025-12-04,23,1772
2025-12-05,0,1022
2025-12-05,1,401
2025-12-05,2,263
2025-12-05,3,2779
2025-12-05,4,733
2025-12-05,5,1038
2025-12-05,6,605
2025-12-05,7,1016
2025-12-05,8,1379
2025-12-05,9,1574
2025-12-05,10,1751
2025-12-05,11,2242
2025-12-05,12,2353
2025-12-05,13,1972
2025-12-05,14,2315
2025-12-05,15,1934
2025-12-05,16,1603
2025-12-05,17,1760
2025-12-05,18,2005
2025-12-05,19,1755
2025-12-05,20,2064
2025-12-05,21,1993
2025-12-05,22,1872
2025-12-05,23,1611
2025-12-06,0,623
2025-12-06,1,312
2025-12-06,2,163
2025-12-06,3,1377
2025-12-06,4,340
2025-12-06,5,174
2025-12-06,6,223
2025-12-06,7,587
2025-12-06,8,896
2025-12-06,9,1713
2025-12-06,10,1570
2025-12-06,11,1868
2025-12-06,12,1854
2025-12-06,13,1931
2025-12-06,14,1925
2025-12-06,15,1808
2025-12-06,16,1542
2025-12-06,17,1691
2025-12-06,18,1783
2025-12-06,19,1852
2025-12-06,20,2023
2025-12-06,21,2035
2025-12-06,22,2200
2025-12-06,23,1691
2025-12-07,0,759
2025-12-07,1,545
2025-12-07,2,387
2025-12-07,3,977
2025-12-07,4,440
2025-12-07,5,89
2025-12-07,6,232
2025-12-07,7,563
2025-12-07,8,934
2025-12-07,9,1482
2025-12-07,10,1831
2025-12-07,11,1969
2025-12-07,12,1945
2025-12-07,13,2198
2025-12-07,14,2282
2025-12-07,15,1806
2025-12-07,16,2109
2025-12-07,17,2124
2025-12-07,18,2310
2025-12-07,19,2557
2025-12-07,20,3111
2025-12-07,21,3062
2025-12-07,22,2934
2025-12-07,23,1977
2025-12-08,0,845
2025-12-08,1,410
2025-12-08,2,270
2025-12-08,3,1312
2025-12-08,4,254
2025-12-08,5,252
2025-12-08,6,582
2025-12-08,7,1031
2025-12-08,8,1618
2025-12-08,9,2383
2025-12-08,10,2666
2025-12-08,11,2230
2025-12-08,12,2702
2025-12-08,13,2618
2025-12-08,14,2503
2025-12-08,15,2297
2025-12-08,16,1891
2025-12-08,17,2073
2025-12-08,18,2162
2025-12-08,19,2166
2025-12-08,20,2928
2025-12-08,21,3024
2025-12-08,22,3186
2025-12-08,23,1883
2025-12-09,0,961
2025-12-09,1,464
2025-12-09,2,468
2025-12-09,3,2492
2025-12-09,4,1345
2025-12-09,5,242
2025-12-09,6,445
2025-12-09,7,1133
2025-12-09,8,1493
2025-12-09,9,2285
2025-12-09,10,2382
2025-12-09,11,2181
2025-12-09,12,2387
2025-12-09,13,2675
2025-12-09,14,2308
2025-12-09,15,2012
2025-12-09,16,1911
2025-12-09,17,2000
2025-12-09,18,2333
2025-12-09,19,2683
2025-12-09,20,2744
2025-12-09,21,2913
2025-12-09,22,3154
2025-12-09,23,2069
2025-12-10,0,959
2025-12-10,1,354
2025-12-10,2,132
2025-12-10,3,2021
2025-12-10,4,126
2025-12-10,5,361
2025-12-10,6,723
2025-12-10,7,1075
2025-12-10,8,1781
2025-12-10,9,2415
2025-12-10,10,2781
2025-12-10,11,2442
2025-12-10,12,2706
2025-12-10,13,2502
2025-12-10,14,2588
2025-12-10,15,2127
2025-12-10,16,2075
2025-12-10,17,2377
2025-12-10,18,2250
2025-12-10,19,2768
2025-12-10,20,3306
2025-12-10,21,3136
2025-12-10,22,3048
2025-12-10,23,2145
2025-12-11,0,1008
2025-12-11,1,403
2025-12-11,2,202
2025-12-11,3,1914
2025-12-11,4,238
2025-12-11,5,302
2025-12-11,6,664
2025-12-11,7,1084
2025-12-11,8,1768
2025-12-11,9,2525
2025-12-11,10,2905
2025-12-11,11,2525
2025-12-11,12,2636
2025-12-11,13,2674
2025-12-11,14,2547
2025-12-11,15,2702
2025-12-11,16,2215
2025-12-11,17,2319
2025-12-11,18,2439
2025-12-11,19,3040
2025-12-11,20,3206
2025-12-11,21,3249
2025-12-11,22,3290
2025-12-11,23,2148
2025-12-12,0,1004
2025-12-12,1,351
2025-12-12,2,262
2025-12-12,3,1582
2025-12-12,4,334
2025-12-12,5,359
2025-12-12,6,535
2025-12-12,7,743
2025-12-12,8,1796
2025-12-12,9,2976
2025-12-12,10,2784
2025-12-12,11,2553
2025-12-12,12,2727
2025-12-12,13,2514
2025-12-12,14,2188
2025-12-12,15,2519
2025-12-12,16,2030
2025-12-12,17,2092
2025-12-12,18,1966
2025-12-12,19,1983
2025-12-12,20,2258
2025-12-12,21,2333
2025-12-12,22,2657
2025-12-12,23,1860
2025-12-13,0,1073
2025-12-13,1,380
2025-12-13,2,207
2025-12-13,3,2179
2025-12-13,4,142
2025-12-13,5,130
2025-12-13,6,451
2025-12-13,7,667
2025-12-13,8,1548
2025-12-13,9,2022
2025-12-13,10,2284
2025-12-13,11,2290
2025-12-13,12,2466
2025-12-13,13,2395
2025-12-13,14,2300
2025-12-13,15,2032
2025-12-13,16,2040
2025-12-13,17,2201
2025-12-13,18,2344
2025-12-13,19,2130
2025-12-13,20,2431
2025-12-13,21,2483
2025-12-13,22,2823
2025-12-13,23,2289
2025-12-14,0,972
2025-12-14,1,666
2025-12-14,2,222
2025-12-14,3,1114
2025-12-14,4,738
2025-12-14,5,278
2025-12-14,6,491
2025-12-14,7,586
2025-12-14,8,1292
2025-12-14,9,1898
2025-12-14,10,2339
2025-12-14,11,2468
2025-12-14,12,2535
2025-12-14,13,2683
2025-12-14,14,2553
2025-12-14,15,2506
2025-12-14,16,2341
2025-12-14,17,2670
2025-12-14,18,2678
2025-12-14,19,2941
2025-12-14,20,3530
2025-12-14,21,3983
2025-12-14,22,3726
2025-12-14,23,3432
2025-12-15,0,1351
2025-12-15,1,674
2025-12-15,2,222
2025-12-15,3,760
2025-12-15,4,164
2025-12-15,5,404
2025-12-15,6,752
2025-12-15,7,1313
2025-12-15,8,2941
2025-12-15,9,2644
2025-12-15,10,3205
2025-12-15,11,2390
2025-12-15,12,2498
2025-12-15,13,3425
2025-12-15,14,3453
2025-12-15,15,3158
2025-12-15,16,2681
2025-12-15,17,2598
2025-12-15,18,2618
2025-12-15,19,2571
2025-12-15,20,3845
2025-12-15,21,4073
2025-12-15,22,3135
2025-12-15,23,2954
2025-12-16,0,1390
2025-12-16,1,676
2025-12-16,2,235
2025-12-16,3,998
2025-12-16,4,305
2025-12-16,5,459
2025-12-16,6,986
2025-12-16,7,1333
2025-12-16,8,2152
2025-12-16,9,3191
2025-12-16,10,3340
2025-12-16,11,2863
2025-12-16,12,2773
2025-12-16,13,2810
2025-12-16,14,2936
2025-12-16,15,2430
2025-12-16,16,2335
2025-12-16,17,2880
2025-12-16,18,1957
2025-12-16,19,2994
2025-12-16,20,3073
2025-12-16,21,3591
2025-12-16,22,3736
2025-12-16,23,2806
2025-12-17,0,1412
2025-12-17,1,685
2025-12-17,2,432
2025-12-17,3,674
2025-12-17,4,84
2025-12-17,5,120
2025-12-17,6,712
2025-12-17,7,230
2025-12-17,8,126
2025-12-17,9,2337
2025-12-17,10,3921
2025-12-17,11,2589
2025-12-17,12,3445
2025-12-17,13,2691
2025-12-17,14,2756
2025-12-17,15,2420
2025-12-17,16,2022
2025-12-17,17,2370
2025-12-17,18,2227
2025-12-17,19,2370
2025-12-17,20,2925
2025-12-17,21,3317
2025-12-17,22,3456
2025-12-17,23,2507
2025-12-18,0,1330
2025-12-18,1,509
2025-12-18,2,275
2025-12-18,3,772
2025-12-18,4,136
2025-12-18,5,443
2025-12-18,6,1226
2025-12-18,7,1722
2025-12-18,8,1883
2025-12-18,9,2483
2025-12-18,10,2641
2025-12-18,11,2295
2025-12-18,12,2314
2025-12-18,13,2231
2025-12-18,14,2351
2025-12-18,15,2126
2025-12-18,16,1892
2025-12-18,17,2049
2025-12-18,18,2169
2025-12-18,19,2390
2025-12-18,20,2439
2025-12-18,21,2644
2025-12-18,22,2789
2025-12-18,23,2359
2025-12-19,0,1248
2025-12-19,1,390
2025-12-19,2,267
2025-12-19,3,918
2025-12-19,4,190
2025-12-19,5,285
2025-12-19,6,563
2025-12-19,7,1164
2025-12-19,8,2069
2025-12-19,9,2574
2025-12-19,10,2327
2025-12-19,11,1978
2025-12-19,12,2064
2025-12-19,13,2148
2025-12-19,14,2294
2025-12-19,15,1874
2025-12-19,16,1758
2025-12-19,17,1638
2025-12-19,18,1668
2025-12-19,19,1721
2025-12-19,20,1839
2025-12-19,21,1814
2025-12-19,22,2117
2025-12-19,23,1884
2025-12-20,0,920
2025-12-20,1,451
2025-12-20,2,256
2025-12-20,3,1064
2025-12-20,4,161
2025-12-20,5,227
2025-12-20,6,909
2025-12-20,7,1043
2025-12-20,8,1143
2025-12-20,9,1703
2025-12-20,10,1808
2025-12-20,11,1876
2025-12-20,12,2048
2025-12-20,13,2061
2025-12-20,14,1913
2025-12-20,15,1783
2025-12-20,16,1838
2025-12-20,17,1703
2025-12-20,18,1635
2025-12-20,19,1612
2025-12-20,20,1989
2025-12-20,21,1890
2025-12-20,22,2109
2025-12-20,23,2048
2025-12-21,0,1078
2025-12-21,1,567
2025-12-21,2,482
2025-12-21,3,1535
2025-12-21,4,127
2025-12-21,5,154
2025-12-21,6,392
2025-12-21,7,1282
2025-12-21,8,994
2025-12-21,9,1658
2025-12-21,10,1902
2025-12-21,11,1875
2025-12-21,12,2076
2025-12-21,13,2194
2025-12-21,14,2079
2025-12-21,15,2150
2025-12-21,16,1727
2025-12-21,17,1785
2025-12-21,18,1836
2025-12-21,19,2035
2025-12-21,20,2357
2025-12-21,21,2369
2025-12-21,22,2867
2025-12-21,23,2603
2025-12-22,0,1170
2025-12-22,1,536
2025-12-22,2,294
2025-12-22,3,1740
2025-12-22,4,181
2025-12-22,5,266
2025-12-22,6,536
2025-12-22,7,891
2025-12-22,8,1411
2025-12-22,9,1860
2025-12-22,10,2029
2025-12-22,11,2115
2025-12-22,12,2084
2025-12-22,13,2279
2025-12-22,14,2101
2025-12-22,15,1930
2025-12-22,16,1634
2025-12-22,17,1764
2025-12-22,18,1960
2025-12-22,19,1810
2025-12-22,20,1988
2025-12-22,21,2183
2025-12-22,22,2691
2025-12-22,23,2617
2025-12-23,0,945
2025-12-23,1,489
2025-12-23,2,356
2025-12-23,3,157
2025-12-23,4,1382
2025-12-23,5,419
2025-12-23,6,495
2025-12-23,7,882
2025-12-23,8,1005
2025-12-23,9,1357
2025-12-23,10,1473
2025-12-23,11,1658
2025-12-23,12,1402
2025-12-23,13,1305
2025-12-23,14,1192
2025-12-23,15,969
2025-12-23,16,878
2025-12-23,17,981
2025-12-23,18,896
2025-12-23,19,859
2025-12-23,20,816
2025-12-23,21,913
2025-12-23,22,1463
2025-12-23,23,778
2025-12-24,0,501
2025-12-24,1,312
2025-12-24,2,127
2025-12-24,3,1213
2025-12-24,4,125
2025-12-24,5,65
2025-12-24,6,45
2025-12-24,7,94
2025-12-24,8,193
2025-12-24,9,222
2025-12-24,10,373
2025-12-24,11,360
2025-12-24,12,378
2025-12-24,13,318
2025-12-24,14,320
2025-12-24,15,289
2025-12-24,16,262
2025-12-24,17,192
2025-12-24,18,268
2025-12-24,19,394
2025-12-24,20,507
2025-12-24,21,613
2025-12-24,22,511
2025-12-24,23,430
2025-12-25,0,316
2025-12-25,1,204
2025-12-25,2,101
2025-12-25,3,380
2025-12-25,4,48
2025-12-25,5,33
2025-12-25,6,82
2025-12-25,7,143
2025-12-25,8,313
2025-12-25,9,529
2025-12-25,10,768
2025-12-25,11,862
2025-12-25,12,872
2025-12-25,13,857
2025-12-25,14,853
2025-12-25,15,758
2025-12-25,16,1345
2025-12-25,17,864
2025-12-25,18,947
2025-12-25,19,1102
2025-12-25,20,1785
2025-12-25,21,1282
2025-12-25,22,1639
2025-12-25,23,1232
2025-12-26,0,486
2025-12-26,1,215
2025-12-26,2,106
2025-12-26,3,1448
2025-12-26,4,102
2025-12-26,5,53
2025-12-26,6,115
2025-12-26,7,212
2025-12-26,8,493
2025-12-26,9,894
2025-12-26,10,1159
2025-12-26,11,1188
2025-12-26,12,1200
2025-12-26,13,1213
2025-12-26,14,1117
2025-12-26,15,1121
2025-12-26,16,1085
2025-12-26,17,1104
2025-12-26,18,1068
2025-12-26,19,1245
2025-12-26,20,1305
2025-12-26,21,1369
2025-12-26,22,1242
2025-12-26,23,1031
2025-12-27,0,437
2025-12-27,1,306
2025-12-27,2,129
2025-12-27,3,682
2025-12-27,4,54
2025-12-27,5,408
2025-12-27,6,305
2025-12-27,7,303
2025-12-27,8,498
2025-12-27,9,879
2025-12-27,10,977
2025-12-27,11,1307
2025-12-27,12,1369
2025-12-27,13,1487
2025-12-27,14,1263
2025-12-27,15,1164
2025-12-27,16,1100
2025-12-27,17,1195
2025-12-27,18,1437
2025-12-27,19,1445
2025-12-27,20,1567
2025-12-27,21,1631
2025-12-27,22,1674
2025-12-27,23,1395
2025-12-28,0,621
2025-12-28,1,259
2025-12-28,2,129
2025-12-28,3,1465
2025-12-28,4,80
2025-12-28,5,418
2025-12-28,6,144
2025-12-28,7,229
2025-12-28,8,517
2025-12-28,9,874
2025-12-28,10,1181
2025-12-28,11,1423
2025-12-28,12,1460
2025-12-28,13,1467
2025-12-28,14,1363
2025-12-28,15,1295
2025-12-28,16,1173
2025-12-28,17,1179
2025-12-28,18,1376
2025-12-28,19,1289
2025-12-28,20,1785
2025-12-28,21,1713
2025-12-28,22,1705
2025-12-28,23,1385
2025-12-29,0,534
2025-12-29,1,233
2025-12-29,2,93
2025-12-29,3,1358
2025-12-29,4,61
2025-12-29,5,446
2025-12-29,6,180
2025-12-29,7,287
2025-12-29,8,508
2025-12-29,9,915
2025-12-29,10,1187
2025-12-29,11,1214
2025-12-29,12,1301
2025-12-29,13,1279
2025-12-29,14,1190
2025-12-29,15,1163
2025-12-29,16,876
2025-12-29,17,924
2025-12-29,18,1083
2025-12-29,19,1298
2025-12-29,20,1267
2025-12-29,21,1037
2025-12-29,22,1190
2025-12-29,23,964
2025-12-30,0,351
2025-12-30,1,193
2025-12-30,2,128
2025-12-30,3,1687
2025-12-30,4,104
2025-12-30,5,107
2025-12-30,6,164
2025-12-30,7,285
2025-12-30,8,807
2025-12-30,9,813
2025-12-30,10,1117
2025-12-30,11,1099
2025-12-30,12,1167
2025-12-30,13,1302
2025-12-30,14,1144
2025-12-30,15,1064
2025-12-30,16,996
2025-12-30,17,901
2025-12-30,18,920
2025-12-30,19,1113
2025-12-30,20,1054
2025-12-30,21,1189
2025-12-30,22,992
2025-12-30,23,990
2025-12-31,0,356
2025-12-31,1,209
2025-12-31,2,89
2025-12-31,3,925
2025-12-31,4,61
2025-12-31,5,71
2025-12-31,6,217
2025-12-31,7,288
2025-12-31,8,467
2025-12-31,9,564
2025-12-31,10,736
2025-12-31,11,750
2025-12-31,12,692
2025-12-31,13,763
2025-12-31,14,705
2025-12-31,15,628
2025-12-31,16,583
2025-12-31,17,437
2025-12-31,18,471
2025-12-31,19,341
2025-12-31,20,311
2025-12-31,21,298
2025-12-31,22,266
2025-12-31,23,267
2026-01-01,0,193
2026-01-01,1,148
2026-01-01,2,69
2026-01-01,3,620
2026-01-01,4,20
2026-01-01,5,22
2026-01-01,6,24
2026-01-01,7,63
2026-01-01,8,105
2026-01-01,9,275
2026-01-01,10,478
2026-01-01,11,530
2026-01-01,12,608
2026-01-01,13,669
2026-01-01,14,683
2026-01-01,15,687
2026-01-01,16,588
2026-01-01,17,832
2026-01-01,18,787
2026-01-01,19,824
2026-01-01,20,1184
2026-01-01,21,1003
2026-01-01,22,992
2026-01-01,23,928
2026-01-02,0,586
2026-01-02,1,477
2026-01-02,2,206
2026-01-02,3,414
2026-01-02,4,107
2026-01-02,5,913
2026-01-02,6,290
2026-01-02,7,284
2026-01-02,8,545
2026-01-02,9,728
2026-01-02,10,1068
2026-01-02,11,1099
2026-01-02,12,1260
2026-01-02,13,1421
2026-01-02,14,1155
2026-01-02,15,1278
2026-01-02,16,1003
2026-01-02,17,1063
2026-01-02,18,1115
2026-01-02,19,1218
2026-01-02,20,1254
2026-01-02,21,1117
2026-01-02,22,999
2026-01-02,23,932
2026-01-03,0,397
2026-01-03,1,245
2026-01-03,2,159
2026-01-03,3,1569
2026-01-03,4,63
2026-01-03,5,757
2026-01-03,6,216
2026-01-03,7,369
2026-01-03,8,414
2026-01-03,9,785
2026-01-03,10,872
2026-01-03,11,1099
2026-01-03,12,1019
2026-01-03,13,1238
2026-01-03,14,1022
2026-01-03,15,1091
2026-01-03,16,1017
2026-01-03,17,1051
2026-01-03,18,1091
2026-01-03,19,1174
2026-01-03,20,1152
2026-01-03,21,1141
2026-01-03,22,1198
2026-01-03,23,944
2026-01-04,0,448
2026-01-04,1,184
2026-01-04,2,125
2026-01-04,3,1306
2026-01-04,4,245
2026-01-04,5,237
2026-01-04,6,159
2026-01-04,7,211
2026-01-04,8,435
2026-01-04,9,641
2026-01-04,10,1081
2026-01-04,11,890
2026-01-04,12,1398
2026-01-04,13,1392
2026-01-04,14,1228
2026-01-04,15,1060
2026-01-04,16,831
2026-01-04,17,1045
2026-01-04,18,1079
2026-01-04,19,1221
2026-01-04,20,1367
2026-01-04,21,1448
2026-01-04,22,1249
2026-01-04,23,913
2026-01-05,0,187
2026-01-05,1,348
2026-01-05,2,222
2026-01-05,3,1054
2026-01-05,4,418
2026-01-05,5,121
2026-01-05,6,304
2026-01-05,7,503
2026-01-05,8,663
2026-01-05,9,919
2026-01-05,10,1065
2026-01-05,11,1363
2026-01-05,12,1361
2026-01-05,13,1356
2026-01-05,14,1455
2026-01-05,15,1143
2026-01-05,16,1073
2026-01-05,17,1181
2026-01-05,18,1425
2026-01-05,19,1405
2026-01-05,20,1330
2026-01-05,21,1186
2026-01-05,22,1117
2026-01-05,23,968
2026-01-06,0,456
2026-01-06,1,211
2026-01-06,2,98
2026-01-06,3,2316
2026-01-06,4,437
2026-01-06,5,58
2026-01-06,6,216
2026-01-06,7,290
2026-01-06,8,658
2026-01-06,9,840
2026-01-06,10,841
2026-01-06,11,1334
2026-01-06,12,1238
2026-01-06,13,1388
2026-01-06,14,1288
2026-01-06,15,1100
2026-01-06,16,985
2026-01-06,17,1078
2026-01-06,18,1179
2026-01-06,19,1132
2026-01-06,20,1355
2026-01-06,21,1489
2026-01-06,22,1351
2026-01-06,23,988
2026-01-07,0,460
2026-01-07,1,131
2026-01-07,2,107
2026-01-07,3,1489
2026-01-07,4,43
2026-01-07,5,196
2026-01-07,6,376
2026-01-07,7,354
2026-01-07,8,706
2026-01-07,9,1020
2026-01-07,10,1386
2026-01-07,11,1344
2026-01-07,12,1440
2026-01-07,13,1337
2026-01-07,14,1445
2026-01-07,15,1096
2026-01-07,16,1315
2026-01-07,17,1204
2026-01-07,18,1278
2026-01-07,19,1368
2026-01-07,20,1565
2026-01-07,21,1511
2026-01-07,22,1289
2026-01-07,23,876
2026-01-08,0,359
2026-01-08,1,219
2026-01-08,2,75
2026-01-08,3,1566
2026-01-08,4,149
2026-01-08,5,169
2026-01-08,6,287
2026-01-08,7,571
2026-01-08,8,1064
2026-01-08,9,1286
2026-01-08,10,1455
2026-01-08,11,1368
2026-01-08,12,1470
2026-01-08,13,1507
2026-01-08,14,1429
2026-01-08,15,1206
2026-01-08,16,926
2026-01-08,17,1073
2026-01-08,18,1261
2026-01-08,19,1270
2026-01-08,20,1442
2026-01-08,21,1481
2026-01-08,22,1478
2026-01-08,23,987
2026-01-09,0,422
2026-01-09,1,166
2026-01-09,2,122
2026-01-09,3,1758
2026-01-09,4,182
2026-01-09,5,215
2026-01-09,6,562
2026-01-09,7,528
2026-01-09,8,1005
2026-01-09,9,1228
2026-01-09,10,1311
2026-01-09,11,1326
2026-01-09,12,1368
2026-01-09,13,1258
2026-01-09,14,1302
2026-01-09,15,1182
2026-01-09,16,806
2026-01-09,17,1292
2026-01-09,18,1117
2026-01-09,19,1040
2026-01-09,20,1209
2026-01-09,21,1444
2026-01-09,22,1219
2026-01-09,23,1069
2026-01-10,0,460
2026-01-10,1,202
2026-01-10,2,92
2026-01-10,3,1614
2026-01-10,4,60
2026-01-10,5,157
2026-01-10,6,233
2026-01-10,7,327
2026-01-10,8,592
2026-01-10,9,931
2026-01-10,10,1095
2026-01-10,11,1356
2026-01-10,12,1301
2026-01-10,13,1225
2026-01-10,14,1305
2026-01-10,15,1206
2026-01-10,16,1069
2026-01-10,17,1183
2026-01-10,18,1193
2026-01-10,19,1264
2026-01-10,20,1111
2026-01-10,21,1195
2026-01-10,22,1193
2026-01-10,23,1033
2026-01-11,0,444
2026-01-11,1,181
2026-01-11,2,127
2026-01-11,3,1863
2026-01-11,4,79
2026-01-11,5,205
2026-01-11,6,226
2026-01-11,7,244
2026-01-11,8,507
2026-01-11,9,774
2026-01-11,10,1143
2026-01-11,11,1285
2026-01-11,12,1103
2026-01-11,13,1252
2026-01-11,14,1169
2026-01-11,15,1027
2026-01-11,16,1008
2026-01-11,17,1137
2026-01-11,18,1362
2026-01-11,19,1381
2026-01-11,20,1323
2026-01-11,21,1294
2026-01-11,22,1322
2026-01-11,23,877
2026-01-12,0,326
2026-01-12,1,205
2026-01-12,2,64
2026-01-12,3,1723
2026-01-12,4,77
2026-01-12,5,229
2026-01-12,6,400
2026-01-12,7,487
2026-01-12,8,888
2026-01-12,9,1099
2026-01-12,10,1299
2026-01-12,11,1264
2026-01-12,12,1306
2026-01-12,13,1383
2026-01-12,14,1333
2026-01-12,15,1282
2026-01-12,16,995
2026-01-12,17,1078
2026-01-12,18,1292
2026-01-12,19,1327
2026-01-12,20,1394
2026-01-12,21,1367
2026-01-12,22,1314
2026-01-12,23,1116
2026-01-13,0,562
2026-01-13,1,159
2026-01-13,2,120
2026-01-13,3,1886
2026-01-13,4,288
2026-01-13,5,407
2026-01-13,6,413
2026-01-13,7,560
2026-01-13,8,974
2026-01-13,9,1365
2026-01-13,10,1385
2026-01-13,11,1236
2026-01-13,12,1336
2026-01-13,13,1314
2026-01-13,14,1348
2026-01-13,15,1095
2026-01-13,16,1097
2026-01-13,17,1124
2026-01-13,18,1153
2026-01-13,19,1325
2026-01-13,20,1481
2026-01-13,21,1645
2026-01-13,22,1450
2026-01-13,23,980
2026-01-14,0,453
2026-01-14,1,290
2026-01-14,2,99
2026-01-14,3,1309
2026-01-14,4,97
2026-01-14,5,197
2026-01-14,6,396
2026-01-14,7,592
2026-01-14,8,905
2026-01-14,9,1163
2026-01-14,10,1309
2026-01-14,11,1385
2026-01-14,12,1499
2026-01-14,13,1576
2026-01-14,14,1350
2026-01-14,15,1150
2026-01-14,16,1112
2026-01-14,17,1155
2026-01-14,18,1192
2026-01-14,19,1560
2026-01-14,20,1499
2026-01-14,21,1602
2026-01-14,22,1523
2026-01-14,23,1042
2026-01-15,0,439
2026-01-15,1,214
2026-01-15,2,87
2026-01-15,3,1962
2026-01-15,4,114
2026-01-15,5,226
2026-01-15,6,412
2026-01-15,7,585
2026-01-15,8,1145
2026-01-15,9,1246
2026-01-15,10,1358
2026-01-15,11,1526
2026-01-15,12,1722
2026-01-15,13,1808
2026-01-15,14,1479
2026-01-15,15,1278
2026-01-15,16,1205
2026-01-15,17,1208
2026-01-15,18,1460
2026-01-15,19,1424
2026-01-15,20,1763
2026-01-15,21,1607
2026-01-15,22,1404
2026-01-15,23,1088
2026-01-16,0,547
2026-01-16,1,197
2026-01-16,2,121
2026-01-16,3,2027
2026-01-16,4,83
2026-01-16,5,187
2026-01-16,6,386
2026-01-16,7,773
2026-01-16,8,1031
2026-01-16,9,1282
2026-01-16,10,1286
2026-01-16,11,1383
2026-01-16,12,1432
2026-01-16,13,341
2026-01-16,15,3227
2026-01-16,16,1151
2026-01-16,17,1106
2026-01-16,18,1399
2026-01-16,19,1349
2026-01-16,20,1371
2026-01-16,21,1368
2026-01-16,22,1264
2026-01-16,23,1100
2026-01-17,0,530
2026-01-17,1,240
2026-01-17,2,132
2026-01-17,3,1676
2026-01-17,4,293
2026-01-17,5,221
2026-01-17,6,362
2026-01-17,7,423
2026-01-17,8,792
2026-01-17,9,1139
2026-01-17,10,1393
2026-01-17,11,1506
2026-01-17,12,1495
2026-01-17,13,1476
2026-01-17,14,1550
2026-01-17,15,1613
2026-01-17,16,1283
2026-01-17,17,1421
2026-01-17,18,1320
2026-01-17,19,1474
2026-01-17,20,1604
2026-01-17,21,1505
2026-01-17,22,1497
2026-01-17,23,1243
2026-01-18,0,662
2026-01-18,1,430
2026-01-18,2,136
2026-01-18,3,2110
2026-01-18,4,351
2026-01-18,5,94
2026-01-18,6,163
2026-01-18,7,274
2026-01-18,8,667
2026-01-18,9,1000
2026-01-18,10,1280
2026-01-18,11,1383
2026-01-18,12,1368
2026-01-18,13,1476
2026-01-18,14,1428
2026-01-18,15,1226
2026-01-18,16,1118
2026-01-18,17,1301
2026-01-18,18,1312
2026-01-18,19,1389
2026-01-18,20,1634
2026-01-18,21,1828
2026-01-18,22,1696
2026-01-18,23,1167
2026-01-19,0,653
2026-01-19,1,370
2026-01-19,2,146
2026-01-19,3,2316
2026-01-19,4,65
2026-01-19,5,260
2026-01-19,6,471
2026-01-19,7,744
2026-01-19,8,996
2026-01-19,9,1294
2026-01-19,10,1456
2026-01-19,11,1575
2026-01-19,12,1395
2026-01-19,13,1729
2026-01-19,14,1469
2026-01-19,15,1408
2026-01-19,16,1298
2026-01-19,17,1182
2026-01-19,18,1289
2026-01-19,19,1378
2026-01-19,20,1499
2026-01-19,21,1489
2026-01-19,22,1497
2026-01-19,23,1187
2026-01-20,0,729
2026-01-20,1,460
2026-01-20,2,180
2026-01-20,3,1963
2026-01-20,4,463
2026-01-20,5,645
2026-01-20,6,362
2026-01-20,7,589
2026-01-20,8,895
2026-01-20,9,1060
2026-01-20,10,1282
2026-01-20,11,1188
2026-01-20,12,1269
2026-01-20,13,1178
2026-01-20,14,1125
2026-01-20,15,1028
2026-01-20,16,994
2026-01-20,17,988
2026-01-20,18,1029
2026-01-20,19,958
2026-01-20,20,1270
2026-01-20,21,1075
2026-01-20,22,1330
2026-01-20,23,902
2026-01-21,0,539
2026-01-21,1,307
2026-01-21,2,102
2026-01-21,3,1625
2026-01-21,4,250
2026-01-21,5,226
2026-01-21,6,467
2026-01-21,7,463
2026-01-21,8,693
2026-01-21,9,977
2026-01-21,10,1100
2026-01-21,11,1027
2026-01-21,12,1075
2026-01-21,13,1064
2026-01-21,14,1119
2026-01-21,15,1010
2026-01-21,16,814
2026-01-21,17,903
2026-01-21,18,1020
2026-01-21,19,1129
2026-01-21,20,1288
2026-01-21,21,1214
2026-01-21,22,1117
2026-01-21,23,917
2026-01-22,0,373
2026-01-22,1,133
2026-01-22,2,165
2026-01-22,3,1872
2026-01-22,4,93
2026-01-22,5,149
2026-01-22,6,203
2026-01-22,7,499
2026-01-22,8,789
2026-01-22,9,974
2026-01-22,10,1205
2026-01-22,11,1202
2026-01-22,12,1053
2026-01-22,13,1080
2026-01-22,14,1025
2026-01-22,15,993
2026-01-22,16,747
2026-01-22,17,868
2026-01-22,18,966
2026-01-22,19,1160
2026-01-22,20,1156
2026-01-22,21,1042
2026-01-22,22,1129
2026-01-22,23,975
2026-01-23,0,634
2026-01-23,1,156
2026-01-23,2,82
2026-01-23,3,1738
2026-01-23,4,62
2026-01-23,5,176
2026-01-23,6,221
2026-01-23,7,477
2026-01-23,8,720
2026-01-23,9,858
2026-01-23,10,1115
2026-01-23,11,963
2026-01-23,12,1039
2026-01-23,13,896
2026-01-23,14,904
2026-01-23,15,977
2026-01-23,16,838
2026-01-23,17,700
2026-01-23,18,792
2026-01-23,19,756
2026-01-23,20,887
2026-01-23,21,911
2026-01-23,22,794
2026-01-23,23,903
2026-01-24,0,525
2026-01-24,1,199
2026-01-24,2,110
2026-01-24,3,1967
2026-01-24,4,66
2026-01-24,5,112
2026-01-24,6,562
2026-01-24,7,295
2026-01-24,8,518
2026-01-24,9,755
2026-01-24,10,944
2026-01-24,11,1119
2026-01-24,12,911
2026-01-24,13,1330
2026-01-24,14,1017
2026-01-24,15,901
2026-01-24,16,900
2026-01-24,17,986
2026-01-24,18,754
2026-01-24,19,1108
2026-01-24,20,1034
2026-01-24,21,1177
2026-01-24,22,1171
2026-01-24,23,1026
2026-01-25,0,483
2026-01-25,1,191
2026-01-25,2,69
2026-01-25,3,1323
2026-01-25,4,378
2026-01-25,5,49
2026-01-25,6,56
2026-01-25,7,209
2026-01-25,8,402
2026-01-25,9,750
2026-01-25,10,1004
2026-01-25,11,956
2026-01-25,12,1058
2026-01-25,13,1300
2026-01-25,14,1014
2026-01-25,15,872
2026-01-25,16,940
2026-01-25,17,990
2026-01-25,18,1087
2026-01-25,19,994
2026-01-25,20,1149
2026-01-25,21,1159
2026-01-25,22,1278
2026-01-25,23,913
2026-01-26,0,544
2026-01-26,1,472
2026-01-26,2,100
2026-01-26,3,1660
2026-01-26,4,138
2026-01-26,5,110
2026-01-26,6,221
2026-01-26,7,368
2026-01-26,8,699
2026-01-26,9,1019
2026-01-26,10,1126
2026-01-26,11,1234
2026-01-26,12,1191
2026-01-26,13,1148
2026-01-26,14,1203
2026-01-26,15,1062
2026-01-26,16,805
2026-01-26,17,935
2026-01-26,18,1049
2026-01-26,19,1087
2026-01-26,20,1299
2026-01-26,21,1285
2026-01-26,22,1207
2026-01-26,23,866
2026-01-27,0,345
2026-01-27,1,181
2026-01-27,2,70
2026-01-27,3,1912
2026-01-27,4,148
2026-01-27,5,362
2026-01-27,6,327
2026-01-27,7,426
2026-01-27,8,829
2026-01-27,9,1062
2026-01-27,10,1139
2026-01-27,11,1087
2026-01-27,12,1192
2026-01-27,13,1155
2026-01-27,14,1045
2026-01-27,15,905
2026-01-27,16,788
2026-01-27,17,931
2026-01-27,18,1045
2026-01-27,19,1094
2026-01-27,20,1236
2026-01-27,21,1308
2026-01-27,22,1269
2026-01-27,23,1014
2026-01-28,0,466
2026-01-28,1,171
2026-01-28,2,84
2026-01-28,3,2278
2026-01-28,4,213
2026-01-28,5,125
2026-01-28,6,175
2026-01-28,7,473
2026-01-28,8,712
2026-01-28,9,961
2026-01-28,10,1183
2026-01-28,11,786
2026-01-28,12,1037
2026-01-28,13,1311
2026-01-28,14,1011
2026-01-28,15,894
2026-01-28,16,790
2026-01-28,17,852
2026-01-28,18,889
2026-01-28,19,988
2026-01-28,20,1141
2026-01-28,21,1080
2026-01-28,22,1303
2026-01-28,23,716
2026-01-29,0,599
2026-01-29,1,570
2026-01-29,2,176
2026-01-29,3,1904
2026-01-29,4,66
2026-01-29,5,115
2026-01-29,6,217
2026-01-29,7,470
2026-01-29,8,695
2026-01-29,9,812
2026-01-29,10,856
2026-01-29,11,904
2026-01-29,12,981
2026-01-29,13,1224
2026-01-29,14,953
2026-01-29,15,881
2026-01-29,16,755
2026-01-29,17,836
2026-01-29,18,893
2026-01-29,19,1067
2026-01-29,20,1115
2026-01-29,21,1003
2026-01-29,22,1023
2026-01-29,23,828
2026-01-30,0,685
2026-01-30,1,422
2026-01-30,2,143
2026-01-30,3,1861
2026-01-30,4,322
2026-01-30,5,121
2026-01-30,6,228
2026-01-30,7,476
2026-01-30,8,615
2026-01-30,9,749
2026-01-30,10,816
2026-01-30,11,910
2026-01-30,12,892
2026-01-30,13,921
2026-01-30,14,1155
2026-01-30,15,778
2026-01-30,16,760
2026-01-30,17,878
2026-01-30,18,917
2026-01-30,19,877
2026-01-30,20,963
2026-01-30,21,1005
2026-01-30,22,1118
2026-01-30,23,994
2026-01-31,0,418
2026-01-31,1,186
2026-01-31,2,83
2026-01-31,3,1982
2026-01-31,4,74
2026-01-31,5,146
2026-01-31,6,137
2026-01-31,7,185
2026-01-31,8,500
2026-01-31,9,659
2026-01-31,10,894
2026-01-31,11,998
2026-01-31,12,1078
2026-01-31,13,1039
2026-01-31,14,990
2026-01-31,15,862
2026-01-31,16,769
2026-01-31,17,933
2026-01-31,18,1098
2026-01-31,19,1158
2026-01-31,20,879
2026-01-31,21,1304
2026-01-31,22,1173
2026-01-31,23,813
2026-02-01,0,421
2026-02-01,1,168
2026-02-01,2,106
2026-02-01,3,1689
2026-02-01,4,42
2026-02-01,5,91
2026-02-01,6,69
2026-02-01,7,189
2026-02-01,8,372
2026-02-01,9,615
2026-02-01,10,891
2026-02-01,11,1021
2026-02-01,12,945
2026-02-01,13,1238
2026-02-01,14,893
2026-02-01,15,876
2026-02-01,16,857
2026-02-01,17,1059
2026-02-01,18,1052
2026-02-01,19,938
2026-02-01,20,1294
2026-02-01,21,1349
2026-02-01,22,1319
2026-02-01,23,923
2026-02-02,0,368
2026-02-02,1,145
2026-02-02,2,51
2026-02-02,3,1637
2026-02-02,4,38
2026-02-02,5,257
2026-02-02,6,182
2026-02-02,7,355
2026-02-02,8,724
2026-02-02,9,1028
2026-02-02,10,1126
2026-02-02,11,1359
2026-02-02,12,1268
2026-02-02,13,1496
2026-02-02,14,1233
2026-02-02,15,1207
2026-02-02,16,990
2026-02-02,17,1047
2026-02-02,18,1275
2026-02-02,19,1290
2026-02-02,20,1506
2026-02-02,21,1509
2026-02-02,22,1495
2026-02-02,23,993
2026-02-03,0,516
2026-02-03,1,216
2026-02-03,2,134
2026-02-03,3,3617
2026-02-03,4,251
2026-02-03,5,106
2026-02-03,6,291
2026-02-03,7,571
2026-02-03,8,660
2026-02-03,9,909
2026-02-03,10,1079
2026-02-03,11,1203
2026-02-03,12,1184
2026-02-03,13,1252
2026-02-03,14,1179
2026-02-03,15,1087
2026-02-03,16,1000
2026-02-03,17,1038
2026-02-03,18,1053
2026-02-03,19,1266
2026-02-03,20,1313
2026-02-03,21,1517
2026-02-03,22,1575
2026-02-03,23,1034
2026-02-04,0,561
2026-02-04,1,236
2026-02-04,2,48
2026-02-04,3,2123
2026-02-04,4,68
2026-02-04,5,167
2026-02-04,6,356
2026-02-04,7,439
2026-02-04,8,861
2026-02-04,9,1016
2026-02-04,10,1143
2026-02-04,11,1141
2026-02-04,12,1149
2026-02-04,13,1412
2026-02-04,14,1226
2026-02-04,15,1133
2026-02-04,16,894
2026-02-04,17,1070
2026-02-04,18,1142
2026-02-04,19,1300
2026-02-04,20,1456
2026-02-04,21,1641
2026-02-04,22,1488
2026-02-04,23,934
2026-02-05,0,413
2026-02-05,1,194
2026-02-05,2,112
2026-02-05,3,1985
2026-02-05,4,262
2026-02-05,5,178
2026-02-05,6,307
2026-02-05,7,495
2026-02-05,8,875
2026-02-05,9,1029
2026-02-05,10,1107
2026-02-05,11,1281
2026-02-05,12,1154
2026-02-05,13,1265
2026-02-05,14,1197
2026-02-05,15,1173
2026-02-05,16,1056
2026-02-05,17,1096
2026-02-05,18,1267
2026-02-05,19,1373
2026-02-05,20,1256
2026-02-05,21,1491
2026-02-05,22,1483
2026-02-05,23,1073
2026-02-06,0,489
2026-02-06,1,158
2026-02-06,2,82
2026-02-06,3,2194
2026-02-06,4,180
2026-02-06,5,138
2026-02-06,6,332
2026-02-06,7,616
2026-02-06,8,870
2026-02-06,9,969
2026-02-06,10,1102
2026-02-06,11,1028
2026-02-06,12,1140
2026-02-06,13,1130
2026-02-06,14,1205
2026-02-06,15,881
2026-02-06,16,884
2026-02-06,17,943
2026-02-06,18,1150
2026-02-06,19,1086
2026-02-06,20,985
2026-02-06,21,1167
2026-02-06,22,1274
2026-02-06,23,883
2026-02-07,0,323
2026-02-07,1,254
2026-02-07,2,98
2026-02-07,3,1901
2026-02-07,4,47
2026-02-07,5,59
2026-02-07,6,132
2026-02-07,7,237
2026-02-07,8,528
2026-02-07,9,829
2026-02-07,10,1006
2026-02-07,11,1161
2026-02-07,12,1387
2026-02-07,13,1280
2026-02-07,14,1109
2026-02-07,15,1084
2026-02-07,16,857
2026-02-07,17,1022
2026-02-07,18,1095
2026-02-07,19,1180
2026-02-07,20,1118
2026-02-07,21,1362
2026-02-07,22,1536
2026-02-07,23,1038
2026-02-08,0,476
2026-02-08,1,297
2026-02-08,2,88
2026-02-08,3,1935
2026-02-08,4,42
2026-02-08,5,58
2026-02-08,6,124
2026-02-08,7,286
2026-02-08,8,502
2026-02-08,9,799
2026-02-08,10,1025
2026-02-08,11,1041
2026-02-08,12,1173
2026-02-08,13,1265
2026-02-08,14,1135
2026-02-08,15,930
2026-02-08,16,947
2026-02-08,17,1061
2026-02-08,18,1199
2026-02-08,19,1371
2026-02-08,20,1388
2026-02-08,21,1610
2026-02-08,22,1567
2026-02-08,23,972
2026-02-09,0,381
2026-02-09,1,255
2026-02-09,2,86
2026-02-09,3,1863
2026-02-09,4,38
2026-02-09,5,142
2026-02-09,6,240
2026-02-09,7,509
2026-02-09,8,795
2026-02-09,9,1207
2026-02-09,10,1386
2026-02-09,11,1359
2026-02-09,12,1298
2026-02-09,13,1175
2026-02-09,14,1281
2026-02-09,15,1162
2026-02-09,16,1035
2026-02-09,17,1253
2026-02-09,18,1154
2026-02-09,19,1380
2026-02-09,20,1463
2026-02-09,21,1562
2026-02-09,22,1607
2026-02-09,23,1239
2026-02-10,0,461
2026-02-10,1,193
2026-02-10,2,79
2026-02-10,3,2875
2026-02-10,4,243
2026-02-10,5,243
2026-02-10,6,367
2026-02-10,7,695
2026-02-10,8,957
2026-02-10,9,1429
2026-02-10,10,1354
2026-02-10,11,1316
2026-02-10,12,1220
2026-02-10,13,1249
2026-02-10,14,1383
2026-02-10,15,1181
2026-02-10,16,969
2026-02-10,17,1082
2026-02-10,18,1142
2026-02-10,19,1222
2026-02-10,20,1484
2026-02-10,21,1494
2026-02-10,22,1464
2026-02-10,23,1123
2026-02-11,0,659
2026-02-11,1,278
2026-02-11,2,119
2026-02-11,3,1995
2026-02-11,4,821
2026-02-11,5,91
2026-02-11,6,316
2026-02-11,7,482
2026-02-11,8,836
2026-02-11,9,1103
2026-02-11,10,1143
2026-02-11,11,1042
2026-02-11,12,1462
2026-02-11,13,1372
2026-02-11,14,1145
2026-02-11,15,1026
2026-02-11,16,1010
2026-02-11,17,1081
2026-02-11,18,1086
2026-02-11,19,1167
2026-02-11,20,1314
2026-02-11,21,1511
2026-02-11,22,1773
2026-02-11,23,1163
2026-02-12,0,668
2026-02-12,1,284
2026-02-12,2,77
2026-02-12,3,2176
2026-02-12,4,48
2026-02-12,5,104
2026-02-12,6,279
2026-02-12,7,496
2026-02-12,8,785
2026-02-12,9,1064
2026-02-12,10,1087
2026-02-12,11,1083
2026-02-12,12,1291
2026-02-12,13,1498
2026-02-12,14,1308
2026-02-12,15,1213
2026-02-12,16,1107
2026-02-12,17,1014
2026-02-12,18,1158
2026-02-12,19,1103
2026-02-12,20,1509
2026-02-12,21,1473
2026-02-12,22,1676
2026-02-12,23,1213
2026-02-13,0,664
2026-02-13,1,314
2026-02-13,2,104
2026-02-13,3,2400
2026-02-13,4,157
2026-02-13,5,137
2026-02-13,6,528
2026-02-13,7,472
2026-02-13,8,882
2026-02-13,9,1027
2026-02-13,10,1220
2026-02-13,11,1453
2026-02-13,12,1153
2026-02-13,13,995
2026-02-13,14,1138
2026-02-13,15,1013
2026-02-13,16,967
2026-02-13,17,1158
2026-02-13,18,1006
2026-02-13,19,965
2026-02-13,20,1064
2026-02-13,21,1296
2026-02-13,22,1425
2026-02-13,23,932
2026-02-14,0,584
2026-02-14,1,207
2026-02-14,2,87
2026-02-14,3,2098
2026-02-14,4,45
2026-02-14,5,92
2026-02-14,6,328
2026-02-14,7,309
2026-02-14,8,615
2026-02-14,9,945
2026-02-14,10,1020
2026-02-14,11,1109
2026-02-14,12,1121
2026-02-14,13,1182
2026-02-14,14,1028
2026-02-14,15,857
2026-02-14,16,898
2026-02-14,17,1004
2026-02-14,18,1025
2026-02-14,19,917
2026-02-14,20,1123
2026-02-14,21,1112
2026-02-14,22,1179
2026-02-14,23,1009
2026-02-15,0,564
2026-02-15,1,275
2026-02-15,2,103
2026-02-15,3,1821
2026-02-15,4,53
2026-02-15,5,83
2026-02-15,6,74
2026-02-15,7,249
2026-02-15,8,453
2026-02-15,9,860
2026-02-15,10,1073
2026-02-15,11,1070
2026-02-15,12,1230
2026-02-15,13,1061
2026-02-15,14,1020
2026-02-15,15,1016
2026-02-15,16,1085
2026-02-15,17,868
2026-02-15,18,1043
2026-02-15,19,1268
2026-02-15,20,1690
2026-02-15,21,1547
2026-02-15,22,1538
2026-02-15,23,956
2026-02-16,0,384
2026-02-16,1,160
2026-02-16,2,79
2026-02-16,3,1433
2026-02-16,4,51
2026-02-16,5,75
2026-02-16,6,242
2026-02-16,7,494
2026-02-16,8,969
2026-02-16,9,1106
2026-02-16,10,1259
2026-02-16,11,1280
2026-02-16,12,1455
2026-02-16,13,1306
2026-02-16,14,784
2026-02-16,15,1429
2026-02-16,16,945
2026-02-16,17,1089
2026-02-16,18,943
2026-02-16,19,1630
2026-02-16,20,1367
2026-02-16,21,1117
2026-02-16,22,1235
2026-02-16,23,937
2026-02-17,0,454
2026-02-17,1,174
2026-02-17,2,71
2026-02-17,3,1293
2026-02-17,4,956
2026-02-17,5,226
2026-02-17,6,357
2026-02-17,7,481
2026-02-17,8,941
2026-02-17,9,1276
2026-02-17,10,1110
2026-02-17,11,1054
2026-02-17,12,1277
2026-02-17,13,1143
2026-02-17,14,1021
2026-02-17,15,1074
2026-02-17,16,970
2026-02-17,17,1000
2026-02-17,18,1154
2026-02-17,19,1212
2026-02-17,20,1279
2026-02-17,21,1356
2026-02-17,22,1379
2026-02-17,23,892
2026-02-18,0,489
2026-02-18,1,307
2026-02-18,2,102
2026-02-18,3,1006
2026-02-18,4,358
2026-02-18,5,72
2026-02-18,6,242
2026-02-18,7,467
2026-02-18,8,717
2026-02-18,9,1104
2026-02-18,10,1145
2026-02-18,11,1242
2026-02-18,12,1173
2026-02-18,13,958
2026-02-18,14,908
2026-02-18,15,1002
2026-02-18,16,833
2026-02-18,17,902
2026-02-18,18,890
2026-02-18,19,992
2026-02-18,20,1176
2026-02-18,21,1268
2026-02-18,22,1299
2026-02-18,23,987
2026-02-19,0,340
2026-02-19,1,130
2026-02-19,2,109
2026-02-19,3,1182
2026-02-19,4,53
2026-02-19,5,131
2026-02-19,6,250
2026-02-19,7,522
2026-02-19,8,766
2026-02-19,9,939
2026-02-19,10,1187
2026-02-19,11,1172
2026-02-19,12,1256
2026-02-19,13,1179
2026-02-19,14,1028
2026-02-19,15,980
2026-02-19,16,779
2026-02-19,17,967
2026-02-19,18,1005
2026-02-19,19,963
2026-02-19,20,1158
2026-02-19,21,1399
2026-02-19,22,1299
2026-02-19,23,1155
2026-02-20,0,508
2026-02-20,1,216
2026-02-20,2,61
2026-02-20,3,1363
2026-02-20,4,58
2026-02-20,5,164
2026-02-20,6,276
2026-02-20,7,603
2026-02-20,8,816
2026-02-20,9,966
2026-02-20,10,1249
2026-02-20,11,1096
2026-02-20,12,1168
2026-02-20,13,1086
2026-02-20,14,1028
2026-02-20,15,1003
2026-02-20,16,909
2026-02-20,17,944
2026-02-20,18,821
2026-02-20,19,1023
2026-02-20,20,1047
2026-02-20,21,1000
2026-02-20,22,1171
2026-02-20,23,835
2026-02-21,0,248
2026-02-21,1,132
2026-02-21,2,95
2026-02-21,3,1106
2026-02-21,4,59
2026-02-21,5,82
2026-02-21,6,125
2026-02-21,7,297
2026-02-21,8,529
2026-02-21,9,660
2026-02-21,10,932
2026-02-21,11,991
2026-02-21,12,1196
2026-02-21,13,1158
2026-02-21,14,912
2026-02-21,15,865
2026-02-21,16,846
2026-02-21,17,1010
2026-02-21,18,984
2026-02-21,19,962
2026-02-21,20,998
2026-02-21,21,1082
2026-02-21,22,1133
2026-02-21,23,962
2026-02-22,0,627
2026-02-22,1,546
2026-02-22,2,126
2026-02-22,3,953
2026-02-22,4,295
2026-02-22,5,44
2026-02-22,6,157
2026-02-22,7,261
2026-02-22,8,448
2026-02-22,9,724
2026-02-22,10,998
2026-02-22,11,1083
2026-02-22,12,1288
2026-02-22,13,1112
2026-02-22,14,1103
2026-02-22,15,1058
2026-02-22,16,885
2026-02-22,17,962
2026-02-22,18,1098
2026-02-22,19,1138
2026-02-22,20,1332
2026-02-22,21,1397
2026-02-22,22,1418
2026-02-22,23,927
2026-02-23,0,503
2026-02-23,1,422
2026-02-23,2,78
2026-02-23,3,1922
2026-02-23,4,57
2026-02-23,5,727
2026-02-23,6,303
2026-02-23,7,497
2026-02-23,8,725
2026-02-23,9,1097
2026-02-23,10,1166
2026-02-23,11,1227
2026-02-23,12,1305
2026-02-23,13,1276
2026-02-23,14,1222
2026-02-23,15,1142
2026-02-23,16,1007
2026-02-23,17,990
2026-02-23,18,1251
2026-02-23,19,1293
2026-02-23,20,1416
2026-02-23,21,1479
2026-02-23,22,1440
2026-02-23,23,959
2026-02-24,0,388
2026-02-24,1,178
2026-02-24,2,64
2026-02-24,3,2146
2026-02-24,4,469
2026-02-24,5,102
2026-02-24,6,257
2026-02-24,7,429
2026-02-24,8,562
2026-02-24,9,1453
2026-02-24,10,1169
2026-02-24,11,1190
2026-02-24,12,1141
2026-02-24,13,1330
2026-02-24,14,999
2026-02-24,15,1025
2026-02-24,16,836
2026-02-24,17,1066
2026-02-24,18,1192
2026-02-24,19,1207
2026-02-24,20,1231
2026-02-24,21,1192
2026-02-24,22,1363
2026-02-24,23,1030
2026-02-25,0,230
2026-02-25,1,118
2026-02-25,2,108
2026-02-25,3,1050
2026-02-25,4,71
2026-02-25,5,59
2026-02-25,6,187
2026-02-25,7,299
2026-02-25,8,594
2026-02-25,9,781
2026-02-25,10,743
2026-02-25,11,755
2026-02-25,12,777
2026-02-25,13,715
2026-02-25,14,687
2026-02-25,15,919
2026-02-25,16,785
2026-02-25,17,778
2026-02-25,18,900
2026-02-25,19,917
2026-02-25,20,1236
2026-02-25,21,1234
2026-02-25,22,1738
2026-02-25,23,1432
2026-02-26,0,731
2026-02-26,1,190
2026-02-26,2,215
2026-02-26,3,1951
2026-02-26,4,705
2026-02-26,5,159
2026-02-26,6,272
2026-02-26,7,583
2026-02-26,8,798
2026-02-26,9,1193
2026-02-26,10,1102
2026-02-26,11,1005
2026-02-26,12,1176
2026-02-26,13,1153
2026-02-26,14,961
2026-02-26,15,984
2026-02-26,16,938
2026-02-26,17,903
2026-02-26,18,1007
2026-02-26,19,1122
2026-02-26,20,1324
2026-02-26,21,1384
2026-02-26,22,1264
2026-02-26,23,904
2026-02-27,0,572
2026-02-27,1,186
2026-02-27,2,99
2026-02-27,3,2036
2026-02-27,4,170
2026-02-27,5,217
2026-02-27,6,369
2026-02-27,7,524
2026-02-27,8,911
2026-02-27,9,988
2026-02-27,10,982
2026-02-27,11,1002
2026-02-27,12,985
2026-02-27,13,993
2026-02-27,14,939
2026-02-27,15,802
2026-02-27,16,909
2026-02-27,17,765
2026-02-27,18,877
2026-02-27,19,936
2026-02-27,20,1310
2026-02-27,21,1020
2026-02-27,22,1127
2026-02-27,23,872
2026-02-28,0,226
2026-02-28,1,157
2026-02-28,2,117
2026-02-28,3,1649
2026-02-28,4,140
2026-02-28,5,76
2026-02-28,6,147
2026-02-28,7,399
2026-02-28,8,605
2026-02-28,9,905
2026-02-28,10,994
2026-02-28,11,1011
2026-02-28,12,997
2026-02-28,13,971
2026-02-28,14,854
2026-02-28,15,766
2026-02-28,16,810
2026-02-28,17,986
2026-02-28,18,1021
2026-02-28,19,1092
2026-02-28,20,1344
2026-02-28,21,1089
2026-02-28,22,1212
2026-02-28,23,870
2026-03-01,0,222
2026-03-01,1,127
2026-03-01,2,88
2026-03-01,3,851
2026-03-01,4,28
2026-03-01,5,47
2026-03-01,6,107
2026-03-01,7,228
2026-03-01,8,440
2026-03-01,9,861
2026-03-01,10,844
2026-03-01,11,820
2026-03-01,12,812
2026-03-01,13,926
2026-03-01,14,872
2026-03-01,15,706
2026-03-01,16,657
2026-03-01,17,749
2026-03-01,18,954
2026-03-01,19,1088
2026-03-01,20,1280
2026-03-01,21,1202
2026-03-01,22,1084
2026-03-01,23,621
2026-03-02,0,333
2026-03-02,1,160
2026-03-02,2,100
2026-03-02,3,666
2026-03-02,4,38
2026-03-02,5,144
2026-03-02,6,308
2026-03-02,7,503
2026-03-02,8,788
2026-03-02,9,1094
2026-03-02,10,1229
2026-03-02,11,1144
2026-03-02,12,1369
2026-03-02,13,1399
2026-03-02,14,1319
2026-03-02,15,1092
2026-03-02,16,911
2026-03-02,17,1032
2026-03-02,18,1224
2026-03-02,19,1165
2026-03-02,20,1460
2026-03-02,21,1663
2026-03-02,22,1550
2026-03-02,23,1048
2026-03-03,0,755
2026-03-03,1,212
2026-03-03,2,66
2026-03-03,3,1429
2026-03-03,4,66
2026-03-03,5,108
2026-03-03,6,351
2026-03-03,7,618
2026-03-03,8,926
2026-03-03,9,1137
2026-03-03,10,1223
2026-03-03,11,1307
2026-03-03,12,1747
2026-03-03,13,1454
2026-03-03,14,1299
2026-03-03,15,1111
2026-03-03,16,1017
2026-03-03,17,1056
2026-03-03,18,1222
2026-03-03,19,1293
2026-03-03,20,1581
2026-03-03,21,1744
2026-03-03,22,1177
2026-03-03,23,942
2026-03-04,0,748
2026-03-04,1,325
2026-03-04,2,101
2026-03-04,3,1193
2026-03-04,4,63
2026-03-04,5,115
2026-03-04,6,353
2026-03-04,7,720
2026-03-04,8,1011
2026-03-04,9,1283
2026-03-04,10,1420
2026-03-04,11,1326
2026-03-04,12,1313
2026-03-04,13,1352
2026-03-04,14,1345
2026-03-04,15,1379
2026-03-04,16,1044
2026-03-04,17,1435
2026-03-04,18,1393
2026-03-04,19,1649
2026-03-04,20,1660
2026-03-04,21,1426
2026-03-04,22,1670
2026-03-04,23,990
2026-03-05,0,409
2026-03-05,1,169
2026-03-05,2,87
2026-03-05,3,1562
2026-03-05,4,327
2026-03-05,5,129
2026-03-05,6,376
2026-03-05,7,698
2026-03-05,8,1143
2026-03-05,9,1361
2026-03-05,10,1710
2026-03-05,11,1663
2026-03-05,12,1250
2026-03-05,13,1634
2026-03-05,14,1712
2026-03-05,15,1177
2026-03-05,16,1119
2026-03-05,17,1083
2026-03-05,18,1299
2026-03-05,19,1208
2026-03-05,20,1515
2026-03-05,21,1477
2026-03-05,22,1843
2026-03-05,23,1183
2026-03-06,0,812
2026-03-06,1,227
2026-03-06,2,125
2026-03-06,3,1249
2026-03-06,4,121
2026-03-06,5,319
2026-03-06,6,377
2026-03-06,7,843
2026-03-06,8,1100
2026-03-06,9,1299
2026-03-06,10,1477
2026-03-06,11,1434
2026-03-06,12,1496
2026-03-06,13,1589
2026-03-06,14,1516
2026-03-06,15,1298
2026-03-06,16,1069
2026-03-06,17,1172
2026-03-06,18,1085
2026-03-06,19,1148
2026-03-06,20,1284
2026-03-06,21,1432
2026-03-06,22,1365
2026-03-06,23,1149
2026-03-07,0,683
2026-03-07,1,219
2026-03-07,2,89
2026-03-07,3,1283
2026-03-07,4,138
2026-03-07,5,63
2026-03-07,6,190
2026-03-07,7,598
2026-03-07,8,1091
2026-03-07,9,1204
2026-03-07,10,1349
2026-03-07,11,1332
2026-03-07,12,1218
2026-03-07,13,1507
2026-03-07,14,1291
2026-03-07,15,1123
2026-03-07,16,1024
2026-03-07,17,1218
2026-03-07,18,1377
2026-03-07,19,1443
2026-03-07,20,1541
2026-03-07,21,1625
2026-03-07,22,1660
2026-03-07,23,1342
2026-03-08,0,1002
2026-03-08,1,322
2026-03-08,2,56
2026-03-08,3,1279
2026-03-08,4,138
2026-03-08,5,51
2026-03-08,6,168
2026-03-08,7,509
2026-03-08,8,782
2026-03-08,9,1146
2026-03-08,10,1516
2026-03-08,11,1431
2026-03-08,12,1456
2026-03-08,13,1366
2026-03-08,14,1246
2026-03-08,15,1133
2026-03-08,16,1060
2026-03-08,17,1179
2026-03-08,18,1307
2026-03-08,19,1412
2026-03-08,20,1641
2026-03-08,21,1528
2026-03-08,22,1526
2026-03-08,23,1009
2026-03-09,0,654
2026-03-09,1,289
2026-03-09,2,68
2026-03-09,3,1378
2026-03-09,4,64
2026-03-09,5,11
2026-03-09,6,450
2026-03-09,7,846
2026-03-09,8,1289
2026-03-09,9,1689
2026-03-09,10,1747
2026-03-09,11,1774
2026-03-09,12,2011
2026-03-09,13,2161
2026-03-09,14,2033
2026-03-09,15,1759
2026-03-09,16,1394
2026-03-09,17,1422
2026-03-09,18,1539
2026-03-09,19,1597
2026-03-09,20,2088
2026-03-09,21,1713
2026-03-09,22,1588
2026-03-09,23,1273
2026-03-10,0,716
2026-03-10,1,293
2026-03-10,2,129
2026-03-10,3,1254
2026-03-10,4,152
2026-03-10,5,719
2026-03-10,6,371
2026-03-10,7,1292
2026-03-10,8,1674
2026-03-10,9,1657
2026-03-10,10,1887
2026-03-10,11,1879
2026-03-10,12,2015
2026-03-10,13,1869
2026-03-10,14,1820
2026-03-10,15,1564
2026-03-10,16,1333
2026-03-10,17,1431
2026-03-10,18,1468
2026-03-10,19,1628
2026-03-10,20,1573
2026-03-10,21,1984
2026-03-10,22,1918
2026-03-10,23,1337
2026-03-11,0,483
2026-03-11,1,210
2026-03-11,2,123
2026-03-11,3,1499
2026-03-11,4,116
2026-03-11,5,215
2026-03-11,6,573
2026-03-11,7,986
2026-03-11,8,1610
2026-03-11,9,1611
2026-03-11,10,2045
2026-03-11,11,1944
2026-03-11,12,1963
2026-03-11,13,2151
2026-03-11,14,2053
2026-03-11,15,1616
2026-03-11,16,1245
2026-03-11,17,1476
2026-03-11,18,1593
2026-03-11,19,1601
2026-03-11,20,2110
2026-03-11,21,1943
2026-03-11,22,1916
2026-03-11,23,1501
2026-03-12,0,496
2026-03-12,1,214
2026-03-12,2,127
2026-03-12,3,1759
2026-03-12,4,221
2026-03-12,5,384
2026-03-12,6,425
2026-03-12,7,719
2026-03-12,8,1683
2026-03-12,9,1665
2026-03-12,10,1885
2026-03-12,11,1908
2026-03-12,12,1909
2026-03-12,13,2122
2026-03-12,14,2323
2026-03-12,15,1813
2026-03-12,16,926
2026-03-12,17,415
2026-03-12,18,3355
2026-03-12,19,897
2026-03-12,20,3398
2026-03-12,21,2235
2026-03-12,22,2121
2026-03-12,23,1584
2026-03-13,0,871
2026-03-13,1,516
2026-03-13,2,134
2026-03-13,3,1554
2026-03-13,4,95
2026-03-13,5,280
2026-03-13,6,692
2026-03-13,7,1140
2026-03-13,8,1534
2026-03-13,9,1941
2026-03-13,10,2122
2026-03-13,11,1944
2026-03-13,12,1904
2026-03-13,13,1688
2026-03-13,14,1755
2026-03-13,15,1776
2026-03-13,16,1394
2026-03-13,17,1526
2026-03-13,18,1475
2026-03-13,19,1707
2026-03-13,20,1793
2026-03-13,21,1595
2026-03-13,22,1645
2026-03-13,23,1516
2026-03-14,0,491
2026-03-14,1,228
2026-03-14,2,113
2026-03-14,3,2107
2026-03-14,4,94
2026-03-14,5,155
2026-03-14,6,375
2026-03-14,7,896
2026-03-14,8,1564
2026-03-14,9,1870
2026-03-14,10,1893
2026-03-14,11,1757
2026-03-14,12,1886
2026-03-14,13,1876
2026-03-14,14,1824
2026-03-14,15,1624
2026-03-14,16,1453
2026-03-14,17,1769
2026-03-14,18,1787
2026-03-14,19,1799
2026-03-14,20,2262
2026-03-14,21,2140
2026-03-14,22,1960
2026-03-14,23,1566
2026-03-15,0,1084
2026-03-15,1,700
2026-03-15,2,123
2026-03-15,3,1843
2026-03-15,4,164
2026-03-15,5,173
2026-03-15,6,361
2026-03-15,7,707
2026-03-15,8,1340
2026-03-15,9,1701
2026-03-15,10,2173
2026-03-15,11,2086
2026-03-15,12,2002
2026-03-15,13,2084
2026-03-15,14,2049
2026-03-15,15,1563
2026-03-15,16,1250
2026-03-15,17,1882
2026-03-15,18,1767
2026-03-15,19,1872
2026-03-15,20,2180
2026-03-15,21,2122
2026-03-15,22,2142
2026-03-15,23,1573
2026-03-16,0,883
2026-03-16,1,583
2026-03-16,2,154
2026-03-16,3,1273
2026-03-16,4,342
2026-03-16,5,256
2026-03-16,6,587
2026-03-16,7,1318
2026-03-16,8,1656
2026-03-16,9,805
2026-03-16,11,5338
2026-03-16,12,2517
2026-03-16,13,2466
2026-03-16,14,2487
2026-03-16,15,2138
2026-03-16,16,1807
2026-03-16,17,1863
2026-03-16,18,2035
2026-03-16,19,2537
2026-03-16,20,2684
2026-03-16,21,2609
2026-03-16,22,2103
2026-03-16,23,1329
2026-03-17,0,944
2026-03-17,1,340
2026-03-17,2,161
2026-03-17,3,2252
2026-03-17,4,115
2026-03-17,5,292
2026-03-17,6,684
2026-03-17,7,1386
2026-03-17,8,2121
2026-03-17,9,2186
2026-03-17,10,2083
2026-03-17,11,2076
2026-03-17,12,2183
2026-03-17,13,2233
2026-03-17,14,1983
2026-03-17,15,1910
2026-03-17,16,1757
2026-03-17,17,1938
2026-03-17,18,1762
2026-03-17,19,2266
2026-03-17,20,2400
2026-03-17,21,2296
2026-03-17,22,2379
2026-03-17,23,1801
2026-03-18,0,860
2026-03-18,1,373
2026-03-18,2,219
2026-03-18,3,1793
2026-03-18,4,133
2026-03-18,5,273
2026-03-18,6,749
2026-03-18,7,1197
2026-03-18,8,1800
2026-03-18,9,2326
2026-03-18,10,1922
2026-03-18,11,2248
2026-03-18,12,1951
2026-03-18,13,2090
2026-03-18,14,2094
2026-03-18,15,1855
2026-03-18,16,1709
2026-03-18,17,1853
2026-03-18,18,1933
2026-03-18,19,2220
2026-03-18,20,2296
2026-03-18,21,2457
2026-03-18,22,2524
2026-03-18,23,1782
2026-03-19,0,827
2026-03-19,1,545
2026-03-19,2,122
2026-03-19,3,1980
2026-03-19,4,336
2026-03-19,5,316
2026-03-19,6,696
2026-03-19,7,1154
2026-03-19,8,1824
2026-03-19,9,2194
2026-03-19,10,2013
2026-03-19,11,2206
2026-03-19,12,2105
2026-03-19,13,2512
2026-03-19,14,1981
2026-03-19,15,1703
2026-03-19,16,1721
2026-03-19,17,1896
2026-03-19,18,1980
2026-03-19,19,1982
2026-03-19,20,2469
2026-03-19,21,2590
2026-03-19,22,2619
2026-03-19,23,1708
2026-03-20,0,808
2026-03-20,1,558
2026-03-20,2,326
2026-03-20,3,2231
2026-03-20,4,913
2026-03-20,5,394
2026-03-20,6,1006
2026-03-20,7,1251
2026-03-20,8,2146
2026-03-20,9,1940
2026-03-20,10,2129
2026-03-20,11,1880
2026-03-20,12,2005
2026-03-20,13,1949
2026-03-20,14,1706
2026-03-20,15,1839
2026-03-20,16,1626
2026-03-20,17,1738
2026-03-20,18,1824
2026-03-20,19,2075
2026-03-20,20,2246
2026-03-20,21,1972
2026-03-20,22,1921
2026-03-20,23,1514
2026-03-21,0,741
2026-03-21,1,625
2026-03-21,2,241
2026-03-21,3,2474
2026-03-21,4,371
2026-03-21,5,193
2026-03-21,6,457
2026-03-21,7,887
2026-03-21,8,1697
2026-03-21,9,1860
2026-03-21,10,1978
2026-03-21,11,2105
2026-03-21,12,2016
2026-03-21,13,2205
2026-03-21,14,1716
2026-03-21,15,1721
2026-03-21,16,1724
2026-03-21,17,2038
2026-03-21,18,2154
2026-03-21,19,2408
2026-03-21,20,2617
2026-03-21,21,2366
2026-03-21,22,2661
2026-03-21,23,1681
2026-03-22,0,998
2026-03-22,1,572
2026-03-22,2,161
2026-03-22,3,2050
2026-03-22,4,254
2026-03-22,5,121
2026-03-22,6,297
2026-03-22,7,663
2026-03-22,8,1524
2026-03-22,9,1775
2026-03-22,10,2076
2026-03-22,11,2223
2026-03-22,12,2215
2026-03-22,13,2166
2026-03-22,14,1964
2026-03-22,15,1829
2026-03-22,16,1668
2026-03-22,17,2068
2026-03-22,18,2139
2026-03-22,19,2483
2026-03-22,20,3255
2026-03-22,21,3343
2026-03-22,22,2992
2026-03-22,23,2192
2026-03-23,0,665
2026-03-23,1,695
2026-03-23,2,197
2026-03-23,3,1603
2026-03-23,4,192
2026-03-23,5,238
2026-03-23,6,515
2026-03-23,7,1120
2026-03-23,8,1879
2026-03-23,9,2281
2026-03-23,10,2734
2026-03-23,11,2708
2026-03-23,12,2699
2026-03-23,13,2635
2026-03-23,14,2700
2026-03-23,15,2415
2026-03-23,16,2423
2026-03-23,17,2528
2026-03-23,18,2637
2026-03-23,19,3069
2026-03-23,20,3551
2026-03-23,21,3195
2026-03-23,22,3093
2026-03-23,23,1837
2026-03-24,0,575
2026-03-24,1,278
2026-03-24,2,417
2026-03-24,3,1602
2026-03-24,4,410
2026-03-24,5,631
2026-03-24,6,760
2026-03-24,7,1135
2026-03-24,8,1876
2026-03-24,9,2327
2026-03-24,10,2495
2026-03-24,11,2403
2026-03-24,12,2670
2026-03-24,13,1876
2026-03-24,14,337
2026-03-24,15,4074
2026-03-24,16,2291
2026-03-24,17,2339
2026-03-24,18,2380
2026-03-24,19,2696
2026-03-24,20,3477
2026-03-24,21,3508
2026-03-24,22,3356
2026-03-24,23,2251
2026-03-25,0,798
2026-03-25,1,688
2026-03-25,2,377
2026-03-25,3,1567
2026-03-25,4,545
2026-03-25,5,344
2026-03-25,6,825
2026-03-25,7,1353
2026-03-25,8,2061
2026-03-25,9,2215
2026-03-25,10,2462
2026-03-25,11,2499
2026-03-25,12,2287
2026-03-25,13,2337
2026-03-25,14,2119
2026-03-25,15,2303
2026-03-25,16,2242
2026-03-25,17,2319
2026-03-25,18,2503
2026-03-25,19,2791
2026-03-25,20,3059
2026-03-25,21,3159
2026-03-25,22,3265
2026-03-25,23,2125
2026-03-26,0,854
2026-03-26,1,811
2026-03-26,2,495
2026-03-26,3,1591
2026-03-26,4,111
2026-03-26,5,297
2026-03-26,6,734
2026-03-26,7,1139
2026-03-26,8,1795
2026-03-26,9,2582
2026-03-26,10,2600
2026-03-26,11,2580
2026-03-26,12,2323
2026-03-26,13,2201
2026-03-26,14,2334
2026-03-26,15,2260
2026-03-26,16,2335
2026-03-26,17,2682
2026-03-26,18,2547
2026-03-26,19,2956
2026-03-26,20,3597
2026-03-26,21,3245
2026-03-26,22,3640
2026-03-26,23,2353
2026-03-27,0,943
2026-03-27,1,778
2026-03-27,2,350
2026-03-27,3,1494
2026-03-27,4,117
2026-03-27,5,344
2026-03-27,6,723
2026-03-27,7,1138
2026-03-27,8,1828
2026-03-27,9,2068
2026-03-27,10,2331
2026-03-27,11,2342
2026-03-27,12,2224
2026-03-27,13,2223
2026-03-27,14,2312
2026-03-27,15,2263
2026-03-27,16,2538
2026-03-27,17,2629
2026-03-27,18,2626
2026-03-27,19,2776
2026-03-27,20,3038
2026-03-27,21,2664
2026-03-27,22,3041
2026-03-27,23,2234
2026-03-28,0,779
2026-03-28,1,539
2026-03-28,2,417
2026-03-28,3,1682
2026-03-28,4,126
2026-03-28,5,280
2026-03-28,6,458
2026-03-28,7,815
2026-03-28,8,1560
2026-03-28,9,1833
2026-03-28,10,2159
2026-03-28,11,2182
2026-03-28,12,2419
2026-03-28,13,2386
2026-03-28,14,2077
2026-03-28,15,2055
2026-03-28,16,2153
2026-03-28,17,2328
2026-03-28,18,2469
2026-03-28,19,2794
2026-03-28,20,3005
2026-03-28,21,3000
2026-03-28,22,2909
2026-03-28,23,2281
2026-03-29,0,695
2026-03-29,1,608
2026-03-29,3,1982
2026-03-29,4,338
2026-03-29,5,227
2026-03-29,6,181
2026-03-29,7,331
2026-03-29,8,826
2026-03-29,9,1355
2026-03-29,10,1998
2026-03-29,11,2187
2026-03-29,12,2376
2026-03-29,13,2619
2026-03-29,14,2305
2026-03-29,15,2288
2026-03-29,16,2622
2026-03-29,17,2921
2026-03-29,18,2913
2026-03-29,19,2945
2026-03-29,20,3506
2026-03-29,21,3632
2026-03-29,22,4009
2026-03-29,23,2718
2026-03-30,0,990
2026-03-30,1,700
2026-03-30,2,326
2026-03-30,3,1172
2026-03-30,4,740
2026-03-30,5,250
2026-03-30,6,620
2026-03-30,7,1046
2026-03-30,8,1610
2026-03-30,9,2200
2026-03-30,10,2580
2026-03-30,11,2595
2026-03-30,12,2645
2026-03-30,13,3003
2026-03-30,14,2849
2026-03-30,15,2573
2026-03-30,16,2872
2026-03-30,17,3091
2026-03-30,18,2900
2026-03-30,19,3226
2026-03-30,20,3630
2026-03-30,21,4031
2026-03-30,22,4286
2026-03-30,23,2955
2026-03-31,0,1016
2026-03-31,1,773
2026-03-31,2,589
2026-03-31,3,1877
2026-03-31,4,920
2026-03-31,5,189
2026-03-31,6,541
2026-03-31,7,1716
2026-03-31,8,1615
2026-03-31,9,2325
2026-03-31,10,2777
2026-03-31,11,2944
2026-03-31,12,2665
2026-03-31,13,2680
2026-03-31,14,2441
2026-03-31,15,2549
2026-03-31,16,2859
2026-03-31,17,2690
2026-03-31,18,2712
2026-03-31,19,3023
2026-03-31,20,3914
2026-03-31,21,4100
2026-03-31,22,4555
2026-03-31,23,3053
2026-04-01,0,1004
2026-04-01,1,682
2026-04-01,2,671
2026-04-01,3,1830
2026-04-01,4,59
2026-04-01,5,250
2026-04-01,6,231
2026-04-01,7,1620
2026-04-01,8,1315
2026-04-01,9,1994
2026-04-01,10,2938
2026-04-01,11,75
2026-04-01,12,19
2026-04-01,13,6849
2026-04-01,14,2476
2026-04-01,15,2607
2026-04-01,16,2617
2026-04-01,17,2583
2026-04-01,18,2870
2026-04-01,19,3055
2026-04-01,20,4001
2026-04-01,21,4006
2026-04-01,22,4728
2026-04-01,23,3582
2026-04-02,0,1014
2026-04-02,1,700
2026-04-02,2,751
2026-04-02,3,1227
2026-04-02,4,473
2026-04-02,5,404
2026-04-02,6,696
2026-04-02,7,1043
2026-04-02,8,1670
2026-04-02,9,2157
2026-04-02,10,2226
2026-04-02,11,2183
2026-04-02,12,2227
2026-04-02,13,2457
2026-04-02,14,1932
2026-04-02,15,2308
2026-04-02,16,1928
2026-04-02,17,2024
2026-04-02,18,2370
2026-04-02,19,2138
2026-04-02,20,2463
2026-04-02,21,2543
2026-04-02,22,2918
2026-04-02,23,2451
2026-04-03,0,915
2026-04-03,1,591
2026-04-03,2,190
2026-04-03,3,2043
2026-04-03,4,153
2026-04-03,5,155
2026-04-03,6,287
2026-04-03,7,606
2026-04-03,8,1215
2026-04-03,9,1647
2026-04-03,10,2172
2026-04-03,11,2549
2026-04-03,12,2203
2026-04-03,13,2104
2026-04-03,14,2218
2026-04-03,15,1640
2026-04-03,16,1776
2026-04-03,17,2415
2026-04-03,18,2331
2026-04-03,19,2150
2026-04-03,20,2646
2026-04-03,21,2832
2026-04-03,22,3163
2026-04-03,23,2270
2026-04-04,0,804
2026-04-04,1,724
2026-04-04,2,265
2026-04-04,3,1234
2026-04-04,4,109
2026-04-04,5,219
2026-04-04,6,279
2026-04-04,7,685
2026-04-04,8,1114
2026-04-04,9,1498
2026-04-04,10,1475
2026-04-04,11,1716
2026-04-04,12,1671
2026-04-04,13,1564
2026-04-04,14,1562
2026-04-04,15,1428
2026-04-04,16,1684
2026-04-04,17,1712
2026-04-04,18,1634
2026-04-04,19,1838
2026-04-04,20,1879
2026-04-04,21,2030
2026-04-04,22,2164
2026-04-04,23,1770
2026-04-05,0,701
2026-04-05,1,415
2026-04-05,2,155
2026-04-05,3,1052
2026-04-05,4,62
2026-04-05,5,128
2026-04-05,6,201
2026-04-05,7,511
2026-04-05,8,872
2026-04-05,9,1252
2026-04-05,10,1368
2026-04-05,11,1511
2026-04-05,12,1363
2026-04-05,13,1405
2026-04-05,14,1249
2026-04-05,15,1218
2026-04-05,16,1515
2026-04-05,17,1578
2026-04-05,18,1686
2026-04-05,19,1590
2026-04-05,20,2485
2026-04-05,21,2124
2026-04-05,22,2302
2026-04-05,23,1811
2026-04-06,0,571
2026-04-06,1,614
2026-04-06,2,183
2026-04-06,3,834
2026-04-06,4,266
2026-04-06,5,169
2026-04-06,6,205
2026-04-06,7,430
2026-04-06,8,917
2026-04-06,9,1288
2026-04-06,10,1540
2026-04-06,11,1993
2026-04-06,12,1818
2026-04-06,13,2096
2026-04-06,14,1995
2026-04-06,15,1820
2026-04-06,16,1924
2026-04-06,17,2205
2026-04-06,18,2742
2026-04-06,19,2904
2026-04-06,20,3343
2026-04-06,21,3562
2026-04-06,22,3553
2026-04-06,23,2585
2026-04-07,0,1068
2026-04-07,1,839
2026-04-07,2,726
2026-04-07,3,1764
2026-04-07,4,771
2026-04-07,5,728
2026-04-07,6,616
2026-04-07,7,1565
2026-04-07,8,1941
2026-04-07,9,2811
2026-04-07,10,3013
2026-04-07,11,3431
2026-04-07,12,3707
2026-04-07,13,3615
2026-04-07,14,3285
2026-04-07,15,3159
2026-04-07,16,3033
2026-04-07,17,3199
2026-04-07,18,3474
2026-04-07,19,3421
2026-04-07,20,4084
2026-04-07,21,4600
2026-04-07,22,4432
2026-04-07,23,3147
2026-04-08,0,1150
2026-04-08,1,691
2026-04-08,2,336
2026-04-08,3,2302
2026-04-08,4,199
2026-04-08,5,223
2026-04-08,6,802
2026-04-08,7,1413
2026-04-08,8,2308
2026-04-08,9,2931
2026-04-08,10,3155
2026-04-08,11,3373
2026-04-08,12,3238
2026-04-08,13,3392
2026-04-08,14,3052
2026-04-08,15,2913
2026-04-08,16,3068
2026-04-08,17,3321
2026-04-08,18,3524
2026-04-08,19,3467
2026-04-08,20,4237
2026-04-08,21,4416
2026-04-08,22,4461
2026-04-08,23,3412
2026-04-09,0,1319
2026-04-09,1,990
2026-04-09,2,477
2026-04-09,3,1216
2026-04-09,4,399
2026-04-09,5,892
2026-04-09,6,791
2026-04-09,7,1321
2026-04-09,8,2182
2026-04-09,9,2624
2026-04-09,10,2987
2026-04-09,11,3012
2026-04-09,12,3688
2026-04-09,13,3429
2026-04-09,14,3238
2026-04-09,15,2820
2026-04-09,16,3050
2026-04-09,17,995
2026-04-09,18,5273
2026-04-09,19,3602
2026-04-09,20,4509
2026-04-09,21,4629
2026-04-09,22,4416
2026-04-09,23,3350
2026-04-10,0,1410
2026-04-10,1,928
2026-04-10,2,628
2026-04-10,3,1811
2026-04-10,4,1211
2026-04-10,5,415
2026-04-10,6,668
2026-04-10,7,1164
2026-04-10,8,2340
2026-04-10,9,3141
2026-04-10,10,3859
2026-04-10,11,3351
2026-04-10,12,3304
2026-04-10,13,3304
2026-04-10,14,3095
2026-04-10,15,2995
2026-04-10,16,2787
2026-04-10,17,2994
2026-04-10,18,3084
2026-04-10,19,3670
2026-04-10,20,3642
2026-04-10,21,3955
2026-04-10,22,3725
2026-04-10,23,3001
2026-04-11,0,1182
2026-04-11,1,798
2026-04-11,2,220
2026-04-11,3,1641
2026-04-11,4,367
2026-04-11,5,517
2026-04-11,6,728
2026-04-11,7,1238
2026-04-11,8,2067
2026-04-11,9,2533
2026-04-11,10,2812
2026-04-11,11,2744
2026-04-11,12,2974
2026-04-11,13,2684
2026-04-11,14,2642
2026-04-11,15,2387
2026-04-11,16,2576
2026-04-11,17,2622
2026-04-11,18,2615
2026-04-11,19,2884
2026-04-11,20,3350
2026-04-11,21,3446
2026-04-11,22,4024
2026-04-11,23,3264
2026-04-12,0,1158
2026-04-12,1,658
2026-04-12,2,498
2026-04-12,3,2111
2026-04-12,4,531
2026-04-12,5,127
2026-04-12,6,286
2026-04-12,7,858
2026-04-12,8,1376
2026-04-12,9,2182
2026-04-12,10,2656
2026-04-12,11,2712
2026-04-12,12,2709
2026-04-12,13,2736
2026-04-12,14,2681
2026-04-12,15,2383
2026-04-12,16,2675
2026-04-12,17,2839
2026-04-12,18,3349
2026-04-12,19,3412
2026-04-12,20,4205
2026-04-12,21,4183
2026-04-12,22,3958
2026-04-12,23,2733
2026-04-13,0,1360
2026-04-13,1,635
2026-04-13,2,393
2026-04-13,3,1789
2026-04-13,4,103
2026-04-13,5,217
2026-04-13,6,824
2026-04-13,7,1115
2026-04-13,8,2207
2026-04-13,9,2730
2026-04-13,10,3273
2026-04-13,11,3050
2026-04-13,12,2999
2026-04-13,13,3429
2026-04-13,14,3197
2026-04-13,15,3066
2026-04-13,16,2737
2026-04-13,17,2976
2026-04-13,18,3511
2026-04-13,19,3733
2026-04-13,20,4275
2026-04-13,21,4481
2026-04-13,22,4561
2026-04-13,23,3002
2026-04-14,0,1318
2026-04-14,1,869
2026-04-14,2,545
2026-04-14,3,2529
2026-04-14,4,252
2026-04-14,5,412
2026-04-14,6,791
2026-04-14,7,1552
2026-04-14,8,2160
2026-04-14,9,2918
2026-04-14,10,3348
2026-04-14,11,3391
2026-04-14,12,3394
2026-04-14,13,3267
2026-04-14,14,3478
2026-04-14,15,3318
2026-04-14,16,2980
2026-04-14,17,3278
2026-04-14,18,3488
2026-04-14,19,3636
2026-04-14,20,4248
2026-04-14,21,4347
2026-04-14,22,4203
2026-04-14,23,3218
2026-04-15,0,1521
2026-04-15,1,772
2026-04-15,2,268
2026-04-15,3,1668
2026-04-15,4,203
2026-04-15,5,416
2026-04-15,6,781
2026-04-15,7,1509
2026-04-15,8,2188
2026-04-15,9,2916
2026-04-15,10,3458
2026-04-15,11,3098
2026-04-15,12,3249
2026-04-15,13,3162
2026-04-15,14,3077
2026-04-15,15,2784
2026-04-15,16,2640
2026-04-15,17,2781
2026-04-15,18,3340
2026-04-15,19,3423
2026-04-15,20,4046
2026-04-15,21,4227
2026-04-15,22,4319
2026-04-15,23,2818
2026-04-16,0,1434
2026-04-16,1,710
2026-04-16,2,253
2026-04-16,3,1891
2026-04-16,4,408
2026-04-16,5,575
2026-04-16,6,949
2026-04-16,7,1678
2026-04-16,8,2378
2026-04-16,9,3009
2026-04-16,10,2974
2026-04-16,11,2874
2026-04-16,12,2950
2026-04-16,13,3013
2026-04-16,14,2779
2026-04-16,15,2660
2026-04-16,16,2667
2026-04-16,17,2791
2026-04-16,18,3223
2026-04-16,19,3537
2026-04-16,20,4188
2026-04-16,21,4249
2026-04-16,22,4040
2026-04-16,23,3152
2026-04-17,0,1472
2026-04-17,1,1033
2026-04-17,2,402
2026-04-17,3,1901
2026-04-17,4,227
2026-04-17,5,325
2026-04-17,6,822
2026-04-17,7,1562
2026-04-17,8,2346
2026-04-17,9,3078
2026-04-17,10,2592
2026-04-17,11,2901
2026-04-17,12,2569
2026-04-17,13,2001
2026-04-17,14,2947
2026-04-17,15,2732
2026-04-17,16,2439
2026-04-17,17,2267
2026-04-17,18,2994
2026-04-17,19,2909
2026-04-17,20,3455
2026-04-17,21,3453
2026-04-17,22,3631
2026-04-17,23,2884
2026-04-18,0,962
2026-04-18,1,962
2026-04-18,2,563
2026-04-18,3,1147
2026-04-18,4,647
2026-04-18,5,248
2026-04-18,6,557
2026-04-18,7,1137
2026-04-18,8,1852
2026-04-18,9,1998
2026-04-18,10,2303
2026-04-18,11,2302
2026-04-18,12,2412
2026-04-18,13,2174
2026-04-18,14,2018
2026-04-18,15,2074
2026-04-18,16,1980
2026-04-18,17,2237
2026-04-18,18,2395
2026-04-18,19,2737
2026-04-18,20,3513
2026-04-18,21,3376
2026-04-18,22,3682
2026-04-18,23,2766
2026-04-19,0,1040
2026-04-19,1,923
2026-04-19,2,449
2026-04-19,3,1668
2026-04-19,4,92
2026-04-19,5,205
2026-04-19,6,359
2026-04-19,7,941
2026-04-19,8,1635
2026-04-19,9,2248
2026-04-19,10,2490
2026-04-19,11,2942
2026-04-19,12,2803
2026-04-19,13,2832
2026-04-19,14,2773
2026-04-19,15,2559
2026-04-19,16,2573
2026-04-19,17,3277
2026-04-19,18,3408
2026-04-19,19,3566
2026-04-19,20,4560
2026-04-19,21,4569
2026-04-19,22,4625
2026-04-19,23,2979
2026-04-20,0,1207
2026-04-20,1,905
2026-04-20,2,693
2026-04-20,3,1999
2026-04-20,4,647
2026-04-20,5,304
2026-04-20,6,721
2026-04-20,7,1338
2026-04-20,8,2352
2026-04-20,9,3000
2026-04-20,10,3325
2026-04-20,11,3378
2026-04-20,12,2146
2026-04-20,13,3926
2026-04-20,14,3103
2026-04-20,15,3194
2026-04-20,16,2868
2026-04-20,17,3415
2026-04-20,18,3576
2026-04-20,19,3673
2026-04-20,20,4403
2026-04-20,21,4862
2026-04-20,22,4694
2026-04-20,23,2667
2026-04-21,0,1515
2026-04-21,1,766
2026-04-21,2,732
2026-04-21,3,1932
2026-04-21,4,981
2026-04-21,5,313
2026-04-21,6,867
2026-04-21,7,1356
2026-04-21,8,2351
2026-04-21,9,3077
2026-04-21,10,3124
2026-04-21,11,3123
2026-04-21,12,3301
2026-04-21,13,3063
2026-04-21,14,3089
2026-04-21,15,2871
2026-04-21,16,2782
2026-04-21,17,3290
2026-04-21,18,3394
2026-04-21,19,3721
2026-04-21,20,4335
2026-04-21,21,4722
2026-04-21,22,4158
2026-04-21,23,3327
2026-04-22,0,1353
2026-04-22,1,751
2026-04-22,2,603
2026-04-22,3,1242
2026-04-22,4,1039
2026-04-22,5,352
2026-04-22,6,975
2026-04-22,7,1640
2026-04-22,8,2597
2026-04-22,9,3189
2026-04-22,10,3045
2026-04-22,11,3285
2026-04-22,12,3294
2026-04-22,13,3031
2026-04-22,14,3175
2026-04-22,15,3067
2026-04-22,16,2819
2026-04-22,17,3298
2026-04-22,18,3367
2026-04-22,19,3594
2026-04-22,20,4357
2026-04-22,21,4322
2026-04-22,22,4747
2026-04-22,23,3134
2026-04-23,0,1410
2026-04-23,1,947
2026-04-23,2,289
2026-04-23,3,1596
2026-04-23,4,217
2026-04-23,5,522
2026-04-23,6,1054
2026-04-23,7,1637
2026-04-23,8,2162
2026-04-23,9,3048
2026-04-23,10,3223
2026-04-23,11,3255
2026-04-23,12,3224
2026-04-23,13,3317
2026-04-23,14,3345
2026-04-23,15,3064
2026-04-23,16,2816
2026-04-23,17,3039
2026-04-23,18,2928
2026-04-23,19,3590
2026-04-23,20,4564
2026-04-23,21,5008
2026-04-23,22,5584
2026-04-23,23,3367
2026-04-24,0,1452
2026-04-24,1,1124
2026-04-24,2,928
2026-04-24,3,1638
2026-04-24,4,170
2026-04-24,5,360
2026-04-24,6,1545
2026-04-24,7,1738
2026-04-24,8,2108
2026-04-24,9,3027
2026-04-24,10,3044
2026-04-24,11,2760
2026-04-24,12,3214
2026-04-24,13,2742
2026-04-24,14,2907
2026-04-24,15,2603
2026-04-24,16,2554
2026-04-24,17,3062
2026-04-24,18,2796
2026-04-24,19,3346
2026-04-24,20,3661
2026-04-24,21,3601
2026-04-24,22,3983
2026-04-24,23,2954
2026-04-25,0,1099
2026-04-25,1,882
2026-04-25,2,378
2026-04-25,3,1735
2026-04-25,4,1058
2026-04-25,5,315
2026-04-25,6,570
2026-04-25,7,1186
2026-04-25,8,1805
2026-04-25,9,2471
2026-04-25,10,2558
2026-04-25,11,2453
2026-04-25,12,2619
2026-04-25,13,2560
2026-04-25,14,2381
2026-04-25,15,2318
2026-04-25,16,2287
2026-04-25,17,2547
2026-04-25,18,2643
2026-04-25,19,2736
2026-04-25,20,3289
2026-04-25,21,3565
2026-04-25,22,3836
2026-04-25,23,2770
2026-04-26,0,1165
2026-04-26,1,800
2026-04-26,2,502
2026-04-26,3,1544
2026-04-26,4,378
2026-04-26,5,164
2026-04-26,6,389
2026-04-26,7,861
2026-04-26,8,1693
2026-04-26,9,2498
2026-04-26,10,2853
2026-04-26,11,3167
2026-04-26,12,3013
2026-04-26,13,3255
2026-04-26,14,2764
2026-04-26,15,2960
2026-04-26,16,2795
2026-04-26,17,3410
2026-04-26,18,3823
2026-04-26,19,4089
2026-04-26,20,4717
2026-04-26,21,5098
2026-04-26,22,5504
2026-04-26,23,2876
2026-04-27,0,1589
2026-04-27,1,928
2026-04-27,2,764
2026-04-27,3,1443
2026-04-27,4,601
2026-04-27,5,414
2026-04-27,6,920
2026-04-27,7,1788
2026-04-27,8,2620
2026-04-27,9,3382
2026-04-27,10,3441
2026-04-27,11,3615
2026-04-27,12,3406
2026-04-27,13,3227
2026-04-27,14,3236
2026-04-27,15,3089
2026-04-27,16,3258
2026-04-27,17,3717
2026-04-27,18,3558
2026-04-27,19,3823
2026-04-27,20,4789
2026-04-27,21,5370
2026-04-27,22,5630
2026-04-27,23,3500
2026-04-28,0,1244
2026-04-28,1,895
2026-04-28,2,829
2026-04-28,3,2393
2026-04-28,4,890
2026-04-28,5,414
2026-04-28,6,749
2026-04-28,7,1367
2026-04-28,8,2534
2026-04-28,9,2450
2026-04-28,10,2731
2026-04-28,11,2712
2026-04-28,12,2805
2026-04-28,13,2916
2026-04-28,14,2483
2026-04-28,15,2426
2026-04-28,16,2508
2026-04-28,17,2584
2026-04-28,18,3191
2026-04-28,19,3493
2026-04-28,20,4297
2026-04-28,21,4484
2026-04-28,22,4422
2026-04-28,23,2943
2026-04-29,0,1417
2026-04-29,1,928
2026-04-29,2,669
2026-04-29,3,1754
2026-04-29,4,853
2026-04-29,5,417
2026-04-29,6,1000
2026-04-29,7,1519
2026-04-29,8,2379
2026-04-29,9,2592
2026-04-29,10,3024
2026-04-29,11,2692
2026-04-29,12,2968
2026-04-29,13,2972
2026-04-29,14,2950
2026-04-29,15,2980
2026-04-29,16,2822
2026-04-29,17,3499
2026-04-29,18,3326
2026-04-29,19,3834
2026-04-29,20,4328
2026-04-29,21,4741
2026-04-29,22,4876
2026-04-29,23,3199
2026-04-30,0,1221
2026-04-30,1,877
2026-04-30,2,697
2026-04-30,3,1243
2026-04-30,4,703
2026-04-30,5,436
2026-04-30,6,785
2026-04-30,7,1416
2026-04-30,8,2360
2026-04-30,9,2514
2026-04-30,10,2508
2026-04-30,11,2561
2026-04-30,12,2592
2026-04-30,13,2384
2026-04-30,14,2402
2026-04-30,15,2387
2026-04-30,16,2444
2026-04-30,17,2358
2026-04-30,18,2198
2026-04-30,19,2261
2026-04-30,20,2708
2026-04-30,21,2729
2026-04-30,22,3497
2026-04-30,23,2645
2026-05-01,0,984
2026-05-01,1,697
2026-05-01,2,402
2026-05-01,3,1518
2026-05-01,4,360
2026-05-01,5,178
2026-05-01,6,487
2026-05-01,7,1082
2026-05-01,8,2697
2026-05-01,9,2033
2026-05-01,10,2333
2026-05-01,11,2433
2026-05-01,12,2306
2026-05-01,13,2393
2026-05-01,14,2260
2026-05-01,15,2072
2026-05-01,16,2149
2026-05-01,17,2130
2026-05-01,18,2479
2026-05-01,19,2822
2026-05-01,20,2944
2026-05-01,21,3545
2026-05-01,22,3395
2026-05-01,23,2567
2026-05-02,0,830
2026-05-02,1,495
2026-05-02,2,133
2026-05-02,3,1467
2026-05-02,4,114
2026-05-02,5,222
2026-05-02,6,395
2026-05-02,7,898
2026-05-02,8,1557
2026-05-02,9,2098
2026-05-02,10,2213
2026-05-02,11,2249
2026-05-02,12,2338
2026-05-02,13,2062
2026-05-02,14,2163
2026-05-02,15,2077
2026-05-02,16,2195
2026-05-02,17,2197
2026-05-02,18,2335
2026-05-02,19,2386
2026-05-02,20,2820
2026-05-02,21,3064
2026-05-02,22,3562
2026-05-02,23,2543
2026-05-03,0,987
2026-05-03,1,625
2026-05-03,2,193
2026-05-03,3,1877
2026-05-03,4,384
2026-05-03,5,150
2026-05-03,6,482
2026-05-03,7,730
2026-05-03,8,1440
2026-05-03,9,1848
2026-05-03,10,2198
2026-05-03,11,2600
2026-05-03,12,2563
2026-05-03,13,2404
2026-05-03,14,2309
2026-05-03,15,2474
2026-05-03,16,2573
2026-05-03,17,2770
2026-05-03,18,3379
2026-05-03,19,3336
2026-05-03,20,4008
2026-05-03,21,4467
2026-05-03,22,4943
2026-05-03,23,2902
2026-05-04,0,1077
2026-05-04,1,493
2026-05-04,2,181
2026-05-04,3,1542
2026-05-04,4,254
2026-05-04,5,339
2026-05-04,6,987
2026-05-04,7,1638
2026-05-04,8,2628
2026-05-04,9,3327
2026-05-04,10,3454
2026-05-04,11,3945
2026-05-04,12,3799
2026-05-04,13,3467
2026-05-04,14,3992
2026-05-04,15,3460
2026-05-04,16,3458
2026-05-04,17,3849
2026-05-04,18,3611
2026-05-04,19,4232
2026-05-04,20,5323
2026-05-04,21,5686
2026-05-04,22,6351
2026-05-04,23,3937
2026-05-05,0,1546
2026-05-05,1,865
2026-05-05,2,645
2026-05-05,3,2734
2026-05-05,4,226
2026-05-05,5,311
2026-05-05,6,1064
2026-05-05,7,1929
2026-05-05,8,2860
2026-05-05,9,3582
2026-05-05,10,3840
2026-05-05,11,3857
2026-05-05,12,2053
2026-05-05,13,5284
2026-05-05,14,3796
2026-05-05,15,3386
2026-05-05,16,3493
2026-05-05,17,4041
2026-05-05,18,4192
2026-05-05,19,4714
2026-05-05,20,5027
2026-05-05,21,5730
2026-05-05,22,5763
2026-05-05,23,3692
2026-05-06,0,1866
2026-05-06,1,1190
2026-05-06,2,860
2026-05-06,3,1818
2026-05-06,4,454
2026-05-06,5,515
2026-05-06,6,1282
2026-05-06,7,1726
2026-05-06,8,2962
2026-05-06,9,3743
2026-05-06,10,3673
2026-05-06,11,3793
2026-05-06,12,3697
2026-05-06,13,3891
2026-05-06,14,3914
2026-05-06,15,4025
2026-05-06,16,3999
2026-05-06,17,3765
2026-05-06,18,4090
2026-05-06,19,4449
2026-05-06,20,4944
2026-05-06,21,5886
2026-05-06,22,6518
2026-05-06,23,4222
2026-05-07,0,1518
2026-05-07,1,1068
2026-05-07,2,891
2026-05-07,3,1989
2026-05-07,4,496
2026-05-07,5,414
2026-05-07,6,988
2026-05-07,7,1830
2026-05-07,8,2749
2026-05-07,9,3696
2026-05-07,10,3718
2026-05-07,11,3668
2026-05-07,12,3742
2026-05-07,13,3795
2026-05-07,14,3619
2026-05-07,15,3699
2026-05-07,16,3734
2026-05-07,17,4111
2026-05-07,18,3731
2026-05-07,19,4187
2026-05-07,20,5277
2026-05-07,21,5298
2026-05-07,22,6291
2026-05-07,23,3929
2026-05-08,0,1391
2026-05-08,1,1159
2026-05-08,2,840
2026-05-08,3,1816
2026-05-08,4,600
2026-05-08,5,369
2026-05-08,6,970
2026-05-08,7,1825
2026-05-08,8,2646
2026-05-08,9,3516
2026-05-08,10,3940
2026-05-08,11,3654
2026-05-08,12,3903
2026-05-08,13,3662
2026-05-08,14,3265
2026-05-08,15,3380
2026-05-08,16,3507
2026-05-08,17,3526
2026-05-08,18,3616
2026-05-08,19,3942
2026-05-08,20,4313
2026-05-08,21,4685
2026-05-08,22,5342
2026-05-08,23,3798
2026-05-09,0,1348
2026-05-09,1,1041
2026-05-09,2,775
2026-05-09,3,2139
2026-05-09,4,200
2026-05-09,5,364
2026-05-09,6,782
2026-05-09,7,1286
2026-05-09,8,2155
2026-05-09,9,2750
2026-05-09,10,3180
2026-05-09,11,3323
2026-05-09,12,3160
2026-05-09,13,3269
2026-05-09,14,2981
2026-05-09,15,2681
2026-05-09,16,2584
2026-05-09,17,3090
2026-05-09,18,3206
2026-05-09,19,3343
2026-05-09,20,3785
2026-05-09,21,4215
2026-05-09,22,4683
2026-05-09,23,3313
2026-05-10,0,1165
2026-05-10,1,960
2026-05-10,2,326
2026-05-10,3,2110
2026-05-10,4,220
2026-05-10,5,329
2026-05-10,6,398
2026-05-10,7,1087
2026-05-10,8,1704
2026-05-10,9,2411
2026-05-10,10,2953
2026-05-10,11,3326
2026-05-10,12,3309
2026-05-10,13,2995
2026-05-10,14,3255
2026-05-10,15,2956
2026-05-10,16,3054
2026-05-10,17,3659
2026-05-10,18,3929
2026-05-10,19,4112
2026-05-10,20,4930
2026-05-10,21,5377
2026-05-10,22,5916
2026-05-10,23,3759
2026-05-11,0,1277
2026-05-11,1,999
2026-05-11,2,533
2026-05-11,3,2545
2026-05-11,4,256
2026-05-11,5,289
2026-05-11,6,860
2026-05-11,7,1584
2026-05-11,8,3015
2026-05-11,9,3655
2026-05-11,10,4037
2026-05-11,11,4315
2026-05-11,12,4445
2026-05-11,13,3897
2026-05-11,14,3815
2026-05-11,15,3965
2026-05-11,16,4228
2026-05-11,17,4133
2026-05-11,18,4195
2026-05-11,19,4776
2026-05-11,20,5111
2026-05-11,21,5744
2026-05-11,22,6290
2026-05-11,23,3890
2026-05-12,0,1501
2026-05-12,1,855
2026-05-12,2,271
2026-05-12,3,2096
2026-05-12,4,977
2026-05-12,5,385
2026-05-12,6,1373
2026-05-12,7,1930
2026-05-12,8,3005
2026-05-12,9,3928
2026-05-12,10,4031
2026-05-12,11,4254
2026-05-12,12,4101
2026-05-12,13,4285
2026-05-12,14,3743
2026-05-12,15,3820
2026-05-12,16,3851
2026-05-12,17,4281
2026-05-12,18,4550
2026-05-12,19,5003
2026-05-12,20,5501
2026-05-12,21,5476
2026-05-12,22,6016
2026-05-12,23,3878
2026-05-13,0,1370
2026-05-13,1,1069
2026-05-13,2,579
2026-05-13,3,1163
2026-05-13,4,298
2026-05-13,5,1191
2026-05-13,6,1130
2026-05-13,7,2059
2026-05-13,8,3098
2026-05-13,9,3733
2026-05-13,10,3922
2026-05-13,11,4005
2026-05-13,12,3907
2026-05-13,13,4132
2026-05-13,14,3627
2026-05-13,15,3757
2026-05-13,16,3671
2026-05-13,17,4284
2026-05-13,18,4096
2026-05-13,19,4516
2026-05-13,20,5373
2026-05-13,21,5599
2026-05-13,22,6332
2026-05-13,23,4023
2026-05-14,0,1448
2026-05-14,1,1245
2026-05-14,2,554
2026-05-14,3,2016
2026-05-14,4,924
2026-05-14,5,567
2026-05-14,6,1194
2026-05-14,7,1071
2026-05-14,8,3420
2026-05-14,9,3685
2026-05-14,10,3639
2026-05-14,11,3982
2026-05-14,12,3879
2026-05-14,13,4061
2026-05-14,14,3766
2026-05-14,15,3770
2026-05-14,16,3105
2026-05-14,17,4849
2026-05-14,18,4440
2026-05-14,19,4593
2026-05-14,20,5560
2026-05-14,21,5757
2026-05-14,22,6598
2026-05-14,23,4188
2026-05-15,0,1444
2026-05-15,1,1040
2026-05-15,2,811
2026-05-15,3,2357
2026-05-15,4,234
2026-05-15,5,532
2026-05-15,6,1030
2026-05-15,7,1978
2026-05-15,8,2716
2026-05-15,9,3268
2026-05-15,10,3549
2026-05-15,11,3797
2026-05-15,12,3619
2026-05-15,13,3779
2026-05-15,14,3554
2026-05-15,15,3596
2026-05-15,16,3438
2026-05-15,17,3504
2026-05-15,18,3820
2026-05-15,19,4096
2026-05-15,20,4314
2026-05-15,21,4490
2026-05-15,22,5138
2026-05-15,23,3561
2026-05-16,0,1153
2026-05-16,1,996
2026-05-16,2,316
2026-05-16,3,1400
2026-05-16,4,948
2026-05-16,5,360
2026-05-16,6,629
2026-05-16,7,1163
2026-05-16,8,2276
2026-05-16,9,2995
2026-05-16,10,3383
2026-05-16,11,3819
2026-05-16,12,3770
2026-05-16,13,3562
2026-05-16,14,3605
2026-05-16,15,3589
2026-05-16,16,3460
2026-05-16,17,3953
2026-05-16,18,4082
2026-05-16,19,4209
2026-05-16,20,4508
2026-05-16,21,4584
2026-05-16,22,4714
2026-05-16,23,3410
2026-05-17,0,1219
2026-05-17,1,844
2026-05-17,2,445
2026-05-17,3,2138
2026-05-17,4,152
2026-05-17,5,209
2026-05-17,6,437
2026-05-17,7,1128
2026-05-17,8,1975
2026-05-17,9,2761
2026-05-17,10,3346
2026-05-17,11,3578
2026-05-17,12,3559
2026-05-17,13,3668
2026-05-17,14,3657
2026-05-17,15,3396
2026-05-17,16,3797
2026-05-17,17,4169
2026-05-17,18,4523
2026-05-17,19,4475
2026-05-17,20,5220
2026-05-17,21,6167
2026-05-17,22,6236
2026-05-17,23,4087
2026-05-18,0,1760
2026-05-18,1,888
2026-05-18,2,744
2026-05-18,3,1529
2026-05-18,4,142
2026-05-18,5,1594
2026-05-18,6,995
2026-05-18,7,1866
2026-05-18,8,2460
2026-05-18,9,3558
2026-05-18,10,3899
2026-05-18,11,4166
2026-05-18,12,3882
2026-05-18,13,4157
2026-05-18,14,3693
2026-05-18,15,3743
2026-05-18,16,3875
2026-05-18,17,3914
2026-05-18,18,4299
2026-05-18,19,4201
2026-05-18,20,5497
2026-05-18,21,5444
2026-05-18,22,6091
2026-05-18,23,3878
2026-05-19,0,1262
2026-05-19,1,834
2026-05-19,2,527
2026-05-19,3,2111
2026-05-19,4,1043
2026-05-19,5,518
2026-05-19,6,840
2026-05-19,7,1637
2026-05-19,8,2397
2026-05-19,9,3148
2026-05-19,10,3181
2026-05-19,11,3043
2026-05-19,12,3239
2026-05-19,13,3599
2026-05-19,14,3266
2026-05-19,15,3395
2026-05-19,16,3160
2026-05-19,17,3173
2026-05-19,18,3548
2026-05-19,19,3933
2026-05-19,20,4346
2026-05-19,21,4763
2026-05-19,22,5820
2026-05-19,23,3702
2026-05-20,0,1377
2026-05-20,1,1381
2026-05-20,2,675
2026-05-20,3,1999
2026-05-20,4,186
2026-05-20,5,534
2026-05-20,6,1136
2026-05-20,7,1666
2026-05-20,8,2641
2026-05-20,9,2916
2026-05-20,10,3238
2026-05-20,11,3269
2026-05-20,12,3228
2026-05-20,13,3227
2026-05-20,14,3278
2026-05-20,15,3389
2026-05-20,16,3057
2026-05-20,17,3324
2026-05-20,18,3273
2026-05-20,19,3433
2026-05-20,20,4264
2026-05-20,21,4523
2026-05-20,22,5405
2026-05-20,23,3348
2026-05-21,0,1228
2026-05-21,1,659
2026-05-21,2,309
2026-05-21,3,1533
2026-05-21,4,740
2026-05-21,5,518
2026-05-21,6,1145
2026-05-21,7,1900
2026-05-21,8,2525
2026-05-21,9,2989
2026-05-21,10,2976
2026-05-21,11,3436
2026-05-21,12,3197
2026-05-21,13,3219
2026-05-21,14,3098
2026-05-21,15,3086
2026-05-21,16,3026
2026-05-21,17,3154
2026-05-21,18,2715
2026-05-21,19,4119
2026-05-21,20,4803
2026-05-21,21,4674
2026-05-21,22,5775
2026-05-21,23,3480
2026-05-22,0,1190
2026-05-22,1,802
2026-05-22,2,507
2026-05-22,3,2379
2026-05-22,4,261
2026-05-22,5,894
2026-05-22,6,779
2026-05-22,7,1476
2026-05-22,8,2151
2026-05-22,9,2322
2026-05-22,10,2948
2026-05-22,11,2869
2026-05-22,12,3019
2026-05-22,13,3014
2026-05-22,14,2924
2026-05-22,15,2831
2026-05-22,16,2488
2026-05-22,17,2736
2026-05-22,18,3015
2026-05-22,19,2855
2026-05-22,20,3297
2026-05-22,21,3666
2026-05-22,22,4368
2026-05-22,23,3372
2026-05-23,0,1148
2026-05-23,1,902
2026-05-23,2,502
2026-05-23,3,1623
2026-05-23,4,595
2026-05-23,5,454
2026-05-23,6,611
2026-05-23,7,1029
2026-05-23,8,1689
2026-05-23,9,1992
2026-05-23,10,2234
2026-05-23,11,2261
2026-05-23,12,2455
2026-05-23,13,2503
2026-05-23,14,2357
2026-05-23,15,2297
2026-05-23,16,2292
2026-05-23,17,2463
2026-05-23,18,2855
2026-05-23,19,2303
2026-05-23,20,2830
2026-05-23,21,3495
2026-05-23,22,3902
2026-05-23,23,2887
2026-05-24,0,1154
2026-05-24,1,667
2026-05-24,2,393
2026-05-24,3,1965
2026-05-24,4,137
2026-05-24,5,312
2026-05-24,6,285
2026-05-24,7,797
2026-05-24,8,1393
2026-05-24,9,2141
2026-05-24,10,2500
2026-05-24,11,2623
2026-05-24,12,2646
2026-05-24,13,2611
2026-05-24,14,2526
2026-05-24,15,2261
2026-05-24,16,2507
2026-05-24,17,2756
2026-05-24,18,2867
2026-05-24,19,3387
2026-05-24,20,4130
2026-05-24,21,4794
2026-05-24,22,5250
2026-05-24,23,3464
2026-05-25,0,1362
2026-05-25,1,987
2026-05-25,2,744
2026-05-25,3,1787
2026-05-25,4,91
2026-05-25,5,412
2026-05-25,6,678
2026-05-25,7,1567
2026-05-25,8,2466
2026-05-25,9,3237
2026-05-25,10,3222
2026-05-25,11,3505
2026-05-25,12,3375
2026-05-25,13,3877
2026-05-25,14,3761
2026-05-25,15,3425
2026-05-25,16,3312
2026-05-25,17,3636
2026-05-25,18,3505
2026-05-25,19,3609
2026-05-25,20,4035
2026-05-25,21,4662
2026-05-25,22,5755
2026-05-25,23,3420
2026-05-26,0,1160
2026-05-26,1,712
2026-05-26,2,260
2026-05-26,3,1688
2026-05-26,4,1476
2026-05-26,5,277
2026-05-26,6,1004
2026-05-26,7,1731
2026-05-26,8,2571
2026-05-26,9,3124
2026-05-26,10,2933
2026-05-26,11,3553
2026-05-26,12,3152
2026-05-26,13,3486
2026-05-26,14,3316
2026-05-26,15,3211
2026-05-26,16,2901
2026-05-26,17,3212
2026-05-26,18,3411
2026-05-26,19,3514
2026-05-26,20,4104
2026-05-26,21,4600
2026-05-26,22,5606
2026-05-26,23,3737
2026-05-27,0,1272
2026-05-27,1,961
2026-05-27,2,809
2026-05-27,3,1984
2026-05-27,4,409
2026-05-27,5,503
2026-05-27,6,937
2026-05-27,7,1792
2026-05-27,8,2654
2026-05-27,9,3305
2026-05-27,10,3180
2026-05-27,11,2809
2026-05-27,12,3132
2026-05-27,13,2363
2026-05-27,14,4302
2026-05-27,15,3185
2026-05-27,16,3109
2026-05-27,17,3354
2026-05-27,18,3283
2026-05-27,19,3464
2026-05-27,20,3979
2026-05-27,21,4642
2026-05-27,22,5362
2026-05-27,23,3196
2026-05-28,0,1877
2026-05-28,1,945
2026-05-28,2,637
2026-05-28,3,1378
2026-05-28,4,602
2026-05-28,5,280
2026-05-28,6,1225
2026-05-28,7,2028
2026-05-28,8,2406
2026-05-28,9,3129
2026-05-28,10,2894
2026-05-28,11,2848
2026-05-28,12,2650
2026-05-28,13,3094
2026-05-28,14,2992
2026-05-28,15,2919
2026-05-28,16,2794
2026-05-28,17,3024
2026-05-28,18,3411
2026-05-28,19,3455
2026-05-28,20,3790
2026-05-28,21,4525
2026-05-28,22,5237
2026-05-28,23,3618
2026-05-29,0,1237
2026-05-29,1,873
2026-05-29,2,590
2026-05-29,3,2353
2026-05-29,4,535
2026-05-29,5,333
2026-05-29,6,813
2026-05-29,7,1644
2026-05-29,8,2090
2026-05-29,9,2672
2026-05-29,10,3053
2026-05-29,11,2677
2026-05-29,12,2609
2026-05-29,13,2493
2026-05-29,14,2588
2026-05-29,15,2579
2026-05-29,16,2627
2026-05-29,17,2740
2026-05-29,18,2840
2026-05-29,19,3039
2026-05-29,20,3333
2026-05-29,21,3397
2026-05-29,22,4179
2026-05-29,23,3183
2026-05-30,0,1081
2026-05-30,1,602
2026-05-30,2,223
2026-05-30,3,2555
2026-05-30,4,384
2026-05-30,5,392
2026-05-30,6,548
2026-05-30,7,974
2026-05-30,8,1576
2026-05-30,9,1952
2026-05-30,10,2150
2026-05-30,11,2533
2026-05-30,12,2478
2026-05-30,13,2475
2026-05-30,14,2327
2026-05-30,15,2328
2026-05-30,16,2239
2026-05-30,17,2700
2026-05-30,18,2492
2026-05-30,19,2502
2026-05-30,20,2933
2026-05-30,21,3066
2026-05-30,22,3857
2026-05-30,23,3293
2026-05-31,0,1293
2026-05-31,1,782
2026-05-31,2,215
2026-05-31,3,1629
2026-05-31,4,325
2026-05-31,5,176
2026-05-31,6,492
2026-05-31,7,738
2026-05-31,8,1449
2026-05-31,9,1977
2026-05-31,10,2480
2026-05-31,11,2548
2026-05-31,12,2525
2026-05-31,13,2612
2026-05-31,14,2629
2026-05-31,15,2541
2026-05-31,16,2667
2026-05-31,17,3110
2026-05-31,18,3215
2026-05-31,19,3502
2026-05-31,20,4514
2026-05-31,21,4308
2026-05-31,22,5248
2026-05-31,23,3167
2026-06-01,0,1533
2026-06-01,1,810
2026-06-01,2,182
2026-06-01,3,2720
2026-06-01,4,667
2026-06-01,5,256
2026-06-01,6,688
2026-06-01,7,1467
2026-06-01,8,3000
2026-06-01,9,3015
2026-06-01,10,3250
2026-06-01,11,3421
2026-06-01,12,3851
2026-06-01,13,4102
2026-06-01,14,3655
2026-06-01,15,3487
2026-06-01,16,3805
2026-06-01,17,4353
2026-06-01,18,4296
2026-06-01,19,4539
2026-06-01,20,5614
2026-06-01,21,4979
2026-06-01,22,6120
2026-06-01,23,4066
2026-06-02,0,1449
2026-06-02,1,1780
2026-06-02,2,978
2026-06-02,3,2624
2026-06-02,4,246
2026-06-02,5,359
2026-06-02,6,1042
2026-06-02,7,1821
2026-06-02,8,2614
2026-06-02,9,3451
2026-06-02,10,3771
2026-06-02,11,3355
2026-06-02,12,3737
2026-06-02,13,3840
2026-06-02,14,3709
2026-06-02,15,3586
2026-06-02,16,4096
2026-06-02,17,3503
2026-06-02,18,3911
2026-06-02,19,4750
2026-06-02,20,4280
2026-06-02,21,5516
2026-06-02,22,5958
2026-06-02,23,4058
2026-06-03,0,1721
2026-06-03,1,1319
2026-06-03,2,761
2026-06-03,3,2974
2026-06-03,4,1207
2026-06-03,5,435
2026-06-03,6,1046
2026-06-03,7,473
2026-06-03,8,3573
2026-06-03,9,4016
2026-06-03,10,3843
2026-06-03,11,4202
2026-06-03,12,3984
2026-06-03,13,3089
2026-06-03,14,4562
2026-06-03,15,3959
2026-06-03,16,3798
2026-06-03,17,4028
2026-06-03,18,4752
2026-06-03,19,4722
2026-06-03,20,5470
2026-06-03,21,5830
2026-06-03,22,6185
2026-06-03,23,3958
2026-06-04,0,1416
2026-06-04,1,843
2026-06-04,2,450
2026-06-04,3,2163
2026-06-04,4,444
2026-06-04,5,444
2026-06-04,6,1156
2026-06-04,7,2030
2026-06-04,8,2717
2026-06-04,9,3409
2026-06-04,10,3559
2026-06-04,11,3460
2026-06-04,12,3230
2026-06-04,13,3863
2026-06-04,14,3502
2026-06-04,15,3977
2026-06-04,16,3522
2026-06-04,17,3794
2026-06-04,18,4533
2026-06-04,19,4084
2026-06-04,20,5106
2026-06-04,21,5696
2026-06-04,22,6703
2026-06-04,23,4592
2026-06-05,0,1531
2026-06-05,1,1122
2026-06-05,2,806
2026-06-05,3,2246
2026-06-05,4,499
2026-06-05,5,405
2026-06-05,6,1125
2026-06-05,7,1789
2026-06-05,8,2522
2026-06-05,9,3402
2026-06-05,10,3465
2026-06-05,11,3498
2026-06-05,12,3301
2026-06-05,13,3640
2026-06-05,14,3379
2026-06-05,15,3375
2026-06-05,16,3504
2026-06-05,17,3719
2026-06-05,18,4024
2026-06-05,19,3785
2026-06-05,20,4509
2026-06-05,21,4418
2026-06-05,22,5289
2026-06-05,23,3714
2026-06-06,0,1366
2026-06-06,1,1009
2026-06-06,2,457
2026-06-06,3,2972
2026-06-06,4,253
2026-06-06,5,310
2026-06-06,6,574
2026-06-06,7,1223
2026-06-06,8,1883
2026-06-06,9,2557
2026-06-06,10,3044
2026-06-06,11,3206
2026-06-06,12,2938
2026-06-06,13,3171
2026-06-06,14,2858
2026-06-06,15,2984
2026-06-06,16,3030
2026-06-06,17,2899
2026-06-06,18,3066
2026-06-06,19,3254
2026-06-06,20,3938
2026-06-06,21,4058
2026-06-06,22,4943
2026-06-06,23,3903
2026-06-07,0,1551
2026-06-07,1,876
2026-06-07,2,442
2026-06-07,3,2471
2026-06-07,4,148
2026-06-07,5,216
2026-06-07,6,514
2026-06-07,7,921
2026-06-07,8,1764
2026-06-07,9,2558
2026-06-07,10,3112
2026-06-07,11,3313
2026-06-07,12,3452
2026-06-07,13,3549
2026-06-07,14,3449
2026-06-07,15,3734
2026-06-07,16,3353
2026-06-07,17,3631
2026-06-07,18,3785
2026-06-07,19,4230
2026-06-07,20,5121
2026-06-07,21,5742
2026-06-07,22,6563
2026-06-07,23,4325
2026-06-08,0,1802
2026-06-08,1,1272
2026-06-08,2,962
2026-06-08,3,3310
2026-06-08,4,206
2026-06-08,5,390
2026-06-08,6,1008
2026-06-08,7,1731
2026-06-08,8,2980
2026-06-08,9,3936
2026-06-08,10,4367
2026-06-08,11,4283
2026-06-08,12,4390
2026-06-08,13,4564
2026-06-08,14,3858
2026-06-08,15,4494
2026-06-08,16,4041
2026-06-08,17,4369
2026-06-08,18,4424
2026-06-08,19,4561
2026-06-08,20,5403
2026-06-08,21,6443
2026-06-08,22,7499
2026-06-08,23,4783
2026-06-09,0,1596
2026-06-09,1,1392
2026-06-09,2,555
2026-06-09,3,2673
2026-06-09,4,346
2026-06-09,5,417
2026-06-09,6,1171
2026-06-09,7,2265
2026-06-09,8,3290
2026-06-09,9,4177
2026-06-09,10,4073
2026-06-09,11,4255
2026-06-09,12,4138
2026-06-09,13,4041
2026-06-09,14,3769
2026-06-09,15,4427
2026-06-09,16,3847
2026-06-09,17,4272
2026-06-09,18,4688
2026-06-09,19,5084
2026-06-09,20,6136
2026-06-09,21,5776
2026-06-09,22,7088
2026-06-09,23,4548
2026-06-10,0,1789
2026-06-10,1,1608
2026-06-10,2,561
2026-06-10,3,1743
2026-06-10,4,724
2026-06-10,5,394
2026-06-10,6,1080
2026-06-10,7,1927
2026-06-10,8,1316
2026-06-10,9,4202
2026-06-10,10,4740
2026-06-10,11,2905
2026-06-10,12,5769
2026-06-10,13,3969
2026-06-10,14,4642
2026-06-10,15,4054
2026-06-10,16,4169
2026-06-10,17,4423
2026-06-10,18,4659
2026-06-10,19,4892
2026-06-10,20,5929
2026-06-10,21,6443
2026-06-10,22,7220
2026-06-10,23,4592
2026-06-11,0,2000
2026-06-11,1,1658
2026-06-11,2,427
2026-06-11,3,2470
2026-06-11,4,287
2026-06-11,5,506
2026-06-11,6,893
2026-06-11,7,2443
2026-06-11,8,3200
2026-06-11,9,3994
2026-06-11,10,4104
2026-06-11,11,4088
2026-06-11,12,5115
2026-06-11,13,4896
2026-06-11,14,4826
2026-06-11,15,4367
2026-06-11,16,4211
2026-06-11,17,4308
2026-06-11,18,4811
2026-06-11,19,4729
2026-06-11,20,5664
2026-06-11,21,6070
2026-06-11,22,7283
2026-06-11,23,4419
2026-06-12,0,958
2026-06-12,1,538
2026-06-12,2,254
2026-06-12,3,3393
2026-06-12,4,249
2026-06-12,5,606
2026-06-12,6,1196
2026-06-12,7,1875
2026-06-12,8,3212
2026-06-12,9,3964
2026-06-12,10,4027
2026-06-12,11,4281
2026-06-12,12,3973
2026-06-12,13,4002
2026-06-12,14,4120
2026-06-12,15,3903
2026-06-12,16,4149
2026-06-12,17,3851
2026-06-12,18,3624
2026-06-12,19,4117
2026-06-12,20,4374
2026-06-12,21,5061
2026-06-12,22,5812
2026-06-12,23,3804
2026-06-13,0,930
2026-06-13,1,453
2026-06-13,2,415
2026-06-13,3,2039
2026-06-13,4,186
2026-06-13,5,208
2026-06-13,6,1082
2026-06-13,7,1492
2026-06-13,8,2564
2026-06-13,9,3114
2026-06-13,10,3787
2026-06-13,11,3668
2026-06-13,12,3847
2026-06-13,13,4009
2026-06-13,14,3303
2026-06-13,15,3474
2026-06-13,16,3367
2026-06-13,17,3365
2026-06-13,18,3476
2026-06-13,19,3790
2026-06-13,20,4170
2026-06-13,21,4515
2026-06-13,22,5716
2026-06-13,23,3837
2026-06-14,0,862
2026-06-14,1,651
2026-06-14,2,254
2026-06-14,3,2022
2026-06-14,4,113
2026-06-14,5,202
2026-06-14,6,816
2026-06-14,7,1221
2026-06-14,8,2034
2026-06-14,9,2644
2026-06-14,10,3584
2026-06-14,11,4022
2026-06-14,12,4065
2026-06-14,13,4067
2026-06-14,14,4047
2026-06-14,15,4073
2026-06-14,16,4094
2026-06-14,17,4128
2026-06-14,18,4434
2026-06-14,19,4922
2026-06-14,20,5810
2026-06-14,21,6534
2026-06-14,22,7389
2026-06-14,23,4628
2026-06-15,0,915
2026-06-15,1,509
2026-06-15,2,183
2026-06-15,3,2039
2026-06-15,4,275
2026-06-15,5,847
2026-06-15,6,1044
2026-06-15,7,2169
2026-06-15,8,3227
2026-06-15,9,4171
2026-06-15,10,4899
2026-06-15,11,4603
2026-06-15,12,4592
2026-06-15,13,4719
2026-06-15,14,4451
2026-06-15,15,4704
2026-06-15,16,4754
2026-06-15,17,4192
2026-06-15,18,4668
2026-06-15,19,4738
2026-06-15,20,6414
2026-06-15,21,6398
2026-06-15,22,7499
2026-06-15,23,4634
2026-06-16,0,1065
2026-06-16,1,484
2026-06-16,2,217
2026-06-16,3,2380
2026-06-16,4,579
2026-06-16,5,1381
2026-06-16,6,1568
2026-06-16,7,2063
2026-06-16,8,3243
2026-06-16,9,4101
2026-06-16,10,3556
2026-06-16,11,5140
2026-06-16,12,4474
2026-06-16,13,5034
2026-06-16,14,4811
2026-06-16,15,4397
2026-06-16,16,4074
2026-06-16,17,3994
2026-06-16,18,3761
2026-06-16,19,4336
2026-06-16,20,5460
2026-06-16,21,6591
2026-06-16,22,7333
2026-06-16,23,4506
2026-06-17,0,1225
2026-06-17,1,411
2026-06-17,2,322
2026-06-17,3,2570
2026-06-17,4,323
2026-06-17,5,566
2026-06-17,6,1157
2026-06-17,7,2132
2026-06-17,8,3297
2026-06-17,9,4029
2026-06-17,10,4462
2026-06-17,11,4072
2026-06-17,12,4097
2026-06-17,13,4445
2026-06-17,14,4033
2026-06-17,15,4104
2026-06-17,16,3787
2026-06-17,17,4124
2026-06-17,18,4129
2026-06-17,19,4519
2026-06-17,20,5361
2026-06-17,21,6568
2026-06-17,22,7525
2026-06-17,23,4993
2026-06-18,0,1149
2026-06-18,1,522
2026-06-18,2,240
2026-06-18,3,1823
2026-06-18,4,588
2026-06-18,5,559
2026-06-18,6,1267
2026-06-18,7,2221
2026-06-18,8,3121
2026-06-18,9,3761
2026-06-18,10,4514
2026-06-18,11,4406
2026-06-18,12,4203
2026-06-18,13,4202
2026-06-18,14,3987
2026-06-18,15,4036
2026-06-18,16,2701
2026-06-18,17,4679
2026-06-18,18,4618
2026-06-18,19,4241
2026-06-18,20,5271
2026-06-18,21,6096
2026-06-18,22,7925
2026-06-18,23,5031
2026-06-19,0,1082
2026-06-19,1,492
2026-06-19,2,303
2026-06-19,3,1929
2026-06-19,4,333
2026-06-19,5,618
2026-06-19,6,1044
2026-06-19,7,1926
2026-06-19,8,3201
2026-06-19,9,3808
2026-06-19,10,3747
2026-06-19,11,3705
2026-06-19,12,4129
2026-06-19,13,3723
2026-06-19,14,3710
2026-06-19,15,3803
2026-06-19,16,3450
2026-06-19,17,3596
2026-06-19,18,3483
2026-06-19,19,3429
2026-06-19,20,4051
2026-06-19,21,4597
2026-06-19,22,5401
2026-06-19,23,4218
2026-06-20,0,986
2026-06-20,1,457
2026-06-20,2,296
2026-06-20,3,1970
2026-06-20,4,196
2026-06-20,5,376
2026-06-20,6,985
2026-06-20,7,1166
2026-06-20,8,2032
2026-06-20,9,2731
2026-06-20,10,2901
2026-06-20,11,3774
2026-06-20,12,3691
2026-06-20,13,3861
2026-06-20,14,3360
2026-06-20,15,3511
2026-06-20,16,3534
2026-06-20,17,3512
2026-06-20,18,3486
2026-06-20,19,3397
2026-06-20,20,3964
2026-06-20,21,4040
2026-06-20,22,5493
2026-06-20,23,4060
2026-06-21,0,883
2026-06-21,1,553
2026-06-21,2,298
2026-06-21,3,2179
2026-06-21,4,296
2026-06-21,5,186
2026-06-21,6,417
2026-06-21,7,1273
2026-06-21,8,2056
2026-06-21,9,3115
2026-06-21,10,2937
2026-06-21,11,4607
2026-06-21,12,4300
2026-06-21,13,4111
2026-06-21,14,3928
2026-06-21,15,4204
2026-06-21,16,4424
2026-06-21,17,4237
2026-06-21,18,4376
2026-06-21,19,4571
2026-06-21,20,5753
2026-06-21,21,6021
2026-06-21,22,7570
2026-06-21,23,4751
2026-06-22,0,1149
2026-06-22,1,574
2026-06-22,2,256
2026-06-22,3,2522
2026-06-22,4,383
2026-06-22,5,355
2026-06-22,6,1090
2026-06-22,7,1984
2026-06-22,8,3268
2026-06-22,9,4259
2026-06-22,10,4908
2026-06-22,11,4682
2026-06-22,12,4783
2026-06-22,13,4851
2026-06-22,14,4815
2026-06-22,15,4433
2026-06-22,16,4348
2026-06-22,17,4302
2026-06-22,18,4300
2026-06-22,19,4624
2026-06-22,20,5167
2026-06-22,21,6567
2026-06-22,22,7817
2026-06-22,23,4886
2026-06-23,0,1524
2026-06-23,1,418
2026-06-23,2,202
2026-06-23,3,2505
2026-06-23,4,238
2026-06-23,5,428
2026-06-23,6,996
2026-06-23,7,2088
2026-06-23,8,3076
2026-06-23,9,3532
2026-06-23,10,4118
2026-06-23,11,4081
2026-06-23,12,3766
2026-06-23,13,3907
2026-06-23,14,3915
2026-06-23,15,4260
2026-06-23,16,3653
2026-06-23,17,3751
2026-06-23,18,3749
2026-06-23,19,4002
2026-06-23,20,3969
2026-06-23,21,5559
2026-06-23,22,6659
2026-06-23,23,4483
2026-06-24,0,1033
2026-06-24,1,547
2026-06-24,2,277
2026-06-24,3,2947
2026-06-24,4,202
2026-06-24,5,494
2026-06-24,6,820
2026-06-24,7,2174
2026-06-24,8,3193
2026-06-24,9,3620
2026-06-24,10,3769
2026-06-24,11,3885
2026-06-24,12,3768
2026-06-24,13,3967
2026-06-24,14,3719
2026-06-24,15,3855
2026-06-24,16,3777
2026-06-24,17,3617
2026-06-24,18,3925
2026-06-24,19,4194
2026-06-24,20,4362
2026-06-24,21,5163
2026-06-24,22,6502
2026-06-24,23,3841
2026-06-25,0,1410
2026-06-25,1,387
2026-06-25,2,283
2026-06-25,3,2694
2026-06-25,4,578
2026-06-25,5,505
2026-06-25,6,1178
2026-06-25,7,1177
2026-06-25,8,1939
2026-06-25,9,3646
2026-06-25,10,5454
2026-06-25,11,3650
2026-06-25,12,3822
2026-06-25,13,3482
2026-06-25,14,3580
2026-06-25,15,3869
2026-06-25,16,3602
2026-06-25,17,3787
2026-06-25,18,3800
2026-06-25,19,3825
2026-06-25,20,4896
2026-06-25,21,4924
2026-06-25,22,6465
2026-06-25,23,4523
2026-06-26,0,1000
2026-06-26,1,452
2026-06-26,2,225
2026-06-26,3,2784
2026-06-26,4,593
2026-06-26,5,444
2026-06-26,6,977
2026-06-26,7,1633
2026-06-26,8,2498
2026-06-26,9,3212
2026-06-26,10,3725
2026-06-26,11,3281
2026-06-26,12,3405
2026-06-26,13,3313
2026-06-26,14,3377
2026-06-26,15,3398
2026-06-26,16,3133
2026-06-26,17,3266
2026-06-26,18,3112
2026-06-26,19,2950
2026-06-26,20,3201
2026-06-26,21,2932
2026-06-26,22,5617
2026-06-26,23,3336
2026-06-27,0,922
2026-06-27,1,445
2026-06-27,2,249
2026-06-27,3,2005
2026-06-27,4,136
2026-06-27,5,450
2026-06-27,6,487
2026-06-27,7,1165
2026-06-27,8,1920
2026-06-27,9,2729
2026-06-27,10,3009
2026-06-27,11,3111
2026-06-27,12,3419
2026-06-27,13,3165
2026-06-27,14,3049
2026-06-27,15,3077
2026-06-27,16,3027
2026-06-27,17,3206
2026-06-27,18,2834
2026-06-27,19,2847
2026-06-27,20,3096
2026-06-27,21,3372
2026-06-27,22,4290
2026-06-27,23,3391
2026-06-28,0,838
2026-06-28,1,473
2026-06-28,2,313
2026-06-28,3,1594
2026-06-28,4,216
2026-06-28,5,244
2026-06-28,6,348
2026-06-28,7,773
2026-06-28,8,2149
2026-06-28,9,2541
2026-06-28,10,3124
2026-06-28,11,3839
2026-06-28,12,3220
2026-06-28,13,3179
2026-06-28,14,3361
2026-06-28,15,3264
2026-06-28,16,3325
2026-06-28,17,3397
2026-06-28,18,3449
2026-06-28,19,3407
2026-06-28,20,4185
2026-06-28,21,4458
2026-06-28,22,6300
2026-06-28,23,3961
2026-06-29,0,1107
2026-06-29,1,407
2026-06-29,2,204
2026-06-29,3,2002
2026-06-29,4,193
2026-06-29,5,339
2026-06-29,6,796
2026-06-29,7,1542
2026-06-29,8,2766
2026-06-29,9,3278
2026-06-29,10,3588
2026-06-29,11,3819
2026-06-29,12,3686
2026-06-29,13,3692
2026-06-29,14,3730
2026-06-29,15,3590
2026-06-29,16,3825
2026-06-29,17,3793
2026-06-29,18,3439
2026-06-29,19,3312
2026-06-29,20,3996
2026-06-29,21,4571
2026-06-29,22,5982
2026-06-29,23,4040
2026-06-30,0,784
2026-06-30,1,423
2026-06-30,2,350
2026-06-30,3,2064
2026-06-30,4,151
2026-06-30,5,354
2026-06-30,6,985
2026-06-30,7,1665
2026-06-30,8,2435
2026-06-30,9,3244
2026-06-30,10,3414
2026-06-30,11,3594
2026-06-30,12,3629
2026-06-30,13,3519
2026-06-30,14,3708
2026-06-30,15,3397
2026-06-30,16,3690
2026-06-30,17,3499
2026-06-30,18,3374
2026-06-30,19,3370
2026-06-30,20,4018
2026-06-30,21,4492
2026-06-30,22,4359
2026-06-30,23,478
2026-07-01,0,5632
2026-07-01,1,400
2026-07-01,2,188
2026-07-01,3,1971
2026-07-01,4,188
2026-07-01,5,430
2026-07-01,6,944
2026-07-01,7,1794
2026-07-01,8,2761
2026-07-01,9,3281
2026-07-01,10,3495
2026-07-01,11,3657
2026-07-01,12,3398
2026-07-01,13,2775
2026-07-01,14,3699
2026-07-01,15,3643
2026-07-01,16,3613
2026-07-01,17,3516
2026-07-01,18,3548
2026-07-01,19,3753
2026-07-01,20,4633
2026-07-01,21,5125
2026-07-01,22,5148
2026-07-01,23,3995
2026-07-02,0,857
2026-07-02,1,367
2026-07-02,2,154
2026-07-02,3,2132
2026-07-02,4,200
2026-07-02,5,306
2026-07-02,6,782
2026-07-02,7,1732
2026-07-02,8,1392
2026-07-02,9,4253
2026-07-02,10,3424
2026-07-02,11,3552
2026-07-02,12,3359
2026-07-02,13,3709
2026-07-02,14,3527
2026-07-02,15,3872
2026-07-02,16,3510
2026-07-02,17,3682
2026-07-02,18,3458
2026-07-02,19,3767
2026-07-02,20,4485
2026-07-02,21,4551
2026-07-02,22,5963
2026-07-02,23,4680
2026-07-03,0,991
2026-07-03,1,404
2026-07-03,2,232
2026-07-03,3,2195
2026-07-03,4,255
2026-07-03,5,368
2026-07-03,6,973
2026-07-03,7,1529
2026-07-03,8,2587
2026-07-03,9,3292
2026-07-03,10,3592
2026-07-03,11,3485
2026-07-03,12,3468
2026-07-03,13,3842
2026-07-03,14,3468
2026-07-03,15,3167
2026-07-03,16,3434
2026-07-03,17,3110
2026-07-03,18,2956
2026-07-03,19,3192
2026-07-03,20,3367
2026-07-03,21,3798
2026-07-03,22,4459
2026-07-03,23,3601
2026-07-04,0,867
2026-07-04,1,285
2026-07-04,2,224
2026-07-04,3,1640
2026-07-04,4,176
2026-07-04,5,212
2026-07-04,6,472
2026-07-04,7,1094
2026-07-04,8,1798
2026-07-04,9,2210
2026-07-04,10,2914
2026-07-04,11,2888
2026-07-04,12,3024
2026-07-04,13,2811
2026-07-04,14,2667
2026-07-04,15,2551
2026-07-04,16,2781
2026-07-04,17,2633
2026-07-04,18,2859
2026-07-04,19,2759
2026-07-04,20,3065
2026-07-04,21,3554
2026-07-04,22,4059
2026-07-04,23,3753
2026-07-05,0,931
2026-07-05,1,303
2026-07-05,2,280
2026-07-05,3,1939
2026-07-05,4,95
2026-07-05,5,128
2026-07-05,6,381
2026-07-05,7,673
2026-07-05,8,1415
2026-07-05,9,2363
2026-07-05,10,3157
2026-07-05,11,3344
2026-07-05,12,3438
2026-07-05,13,3117
2026-07-05,14,3063
2026-07-05,15,3367
2026-07-05,16,3128
2026-07-05,17,3404
2026-07-05,18,3610
2026-07-05,19,4040
2026-07-05,20,4889
2026-07-05,21,5461
2026-07-05,22,5955
2026-07-05,23,4432
2026-07-06,0,1104
2026-07-06,1,442
2026-07-06,2,426
2026-07-06,3,2576
2026-07-06,4,168
2026-07-06,5,256
2026-07-06,6,709
2026-07-06,7,1700
2026-07-06,8,2902
2026-07-06,9,3836
2026-07-06,10,4514
2026-07-06,11,4759
2026-07-06,12,4643
2026-07-06,13,4446
2026-07-06,14,4575
2026-07-06,15,4428
2026-07-06,16,4599
2026-07-06,17,4147
2026-07-06,18,4653
2026-07-06,19,4817
2026-07-06,20,5587
2026-07-06,21,6229
2026-07-06,22,6808
2026-07-06,23,4989
2026-07-07,0,1245
2026-07-07,1,399
2026-07-07,2,249
2026-07-07,3,1859
2026-07-07,4,351
2026-07-07,5,710
2026-07-07,6,1090
2026-07-07,7,1977
2026-07-07,8,2957
2026-07-07,9,4076
2026-07-07,10,4432
2026-07-07,11,4347
2026-07-07,12,4274
2026-07-07,13,4119
2026-07-07,14,4317
2026-07-07,15,4280
2026-07-07,16,4080
2026-07-07,17,4446
2026-07-07,18,4100
2026-07-07,19,4598
2026-07-07,20,4971
2026-07-07,21,6604
2026-07-07,22,6937
2026-07-07,23,5399
2026-07-08,0,1204
2026-07-08,1,440
2026-07-08,2,289
2026-07-08,3,2935
2026-07-08,4,205
2026-07-08,5,424
2026-07-08,6,936
2026-07-08,7,2062
2026-07-08,8,2604
2026-07-08,9,4163
2026-07-08,10,4596
2026-07-08,11,4558
2026-07-08,12,4285
2026-07-08,13,4544
2026-07-08,14,4446
2026-07-08,15,4621
2026-07-08,16,4165
2026-07-08,17,4007
2026-07-08,18,4020
2026-07-08,19,4708
2026-07-08,20,5296
2026-07-08,21,6054
2026-07-08,22,7096
2026-07-08,23,5869
2026-07-09,0,1345
2026-07-09,1,431
2026-07-09,2,207
2026-07-09,3,2149
2026-07-09,4,178
2026-07-09,5,590
2026-07-09,6,1182
2026-07-09,7,1937
2026-07-09,8,3272
2026-07-09,9,3847
2026-07-09,10,4445
2026-07-09,11,4703
2026-07-09,12,4450
2026-07-09,13,4470
2026-07-09,14,4148
2026-07-09,15,4609
2026-07-09,16,4334
2026-07-09,17,4038
2026-07-09,18,4422
2026-07-09,19,4692
2026-07-09,20,5496
2026-07-09,21,6372
2026-07-09,22,7157
2026-07-09,23,5904
2026-07-10,0,596
2026-07-10,1,1104
2026-07-10,2,253
2026-07-10,3,2691
2026-07-10,4,398
2026-07-10,5,393
2026-07-10,6,1027
2026-07-10,7,2012
2026-07-10,8,2493
2026-07-10,9,3555
2026-07-10,10,4312
2026-07-10,11,4305
2026-07-10,12,3884
2026-07-10,13,4229
2026-07-10,14,3588
2026-07-10,15,4242
2026-07-10,16,3898
2026-07-10,17,3785
2026-07-10,18,3733
2026-07-10,19,3659
2026-07-10,20,4036
2026-07-10,21,4917
2026-07-10,22,5625
2026-07-10,23,4449
2026-07-11,0,1015
2026-07-11,1,466
2026-07-11,2,257
2026-07-11,3,1845
2026-07-11,4,148
2026-07-11,5,424
2026-07-11,6,582
2026-07-11,7,1331
2026-07-11,8,2183
2026-07-11,9,2973
2026-07-11,10,3412
2026-07-11,11,3513
2026-07-11,12,3539
2026-07-11,13,3654
2026-07-11,14,3468
2026-07-11,15,3347
2026-07-11,16,3262
2026-07-11,17,3200
2026-07-11,18,3226
2026-07-11,19,3505
2026-07-11,20,3926
2026-07-11,21,4204
2026-07-11,22,5151
2026-07-11,23,4419
2026-07-12,0,1066
2026-07-12,1,404
2026-07-12,2,362
2026-07-12,3,1954
2026-07-12,4,274
2026-07-12,5,188
2026-07-12,6,427
2026-07-12,7,900
2026-07-12,8,1724
2026-07-12,9,2879
2026-07-12,10,3133
2026-07-12,11,3765
2026-07-12,12,4115
2026-07-12,13,3790
2026-07-12,14,3962
2026-07-12,15,3776
2026-07-12,16,3853
2026-07-12,17,4252
2026-07-12,18,4357
2026-07-12,19,5040
2026-07-12,20,5375
2026-07-12,21,6225
2026-07-12,22,6758
2026-07-12,23,5269
2026-07-13,0,1104
2026-07-13,1,405
2026-07-13,2,225
2026-07-13,3,2665
2026-07-13,4,351
2026-07-13,5,358
2026-07-13,6,923
2026-07-13,7,1890
2026-07-13,8,2882
2026-07-13,9,4273
2026-07-13,10,4571
2026-07-13,11,5256
2026-07-13,12,4859
2026-07-13,13,5317
2026-07-13,14,4874
2026-07-13,15,4900
2026-07-13,16,4921
2026-07-13,17,4747
2026-07-13,18,4781
2026-07-13,19,4988
2026-07-13,20,5529
2026-07-13,21,6713
2026-07-13,22,7597
2026-07-13,23,5936
2026-07-14,0,1348
2026-07-14,1,471
2026-07-14,2,303
2026-07-14,3,3296
2026-07-14,4,194
2026-07-14,5,524
2026-07-14,6,1082
2026-07-14,7,1989
2026-07-14,8,3169
2026-07-14,9,4301
2026-07-14,10,4226
2026-07-14,11,4755
2026-07-14,12,4379
2026-07-14,13,4572
2026-07-14,14,4356
2026-07-14,15,4479
2026-07-14,16,4471
2026-07-14,17,4393
2026-07-14,18,4130
2026-07-14,19,4738
2026-07-14,20,5370
2026-07-14,21,5968
2026-07-14,22,6839
2026-07-14,23,5388
2026-07-15,0,1280
2026-07-15,1,556
2026-07-15,2,301
2026-07-15,3,2460
2026-07-15,4,479
2026-07-15,5,497
2026-07-15,6,1012
2026-07-15,7,471
2026-07-15,8,3860
2026-07-15,9,4019
2026-07-15,10,4577
2026-07-15,11,4395
2026-07-15,12,4561
2026-07-15,13,4645
2026-07-15,14,4549
2026-07-15,15,4405
2026-07-15,16,4272
2026-07-15,17,4313
2026-07-15,18,4554
2026-07-15,19,4509
2026-07-15,20,4932
2026-07-15,21,6108
2026-07-15,22,6938
2026-07-15,23,5921
2026-07-16,0,1286
2026-07-16,1,420
2026-07-16,2,260
2026-07-16,3,2156
2026-07-16,4,247
2026-07-16,5,373
2026-07-16,6,1024
2026-07-16,7,1919
2026-07-16,8,3076
2026-07-16,9,3849
2026-07-16,10,4284
2026-07-16,11,4478
2026-07-16,12,4127
2026-07-16,13,4184
2026-07-16,14,4260
2026-07-16,15,4187
2026-07-16,16,4068
2026-07-16,17,4069
2026-07-16,18,4084
2026-07-16,19,4274
2026-07-16,20,5045
2026-07-16,21,5759
2026-07-16,22,6610
2026-07-16,23,5910
2026-07-17,0,1174
2026-07-17,1,469
2026-07-17,2,345
2026-07-17,3,2872
2026-07-17,4,386
2026-07-17,5,369
2026-07-17,6,954
2026-07-17,7,1739
2026-07-17,8,2610
2026-07-17,9,3380
2026-07-17,10,3514
2026-07-17,11,3991
2026-07-17,12,3800
2026-07-17,13,4134
2026-07-17,14,3846
2026-07-17,15,4057
2026-07-17,16,3873
2026-07-17,17,3622
2026-07-17,18,3461
2026-07-17,19,3598
2026-07-17,20,3820
2026-07-17,21,4414
2026-07-17,22,5101
2026-07-17,23,4360
2026-07-18,0,786
2026-07-18,1,557
2026-07-18,2,18
2026-07-18,3,449
2026-07-18,4,174
2026-07-18,5,174
2026-07-18,6,550
2026-07-18,7,1066
2026-07-18,8,1941
2026-07-18,9,2438
2026-07-18,10,3703
2026-07-18,11,3148
2026-07-18,12,3753
2026-07-18,13,3622
2026-07-18,14,3271
2026-07-18,15,3183
2026-07-18,16,3349
2026-07-18,17,3211
2026-07-18,18,3167
2026-07-18,19,3323
2026-07-18,20,3682
2026-07-18,21,4289
2026-07-18,22,4857
2026-07-18,23,4248
2026-07-19,0,1108
2026-07-19,1,525
2026-07-19,2,256
2026-07-19,3,2465
2026-07-19,4,996
2026-07-19,5,95
2026-07-19,7,899
2026-07-19,8,1812
2026-07-19,9,2683
2026-07-19,10,3502
2026-07-19,11,3761
2026-07-19,12,3847
2026-07-19,13,3649
2026-07-19,14,3483
2026-07-19,15,3630
2026-07-19,16,3943
2026-07-19,17,4016
2026-07-19,18,4312
2026-07-19,19,4491
2026-07-19,20,5483
2026-07-19,21,5215
2026-07-19,22,5550
2026-07-19,23,4594
2026-07-20,0,1137
2026-07-20,1,412
2026-07-20,2,312
2026-07-20,3,2535
2026-07-20,4,177
2026-07-20,5,239
2026-07-20,6,735
2026-07-20,7,1761
2026-07-20,8,2960
2026-07-20,9,4043
2026-07-20,10,4569
2026-07-20,11,4390
2026-07-20,12,4353
2026-07-20,13,4573
2026-07-20,14,4398
2026-07-20,15,4480
2026-07-20,16,4037
2026-07-20,17,3845
2026-07-20,18,3708
2026-07-20,19,4239
2026-07-20,20,4952
2026-07-20,21,5950
2026-07-20,22,6971
2026-07-20,23,4642
2026-07-21,0,1105
2026-07-21,1,481
2026-07-21,2,279
2026-07-21,3,2948
2026-07-21,4,808
2026-07-21,5,704
2026-07-21,6,1037
2026-07-21,7,1863
2026-07-21,8,2757
2026-07-21,9,3504
2026-07-21,10,3862
2026-07-21,11,3968
2026-07-21,12,3473
2026-07-21,13,3709
2026-07-21,14,3667
2026-07-21,15,3922
2026-07-21,16,3243
2026-07-21,17,3293
2026-07-21,18,3706
2026-07-21,19,3747
2026-07-21,20,4344
2026-07-21,21,5407
2026-07-21,22,5877
2026-07-21,23,4430
2026-07-22,0,976
2026-07-22,1,410
2026-07-22,2,333
2026-07-22,3,2310
2026-07-22,4,157
2026-07-22,5,339
2026-07-22,6,834
2026-07-22,7,1656
2026-07-22,8,2204
2026-07-22,9,3850
2026-07-22,10,4000
2026-07-22,11,3752
2026-07-22,12,3599
2026-07-22,13,3914
2026-07-22,14,3442
2026-07-22,15,3548
2026-07-22,16,3610
2026-07-22,17,3616
2026-07-22,18,3713
2026-07-22,19,3801
2026-07-22,20,4709
2026-07-22,21,5723
2026-07-22,22,5846
2026-07-22,23,4682
2026-07-23,0,1057
2026-07-23,1,376
2026-07-23,2,241
2026-07-23,3,1697
2026-07-23,4,294
2026-07-23,5,350
2026-07-23,6,906
2026-07-23,7,1825
2026-07-23,8,2448
2026-07-23,9,3457
2026-07-23,10,3835
2026-07-23,11,3694
2026-07-23,12,3895
2026-07-23,13,3738
2026-07-23,14,4008
2026-07-23,15,3561
2026-07-23,16,3749
2026-07-23,17,3510
2026-07-23,18,3643
2026-07-23,19,4010
2026-07-23,20,4669
2026-07-23,21,5291
2026-07-23,22,6171
2026-07-23,23,4899
2026-07-24,0,922
2026-07-24,1,436
2026-07-24,2,201
2026-07-24,3,2194
2026-07-24,4,391
2026-07-24,5,352
2026-07-24,6,1097
2026-07-24,7,1628
2026-07-24,8,2410
2026-07-24,9,3150
2026-07-24,10,3137
2026-07-24,11,3300
2026-07-24,12,3320
2026-07-24,13,2902
2026-07-24,14,3049
2026-07-24,15,3511
2026-07-24,16,3453
2026-07-24,17,3260
2026-07-24,18,3002
2026-07-24,19,3120
2026-07-24,20,3509
2026-07-24,21,3630
2026-07-24,22,5128
2026-07-24,23,3949
2026-07-25,0,888
2026-07-25,1,295
2026-07-25,2,202
2026-07-25,3,2107
2026-07-25,4,138
2026-07-25,5,107
2026-07-25,6,452
2026-07-25,7,804
2026-07-25,8,1609
2026-07-25,9,2317
2026-07-25,10,2738
2026-07-25,11,3107
2026-07-25,12,2856
2026-07-25,13,2921
2026-07-25,14,2606
2026-07-25,15,2723
2026-07-25,16,2677
2026-07-25,17,2443
2026-07-25,18,2706
2026-07-25,19,2872
2026-07-25,20,3278
2026-07-25,21,3780
2026-07-25,22,4158
2026-07-25,23,3900
2026-07-26,0,807
2026-07-26,1,333
2026-07-26,2,364
2026-07-26,3,1891
2026-07-26,4,93
2026-07-26,5,154
2026-07-26,6,411
2026-07-26,7,769
2026-07-26,8,1637
2026-07-26,9,2282
2026-07-26,10,2894
2026-07-26,11,3214
2026-07-26,12,3512
2026-07-26,13,3570
2026-07-26,14,2825
2026-07-26,15,3133
2026-07-26,16,2999
2026-07-26,17,3334
2026-07-26,18,2927
2026-07-26,19,3561
2026-07-26,20,4606
2026-07-26,21,5229
2026-07-26,22,5563
2026-07-26,23,4387
2026-07-27,0,837
2026-07-27,1,366
2026-07-27,2,266
2026-07-27,3,2246
2026-07-27,4,157
2026-07-27,5,364
2026-07-27,6,1273
2026-07-27,7,1565
2026-07-27,8,2412
2026-07-27,9,3425
2026-07-27,10,4276
2026-07-27,11,4344
2026-07-27,12,4231
2026-07-27,13,3961
2026-07-27,14,4136
2026-07-27,15,3964
2026-07-27,16,3987
2026-07-27,17,3785
2026-07-27,18,3773
2026-07-27,19,4083
2026-07-27,20,4858
2026-07-27,21,5369
2026-07-27,22,6115
2026-07-27,23,4415
2026-07-28,0,1003
2026-07-28,1,339
2026-07-28,2,204
2026-07-28,3,2456
2026-07-28,4,121
2026-07-28,5,335
2026-07-28,6,1047
2026-07-28,7,1739
2026-07-28,8,2674
2026-07-28,9,3291
2026-07-28,10,3816
2026-07-28,11,3715
2026-07-28,12,3670
2026-07-28,13,3838
2026-07-28,14,3719
2026-07-28,15,3741
2026-07-28,16,3712
2026-07-28,17,3487
2026-07-28,18,3285
2026-07-28,19,3596
2026-07-28,20,4086
2026-07-28,21,4938
2026-07-28,22,5696
2026-07-28,23,4644
2026-07-29,0,990
2026-07-29,1,429
2026-07-29,2,196
2026-07-29,3,2001
2026-07-29,4,240
2026-07-29,5,279
2026-07-29,6,1044
2026-07-29,7,1473
2026-07-29,8,2361
2026-07-29,9,3527
2026-07-29,10,3764
2026-07-29,11,3619
2026-07-29,12,3622
2026-07-29,13,3494
2026-07-29,14,3390
2026-07-29,15,3650
2026-07-29,16,3454
2026-07-29,17,3499
2026-07-29,18,3510
2026-07-29,19,3576
2026-07-29,20,3889
2026-07-29,21,5185
2026-07-29,22,5914
2026-07-29,23,4846
2026-07-30,0,1044
2026-07-30,1,387
2026-07-30,2,224
2026-07-30,3,2241
2026-07-30,4,173
2026-07-30,5,394
2026-07-30,6,1376
2026-07-30,7,1562
2026-07-30,8,2502
2026-07-30,9,3433
2026-07-30,10,3591
2026-07-30,11,3652
2026-07-30,12,3914
2026-07-30,13,3649
2026-07-30,14,3666
2026-07-30,15,3867
2026-07-30,16,3395
2026-07-30,17,3659
2026-07-30,18,3733
2026-07-30,19,3562
2026-07-30,20,4275
2026-07-30,21,5096
2026-07-30,22,6034
2026-07-30,23,5250
2026-07-31,0,1082
2026-07-31,1,360
2026-07-31,2,218
2026-07-31,3,2079
2026-07-31,4,147
2026-07-31,5,316
2026-07-31,6,1082
2026-07-31,7,1482
2026-07-31,8,2306
2026-07-31,9,2874
2026-07-31,10,3128
2026-07-31,11,3247
2026-07-31,12,3215
2026-07-31,13,3117
2026-07-31,14,3192
2026-07-31,15,3457
2026-07-31,16,3346
2026-07-31,17,3199
2026-07-31,18,3163
2026-07-31,19,3213
2026-07-31,20,3307
2026-07-31,21,3925
2026-07-31,22,4490
2026-07-31,23,4139
2026-08-01,0,1001
2026-08-01,1,415
2026-08-01,2,163
2026-08-01,3,1718
2026-08-01,4,104
2026-08-01,5,200
2026-08-01,6,621
2026-08-01,7,901
2026-08-01,8,1702
2026-08-01,9,2806
2026-08-01,10,2852
2026-08-01,11,3138
2026-08-01,12,3006
2026-08-01,13,3156
2026-08-01,14,2848
2026-08-01,15,3026
2026-08-01,16,3046
2026-08-01,17,2935
2026-08-01,18,2879
2026-08-01,19,2845
2026-08-01,20,3242
2026-08-01,21,3787
2026-08-01,22,4195
2026-08-01,23,3065
2026-08-02,0,1148
2026-08-02,1,374
2026-08-02,2,240
2026-08-02,3,1790
2026-08-02,4,126
2026-08-02,5,161
2026-08-02,6,694
2026-08-02,7,693
2026-08-02,8,1580
2026-08-02,9,2255
2026-08-02,10,2778
2026-08-02,11,3250
2026-08-02,12,3443
2026-08-02,13,3334
2026-08-02,14,2977
2026-08-02,15,3248
2026-08-02,16,3689
2026-08-02,17,3483
2026-08-02,18,3307
2026-08-02,19,3704
2026-08-02,20,4249
2026-08-02,21,5356
2026-08-02,22,5740
2026-08-02,23,4726
2026-08-03,0,1136
2026-08-03,1,394
2026-08-03,2,234
2026-08-03,3,1803
2026-08-03,4,496
2026-08-03,5,327
2026-08-03,6,1212
2026-08-03,7,1612
2026-08-03,8,2646
2026-08-03,9,3555
2026-08-03,10,4144
2026-08-03,11,4683
2026-08-03,12,4620
2026-08-03,13,4028
2026-08-03,14,4223
2026-08-03,15,3780
2026-08-03,16,5844
2026-08-03,17,5314
2026-08-03,18,4491
2026-08-03,19,5371
2026-08-03,20,5935
2026-08-03,21,6842
2026-08-03,22,7896
2026-08-03,23,5879
2026-08-04,0,1215
2026-08-04,1,621
2026-08-04,2,300
2026-08-04,3,2003
2026-08-04,4,820
2026-08-04,5,311
2026-08-04,6,1900
2026-08-04,7,2255
2026-08-04,8,3455
2026-08-04,9,4261
2026-08-04,10,4869
2026-08-04,11,5101
2026-08-04,12,4651
2026-08-04,13,5032
2026-08-04,14,4662
2026-08-04,15,4934
2026-08-04,16,4563
2026-08-04,17,4890
2026-08-04,18,4683
2026-08-04,19,4787
2026-08-04,20,5618
2026-08-04,21,6587
2026-08-04,22,7570
2026-08-04,23,5588
2026-08-05,0,1168
2026-08-05,1,498
2026-08-05,2,296
2026-08-05,3,1990
2026-08-05,4,459
2026-08-05,5,387
2026-08-05,6,2135
2026-08-05,7,2211
2026-08-05,8,3278
2026-08-05,9,4076
2026-08-05,10,4945
2026-08-05,11,4841
2026-08-05,12,4598
2026-08-05,13,4812
2026-08-05,14,4638
2026-08-05,15,4484
2026-08-05,16,4918
2026-08-05,17,5285
2026-08-05,18,5314
2026-08-05,19,4468
2026-08-05,20,5497
2026-08-05,21,6499
2026-08-05,22,7511
2026-08-05,23,5658
2026-08-06,0,1285
2026-08-06,1,579
2026-08-06,2,317
2026-08-06,3,2201
2026-08-06,4,213
2026-08-06,5,402
2026-08-06,6,1231
2026-08-06,7,2078
2026-08-06,8,3445
2026-08-06,9,4519
2026-08-06,10,5178
2026-08-06,11,5087
2026-08-06,12,4659
2026-08-06,13,4986
2026-08-06,14,4864
2026-08-06,15,4690
2026-08-06,16,5045
2026-08-06,17,4335
2026-08-06,18,4914
2026-08-06,19,5086
2026-08-06,20,5219
2026-08-06,21,7185
2026-08-06,22,7597
2026-08-06,23,6067
2026-08-07,0,1159
2026-08-07,1,496
2026-08-07,2,253
2026-08-07,3,2465
2026-08-07,4,256
2026-08-07,5,311
2026-08-07,6,1233
2026-08-07,7,1916
2026-08-07,8,2767
2026-08-07,9,4074
2026-08-07,10,4560
2026-08-07,11,4620
2026-08-07,12,4261
2026-08-07,13,4300
2026-08-07,14,4212
2026-08-07,15,4519
2026-08-07,16,4494
2026-08-07,17,4491
2026-08-07,18,4315
2026-08-07,19,4202
2026-08-07,20,4606
2026-08-07,21,5304
2026-08-07,22,5895
2026-08-07,23,4922
2026-08-08,0,1048
2026-08-08,1,484
2026-08-08,2,275
2026-08-08,3,1738
2026-08-08,4,258
2026-08-08,5,375
2026-08-08,6,699
2026-08-08,7,1343
2026-08-08,8,2336
2026-08-08,9,3250
2026-08-08,10,3688
2026-08-08,11,4029
2026-08-08,12,4025
2026-08-08,13,3996
2026-08-08,14,3975
2026-08-08,15,3805
2026-08-08,16,3798
2026-08-08,17,3746
2026-08-08,18,3595
2026-08-08,19,3890
2026-08-08,20,4037
2026-08-08,21,4890
2026-08-08,22,5240
2026-08-08,23,4890
2026-08-09,0,986
2026-08-09,1,531
2026-08-09,2,284
2026-08-09,3,1698
2026-08-09,4,250
2026-08-09,5,157
2026-08-09,6,458
2026-08-09,7,1166
2026-08-09,8,2079
2026-08-09,9,3177
2026-08-09,10,3719
2026-08-09,11,4124
2026-08-09,12,4333
2026-08-09,13,4287
2026-08-09,14,4039
2026-08-09,15,4154
2026-08-09,16,4124
2026-08-09,17,4653
2026-08-09,18,4516
2026-08-09,19,5008
2026-08-09,20,4038
2026-08-09,21,5405
2026-08-09,22,7846
2026-08-09,23,5735
2026-08-10,0,1417
2026-08-10,1,848
2026-08-10,2,401
2026-08-10,3,1968
2026-08-10,4,239
2026-08-10,5,567
2026-08-10,6,1212
2026-08-10,7,2441
2026-08-10,8,4283
2026-08-10,9,5229
2026-08-10,10,6496
2026-08-10,11,6479
2026-08-10,12,7103
2026-08-10,13,7028
2026-08-10,14,5954
2026-08-10,15,7422
2026-08-10,16,6259
2026-08-10,17,6560
2026-08-10,18,6787
2026-08-10,19,6637
2026-08-10,20,7952
2026-08-10,21,9002
2026-08-10,22,10298
2026-08-10,23,7664
2026-08-11,0,1444
2026-08-11,1,796
2026-08-11,2,338
2026-08-11,3,3072
2026-08-11,4,341
2026-08-11,5,854
2026-08-11,6,1413
2026-08-11,7,3083
2026-08-11,8,4220
2026-08-11,9,5206
2026-08-11,10,6626
2026-08-11,11,6207
2026-08-11,12,6222
2026-08-11,13,6450
2026-08-11,14,6450
2026-08-11,15,5759
2026-08-11,16,6258
2026-08-11,17,6073
2026-08-11,18,6350
2026-08-11,19,5846
2026-08-11,20,7373
2026-08-11,21,8432
2026-08-11,22,10041
2026-08-11,23,6905
2026-08-12,0,1599
2026-08-12,1,2942
2026-08-12,2,1267
2026-08-12,3,504
2026-08-12,4,284
2026-08-12,5,430
2026-08-12,6,1559
2026-08-12,7,2659
2026-08-12,8,4537
2026-08-12,9,5508
2026-08-12,10,5934
2026-08-12,11,5821
2026-08-12,12,6238
2026-08-12,13,6235
2026-08-12,14,6048
2026-08-12,15,5832
2026-08-12,16,5748
2026-08-12,17,5407
2026-08-12,18,5796
2026-08-12,19,5677
2026-08-12,20,6865
2026-08-12,21,8190
2026-08-12,22,9422
2026-08-12,23,6431
2026-08-13,0,1542
2026-08-13,1,2027
2026-08-13,2,2241
2026-08-13,3,267
2026-08-13,4,258
2026-08-13,5,483
2026-08-13,6,1423
2026-08-13,7,2649
2026-08-13,8,4138
2026-08-13,9,5146
2026-08-13,10,6213
2026-08-13,11,6035
2026-08-13,12,6086
2026-08-13,13,6594
2026-08-13,14,6303
2026-08-13,15,6517
2026-08-13,16,5959
2026-08-13,17,5867
2026-08-13,18,5941
2026-08-13,19,6321
2026-08-13,20,7432
2026-08-13,21,8987
2026-08-13,22,10040
2026-08-13,23,7908
2026-08-14,0,1693
2026-08-14,1,2100
2026-08-14,2,1017
2026-08-14,3,369
2026-08-14,4,200
2026-08-14,5,632
2026-08-14,6,1375
2026-08-14,7,2761
2026-08-14,8,3683
2026-08-14,9,4914
2026-08-14,10,5661
2026-08-14,11,5585
2026-08-14,12,5505
2026-08-14,13,5528
2026-08-14,14,5112
2026-08-14,15,5090
2026-08-14,16,5314
2026-08-14,17,5437
2026-08-14,18,5189
2026-08-14,19,5082
2026-08-14,20,5815
2026-08-14,21,6623
2026-08-14,22,7352
2026-08-14,23,6058
2026-08-15,0,903
2026-08-15,1,3270
2026-08-15,2,390
2026-08-15,3,359
2026-08-15,4,299
2026-08-15,5,159
2026-08-15,6,944
2026-08-15,7,1404
2026-08-15,8,2813
2026-08-15,9,3743
2026-08-15,10,4467
2026-08-15,11,4866
2026-08-15,12,4780
2026-08-15,13,4815
2026-08-15,14,4728
2026-08-15,15,4587
2026-08-15,16,4923
2026-08-15,17,4554
2026-08-15,18,4603
2026-08-15,19,4849
2026-08-15,20,5151
2026-08-15,21,6017
2026-08-15,22,7005
2026-08-15,23,5609
2026-08-16,0,1417
2026-08-16,1,2008
2026-08-16,2,584
2026-08-16,3,476
2026-08-16,4,414
2026-08-16,5,211
2026-08-16,6,583
2026-08-16,7,1594
2026-08-16,8,2724
2026-08-16,9,3870
2026-08-16,10,4992
2026-08-16,11,5473
2026-08-16,12,5341
2026-08-16,13,5462
2026-08-16,14,5277
2026-08-16,15,5412
2026-08-16,16,5442
2026-08-16,17,5694
2026-08-16,18,5721
2026-08-16,19,6292
2026-08-16,20,7395
2026-08-16,21,8530
2026-08-16,22,9691
2026-08-16,23,6250
2026-08-17,0,1912
2026-08-17,1,2201
2026-08-17,2,325
2026-08-17,3,811
2026-08-17,4,335
2026-08-17,5,523
2026-08-17,6,1149
2026-08-17,7,2497
2026-08-17,8,4399
2026-08-17,9,5758
2026-08-17,10,6508
2026-08-17,11,6783
2026-08-17,12,6704
2026-08-17,13,6719
2026-08-17,14,6663
2026-08-17,15,6427
2026-08-17,16,6100
2026-08-17,17,6493
2026-08-17,18,6642
2026-08-17,19,6969
2026-08-17,20,8382
2026-08-17,21,9466
2026-08-17,22,9665
2026-08-17,23,6777
2026-08-18,0,1436
2026-08-18,1,2454
2026-08-18,2,1024
2026-08-18,3,199
2026-08-18,4,255
2026-08-18,5,446
2026-08-18,6,1488
2026-08-18,7,2810
2026-08-18,8,4557
2026-08-18,9,5769
2026-08-18,10,6470
2026-08-18,11,6399
2026-08-18,12,5950
2026-08-18,13,6085
2026-08-18,14,6238
2026-08-18,15,5939
2026-08-18,16,5879
2026-08-18,17,5642
2026-08-18,18,5627
2026-08-18,19,6629
2026-08-18,20,8783
2026-08-18,21,8331
2026-08-18,22,9624
2026-08-18,23,6602
2026-08-19,0,1374
2026-08-19,1,3167
2026-08-19,2,777
2026-08-19,3,561
2026-08-19,4,250
2026-08-19,5,623
2026-08-19,6,1707
2026-08-19,7,2520
2026-08-19,8,4131
2026-08-19,9,5140
2026-08-19,10,5489
2026-08-19,11,5995
2026-08-19,12,5490
2026-08-19,13,5430
2026-08-19,14,5482
2026-08-19,15,5678
2026-08-19,16,5664
2026-08-19,17,5199
2026-08-19,18,5512
2026-08-19,19,5546
2026-08-19,20,6805
2026-08-19,21,8077
2026-08-19,22,9114
2026-08-19,23,6419
2026-08-20,0,1648
2026-08-20,1,2551
2026-08-20,2,647
2026-08-20,3,370
2026-08-20,4,242
2026-08-20,5,523
2026-08-20,6,1295
2026-08-20,7,2527
2026-08-20,8,4220
2026-08-20,9,5215
2026-08-20,10,5470
2026-08-20,11,5565
2026-08-20,12,5311
2026-08-20,13,6326
2026-08-20,14,4892
2026-08-20,15,5303
2026-08-20,16,5523
2026-08-20,17,5129
2026-08-20,18,5293
2026-08-20,19,5922
2026-08-20,20,7288
2026-08-20,21,7036
2026-08-20,22,7528
2026-08-20,23,6872
2026-08-21,0,1336
2026-08-21,1,1669
2026-08-21,2,327
2026-08-21,3,886
2026-08-21,4,288
2026-08-21,5,363
2026-08-21,6,1200
2026-08-21,7,2008
2026-08-21,8,3371
2026-08-21,9,4238
2026-08-21,10,4715
2026-08-21,11,5150
2026-08-21,12,5306
2026-08-21,13,5009
2026-08-21,14,4931
2026-08-21,15,4649
2026-08-21,16,4522
2026-08-21,17,4700
2026-08-21,18,5056
2026-08-21,19,4200
2026-08-21,20,5906
2026-08-21,21,6138
2026-08-21,22,6522
2026-08-21,23,5210
2026-08-22,0,1213
2026-08-22,1,2096
2026-08-22,2,384
2026-08-22,3,447
2026-08-22,4,197
2026-08-22,5,302
2026-08-22,6,630
2026-08-22,7,1501
2026-08-22,8,2737
2026-08-22,9,3760
2026-08-22,10,4210
2026-08-22,11,4740
2026-08-22,12,4778
2026-08-22,13,4172
2026-08-22,14,4407
2026-08-22,15,4447
2026-08-22,16,4310
2026-08-22,17,4514
2026-08-22,18,4375
2026-08-22,19,4491
2026-08-22,20,5444
2026-08-22,21,6601
2026-08-22,22,6685
2026-08-22,23,5475
2026-08-23,0,1308
2026-08-23,1,2143
2026-08-23,2,382
2026-08-23,3,419
2026-08-23,4,438
2026-08-23,5,256
2026-08-23,6,460
2026-08-23,7,1196
2026-08-23,8,2596
2026-08-23,9,3769
2026-08-23,10,4585
2026-08-23,11,5324
2026-08-23,12,5063
2026-08-23,13,5158
2026-08-23,14,4858
2026-08-23,15,5164
2026-08-23,16,5018
2026-08-23,17,5054
2026-08-23,18,5281
2026-08-23,19,6105
2026-08-23,20,7619
2026-08-23,21,9038
2026-08-23,22,9284
2026-08-23,23,6101
