datum,protistrana,geosize,joblines
2026-02-28,Anděl,XPO,1
2026-02-28,Beroun,XPO,2
2026-02-28,Beroun,XL,1
2026-02-28,Brno,XPO,8
2026-02-28,Brno Lískovec,XPO,1
2026-02-28,Brno Lískovec,VB,1
2026-02-28,Budějovická,XPO,3
2026-02-28,Budějovická,XL,1
2026-02-28,CZLC4,XPO,66
2026-02-28,CZLC4,XL,1
2026-02-28,Dejvice,XPO,1
2026-02-28,Frýdek-Místek,XPO,3
2026-02-28,Frýdek-Místek,VB,1
2026-02-28,HULC1,VB,8
2026-02-28,Hradec,XPO,1
2026-02-28,Háje,XPO,1
2026-02-28,Karlovy Vary,XL,2
2026-02-28,Karlovy Vary,VB,1
2026-02-28,Kolín,XL,1
2026-02-28,LCS,XPO,7
2026-02-28,Liberec,XPO,1
2026-02-28,Liberec,VB,1
2026-02-28,Mladá Boleslav,XL,1
2026-02-28,Most,XL,1
2026-02-28,Mělník,XPO,1
2026-02-28,Olomouc,VB,1
2026-02-28,Ostrava,XPO,4
2026-02-28,Ostrava,VB,5
2026-02-28,Pardubice,XPO,1
2026-02-28,Plzeň město,XPO,2
2026-02-28,Plzeň město,XL,1
2026-02-28,Pobočka Chrášťany,XPO,10
2026-02-28,Pobočka Chrášťany,XL,3
2026-02-28,Počernice,XL,1
2026-02-28,Praha - centrála,XPO,7
2026-02-28,Praha - centrála,XL,2
2026-02-28,Praha - centrála,VB,1
2026-02-28,SKLC3,XPO,50
2026-02-28,SKLC3,XL,5
2026-02-28,SKLC3,VB,9
2026-02-28,Třebíč,XPO,1
2026-02-28,Třebíč,XL,1
2026-02-28,Zlín,XPO,1
2026-02-28,Zlín,VB,1
2026-02-28,Čakovice,XPO,6
2026-02-28,Čakovice,XL,2
2026-02-28,Čakovice,VB,2
2026-02-28,České Budějovice,XPO,2
2026-02-28,České Budějovice,XL,2
2026-02-28,České Budějovice,VB,1
2026-03-01,Anděl,XPO,1
2026-03-01,Beroun,XL,1
2026-03-01,Brno,XPO,4
2026-03-01,Brno,XL,3
2026-03-01,Brno Lískovec,VB,1
2026-03-01,Budějovická,XPO,5
2026-03-01,Budějovická,XL,2
2026-03-01,CZLC4,XPO,91
2026-03-01,CZLC4,XL,1
2026-03-01,Dejvice,VB,1
2026-03-01,Děčín,XPO,4
2026-03-01,Děčín,XL,1
2026-03-01,Frýdek-Místek,XPO,1
2026-03-01,HULC1,VB,4
2026-03-01,Háje,XPO,2
2026-03-01,Háje,VB,1
2026-03-01,Karlovy Vary,XPO,2
2026-03-01,Kladno,XPO,1
2026-03-01,LCS,XPO,10
2026-03-01,Liberec,XPO,1
2026-03-01,Most,XPO,1
2026-03-01,Most,XL,1
2026-03-01,Most,VB,1
2026-03-01,Mělník,XPO,1
2026-03-01,Opava,XPO,1
2026-03-01,Opava,XL,2
2026-03-01,Ostrava,XPO,1
2026-03-01,Ostrava,XL,3
2026-03-01,Ostrava,VB,1
2026-03-01,Pardubice,XL,1
2026-03-01,Plzeň město,XPO,2
2026-03-01,Pobočka Chrášťany,XPO,8
2026-03-01,Pobočka Chrášťany,XL,2
2026-03-01,Pobočka Chrášťany,VB,2
2026-03-01,Počernice,XPO,1
2026-03-01,Počernice,XL,1
2026-03-01,Praha - centrála,XPO,14
2026-03-01,Praha - centrála,XL,8
2026-03-01,Praha - centrála,VB,4
2026-03-01,SKLC3,XPO,15
2026-03-01,SKLC3,XL,42
2026-03-01,SKLC3,VB,62
2026-03-01,Zlín,XL,1
2026-03-01,Čakovice,XPO,1
2026-03-01,Čakovice,XL,1
2026-03-01,České Budějovice,XL,1
2026-03-02,Anděl,XPO,1
2026-03-02,Brno,XL,1
2026-03-02,Budějovická,XPO,4
2026-03-02,Budějovická,XL,1
2026-03-02,CZLC4,XPO,33
2026-03-02,Háje,XPO,2
2026-03-02,Karlovy Vary,XPO,2
2026-03-02,Kladno,XPO,1
2026-03-02,Kolín,XL,1
2026-03-02,LCS,XPO,217
2026-03-02,Mladá Boleslav,XPO,3
2026-03-02,Olomouc,XPO,1
2026-03-02,Olomouc,XL,1
2026-03-02,Opava,XL,1
2026-03-02,Ostrava,XPO,2
2026-03-02,Ostrava,XL,1
2026-03-02,Plzeň město,XPO,3
2026-03-02,Pobočka Chrášťany,XPO,6
2026-03-02,Pobočka Chrášťany,XL,1
2026-03-02,Pobočka Chrášťany,VB,3
2026-03-02,Počernice,XPO,1
2026-03-02,Počernice,XL,1
2026-03-02,Počernice,VB,1
2026-03-02,Praha - centrála,XPO,9
2026-03-02,Praha - centrála,XL,3
2026-03-02,Praha - centrála,VB,1
2026-03-02,SKLC3,XPO,19
2026-03-02,SKLC3,XL,5
2026-03-02,SKLC3,VB,66
2026-03-02,Tábor,VB,1
2026-03-02,Čakovice,XPO,2
2026-03-02,Čakovice,XL,3
2026-03-02,České Budějovice,XPO,3
2026-03-03,Anděl,XPO,3
2026-03-03,Anděl,XL,2
2026-03-03,Benešov,XL,2
2026-03-03,Benešov,VB,1
2026-03-03,Beroun,XPO,1
2026-03-03,Beroun,VB,1
2026-03-03,Brno,XPO,7
2026-03-03,Brno Lískovec,XPO,3
2026-03-03,Brno Lískovec,XL,1
2026-03-03,Budějovická,XPO,3
2026-03-03,Budějovická,XL,1
2026-03-03,Budějovická,VB,1
2026-03-03,CZLC4,XPO,20
2026-03-03,CZLC4,XL,1
2026-03-03,Frýdek-Místek,XL,1
2026-03-03,Frýdek-Místek,VB,1
2026-03-03,HULC1,SPO,2
2026-03-03,HULC1,XL,30
2026-03-03,HULC1,VB,26
2026-03-03,Hradec,XL,4
2026-03-03,Hradec,VB,1
2026-03-03,Háje,XPO,1
2026-03-03,Háje,XL,1
2026-03-03,Háje,VB,2
2026-03-03,Jihlava,XPO,1
2026-03-03,Karlovy Vary,XPO,1
2026-03-03,Karlovy Vary,XL,1
2026-03-03,Kladno,XPO,2
2026-03-03,Kladno,XL,1
2026-03-03,Kolín,XPO,1
2026-03-03,Kolín,VB,1
2026-03-03,LCS,XPO,86
2026-03-03,Liberec,XL,1
2026-03-03,Mladá Boleslav,XPO,1
2026-03-03,Mladá Boleslav,XL,1
2026-03-03,Most,XPO,4
2026-03-03,Most,VB,2
2026-03-03,Mělník,XPO,2
2026-03-03,Olomouc,XL,1
2026-03-03,Opava,XPO,5
2026-03-03,Ostrava,XPO,2
2026-03-03,Pardubice,XPO,2
2026-03-03,Pardubice,XL,2
2026-03-03,Plzeň město,XPO,1
2026-03-03,Plzeň město,XL,1
2026-03-03,Plzeň město,VB,1
2026-03-03,Pobočka Chrášťany,XL,3
2026-03-03,Počernice,XPO,2
2026-03-03,Počernice,XL,4
2026-03-03,Praha - centrála,XPO,3
2026-03-03,Praha - centrála,XL,3
2026-03-03,Praha - centrála,VB,2
2026-03-03,Prostějov,XL,1
2026-03-03,Příbram,XPO,3
2026-03-03,Příbram,XL,1
2026-03-03,SKLC3,XPO,26
2026-03-03,SKLC3,XL,56
2026-03-03,SKLC3,VB,85
2026-03-03,Tábor,XPO,2
2026-03-03,Ústí nad Labem,XPO,1
2026-03-03,Ústí nad Labem,XL,1
2026-03-03,Ústí nad Labem,VB,1
2026-03-03,Čakovice,XPO,4
2026-03-03,České Budějovice,SPO,1
2026-03-03,České Budějovice,XPO,2
2026-03-03,České Budějovice,XL,1
2026-03-04,Anděl,XPO,1
2026-03-04,Brno,XPO,2
2026-03-04,Brno,XL,1
2026-03-04,Brno Lískovec,XPO,2
2026-03-04,Brno Lískovec,XL,1
2026-03-04,Budějovická,XPO,2
2026-03-04,CZLC4,XPO,102
2026-03-04,CZLC4,VB,1
2026-03-04,Chomutov,XPO,1
2026-03-04,Děčín,XPO,1
2026-03-04,Frýdek-Místek,VB,1
2026-03-04,HULC1,VB,4
2026-03-04,Hradec,XPO,3
2026-03-04,Hradec,XL,1
2026-03-04,Háje,XPO,2
2026-03-04,Jihlava,XPO,1
2026-03-04,Karlovy Vary,XPO,1
2026-03-04,Kladno,XPO,2
2026-03-04,LCS,XPO,53
2026-03-04,LCS,VB,2
2026-03-04,Liberec,XL,2
2026-03-04,Most,VB,2
2026-03-04,Mělník,XPO,1
2026-03-04,Olomouc,XPO,1
2026-03-04,Opava,SPO,1
2026-03-04,Ostrava,XPO,9
2026-03-04,Ostrava,XL,2
2026-03-04,Ostrava,VB,2
2026-03-04,Pardubice,XPO,2
2026-03-04,Plzeň město,XPO,1
2026-03-04,Plzeň město,XL,1
2026-03-04,Pobočka Chrášťany,XPO,6
2026-03-04,Pobočka Chrášťany,XL,1
2026-03-04,Počernice,VB,1
2026-03-04,Praha - centrála,XPO,3
2026-03-04,Praha - centrála,XL,3
2026-03-04,SKLC3,XPO,16
2026-03-04,SKLC3,XL,53
2026-03-04,SKLC3,VB,35
2026-03-04,Tábor,XPO,1
2026-03-04,Třebíč,XPO,1
2026-03-04,Zlín,XPO,2
2026-03-04,Zlín,XL,4
2026-03-04,Zlín,VB,1
2026-03-04,Ústí nad Labem,XPO,1
2026-03-04,Ústí nad Labem,VB,1
2026-03-04,Čakovice,XPO,4
2026-03-04,Čakovice,VB,1
2026-03-04,České Budějovice,XPO,1
2026-03-05,Anděl,XPO,1
2026-03-05,Beroun,XPO,1
2026-03-05,Brno,XPO,3
2026-03-05,Brno,XL,1
2026-03-05,Brno,VB,2
2026-03-05,Brno Lískovec,XPO,1
2026-03-05,Brno Lískovec,XL,1
2026-03-05,Budějovická,XPO,2
2026-03-05,CZLC4,XPO,120
2026-03-05,CZLC4,XL,6
2026-03-05,Chomutov,VB,1
2026-03-05,Frýdek-Místek,XPO,2
2026-03-05,Frýdek-Místek,XL,1
2026-03-05,HULC1,VB,33
2026-03-05,Hradec,XPO,1
2026-03-05,Hradec,XL,2
2026-03-05,Háje,XPO,2
2026-03-05,Karlovy Vary,XL,4
2026-03-05,Kladno,VB,1
2026-03-05,LCS,XPO,87
2026-03-05,LCS,VB,1
2026-03-05,Liberec,XPO,1
2026-03-05,Most,XPO,2
2026-03-05,Olomouc,XL,1
2026-03-05,Olomouc,VB,1
2026-03-05,Ostrava,XPO,2
2026-03-05,Ostrava,VB,2
2026-03-05,Pardubice,XPO,2
2026-03-05,Pardubice,XL,2
2026-03-05,Plzeň město,XPO,2
2026-03-05,Plzeň město,XL,3
2026-03-05,Plzeň město,VB,1
2026-03-05,Pobočka Chrášťany,XPO,3
2026-03-05,Pobočka Chrášťany,XL,1
2026-03-05,Počernice,XPO,1
2026-03-05,Počernice,VB,1
2026-03-05,Praha - centrála,XPO,8
2026-03-05,Praha - centrála,VB,4
2026-03-05,Příbram,XL,1
2026-03-05,Příbram,VB,1
2026-03-05,SKLC3,XPO,75
2026-03-05,SKLC3,XL,11
2026-03-05,SKLC3,VB,133
2026-03-05,Zlín,XPO,1
2026-03-05,Ústí nad Labem,XPO,1
2026-03-05,Čakovice,XPO,11
2026-03-05,Čakovice,XL,1
2026-03-05,Čakovice,VB,1
2026-03-05,České Budějovice,XPO,1
2026-03-06,Anděl,XPO,1
2026-03-06,Benešov,XPO,1
2026-03-06,Beroun,XPO,1
2026-03-06,Brno,XPO,5
2026-03-06,Brno,XL,2
2026-03-06,Brno Lískovec,XPO,2
2026-03-06,Budějovická,XPO,4
2026-03-06,Budějovická,XL,1
2026-03-06,Budějovická,VB,1
2026-03-06,CZLC4,XPO,28
2026-03-06,Dejvice,XPO,1
2026-03-06,Dejvice,XL,1
2026-03-06,Frýdek-Místek,XPO,1
2026-03-06,HULC1,XPO,1
2026-03-06,HULC1,VB,4
2026-03-06,Hradec,XPO,1
2026-03-06,Háje,XL,2
2026-03-06,Háje,VB,1
2026-03-06,Jihlava,XPO,1
2026-03-06,Karlovy Vary,XL,2
2026-03-06,Kladno,VB,2
2026-03-06,Kolín,XL,1
2026-03-06,LCS,XPO,49
2026-03-06,Liberec,XL,2
2026-03-06,Olomouc,XPO,2
2026-03-06,Opava,XL,1
2026-03-06,Opava,VB,1
2026-03-06,Ostrava,XPO,5
2026-03-06,Pardubice,XPO,1
2026-03-06,Pardubice,XL,3
2026-03-06,Pardubice,VB,1
2026-03-06,Plzeň město,XPO,2
2026-03-06,Pobočka Chrášťany,XPO,4
2026-03-06,Pobočka Chrášťany,XL,2
2026-03-06,Počernice,XPO,1
2026-03-06,Počernice,XL,2
2026-03-06,Praha - centrála,XPO,3
2026-03-06,Praha - centrála,XL,3
2026-03-06,Praha - centrála,VB,1
2026-03-06,Příbram,XPO,1
2026-03-06,SKLC3,XPO,11
2026-03-06,SKLC3,XL,12
2026-03-06,SKLC3,VB,15
2026-03-06,Tábor,XL,1
2026-03-06,Zlín,XPO,3
2026-03-06,Zlín,XL,2
2026-03-06,Ústí nad Labem,XPO,1
2026-03-06,Čakovice,XPO,3
2026-03-06,Čakovice,VB,1
2026-03-07,Anděl,XPO,15
2026-03-07,Benešov,XPO,1
2026-03-07,Brno,XPO,33
2026-03-07,Brno,XL,1
2026-03-07,Brno Lískovec,XPO,7
2026-03-07,Brno Lískovec,XL,1
2026-03-07,Brno Lískovec,VB,1
2026-03-07,Budějovická,XPO,9
2026-03-07,Budějovická,XL,1
2026-03-07,CZLC4,XPO,41
2026-03-07,Chomutov,XPO,1
2026-03-07,Dejvice,XPO,1
2026-03-07,HULC1,VB,4
2026-03-07,Hradec,XPO,1
2026-03-07,Háje,XPO,9
2026-03-07,Háje,XL,1
2026-03-07,Karlovy Vary,XPO,3
2026-03-07,Kladno,XPO,2
2026-03-07,Kladno,XL,1
2026-03-07,Kolín,VB,1
2026-03-07,LCS,XPO,293
2026-03-07,Liberec,XPO,2
2026-03-07,Liberec,XL,2
2026-03-07,Mladá Boleslav,XPO,2
2026-03-07,Most,XPO,2
2026-03-07,Mělník,XL,1
2026-03-07,Olomouc,XPO,3
2026-03-07,Olomouc,XL,1
2026-03-07,Ostrava,XPO,14
2026-03-07,Pardubice,XPO,15
2026-03-07,Pardubice,VB,1
2026-03-07,Plzeň město,XPO,13
2026-03-07,Pobočka Chrášťany,XPO,12
2026-03-07,Pobočka Chrášťany,XL,1
2026-03-07,Počernice,XPO,6
2026-03-07,Počernice,XL,2
2026-03-07,Počernice,VB,1
2026-03-07,Praha - centrála,XPO,19
2026-03-07,Praha - centrála,XL,3
2026-03-07,SKLC3,XPO,57
2026-03-07,SKLC3,XL,27
2026-03-07,SKLC3,VB,12
2026-03-07,Tábor,XPO,2
2026-03-07,Zlín,XPO,2
2026-03-07,Ústí nad Labem,XPO,4
2026-03-07,Ústí nad Labem,VB,1
2026-03-07,České Budějovice,XPO,2
2026-03-08,Anděl,XPO,3
2026-03-08,Anděl,XL,1
2026-03-08,Benešov,XPO,1
2026-03-08,Brno,XPO,9
2026-03-08,Brno,XL,1
2026-03-08,Brno Lískovec,XPO,2
2026-03-08,Budějovická,XPO,4
2026-03-08,CZLC4,XPO,110
2026-03-08,Dejvice,XL,1
2026-03-08,Hradec,VB,1
2026-03-08,Háje,XPO,5
2026-03-08,Háje,XL,1
2026-03-08,Jihlava,XPO,2
2026-03-08,Jihlava,XL,1
2026-03-08,Kolín,XL,1
2026-03-08,LCS,XPO,60
2026-03-08,Liberec,XPO,2
2026-03-08,Mladá Boleslav,XPO,1
2026-03-08,Mladá Boleslav,XL,1
2026-03-08,Mělník,XPO,1
2026-03-08,Opava,XL,1
2026-03-08,Ostrava,XPO,7
2026-03-08,Ostrava,XL,2
2026-03-08,Pardubice,XPO,1
2026-03-08,Plzeň město,XPO,6
2026-03-08,Plzeň město,XL,2
2026-03-08,Pobočka Chrášťany,XPO,3
2026-03-08,Pobočka Chrášťany,XL,2
2026-03-08,Pobočka Chrášťany,VB,3
2026-03-08,Počernice,XPO,3
2026-03-08,Praha - centrála,SPO,1
2026-03-08,Praha - centrála,XPO,10
2026-03-08,Praha - centrála,XL,7
2026-03-08,SKLC3,XPO,18
2026-03-08,SKLC3,XL,8
2026-03-08,SKLC3,VB,8
2026-03-08,Třebíč,XPO,1
2026-03-08,Čakovice,XPO,10
2026-03-08,Čakovice,XL,2
2026-03-08,Čakovice,VB,4
2026-03-08,České Budějovice,XPO,1
2026-03-09,Anděl,XL,1
2026-03-09,Benešov,XPO,1
2026-03-09,Benešov,XL,1
2026-03-09,Brno,XPO,5
2026-03-09,Brno Lískovec,XPO,1
2026-03-09,Brno Lískovec,VB,1
2026-03-09,Budějovická,XPO,4
2026-03-09,Budějovická,XL,1
2026-03-09,CZLC4,SPO,1
2026-03-09,CZLC4,BPO,2
2026-03-09,CZLC4,XPO,351
2026-03-09,CZLC4,XL,2
2026-03-09,CZLC4,VB,1
2026-03-09,Chomutov,XPO,1
2026-03-09,Frýdek-Místek,XPO,1
2026-03-09,HULC1,XPO,1
2026-03-09,Hradec,XPO,4
2026-03-09,Háje,XPO,6
2026-03-09,Jihlava,XL,1
2026-03-09,Karlovy Vary,XPO,1
2026-03-09,Kolín,VB,1
2026-03-09,LCS,SPO,2
2026-03-09,LCS,XPO,474
2026-03-09,LCS,VB,5
2026-03-09,Liberec,XPO,3
2026-03-09,Liberec,VB,2
2026-03-09,Mělník,VB,1
2026-03-09,Olomouc,XPO,1
2026-03-09,Opava,XL,1
2026-03-09,Ostrava,XPO,5
2026-03-09,Ostrava,VB,1
2026-03-09,Pardubice,XPO,1
2026-03-09,Pardubice,XL,1
2026-03-09,Plzeň město,XPO,3
2026-03-09,Plzeň město,VB,1
2026-03-09,Pobočka Chrášťany,XPO,4
2026-03-09,Pobočka Chrášťany,XL,2
2026-03-09,Pobočka Chrášťany,VB,2
2026-03-09,Praha - centrála,XPO,10
2026-03-09,Praha - centrála,VB,1
2026-03-09,Příbram,XPO,1
2026-03-09,SKLC3,XPO,185
2026-03-09,SKLC3,XL,7
2026-03-09,SKLC3,VB,16
2026-03-09,Tábor,XPO,6
2026-03-09,Zlín,XPO,1
2026-03-09,Zlín,VB,1
2026-03-09,Ústí nad Labem,XPO,3
2026-03-09,Čakovice,XPO,22
2026-03-09,Čakovice,XL,2
2026-03-09,Čakovice,VB,1
2026-03-09,České Budějovice,XPO,5
2026-03-09,České Budějovice,XL,1
2026-03-10,Anděl,XPO,4
2026-03-10,Benešov,XL,2
2026-03-10,Beroun,XPO,1
2026-03-10,Beroun,VB,1
2026-03-10,Brno,XPO,6
2026-03-10,Brno,XL,4
2026-03-10,Brno Lískovec,XPO,1
2026-03-10,Budějovická,XPO,8
2026-03-10,Budějovická,XL,1
2026-03-10,CZLC4,BPO,3
2026-03-10,CZLC4,XPO,409
2026-03-10,CZLC4,XL,2
2026-03-10,Dejvice,XL,1
2026-03-10,Děčín,XPO,1
2026-03-10,Děčín,XL,1
2026-03-10,Děčín,VB,1
2026-03-10,Frýdek-Místek,XPO,1
2026-03-10,HULC1,XPO,1
2026-03-10,HULC1,XL,11
2026-03-10,HULC1,VB,9
2026-03-10,Hradec,XPO,1
2026-03-10,Háje,XPO,7
2026-03-10,Jihlava,XL,1
2026-03-10,Karlovy Vary,XPO,3
2026-03-10,Kladno,XPO,1
2026-03-10,Kladno,XL,1
2026-03-10,Kolín,XPO,2
2026-03-10,LCS,SPO,3
2026-03-10,LCS,BPO,4
2026-03-10,LCS,XPO,307
2026-03-10,LCS,VB,3
2026-03-10,Liberec,XPO,2
2026-03-10,Mladá Boleslav,XPO,4
2026-03-10,Most,XPO,3
2026-03-10,Most,XL,1
2026-03-10,Mělník,XPO,1
2026-03-10,Olomouc,XPO,1
2026-03-10,Opava,XPO,1
2026-03-10,Ostrava,XPO,3
2026-03-10,Pardubice,XPO,3
2026-03-10,Plzeň město,XPO,8
2026-03-10,Pobočka Chrášťany,XPO,12
2026-03-10,Pobočka Chrášťany,XL,2
2026-03-10,Pobočka Chrášťany,VB,2
2026-03-10,Počernice,XL,1
2026-03-10,Praha - centrála,XPO,11
2026-03-10,Příbram,XPO,3
2026-03-10,SKLC3,XPO,174
2026-03-10,SKLC3,XL,104
2026-03-10,SKLC3,VB,64
2026-03-10,Tábor,XPO,3
2026-03-10,Zlín,XPO,1
2026-03-10,Čakovice,XPO,7
2026-03-10,Čakovice,XL,2
2026-03-10,České Budějovice,XL,2
2026-03-11,Anděl,XPO,2
2026-03-11,Beroun,XPO,1
2026-03-11,Beroun,XL,1
2026-03-11,Brno,XPO,10
2026-03-11,Brno Lískovec,XPO,6
2026-03-11,Budějovická,XPO,7
2026-03-11,Budějovická,XL,1
2026-03-11,Budějovická,VB,3
2026-03-11,CZLC4,SPO,1
2026-03-11,CZLC4,XPO,217
2026-03-11,CZLC4,XL,1
2026-03-11,Chomutov,XPO,3
2026-03-11,Chomutov,VB,1
2026-03-11,Frýdek-Místek,XPO,2
2026-03-11,HULC1,XPO,1
2026-03-11,HULC1,VB,12
2026-03-11,Hradec,XPO,4
2026-03-11,Háje,BPO,1
2026-03-11,Háje,XPO,6
2026-03-11,Jihlava,XPO,5
2026-03-11,Karlovy Vary,XPO,2
2026-03-11,Kladno,VB,1
2026-03-11,LCS,XPO,281
2026-03-11,Liberec,XPO,3
2026-03-11,Mladá Boleslav,XPO,2
2026-03-11,Mladá Boleslav,XL,1
2026-03-11,Most,XPO,2
2026-03-11,Most,XL,1
2026-03-11,Mělník,XPO,7
2026-03-11,Olomouc,XPO,2
2026-03-11,Ostrava,XPO,8
2026-03-11,Ostrava,XL,4
2026-03-11,Ostrava,VB,3
2026-03-11,Pardubice,XPO,1
2026-03-11,Plzeň město,XPO,1
2026-03-11,Plzeň město,XL,1
2026-03-11,Pobočka Chrášťany,XPO,15
2026-03-11,Pobočka Chrášťany,XL,1
2026-03-11,Pobočka Chrášťany,VB,1
2026-03-11,Počernice,XPO,2
2026-03-11,Počernice,XL,1
2026-03-11,Praha - centrála,XPO,10
2026-03-11,Praha - centrála,XL,2
2026-03-11,Praha - centrála,VB,1
2026-03-11,Příbram,XPO,1
2026-03-11,SKLC3,SPO,12
2026-03-11,SKLC3,BPO,1
2026-03-11,SKLC3,XPO,250
2026-03-11,SKLC3,XL,14
2026-03-11,SKLC3,VB,25
2026-03-11,Tábor,XL,1
2026-03-11,Zlín,XPO,3
2026-03-11,Čakovice,XPO,2
2026-03-11,Čakovice,XL,1
2026-03-11,České Budějovice,XPO,2
2026-03-12,Anděl,XPO,8
2026-03-12,Benešov,VB,1
2026-03-12,Beroun,XPO,2
2026-03-12,Brno,XPO,4
2026-03-12,Brno,XL,3
2026-03-12,Brno,VB,1
2026-03-12,Brno Lískovec,XPO,2
2026-03-12,Budějovická,XPO,10
2026-03-12,CZLC4,BPO,1
2026-03-12,CZLC4,XPO,203
2026-03-12,CZLC4,XL,2
2026-03-12,Chomutov,XPO,1
2026-03-12,Dejvice,XPO,2
2026-03-12,Dejvice,XL,1
2026-03-12,Děčín,XPO,1
2026-03-12,HULC1,XPO,1
2026-03-12,HULC1,VB,11
2026-03-12,Hradec,XPO,3
2026-03-12,Háje,XPO,3
2026-03-12,Jihlava,XPO,4
2026-03-12,Karlovy Vary,XPO,1
2026-03-12,Kladno,XPO,2
2026-03-12,Kladno,XL,1
2026-03-12,Kolín,XPO,2
2026-03-12,LCS,XPO,147
2026-03-12,Mladá Boleslav,XPO,1
2026-03-12,Mladá Boleslav,XL,1
2026-03-12,Most,XL,1
2026-03-12,Mělník,XPO,1
2026-03-12,Olomouc,XPO,1
2026-03-12,Ostrava,XPO,1
2026-03-12,Pardubice,XPO,1
2026-03-12,Pardubice,XL,2
2026-03-12,Plzeň město,XPO,2
2026-03-12,Plzeň město,XL,1
2026-03-12,Pobočka Chrášťany,XPO,2
2026-03-12,Pobočka Chrášťany,VB,2
2026-03-12,Počernice,XPO,1
2026-03-12,Praha - centrála,XPO,5
2026-03-12,Praha - centrála,XL,1
2026-03-12,Praha - centrála,VB,2
2026-03-12,Prostějov,XPO,2
2026-03-12,Prostějov,XL,1
2026-03-12,SKLC3,XPO,181
2026-03-12,SKLC3,XL,24
2026-03-12,SKLC3,VB,39
2026-03-12,Tábor,XPO,3
2026-03-12,Zlín,XL,1
2026-03-12,Ústí nad Labem,XPO,3
2026-03-12,Čakovice,XPO,5
2026-03-13,Anděl,XL,2
2026-03-13,Benešov,XPO,2
2026-03-13,Brno,XPO,7
2026-03-13,Brno,XL,2
2026-03-13,Brno Lískovec,XPO,1
2026-03-13,Brno Lískovec,VB,2
2026-03-13,Budějovická,XPO,1
2026-03-13,CZLC4,BPO,1
2026-03-13,CZLC4,XPO,303
2026-03-13,CZLC4,XL,5
2026-03-13,Chomutov,XPO,1
2026-03-13,Dejvice,XPO,1
2026-03-13,Frýdek-Místek,XPO,1
2026-03-13,HULC1,XPO,1
2026-03-13,HULC1,VB,21
2026-03-13,Háje,XPO,1
2026-03-13,Háje,XL,4
2026-03-13,Háje,VB,1
2026-03-13,Jihlava,XPO,1
2026-03-13,Jihlava,XL,1
2026-03-13,Karlovy Vary,XPO,2
2026-03-13,LCS,XPO,59
2026-03-13,Liberec,VB,1
2026-03-13,Mělník,XPO,2
2026-03-13,Olomouc,XPO,4
2026-03-13,Opava,XPO,1
2026-03-13,Ostrava,XPO,2
2026-03-13,Ostrava,VB,1
2026-03-13,Pardubice,XPO,4
2026-03-13,Pardubice,VB,1
2026-03-13,Plzeň město,XPO,2
2026-03-13,Plzeň město,XL,2
2026-03-13,Plzeň město,VB,1
2026-03-13,Pobočka Chrášťany,XPO,2
2026-03-13,Pobočka Chrášťany,VB,2
2026-03-13,Počernice,XPO,3
2026-03-13,Praha - centrála,XPO,15
2026-03-13,Praha - centrála,XL,1
2026-03-13,Praha - centrála,VB,2
2026-03-13,Prostějov,XL,1
2026-03-13,SKLC3,XPO,70
2026-03-13,SKLC3,XL,10
2026-03-13,SKLC3,VB,32
2026-03-13,Tábor,XPO,1
2026-03-13,Tábor,XL,1
2026-03-13,Zlín,XPO,2
2026-03-13,Ústí nad Labem,XPO,1
2026-03-13,Čakovice,XPO,4
2026-03-13,Čakovice,XL,1
2026-03-13,Čakovice,VB,3
2026-03-13,České Budějovice,XPO,1
2026-03-14,Anděl,XPO,4
2026-03-14,Anděl,XL,1
2026-03-14,Benešov,XPO,13
2026-03-14,Benešov,XL,1
2026-03-14,Beroun,VB,1
2026-03-14,Brno,XPO,3
2026-03-14,Budějovická,XPO,7
2026-03-14,Budějovická,XL,1
2026-03-14,CZLC4,BPO,2
2026-03-14,CZLC4,XPO,178
2026-03-14,CZLC4,XL,2
2026-03-14,Chomutov,VB,1
2026-03-14,Děčín,XPO,2
2026-03-14,Frýdek-Místek,XPO,1
2026-03-14,Frýdek-Místek,XL,1
2026-03-14,HULC1,XPO,3
2026-03-14,HULC1,VB,68
2026-03-14,Háje,XPO,1
2026-03-14,Háje,XL,2
2026-03-14,Jihlava,XPO,1
2026-03-14,Karlovy Vary,XPO,2
2026-03-14,Kladno,XPO,1
2026-03-14,Kolín,XPO,1
2026-03-14,Kolín,XL,1
2026-03-14,LCS,XPO,82
2026-03-14,Liberec,XPO,6
2026-03-14,Liberec,XL,1
2026-03-14,Mladá Boleslav,XL,1
2026-03-14,Most,XPO,2
2026-03-14,Olomouc,XPO,1
2026-03-14,Olomouc,VB,1
2026-03-14,Opava,XL,2
2026-03-14,Ostrava,XPO,7
2026-03-14,Ostrava,VB,1
2026-03-14,Pardubice,XPO,1
2026-03-14,Pardubice,XL,1
2026-03-14,Plzeň město,XPO,3
2026-03-14,Plzeň město,VB,1
2026-03-14,Pobočka Chrášťany,XPO,7
2026-03-14,Počernice,XPO,1
2026-03-14,Počernice,XL,1
2026-03-14,Praha - centrála,XPO,7
2026-03-14,Praha - centrála,XL,6
2026-03-14,Prostějov,XL,1
2026-03-14,SKLC3,XPO,61
2026-03-14,SKLC3,XL,10
2026-03-14,SKLC3,VB,22
2026-03-14,Třebíč,XPO,2
2026-03-14,Zlín,XPO,2
2026-03-14,Ústí nad Labem,XPO,7
2026-03-14,Ústí nad Labem,XL,2
2026-03-14,Ústí nad Labem,VB,1
2026-03-14,Čakovice,XPO,5
2026-03-14,Čakovice,XL,1
2026-03-14,České Budějovice,XPO,6
2026-03-14,České Budějovice,XL,1
2026-03-14,České Budějovice,VB,1
2026-03-15,Anděl,XPO,7
2026-03-15,Benešov,XPO,4
2026-03-15,Brno,XPO,3
2026-03-15,Brno Lískovec,XPO,1
2026-03-15,Budějovická,XPO,8
2026-03-15,CZLC4,SPO,1
2026-03-15,CZLC4,XPO,130
2026-03-15,CZLC4,XL,1
2026-03-15,Chomutov,XPO,2
2026-03-15,Hradec,XPO,2
2026-03-15,Háje,XPO,1
2026-03-15,Háje,XL,1
2026-03-15,Kladno,XPO,3
2026-03-15,LCS,XPO,75
2026-03-15,Most,XPO,1
2026-03-15,Mělník,XPO,1
2026-03-15,Olomouc,XPO,1
2026-03-15,Olomouc,XL,2
2026-03-15,Ostrava,XPO,4
2026-03-15,Ostrava,VB,1
2026-03-15,Pardubice,XPO,4
2026-03-15,Pardubice,XL,1
2026-03-15,Pardubice,VB,1
2026-03-15,Plzeň město,XPO,6
2026-03-15,Plzeň město,VB,1
2026-03-15,Pobočka Chrášťany,XPO,17
2026-03-15,Pobočka Chrášťany,XL,1
2026-03-15,Pobočka Chrášťany,VB,3
2026-03-15,Počernice,XPO,2
2026-03-15,Praha - centrála,XPO,5
2026-03-15,Praha - centrála,XL,1
2026-03-15,Praha - centrála,VB,2
2026-03-15,Příbram,XPO,1
2026-03-15,Příbram,XL,1
2026-03-15,SKLC3,XPO,83
2026-03-15,Tábor,XPO,1
2026-03-15,Zlín,XPO,1
2026-03-15,Zlín,XL,1
2026-03-15,Ústí nad Labem,XL,1
2026-03-15,Čakovice,BPO,1
2026-03-15,Čakovice,XPO,11
2026-03-15,České Budějovice,XPO,1
2026-03-15,České Budějovice,VB,1
2026-03-16,Anděl,XPO,3
2026-03-16,Anděl,XL,2
2026-03-16,Benešov,XPO,1
2026-03-16,Beroun,XPO,1
2026-03-16,Beroun,XL,2
2026-03-16,Brno,XPO,3
2026-03-16,Budějovická,XPO,3
2026-03-16,Budějovická,XL,1
2026-03-16,CZLC4,SPO,1
2026-03-16,CZLC4,BPO,1
2026-03-16,CZLC4,XPO,179
2026-03-16,Dejvice,XPO,1
2026-03-16,Děčín,XPO,1
2026-03-16,Frýdek-Místek,XPO,1
2026-03-16,Hradec,XPO,1
2026-03-16,Háje,XPO,2
2026-03-16,Háje,XL,1
2026-03-16,Karlovy Vary,VB,1
2026-03-16,Kladno,XPO,4
2026-03-16,LCS,XPO,110
2026-03-16,Mladá Boleslav,XPO,1
2026-03-16,Mladá Boleslav,XL,1
2026-03-16,Most,XPO,1
2026-03-16,Most,XL,1
2026-03-16,Mělník,XPO,2
2026-03-16,Olomouc,XPO,1
2026-03-16,Olomouc,XL,1
2026-03-16,Ostrava,XPO,2
2026-03-16,Ostrava,XL,1
2026-03-16,Pardubice,XPO,2
2026-03-16,Pardubice,VB,1
2026-03-16,Plzeň město,XPO,2
2026-03-16,Plzeň město,XL,1
2026-03-16,Pobočka Chrášťany,XPO,7
2026-03-16,Pobočka Chrášťany,XL,3
2026-03-16,Počernice,XPO,1
2026-03-16,Počernice,VB,1
2026-03-16,Praha - centrála,XPO,8
2026-03-16,Praha - centrála,XL,4
2026-03-16,Praha - centrála,VB,1
2026-03-16,Příbram,XL,1
2026-03-16,SKLC3,BPO,1
2026-03-16,SKLC3,XPO,113
2026-03-16,SKLC3,VB,51
2026-03-16,Tábor,XPO,1
2026-03-16,Třebíč,XPO,1
2026-03-16,Čakovice,XPO,4
2026-03-16,Čakovice,XL,2
2026-03-16,České Budějovice,XPO,4
2026-03-16,České Budějovice,XL,1
2026-03-16,České Budějovice,VB,2
2026-03-17,Anděl,XPO,1
2026-03-17,Anděl,XL,1
2026-03-17,Anděl,VB,1
2026-03-17,Benešov,XL,1
2026-03-17,Brno,XPO,9
2026-03-17,Brno,XL,1
2026-03-17,Brno Lískovec,XPO,3
2026-03-17,Brno Lískovec,XL,1
2026-03-17,Brno Lískovec,VB,1
2026-03-17,Budějovická,XPO,3
2026-03-17,CZLC4,BPO,1
2026-03-17,CZLC4,XPO,245
2026-03-17,CZLC4,XL,1
2026-03-17,Chomutov,XPO,9
2026-03-17,Děčín,XPO,2
2026-03-17,Frýdek-Místek,XPO,5
2026-03-17,Frýdek-Místek,XL,1
2026-03-17,HULC1,VB,6
2026-03-17,Hradec,XPO,6
2026-03-17,Hradec,VB,1
2026-03-17,Háje,XPO,3
2026-03-17,Háje,XL,2
2026-03-17,Karlovy Vary,XPO,2
2026-03-17,Kladno,XL,1
2026-03-17,Kolín,XPO,1
2026-03-17,LCS,XPO,156
2026-03-17,Liberec,XPO,1
2026-03-17,Mladá Boleslav,XPO,3
2026-03-17,Mladá Boleslav,VB,1
2026-03-17,Most,XPO,1
2026-03-17,Most,XL,1
2026-03-17,Mělník,XPO,3
2026-03-17,Olomouc,XPO,2
2026-03-17,Ostrava,XPO,3
2026-03-17,Ostrava,XL,1
2026-03-17,Pardubice,XL,1
2026-03-17,Plzeň město,XPO,3
2026-03-17,Plzeň město,XL,2
2026-03-17,Pobočka Chrášťany,XPO,11
2026-03-17,Pobočka Chrášťany,XL,2
2026-03-17,Počernice,XL,1
2026-03-17,Praha - centrála,XPO,14
2026-03-17,Praha - centrála,XL,1
2026-03-17,Praha - centrála,VB,1
2026-03-17,Příbram,XPO,1
2026-03-17,SKLC3,XPO,138
2026-03-17,SKLC3,XL,48
2026-03-17,SKLC3,VB,68
2026-03-17,Tábor,XPO,3
2026-03-17,Tábor,XL,1
2026-03-17,Zlín,XPO,1
2026-03-17,Čakovice,XPO,4
2026-03-17,České Budějovice,XPO,5
2026-03-17,České Budějovice,VB,1
2026-03-18,Benešov,VB,1
2026-03-18,Brno,XL,1
2026-03-18,Brno Lískovec,XPO,1
2026-03-18,Budějovická,XPO,5
2026-03-18,Budějovická,XL,1
2026-03-18,CZLC4,BPO,4
2026-03-18,CZLC4,XPO,274
2026-03-18,CZLC4,XL,5
2026-03-18,CZLC4,VB,1
2026-03-18,Dejvice,XPO,1
2026-03-18,Dejvice,XL,1
2026-03-18,Frýdek-Místek,XPO,1
2026-03-18,Frýdek-Místek,XL,1
2026-03-18,HULC1,XPO,1
2026-03-18,HULC1,VB,8
2026-03-18,Hradec,XPO,1
2026-03-18,Háje,XPO,4
2026-03-18,Háje,XL,1
2026-03-18,Háje,VB,3
2026-03-18,Jihlava,XPO,3
2026-03-18,Jihlava,VB,1
2026-03-18,Karlovy Vary,XPO,1
2026-03-18,Kladno,XPO,2
2026-03-18,Kolín,VB,1
2026-03-18,LCS,XPO,103
2026-03-18,Mladá Boleslav,XPO,1
2026-03-18,Mladá Boleslav,VB,1
2026-03-18,Most,XPO,1
2026-03-18,Mělník,XPO,2
2026-03-18,Mělník,VB,1
2026-03-18,Olomouc,XPO,3
2026-03-18,Olomouc,XL,1
2026-03-18,Ostrava,XPO,4
2026-03-18,Pardubice,XPO,2
2026-03-18,Pardubice,VB,1
2026-03-18,Plzeň město,XPO,2
2026-03-18,Plzeň město,XL,1
2026-03-18,Plzeň město,VB,3
2026-03-18,Pobočka Chrášťany,XPO,7
2026-03-18,Pobočka Chrášťany,XL,5
2026-03-18,Počernice,XPO,8
2026-03-18,Počernice,VB,1
2026-03-18,Praha - centrála,XPO,7
2026-03-18,Praha - centrála,XL,14
2026-03-18,Praha - centrála,VB,2
2026-03-18,Příbram,VB,1
2026-03-18,SKLC3,SPO,1
2026-03-18,SKLC3,BPO,2
2026-03-18,SKLC3,XPO,64
2026-03-18,SKLC3,XL,35
2026-03-18,SKLC3,VB,42
2026-03-18,Tábor,XPO,2
2026-03-18,Zlín,XPO,1
2026-03-18,Zlín,XL,1
2026-03-18,Ústí nad Labem,XPO,1
2026-03-18,Čakovice,XPO,4
2026-03-18,České Budějovice,XPO,3
2026-03-19,Anděl,XPO,3
2026-03-19,Brno,XPO,5
2026-03-19,Brno,XL,1
2026-03-19,Budějovická,XPO,6
2026-03-19,Budějovická,XL,1
2026-03-19,CZLC4,BPO,3
2026-03-19,CZLC4,XPO,212
2026-03-19,CZLC4,XL,3
2026-03-19,Dejvice,XL,1
2026-03-19,Děčín,XPO,2
2026-03-19,Frýdek-Místek,XPO,1
2026-03-19,HULC1,VB,21
2026-03-19,Hradec,XPO,1
2026-03-19,Háje,XPO,1
2026-03-19,Karlovy Vary,XPO,4
2026-03-19,LCS,XPO,53
2026-03-19,Liberec,XPO,1
2026-03-19,Liberec,XL,1
2026-03-19,Mladá Boleslav,XPO,1
2026-03-19,Mladá Boleslav,VB,1
2026-03-19,Most,XPO,2
2026-03-19,Mělník,XPO,2
2026-03-19,Olomouc,XPO,4
2026-03-19,Olomouc,VB,3
2026-03-19,Opava,SPO,1
2026-03-19,Opava,XPO,1
2026-03-19,Ostrava,XPO,1
2026-03-19,Ostrava,XL,2
2026-03-19,Ostrava,VB,1
2026-03-19,Pardubice,XL,1
2026-03-19,Plzeň město,XPO,2
2026-03-19,Plzeň město,XL,1
2026-03-19,Pobočka Chrášťany,XPO,7
2026-03-19,Pobočka Chrášťany,XL,1
2026-03-19,Pobočka Chrášťany,VB,1
2026-03-19,Počernice,XPO,2
2026-03-19,Praha - centrála,XPO,11
2026-03-19,Praha - centrála,XL,1
2026-03-19,Příbram,XPO,5
2026-03-19,Příbram,XL,1
2026-03-19,SKLC3,XPO,164
2026-03-19,SKLC3,XL,21
2026-03-19,SKLC3,VB,31
2026-03-19,Tábor,XPO,1
2026-03-19,Třebíč,XPO,1
2026-03-19,Zlín,XPO,1
2026-03-19,Ústí nad Labem,XPO,2
2026-03-19,Čakovice,XPO,3
2026-03-19,Čakovice,VB,2
2026-03-19,České Budějovice,XPO,2
2026-03-20,Anděl,XPO,4
2026-03-20,Anděl,XL,1
2026-03-20,Benešov,XPO,1
2026-03-20,Beroun,XPO,3
2026-03-20,Brno,XPO,1
2026-03-20,Brno,VB,1
2026-03-20,Brno Lískovec,XPO,1
2026-03-20,Brno Lískovec,VB,1
2026-03-20,Budějovická,XPO,1
2026-03-20,Budějovická,VB,1
2026-03-20,CZLC4,BPO,1
2026-03-20,CZLC4,XPO,187
2026-03-20,CZLC4,XL,5
2026-03-20,Frýdek-Místek,XPO,1
2026-03-20,HULC1,XPO,2
2026-03-20,Hradec,XL,1
2026-03-20,Háje,XPO,3
2026-03-20,Háje,XL,2
2026-03-20,Jihlava,XPO,2
2026-03-20,Karlovy Vary,XPO,1
2026-03-20,Kladno,XPO,1
2026-03-20,Kladno,VB,1
2026-03-20,Kolín,XPO,1
2026-03-20,Kolín,XL,3
2026-03-20,LCS,XPO,24
2026-03-20,Mladá Boleslav,XPO,4
2026-03-20,Most,XL,1
2026-03-20,Most,VB,1
2026-03-20,Mělník,XPO,2
2026-03-20,Olomouc,XPO,1
2026-03-20,Ostrava,XPO,2
2026-03-20,Ostrava,VB,1
2026-03-20,Pardubice,XPO,2
2026-03-20,Plzeň město,XPO,4
2026-03-20,Pobočka Chrášťany,XPO,11
2026-03-20,Pobočka Chrášťany,XL,3
2026-03-20,Pobočka Chrášťany,VB,1
2026-03-20,Počernice,XPO,3
2026-03-20,Počernice,VB,1
2026-03-20,Praha - centrála,XPO,7
2026-03-20,Praha - centrála,XL,6
2026-03-20,Praha - centrála,VB,1
2026-03-20,Prostějov,XL,1
2026-03-20,SKLC3,XPO,56
2026-03-20,SKLC3,VB,14
2026-03-20,Tábor,XPO,2
2026-03-20,Tábor,XL,1
2026-03-20,Zlín,XPO,3
2026-03-20,Ústí nad Labem,XPO,1
2026-03-20,Čakovice,XPO,4
2026-03-20,Čakovice,XL,3
2026-03-20,Čakovice,VB,1
2026-03-20,České Budějovice,XPO,3
2026-03-20,České Budějovice,XL,1
2026-03-21,Benešov,XL,1
2026-03-21,Beroun,XPO,1
2026-03-21,Brno,XPO,2
2026-03-21,Brno,VB,1
2026-03-21,Brno Lískovec,XPO,5
2026-03-21,Budějovická,XPO,3
2026-03-21,Budějovická,XL,4
2026-03-21,Budějovická,VB,1
2026-03-21,CZLC4,XPO,169
2026-03-21,CZLC4,XL,2
2026-03-21,Dejvice,XPO,3
2026-03-21,Dejvice,XL,1
2026-03-21,Děčín,XPO,1
2026-03-21,Děčín,VB,1
2026-03-21,Frýdek-Místek,XPO,1
2026-03-21,Frýdek-Místek,VB,1
2026-03-21,HULC1,VB,19
2026-03-21,Hradec,XPO,3
2026-03-21,Hradec,VB,1
2026-03-21,Háje,XPO,6
2026-03-21,Karlovy Vary,XL,1
2026-03-21,Kladno,XPO,1
2026-03-21,LCS,XPO,67
2026-03-21,Liberec,XPO,1
2026-03-21,Mladá Boleslav,XPO,4
2026-03-21,Most,XPO,3
2026-03-21,Most,VB,1
2026-03-21,Opava,XPO,1
2026-03-21,Ostrava,XPO,3
2026-03-21,Ostrava,XL,1
2026-03-21,Ostrava,VB,1
2026-03-21,Plzeň město,XPO,1
2026-03-21,Pobočka Chrášťany,XPO,13
2026-03-21,Pobočka Chrášťany,XL,7
2026-03-21,Počernice,XPO,3
2026-03-21,Počernice,XL,2
2026-03-21,Počernice,VB,1
2026-03-21,Praha - centrála,XPO,8
2026-03-21,Praha - centrála,XL,5
2026-03-21,Praha - centrála,VB,1
2026-03-21,Příbram,XPO,2
2026-03-21,SKLC3,XPO,44
2026-03-21,SKLC3,XL,107
2026-03-21,SKLC3,VB,14
2026-03-21,Tábor,XPO,2
2026-03-21,Ústí nad Labem,XPO,2
2026-03-21,Ústí nad Labem,XL,1
2026-03-21,Čakovice,XPO,1
2026-03-21,České Budějovice,XPO,2
2026-03-21,České Budějovice,XL,1
2026-03-22,Anděl,XPO,2
2026-03-22,Anděl,VB,1
2026-03-22,Brno,XPO,8
2026-03-22,Brno,VB,1
2026-03-22,Brno Lískovec,XPO,5
2026-03-22,Brno Lískovec,VB,1
2026-03-22,Budějovická,XPO,7
2026-03-22,Budějovická,XL,1
2026-03-22,Budějovická,VB,1
2026-03-22,CZLC4,BPO,1
2026-03-22,CZLC4,XPO,109
2026-03-22,CZLC4,XL,2
2026-03-22,Dejvice,XPO,1
2026-03-22,Dejvice,XL,1
2026-03-22,Děčín,XPO,3
2026-03-22,Děčín,XL,2
2026-03-22,Frýdek-Místek,XPO,2
2026-03-22,Frýdek-Místek,XL,2
2026-03-22,Hradec,XL,1
2026-03-22,Háje,XPO,4
2026-03-22,Háje,XL,3
2026-03-22,Háje,VB,1
2026-03-22,Jihlava,XPO,2
2026-03-22,Jihlava,VB,1
2026-03-22,Karlovy Vary,XPO,1
2026-03-22,Kladno,XPO,1
2026-03-22,LCS,XPO,37
2026-03-22,Liberec,XPO,1
2026-03-22,Mladá Boleslav,XPO,2
2026-03-22,Most,XPO,3
2026-03-22,Most,VB,1
2026-03-22,Ostrava,XPO,11
2026-03-22,Ostrava,VB,1
2026-03-22,Plzeň město,XPO,2
2026-03-22,Plzeň město,XL,1
2026-03-22,Pobočka Chrášťany,XPO,11
2026-03-22,Pobočka Chrášťany,XL,3
2026-03-22,Pobočka Chrášťany,VB,2
2026-03-22,Počernice,XPO,3
2026-03-22,Počernice,XL,2
2026-03-22,Praha - centrála,XPO,4
2026-03-22,Praha - centrála,XL,2
2026-03-22,Praha - centrála,VB,2
2026-03-22,Příbram,XPO,2
2026-03-22,Příbram,XL,1
2026-03-22,SKLC3,XPO,61
2026-03-22,SKLC3,XL,33
2026-03-22,SKLC3,VB,22
2026-03-22,Tábor,XPO,4
2026-03-22,Třebíč,XPO,1
2026-03-22,Ústí nad Labem,XPO,1
2026-03-22,Čakovice,XPO,2
2026-03-22,České Budějovice,XPO,2
2026-03-23,Anděl,XPO,1
2026-03-23,Anděl,XL,1
2026-03-23,Benešov,VB,1
2026-03-23,Beroun,XPO,4
2026-03-23,Beroun,XL,1
2026-03-23,Brno,XPO,1
2026-03-23,Brno,XL,2
2026-03-23,Brno Lískovec,XPO,3
2026-03-23,Budějovická,XPO,2
2026-03-23,Budějovická,XL,1
2026-03-23,Budějovická,VB,1
2026-03-23,CZLC4,SPO,1
2026-03-23,CZLC4,BPO,1
2026-03-23,CZLC4,XPO,140
2026-03-23,CZLC4,XL,4
2026-03-23,Chomutov,XPO,2
2026-03-23,Děčín,XPO,1
2026-03-23,HULC1,XPO,2
2026-03-23,Hradec,XL,1
2026-03-23,Háje,XL,1
2026-03-23,Karlovy Vary,XPO,4
2026-03-23,Kladno,XPO,4
2026-03-23,LCS,XPO,36
2026-03-23,Liberec,XPO,1
2026-03-23,Mladá Boleslav,XPO,1
2026-03-23,Olomouc,XPO,1
2026-03-23,Ostrava,XPO,7
2026-03-23,Ostrava,XL,2
2026-03-23,Ostrava,VB,1
2026-03-23,Pardubice,XPO,1
2026-03-23,Plzeň město,XPO,8
2026-03-23,Plzeň město,VB,1
2026-03-23,Pobočka Chrášťany,XPO,12
2026-03-23,Pobočka Chrášťany,XL,3
2026-03-23,Pobočka Chrášťany,VB,3
2026-03-23,Počernice,XPO,3
2026-03-23,Počernice,XL,2
2026-03-23,Počernice,VB,1
2026-03-23,Praha - centrála,XPO,14
2026-03-23,Praha - centrála,XL,3
2026-03-23,SKLC3,XPO,106
2026-03-23,SKLC3,XL,10
2026-03-23,SKLC3,VB,28
2026-03-23,Tábor,XL,1
2026-03-23,Zlín,XPO,1
2026-03-23,Ústí nad Labem,XPO,1
2026-03-23,Čakovice,XPO,9
2026-03-23,České Budějovice,XPO,10
2026-03-23,České Budějovice,XL,4
2026-03-23,České Budějovice,VB,1
2026-03-24,Anděl,XPO,1
2026-03-24,Benešov,XL,1
2026-03-24,Beroun,XPO,3
2026-03-24,Beroun,XL,1
2026-03-24,Brno,XPO,3
2026-03-24,Brno,XL,3
2026-03-24,Brno Lískovec,XPO,3
2026-03-24,Brno Lískovec,XL,2
2026-03-24,Brno Lískovec,VB,1
2026-03-24,CZLC4,BPO,2
2026-03-24,CZLC4,XPO,329
2026-03-24,CZLC4,XL,4
2026-03-24,CZLC4,VB,1
2026-03-24,Chomutov,XPO,1
2026-03-24,Dejvice,XL,1
2026-03-24,Frýdek-Místek,XPO,2
2026-03-24,Frýdek-Místek,XL,2
2026-03-24,HULC1,XPO,3
2026-03-24,HULC1,XL,5
2026-03-24,HULC1,VB,33
2026-03-24,Hradec,XPO,2
2026-03-24,Hradec,VB,1
2026-03-24,Háje,XPO,4
2026-03-24,Jihlava,XPO,1
2026-03-24,Jihlava,XL,1
2026-03-24,Karlovy Vary,XL,2
2026-03-24,Kladno,XPO,1
2026-03-24,Kolín,VB,1
2026-03-24,LCS,XPO,145
2026-03-24,Liberec,XPO,4
2026-03-24,Mladá Boleslav,XPO,1
2026-03-24,Mladá Boleslav,XL,1
2026-03-24,Most,XPO,1
2026-03-24,Mělník,XPO,1
2026-03-24,Olomouc,XPO,2
2026-03-24,Opava,XPO,1
2026-03-24,Ostrava,XPO,6
2026-03-24,Ostrava,XL,1
2026-03-24,Pardubice,XPO,2
2026-03-24,Pardubice,XL,2
2026-03-24,Plzeň město,XPO,2
2026-03-24,Pobočka Chrášťany,XPO,10
2026-03-24,Pobočka Chrášťany,XL,6
2026-03-24,Počernice,XPO,1
2026-03-24,Počernice,VB,13
2026-03-24,Praha - centrála,XPO,13
2026-03-24,Praha - centrála,XL,5
2026-03-24,Praha - centrála,VB,2
2026-03-24,Příbram,XPO,1
2026-03-24,Příbram,XL,2
2026-03-24,SKLC3,XPO,174
2026-03-24,SKLC3,XL,37
2026-03-24,SKLC3,VB,24
2026-03-24,Tábor,XPO,3
2026-03-24,Třebíč,XPO,1
2026-03-24,Zlín,XL,1
2026-03-24,Ústí nad Labem,XPO,8
2026-03-24,Čakovice,XPO,9
2026-03-24,Čakovice,XL,1
2026-03-24,Čakovice,VB,1
2026-03-25,Anděl,XPO,4
2026-03-25,Anděl,XL,2
2026-03-25,Benešov,XPO,1
2026-03-25,Brno,XPO,6
2026-03-25,Brno,VB,4
2026-03-25,Brno Lískovec,XPO,3
2026-03-25,Budějovická,XPO,3
2026-03-25,Budějovická,XL,1
2026-03-25,CZLC4,BPO,3
2026-03-25,CZLC4,XPO,274
2026-03-25,CZLC4,XL,4
2026-03-25,Dejvice,XPO,3
2026-03-25,Dejvice,XL,1
2026-03-25,HULC1,XPO,1
2026-03-25,HULC1,VB,19
2026-03-25,Hradec,XPO,3
2026-03-25,Háje,XPO,5
2026-03-25,Háje,XL,2
2026-03-25,Kolín,VB,1
2026-03-25,LCS,XPO,41
2026-03-25,Liberec,XPO,3
2026-03-25,Mladá Boleslav,XPO,4
2026-03-25,Mladá Boleslav,VB,1
2026-03-25,Most,XPO,3
2026-03-25,Ostrava,XPO,6
2026-03-25,Ostrava,XL,2
2026-03-25,Plzeň město,XPO,4
2026-03-25,Plzeň město,XL,1
2026-03-25,Pobočka Chrášťany,XPO,13
2026-03-25,Pobočka Chrášťany,XL,3
2026-03-25,Praha - centrála,XPO,10
2026-03-25,Praha - centrála,XL,7
2026-03-25,Praha - centrála,VB,1
2026-03-25,SKLC3,XPO,119
2026-03-25,SKLC3,XL,5
2026-03-25,SKLC3,VB,16
2026-03-25,Tábor,XPO,3
2026-03-25,Tábor,VB,1
2026-03-25,Třebíč,XPO,1
2026-03-25,Třebíč,XL,1
2026-03-25,Třebíč,VB,2
2026-03-25,Zlín,XPO,2
2026-03-25,Zlín,XL,1
2026-03-25,Ústí nad Labem,XPO,1
2026-03-25,Ústí nad Labem,VB,1
2026-03-25,Čakovice,XPO,3
2026-03-25,Čakovice,XL,1
2026-03-25,Čakovice,VB,13
2026-03-25,České Budějovice,XPO,1
2026-03-26,Anděl,XPO,1
2026-03-26,Benešov,XPO,3
2026-03-26,Benešov,XL,1
2026-03-26,Beroun,XPO,2
2026-03-26,Brno,XPO,1
2026-03-26,Brno,XL,1
2026-03-26,Brno,VB,1
2026-03-26,Brno Lískovec,XPO,2
2026-03-26,Budějovická,XPO,4
2026-03-26,Budějovická,XL,1
2026-03-26,CZLC4,XPO,133
2026-03-26,CZLC4,XL,1
2026-03-26,Chomutov,XPO,1
2026-03-26,Chomutov,VB,1
2026-03-26,Dejvice,XPO,2
2026-03-26,Dejvice,XL,1
2026-03-26,Frýdek-Místek,XPO,1
2026-03-26,Frýdek-Místek,XL,1
2026-03-26,HULC1,VB,11
2026-03-26,Háje,XPO,1
2026-03-26,Kladno,XPO,1
2026-03-26,Kladno,XL,1
2026-03-26,Kolín,XPO,2
2026-03-26,Kolín,XL,1
2026-03-26,LCS,XPO,50
2026-03-26,Mladá Boleslav,XPO,1
2026-03-26,Most,XPO,1
2026-03-26,Most,XL,1
2026-03-26,Mělník,XPO,1
2026-03-26,Olomouc,XPO,1
2026-03-26,Ostrava,XPO,4
2026-03-26,Ostrava,XL,2
2026-03-26,Ostrava,VB,1
2026-03-26,Pardubice,XPO,3
2026-03-26,Pardubice,VB,1
2026-03-26,Plzeň město,XPO,1
2026-03-26,Plzeň město,XL,2
2026-03-26,Pobočka Chrášťany,XPO,7
2026-03-26,Pobočka Chrášťany,XL,2
2026-03-26,Pobočka Chrášťany,VB,1
2026-03-26,Praha - centrála,XPO,13
2026-03-26,Praha - centrála,XL,2
2026-03-26,Praha - centrála,VB,2
2026-03-26,SKLC3,XPO,57
2026-03-26,SKLC3,VB,41
2026-03-26,Zlín,XPO,1
2026-03-26,Ústí nad Labem,XPO,3
2026-03-26,Čakovice,XPO,1
2026-03-26,Čakovice,XL,1
2026-03-27,Anděl,XPO,5
2026-03-27,Beroun,XPO,1
2026-03-27,Beroun,XL,1
2026-03-27,Brno,XPO,5
2026-03-27,Brno Lískovec,XPO,1
2026-03-27,Brno Lískovec,VB,1
2026-03-27,Budějovická,XPO,1
2026-03-27,Budějovická,XL,1
2026-03-27,Budějovická,VB,1
2026-03-27,CZLC4,SPO,1
2026-03-27,CZLC4,BPO,1
2026-03-27,CZLC4,XPO,100
2026-03-27,CZLC4,XL,2
2026-03-27,Frýdek-Místek,XPO,1
2026-03-27,Hradec,XPO,1
2026-03-27,Háje,XPO,3
2026-03-27,Háje,XL,1
2026-03-27,Jihlava,XL,1
2026-03-27,Kladno,XPO,2
2026-03-27,LCS,XPO,23
2026-03-27,Liberec,XPO,2
2026-03-27,Mladá Boleslav,XPO,1
2026-03-27,Mladá Boleslav,XL,1
2026-03-27,Olomouc,XPO,3
2026-03-27,Ostrava,XPO,1
2026-03-27,Ostrava,XL,2
2026-03-27,Pardubice,XPO,1
2026-03-27,Plzeň město,XPO,3
2026-03-27,Pobočka Chrášťany,XPO,8
2026-03-27,Pobočka Chrášťany,XL,4
2026-03-27,Pobočka Chrášťany,VB,1
2026-03-27,Počernice,XPO,4
2026-03-27,Praha - centrála,XPO,12
2026-03-27,Praha - centrála,XL,4
2026-03-27,SKLC3,XPO,69
2026-03-27,SKLC3,XL,12
2026-03-27,SKLC3,VB,57
2026-03-27,Zlín,XPO,2
2026-03-27,Čakovice,XPO,3
2026-03-27,Čakovice,XL,1
2026-03-27,České Budějovice,XL,1
2026-03-27,České Budějovice,VB,1
2026-03-28,Anděl,XPO,3
2026-03-28,Anděl,XL,1
2026-03-28,Brno,XPO,2
2026-03-28,Brno Lískovec,XPO,1
2026-03-28,Budějovická,XPO,3
2026-03-28,Budějovická,XL,2
2026-03-28,CZLC4,BPO,1
2026-03-28,CZLC4,XPO,150
2026-03-28,CZLC4,XL,2
2026-03-28,Chomutov,XPO,1
2026-03-28,Děčín,XPO,1
2026-03-28,HULC1,XL,33
2026-03-28,Hradec,XPO,3
2026-03-28,Hradec,XL,1
2026-03-28,Háje,XPO,1
2026-03-28,Jihlava,XPO,2
2026-03-28,Karlovy Vary,XL,1
2026-03-28,Kladno,XPO,3
2026-03-28,Kolín,XPO,1
2026-03-28,LCS,XPO,19
2026-03-28,Liberec,XPO,3
2026-03-28,Mladá Boleslav,XPO,1
2026-03-28,Mělník,XPO,1
2026-03-28,Mělník,VB,1
2026-03-28,Olomouc,XPO,4
2026-03-28,Opava,BPO,1
2026-03-28,Opava,XPO,2
2026-03-28,Ostrava,XPO,3
2026-03-28,Ostrava,VB,2
2026-03-28,Pardubice,XPO,2
2026-03-28,Pardubice,VB,1
2026-03-28,Plzeň město,XPO,5
2026-03-28,Plzeň město,XL,1
2026-03-28,Pobočka Chrášťany,XPO,3
2026-03-28,Pobočka Chrášťany,XL,1
2026-03-28,Počernice,XPO,3
2026-03-28,Počernice,XL,1
2026-03-28,Praha - centrála,XPO,12
2026-03-28,Praha - centrála,XL,4
2026-03-28,SKLC3,XPO,98
2026-03-28,SKLC3,XL,12
2026-03-28,SKLC3,VB,32
2026-03-28,Třebíč,XPO,2
2026-03-28,Ústí nad Labem,XPO,4
2026-03-28,Čakovice,XPO,8
2026-03-28,Čakovice,XL,8
2026-03-28,Čakovice,VB,1
2026-03-28,České Budějovice,XPO,1
2026-03-28,České Budějovice,XL,1
2026-03-29,Anděl,XPO,3
2026-03-29,Anděl,XL,1
2026-03-29,Beroun,VB,1
2026-03-29,Brno,XL,1
2026-03-29,Brno Lískovec,XPO,12
2026-03-29,Brno Lískovec,XL,2
2026-03-29,Brno Lískovec,VB,1
2026-03-29,Budějovická,XPO,7
2026-03-29,Budějovická,XL,1
2026-03-29,CZLC4,XPO,81
2026-03-29,CZLC4,XL,3
2026-03-29,Dejvice,XPO,1
2026-03-29,Dejvice,XL,1
2026-03-29,Frýdek-Místek,XPO,2
2026-03-29,HULC1,VB,9
2026-03-29,Hradec,XPO,2
2026-03-29,Háje,XPO,1
2026-03-29,Jihlava,VB,1
2026-03-29,Karlovy Vary,XPO,1
2026-03-29,Kladno,XPO,1
2026-03-29,LCS,XPO,46
2026-03-29,LCS,XL,5
2026-03-29,Liberec,XL,1
2026-03-29,Mladá Boleslav,XPO,1
2026-03-29,Mělník,XL,1
2026-03-29,Ostrava,XPO,2
2026-03-29,Ostrava,XL,1
2026-03-29,Ostrava,VB,1
2026-03-29,Pardubice,XPO,3
2026-03-29,Pardubice,VB,1
2026-03-29,Plzeň město,XPO,3
2026-03-29,Plzeň město,XL,1
2026-03-29,Pobočka Chrášťany,XPO,11
2026-03-29,Pobočka Chrášťany,XL,2
2026-03-29,Pobočka Chrášťany,VB,1
2026-03-29,Počernice,XPO,2
2026-03-29,Praha - centrála,XPO,9
2026-03-29,Příbram,VB,1
2026-03-29,SKLC3,XPO,81
2026-03-29,SKLC3,XL,17
2026-03-29,SKLC3,VB,8
2026-03-29,Tábor,XPO,2
2026-03-29,Zlín,XPO,1
2026-03-29,Zlín,VB,1
2026-03-29,Ústí nad Labem,XL,1
2026-03-29,Čakovice,XPO,5
2026-03-29,Čakovice,VB,2
2026-03-30,Anděl,XPO,1
2026-03-30,Beroun,XL,1
2026-03-30,Brno,XPO,2
2026-03-30,Brno,XL,3
2026-03-30,Brno,VB,1
2026-03-30,Brno Lískovec,XPO,1
2026-03-30,Brno Lískovec,VB,1
2026-03-30,Budějovická,XPO,4
2026-03-30,Budějovická,XL,3
2026-03-30,Budějovická,VB,1
2026-03-30,CZLC4,BPO,2
2026-03-30,CZLC4,XPO,115
2026-03-30,CZLC4,XL,2
2026-03-30,Chomutov,XL,1
2026-03-30,HULC1,XPO,8
2026-03-30,HULC1,XL,4
2026-03-30,Hradec,XPO,1
2026-03-30,Hradec,XL,1
2026-03-30,Háje,XPO,3
2026-03-30,Jihlava,XL,1
2026-03-30,Kolín,XPO,2
2026-03-30,Kolín,XL,1
2026-03-30,LCS,XPO,73
2026-03-30,Mladá Boleslav,XPO,2
2026-03-30,Most,XPO,7
2026-03-30,Mělník,XPO,1
2026-03-30,Ostrava,XPO,5
2026-03-30,Ostrava,XL,1
2026-03-30,Ostrava,VB,1
2026-03-30,Pardubice,XPO,2
2026-03-30,Pardubice,XL,1
2026-03-30,Plzeň město,XPO,2
2026-03-30,Pobočka Chrášťany,BPO,1
2026-03-30,Pobočka Chrášťany,XPO,15
2026-03-30,Pobočka Chrášťany,XL,1
2026-03-30,Pobočka Chrášťany,VB,2
2026-03-30,Počernice,XPO,3
2026-03-30,Počernice,XL,1
2026-03-30,Počernice,VB,1
2026-03-30,Praha - centrála,XPO,12
2026-03-30,Praha - centrála,VB,5
2026-03-30,Příbram,XPO,2
2026-03-30,Příbram,XL,1
2026-03-30,SKLC3,XPO,42
2026-03-30,SKLC3,XL,10
2026-03-30,SKLC3,VB,11
2026-03-30,Třebíč,XPO,1
2026-03-30,Ústí nad Labem,XPO,1
2026-03-30,Čakovice,XPO,1
2026-03-30,České Budějovice,XPO,5
2026-03-30,České Budějovice,VB,3
2026-03-31,Anděl,XPO,6
2026-03-31,Brno,XPO,5
2026-03-31,Brno,XL,2
2026-03-31,Brno Lískovec,XPO,2
2026-03-31,Brno Lískovec,XL,2
2026-03-31,Budějovická,XPO,6
2026-03-31,Budějovická,XL,1
2026-03-31,CZLC4,XPO,63
2026-03-31,CZLC4,XL,10
2026-03-31,Děčín,VB,1
2026-03-31,Frýdek-Místek,VB,1
2026-03-31,HULC1,XPO,3
2026-03-31,HULC1,VB,80
2026-03-31,Hradec,XL,1
2026-03-31,Háje,XPO,2
2026-03-31,Karlovy Vary,XPO,1
2026-03-31,Karlovy Vary,VB,1
2026-03-31,Kladno,XPO,1
2026-03-31,Kolín,XPO,2
2026-03-31,Kolín,VB,1
2026-03-31,LCS,XPO,103
2026-03-31,Mladá Boleslav,XPO,1
2026-03-31,Olomouc,XPO,3
2026-03-31,Ostrava,XPO,4
2026-03-31,Ostrava,XL,1
2026-03-31,Ostrava,VB,1
2026-03-31,Pardubice,XPO,2
2026-03-31,Plzeň město,XPO,4
2026-03-31,Plzeň město,XL,1
2026-03-31,Pobočka Chrášťany,XPO,10
2026-03-31,Pobočka Chrášťany,XL,4
2026-03-31,Pobočka Chrášťany,VB,3
2026-03-31,Počernice,XPO,8
2026-03-31,Počernice,XL,2
2026-03-31,Počernice,VB,5
2026-03-31,Praha - centrála,XPO,12
2026-03-31,Praha - centrála,XL,2
2026-03-31,Praha - centrála,VB,5
2026-03-31,Prostějov,XPO,2
2026-03-31,Příbram,XPO,1
2026-03-31,SKLC3,XPO,165
2026-03-31,SKLC3,XL,54
2026-03-31,SKLC3,VB,88
2026-03-31,Tábor,XPO,1
2026-03-31,Třebíč,VB,1
2026-03-31,Zlín,XPO,1
2026-03-31,Ústí nad Labem,XPO,4
2026-03-31,Čakovice,XPO,4
2026-03-31,Čakovice,VB,1
2026-03-31,České Budějovice,XPO,2
2026-03-31,České Budějovice,XL,2
2026-03-31,České Budějovice,VB,2
2026-04-01,Anděl,XPO,4
2026-04-01,Anděl,VB,1
2026-04-01,Benešov,XPO,1
2026-04-01,Beroun,XL,1
2026-04-01,Brno,XPO,6
2026-04-01,Brno,XL,2
2026-04-01,Brno Lískovec,XPO,2
2026-04-01,Budějovická,XPO,1
2026-04-01,CZLC4,XPO,127
2026-04-01,CZLC4,XL,3
2026-04-01,CZLC4,VB,1
2026-04-01,Chomutov,VB,1
2026-04-01,Frýdek-Místek,XL,1
2026-04-01,HULC1,XPO,2
2026-04-01,HULC1,VB,37
2026-04-01,Hradec,XL,3
2026-04-01,Hradec,VB,1
2026-04-01,Háje,XPO,5
2026-04-01,Jihlava,XPO,1
2026-04-01,Karlovy Vary,XL,1
2026-04-01,Kladno,XPO,1
2026-04-01,Kolín,XPO,2
2026-04-01,Kolín,XL,6
2026-04-01,Kolín,VB,1
2026-04-01,LCS,XPO,32
2026-04-01,Liberec,XPO,1
2026-04-01,Mladá Boleslav,XL,5
2026-04-01,Most,XPO,1
2026-04-01,Mělník,XPO,2
2026-04-01,Mělník,VB,1
2026-04-01,Olomouc,XPO,4
2026-04-01,Ostrava,XPO,2
2026-04-01,Pardubice,XL,2
2026-04-01,Plzeň město,XPO,5
2026-04-01,Plzeň město,VB,1
2026-04-01,Pobočka Chrášťany,XPO,9
2026-04-01,Pobočka Chrášťany,XL,3
2026-04-01,Pobočka Chrášťany,VB,1
2026-04-01,Počernice,XPO,4
2026-04-01,Počernice,XL,1
2026-04-01,Počernice,VB,1
2026-04-01,Praha - centrála,XPO,16
2026-04-01,SKLC3,XPO,64
2026-04-01,SKLC3,XL,8
2026-04-01,SKLC3,VB,8
2026-04-01,Tábor,XPO,1
2026-04-01,Třebíč,XPO,1
2026-04-01,Zlín,XL,1
2026-04-01,Ústí nad Labem,XL,1
2026-04-01,Ústí nad Labem,VB,1
2026-04-01,Čakovice,XPO,5
2026-04-01,Čakovice,XL,3
2026-04-01,Čakovice,VB,1
2026-04-01,České Budějovice,XPO,1
2026-04-01,České Budějovice,VB,1
2026-04-02,Anděl,XPO,2
2026-04-02,Anděl,XL,1
2026-04-02,Benešov,XPO,1
2026-04-02,Beroun,XL,2
2026-04-02,Brno,XPO,3
2026-04-02,Brno,XL,2
2026-04-02,Brno Lískovec,SPO,1
2026-04-02,Brno Lískovec,XPO,2
2026-04-02,Budějovická,XPO,3
2026-04-02,CZLC4,BPO,1
2026-04-02,CZLC4,XPO,143
2026-04-02,CZLC4,XL,2
2026-04-02,CZLC4,VB,1
2026-04-02,Chomutov,VB,1
2026-04-02,Dejvice,XPO,2
2026-04-02,Hradec,XL,1
2026-04-02,Háje,XPO,4
2026-04-02,Karlovy Vary,XPO,1
2026-04-02,Karlovy Vary,VB,1
2026-04-02,Kladno,XPO,2
2026-04-02,Kladno,VB,2
2026-04-02,Kolín,XPO,1
2026-04-02,LCS,XPO,8
2026-04-02,Liberec,XPO,1
2026-04-02,Mladá Boleslav,XPO,1
2026-04-02,Mladá Boleslav,XL,1
2026-04-02,Olomouc,XPO,1
2026-04-02,Ostrava,XPO,3
2026-04-02,Ostrava,XL,1
2026-04-02,Ostrava,VB,1
2026-04-02,Pardubice,XPO,1
2026-04-02,Plzeň město,XPO,2
2026-04-02,Plzeň město,XL,1
2026-04-02,Plzeň město,VB,1
2026-04-02,Pobočka Chrášťany,XPO,20
2026-04-02,Pobočka Chrášťany,XL,3
2026-04-02,Pobočka Chrášťany,VB,2
2026-04-02,Počernice,XPO,3
2026-04-02,Počernice,VB,1
2026-04-02,Praha - centrála,XPO,8
2026-04-02,Praha - centrála,XL,7
2026-04-02,Prostějov,XPO,1
2026-04-02,Příbram,XPO,1
2026-04-02,SKLC3,XPO,51
2026-04-02,SKLC3,XL,10
2026-04-02,SKLC3,VB,13
2026-04-02,Tábor,XL,2
2026-04-02,Ústí nad Labem,XPO,1
2026-04-02,Čakovice,XPO,9
2026-04-02,Čakovice,XL,2
2026-04-03,Anděl,XPO,4
2026-04-03,Benešov,XPO,1
2026-04-03,Brno,XPO,6
2026-04-03,Brno,XL,1
2026-04-03,Budějovická,XPO,2
2026-04-03,Budějovická,XL,1
2026-04-03,CZLC4,XPO,101
2026-04-03,CZLC4,XL,3
2026-04-03,Dejvice,XPO,3
2026-04-03,Dejvice,XL,1
2026-04-03,Děčín,XPO,1
2026-04-03,Děčín,XL,1
2026-04-03,Frýdek-Místek,XPO,1
2026-04-03,HULC1,XPO,1
2026-04-03,HULC1,VB,44
2026-04-03,Hradec,XPO,3
2026-04-03,Háje,XPO,2
2026-04-03,Háje,XL,1
2026-04-03,Jihlava,SPO,1
2026-04-03,Jihlava,XPO,1
2026-04-03,Jihlava,XL,1
2026-04-03,Jihlava,VB,1
2026-04-03,Karlovy Vary,VB,1
2026-04-03,Kladno,XPO,1
2026-04-03,Kladno,VB,1
2026-04-03,Kolín,XPO,12
2026-04-03,Kolín,XL,2
2026-04-03,Kolín,VB,1
2026-04-03,LCS,XPO,66
2026-04-03,Liberec,XPO,1
2026-04-03,Mladá Boleslav,XPO,4
2026-04-03,Mladá Boleslav,XL,1
2026-04-03,Most,XL,1
2026-04-03,Mělník,XPO,1
2026-04-03,Olomouc,XPO,7
2026-04-03,Opava,XPO,3
2026-04-03,Ostrava,XPO,5
2026-04-03,Ostrava,VB,1
2026-04-03,Pardubice,XPO,4
2026-04-03,Plzeň město,XPO,2
2026-04-03,Plzeň město,XL,2
2026-04-03,Pobočka Chrášťany,XPO,9
2026-04-03,Pobočka Chrášťany,XL,3
2026-04-03,Počernice,XPO,3
2026-04-03,Praha - centrála,XPO,25
2026-04-03,Praha - centrála,XL,8
2026-04-03,Praha - centrála,VB,1
2026-04-03,SKLC3,XPO,125
2026-04-03,SKLC3,XL,59
2026-04-03,SKLC3,VB,25
2026-04-03,Tábor,XPO,2
2026-04-03,Třebíč,XPO,1
2026-04-03,Zlín,XPO,1
2026-04-03,Zlín,XL,1
2026-04-03,Ústí nad Labem,XPO,4
2026-04-03,Ústí nad Labem,XL,1
2026-04-03,Čakovice,XPO,3
2026-04-03,Čakovice,VB,1
2026-04-03,České Budějovice,VB,1
2026-04-04,Anděl,XPO,1
2026-04-04,Benešov,XL,1
2026-04-04,Benešov,VB,1
2026-04-04,Brno,XPO,4
2026-04-04,Brno Lískovec,XPO,2
2026-04-04,Brno Lískovec,VB,1
2026-04-04,CZLC4,XPO,83
2026-04-04,CZLC4,XL,2
2026-04-04,Chomutov,XPO,2
2026-04-04,Frýdek-Místek,XPO,1
2026-04-04,HULC1,VB,10
2026-04-04,Hradec,XPO,1
2026-04-04,Háje,XPO,5
2026-04-04,Háje,XL,3
2026-04-04,Jihlava,XPO,7
2026-04-04,Jihlava,XL,1
2026-04-04,Karlovy Vary,XPO,2
2026-04-04,Kladno,XPO,1
2026-04-04,Kladno,XL,1
2026-04-04,LCS,XPO,16
2026-04-04,Mladá Boleslav,XPO,1
2026-04-04,Mladá Boleslav,XL,1
2026-04-04,Mladá Boleslav,VB,1
2026-04-04,Most,XPO,1
2026-04-04,Olomouc,XPO,1
2026-04-04,Opava,XPO,2
2026-04-04,Ostrava,XPO,6
2026-04-04,Pardubice,XPO,3
2026-04-04,Plzeň město,XPO,5
2026-04-04,Pobočka Chrášťany,XPO,11
2026-04-04,Pobočka Chrášťany,XL,2
2026-04-04,Pobočka Chrášťany,VB,5
2026-04-04,Počernice,XPO,1
2026-04-04,Počernice,VB,1
2026-04-04,Praha - centrála,XPO,20
2026-04-04,Praha - centrála,XL,5
2026-04-04,Praha - centrála,VB,1
2026-04-04,Příbram,XPO,2
2026-04-04,SKLC3,XPO,117
2026-04-04,Tábor,XPO,1
2026-04-04,Zlín,VB,1
2026-04-04,Ústí nad Labem,XPO,1
2026-04-04,Ústí nad Labem,VB,1
2026-04-04,Čakovice,XPO,1
2026-04-05,Anděl,XPO,2
2026-04-05,Anděl,VB,1
2026-04-05,Brno,XPO,2
2026-04-05,Brno Lískovec,XPO,2
2026-04-05,Brno Lískovec,XL,1
2026-04-05,Budějovická,XPO,1
2026-04-05,CZLC4,BPO,1
2026-04-05,CZLC4,XPO,99
2026-04-05,CZLC4,XL,1
2026-04-05,Dejvice,XPO,2
2026-04-05,Děčín,XPO,1
2026-04-05,Hradec,XPO,3
2026-04-05,Háje,XPO,2
2026-04-05,Karlovy Vary,XPO,1
2026-04-05,Kladno,XPO,2
2026-04-05,Kladno,XL,1
2026-04-05,LCS,XPO,21
2026-04-05,Liberec,XPO,6
2026-04-05,Mladá Boleslav,XPO,2
2026-04-05,Mělník,XPO,1
2026-04-05,Olomouc,XL,1
2026-04-05,Ostrava,XPO,5
2026-04-05,Ostrava,XL,1
2026-04-05,Ostrava,VB,2
2026-04-05,Pardubice,XPO,1
2026-04-05,Plzeň město,XPO,1
2026-04-05,Pobočka Chrášťany,XPO,13
2026-04-05,Pobočka Chrášťany,XL,4
2026-04-05,Počernice,XPO,3
2026-04-05,Praha - centrála,XPO,35
2026-04-05,Praha - centrála,XL,3
2026-04-05,SKLC3,XPO,57
2026-04-05,SKLC3,XL,11
2026-04-05,SKLC3,VB,17
2026-04-05,Tábor,XPO,3
2026-04-05,Třebíč,XPO,1
2026-04-05,Zlín,XPO,2
2026-04-05,Zlín,VB,1
2026-04-05,Ústí nad Labem,XPO,2
2026-04-05,Ústí nad Labem,XL,1
2026-04-05,České Budějovice,XPO,1
2026-04-05,České Budějovice,XL,2
2026-04-06,Brno,XPO,1
2026-04-06,CZLC4,XPO,129
2026-04-06,CZLC4,XL,5
2026-04-06,LCS,XPO,24
2026-04-06,Ostrava,XPO,1
2026-04-06,SKLC3,XPO,118
2026-04-06,SKLC3,XL,16
2026-04-06,SKLC3,VB,36
2026-04-07,Anděl,XPO,6
2026-04-07,Anděl,VB,1
2026-04-07,Benešov,XPO,1
2026-04-07,Benešov,XL,1
2026-04-07,Beroun,XPO,3
2026-04-07,Beroun,XL,2
2026-04-07,Brno,XPO,6
2026-04-07,Brno,XL,1
2026-04-07,Brno,VB,1
2026-04-07,Brno Lískovec,XPO,4
2026-04-07,Budějovická,SPO,1
2026-04-07,Budějovická,XPO,2
2026-04-07,CZLC4,SPO,1
2026-04-07,CZLC4,XPO,78
2026-04-07,CZLC4,XL,6
2026-04-07,Dejvice,XPO,2
2026-04-07,Děčín,XPO,1
2026-04-07,Děčín,XL,1
2026-04-07,Frýdek-Místek,XPO,1
2026-04-07,Frýdek-Místek,XL,1
2026-04-07,HULC1,XPO,6
2026-04-07,HULC1,VB,5
2026-04-07,Hradec,XPO,2
2026-04-07,Hradec,XL,2
2026-04-07,Háje,XPO,6
2026-04-07,Jihlava,XPO,1
2026-04-07,Karlovy Vary,XL,2
2026-04-07,Kladno,XPO,2
2026-04-07,Kolín,XPO,1
2026-04-07,LCS,XPO,99
2026-04-07,Liberec,XL,1
2026-04-07,Mladá Boleslav,XPO,1
2026-04-07,Most,XPO,1
2026-04-07,Mělník,XPO,1
2026-04-07,Mělník,XL,1
2026-04-07,Mělník,VB,1
2026-04-07,Olomouc,XPO,1
2026-04-07,Olomouc,XL,1
2026-04-07,Ostrava,XPO,5
2026-04-07,Ostrava,XL,1
2026-04-07,Plzeň město,XPO,2
2026-04-07,Plzeň město,XL,2
2026-04-07,Pobočka Chrášťany,XPO,13
2026-04-07,Počernice,XPO,2
2026-04-07,Počernice,XL,2
2026-04-07,Praha - centrála,XPO,12
2026-04-07,Praha - centrála,XL,6
2026-04-07,Praha - centrála,VB,2
2026-04-07,Prostějov,XPO,1
2026-04-07,Příbram,XPO,2
2026-04-07,Příbram,XL,1
2026-04-07,SKLC3,XPO,65
2026-04-07,SKLC3,XL,61
2026-04-07,SKLC3,VB,17
2026-04-07,Ústí nad Labem,XL,2
2026-04-07,Čakovice,XPO,1
2026-04-07,Čakovice,XL,2
2026-04-07,České Budějovice,XPO,3
2026-04-07,České Budějovice,XL,1
2026-04-07,České Budějovice,VB,1
2026-04-08,Anděl,XPO,8
2026-04-08,Benešov,XPO,5
2026-04-08,Benešov,XL,1
2026-04-08,Beroun,XPO,2
2026-04-08,Beroun,VB,1
2026-04-08,Brno,XPO,4
2026-04-08,Brno,XL,1
2026-04-08,Brno,VB,2
2026-04-08,Brno Lískovec,XPO,4
2026-04-08,Brno Lískovec,XL,3
2026-04-08,Budějovická,XPO,6
2026-04-08,Budějovická,XL,3
2026-04-08,Budějovická,VB,2
2026-04-08,CZLC4,XPO,85
2026-04-08,CZLC4,XL,10
2026-04-08,CZLC4,VB,1
2026-04-08,Dejvice,XPO,1
2026-04-08,Děčín,XPO,1
2026-04-08,HULC1,XPO,2
2026-04-08,Hradec,XL,1
2026-04-08,Háje,XPO,4
2026-04-08,Háje,XL,1
2026-04-08,Háje,VB,1
2026-04-08,Jihlava,XL,1
2026-04-08,Karlovy Vary,XPO,1
2026-04-08,Kladno,XPO,2
2026-04-08,Kolín,XPO,1
2026-04-08,LCS,XPO,36
2026-04-08,Liberec,XPO,3
2026-04-08,Liberec,VB,2
2026-04-08,Mladá Boleslav,XPO,2
2026-04-08,Mladá Boleslav,VB,1
2026-04-08,Most,XPO,3
2026-04-08,Mělník,XPO,3
2026-04-08,Mělník,XL,1
2026-04-08,Olomouc,XPO,2
2026-04-08,Olomouc,XL,1
2026-04-08,Opava,XPO,1
2026-04-08,Opava,XL,1
2026-04-08,Ostrava,XPO,6
2026-04-08,Ostrava,VB,5
2026-04-08,Pardubice,XPO,3
2026-04-08,Pardubice,XL,1
2026-04-08,Plzeň město,XPO,4
2026-04-08,Plzeň město,XL,2
2026-04-08,Pobočka Chrášťany,XPO,16
2026-04-08,Pobočka Chrášťany,XL,1
2026-04-08,Pobočka Chrášťany,VB,2
2026-04-08,Počernice,XPO,1
2026-04-08,Počernice,XL,4
2026-04-08,Praha - centrála,XPO,13
2026-04-08,Praha - centrála,XL,7
2026-04-08,Praha - centrála,VB,1
2026-04-08,Příbram,XPO,3
2026-04-08,SKLC3,XPO,112
2026-04-08,SKLC3,XL,17
2026-04-08,SKLC3,VB,77
2026-04-08,Tábor,XPO,1
2026-04-08,Zlín,XPO,1
2026-04-08,Čakovice,XPO,5
2026-04-08,Čakovice,XL,2
2026-04-08,České Budějovice,XPO,5
2026-04-08,České Budějovice,XL,2
2026-04-09,Anděl,XPO,2
2026-04-09,Benešov,XPO,1
2026-04-09,Beroun,XPO,1
2026-04-09,Brno,XPO,12
2026-04-09,Brno,XL,1
2026-04-09,Brno Lískovec,XPO,3
2026-04-09,Budějovická,XPO,2
2026-04-09,Budějovická,VB,1
2026-04-09,CZLC4,XPO,61
2026-04-09,CZLC4,XL,7
2026-04-09,Chomutov,XL,1
2026-04-09,Děčín,XPO,1
2026-04-09,Frýdek-Místek,XL,1
2026-04-09,Frýdek-Místek,VB,1
2026-04-09,HULC1,XPO,4
2026-04-09,HULC1,VB,12
2026-04-09,Hradec,XL,1
2026-04-09,Háje,XPO,1
2026-04-09,Háje,XL,2
2026-04-09,Karlovy Vary,XPO,2
2026-04-09,Kladno,XPO,1
2026-04-09,Kolín,XPO,2
2026-04-09,Kolín,XL,1
2026-04-09,Kolín,VB,1
2026-04-09,LCS,XPO,58
2026-04-09,Liberec,XPO,2
2026-04-09,Mladá Boleslav,XPO,1
2026-04-09,Most,XPO,1
2026-04-09,Mělník,XPO,4
2026-04-09,Mělník,VB,1
2026-04-09,Opava,XPO,1
2026-04-09,Ostrava,XPO,3
2026-04-09,Ostrava,XL,1
2026-04-09,Plzeň město,XPO,3
2026-04-09,Plzeň město,XL,1
2026-04-09,Pobočka Chrášťany,XPO,5
2026-04-09,Pobočka Chrášťany,XL,7
2026-04-09,Pobočka Chrášťany,VB,2
2026-04-09,Počernice,XPO,1
2026-04-09,Počernice,XL,1
2026-04-09,Počernice,VB,1
2026-04-09,Praha - centrála,XPO,3
2026-04-09,Praha - centrála,XL,2
2026-04-09,SKLC3,XPO,118
2026-04-09,SKLC3,XL,28
2026-04-09,SKLC3,VB,59
2026-04-09,Tábor,XPO,10
2026-04-09,Zlín,XPO,1
2026-04-09,Ústí nad Labem,XPO,1
2026-04-09,Čakovice,XPO,8
2026-04-09,Čakovice,XL,1
2026-04-09,Čakovice,VB,1
2026-04-09,České Budějovice,XPO,4
2026-04-09,České Budějovice,VB,1
2026-04-10,Anděl,XPO,4
2026-04-10,Beroun,XL,1
2026-04-10,Brno,XPO,3
2026-04-10,Brno,XL,1
2026-04-10,CZLC4,BPO,1
2026-04-10,CZLC4,XPO,76
2026-04-10,CZLC4,XL,8
2026-04-10,Chomutov,XL,1
2026-04-10,Dejvice,XPO,1
2026-04-10,Děčín,XPO,1
2026-04-10,Frýdek-Místek,XL,2
2026-04-10,HULC1,XPO,2
2026-04-10,HULC1,XL,28
2026-04-10,HULC1,VB,12
2026-04-10,Hradec,XPO,2
2026-04-10,Hradec,XL,1
2026-04-10,Háje,XPO,3
2026-04-10,Háje,XL,1
2026-04-10,Jihlava,XPO,7
2026-04-10,Karlovy Vary,XPO,1
2026-04-10,LCS,XPO,67
2026-04-10,Mladá Boleslav,XPO,4
2026-04-10,Mělník,XPO,3
2026-04-10,Olomouc,XPO,1
2026-04-10,Ostrava,XPO,3
2026-04-10,Ostrava,VB,1
2026-04-10,Pardubice,XPO,1
2026-04-10,Pardubice,VB,1
2026-04-10,Plzeň město,XPO,1
2026-04-10,Plzeň město,VB,1
2026-04-10,Pobočka Chrášťany,XPO,8
2026-04-10,Pobočka Chrášťany,VB,1
2026-04-10,Počernice,XPO,1
2026-04-10,Praha - centrála,XPO,6
2026-04-10,Praha - centrála,VB,1
2026-04-10,Prostějov,XL,1
2026-04-10,SKLC3,XPO,55
2026-04-10,SKLC3,XL,10
2026-04-10,SKLC3,VB,34
2026-04-10,Zlín,XPO,2
2026-04-10,Zlín,XL,1
2026-04-10,Ústí nad Labem,XPO,1
2026-04-10,Ústí nad Labem,XL,1
2026-04-10,Čakovice,XPO,4
2026-04-10,Čakovice,XL,1
2026-04-10,České Budějovice,XPO,1
2026-04-11,Anděl,XPO,6
2026-04-11,Benešov,XPO,1
2026-04-11,Benešov,XL,1
2026-04-11,Brno,XPO,6
2026-04-11,Brno,XL,3
2026-04-11,Brno Lískovec,XPO,3
2026-04-11,Brno Lískovec,XL,1
2026-04-11,Budějovická,VB,1
2026-04-11,CZLC4,XPO,84
2026-04-11,CZLC4,XL,6
2026-04-11,Chomutov,XPO,2
2026-04-11,Dejvice,XPO,2
2026-04-11,Děčín,XPO,1
2026-04-11,HULC1,VB,16
2026-04-11,Hradec,XPO,4
2026-04-11,Háje,XPO,3
2026-04-11,Háje,XL,2
2026-04-11,Jihlava,XPO,1
2026-04-11,Karlovy Vary,XPO,2
2026-04-11,Karlovy Vary,VB,1
2026-04-11,Kladno,XPO,3
2026-04-11,Kladno,XL,1
2026-04-11,Kolín,XPO,1
2026-04-11,LCS,BPO,3
2026-04-11,LCS,XPO,110
2026-04-11,Liberec,XPO,1
2026-04-11,Mladá Boleslav,VB,1
2026-04-11,Most,XPO,1
2026-04-11,Most,XL,1
2026-04-11,Mělník,XPO,1
2026-04-11,Opava,XPO,2
2026-04-11,Ostrava,XPO,5
2026-04-11,Pardubice,XPO,1
2026-04-11,Pardubice,XL,1
2026-04-11,Pobočka Chrášťany,XPO,15
2026-04-11,Pobočka Chrášťany,XL,4
2026-04-11,Pobočka Chrášťany,VB,1
2026-04-11,Počernice,XPO,3
2026-04-11,Počernice,XL,1
2026-04-11,Počernice,VB,1
2026-04-11,Praha - centrála,XPO,12
2026-04-11,Praha - centrála,XL,4
2026-04-11,Praha - centrála,VB,1
2026-04-11,Prostějov,XPO,1
2026-04-11,Příbram,XPO,1
2026-04-11,Příbram,XL,2
2026-04-11,SKLC3,XPO,47
2026-04-11,SKLC3,XL,12
2026-04-11,SKLC3,VB,33
2026-04-11,Tábor,XPO,1
2026-04-11,Zlín,XL,1
2026-04-11,Ústí nad Labem,XPO,2
2026-04-11,Čakovice,XPO,3
2026-04-11,Čakovice,XL,2
2026-04-11,České Budějovice,XPO,1
2026-04-11,České Budějovice,XL,1
2026-04-12,Anděl,XPO,10
2026-04-12,Anděl,XL,1
2026-04-12,Benešov,XPO,1
2026-04-12,Beroun,VB,1
2026-04-12,Brno,XPO,5
2026-04-12,Brno,XL,1
2026-04-12,Brno Lískovec,XPO,3
2026-04-12,Brno Lískovec,VB,2
2026-04-12,Budějovická,XPO,5
2026-04-12,Budějovická,XL,2
2026-04-12,CZLC4,XPO,80
2026-04-12,CZLC4,XL,8
2026-04-12,CZLC4,VB,1
2026-04-12,Dejvice,BPO,2
2026-04-12,Dejvice,XL,1
2026-04-12,Frýdek-Místek,XPO,1
2026-04-12,HULC1,VB,4
2026-04-12,Hradec,XPO,1
2026-04-12,Hradec,XL,1
2026-04-12,Hradec,VB,3
2026-04-12,Háje,XPO,7
2026-04-12,Háje,XL,1
2026-04-12,Jihlava,XPO,2
2026-04-12,Jihlava,XL,1
2026-04-12,Karlovy Vary,XPO,1
2026-04-12,Karlovy Vary,XL,3
2026-04-12,Karlovy Vary,VB,1
2026-04-12,Kladno,XPO,1
2026-04-12,Kolín,XL,1
2026-04-12,Kolín,VB,1
2026-04-12,LCS,XPO,68
2026-04-12,Liberec,XPO,1
2026-04-12,Mladá Boleslav,XPO,1
2026-04-12,Most,XPO,2
2026-04-12,Most,XL,1
2026-04-12,Mělník,XPO,1
2026-04-12,Olomouc,XPO,6
2026-04-12,Olomouc,XL,2
2026-04-12,Opava,XPO,1
2026-04-12,Ostrava,XPO,4
2026-04-12,Ostrava,XL,3
2026-04-12,Pardubice,XPO,3
2026-04-12,Pardubice,XL,3
2026-04-12,Pardubice,VB,1
2026-04-12,Plzeň město,XPO,10
2026-04-12,Plzeň město,XL,3
2026-04-12,Pobočka Chrášťany,XPO,19
2026-04-12,Pobočka Chrášťany,XL,1
2026-04-12,Počernice,XPO,1
2026-04-12,Počernice,XL,1
2026-04-12,Praha - centrála,XPO,15
2026-04-12,Praha - centrála,VB,1
2026-04-12,Příbram,XL,1
2026-04-12,SKLC3,BPO,2
2026-04-12,SKLC3,XPO,118
2026-04-12,SKLC3,XL,12
2026-04-12,SKLC3,VB,88
2026-04-12,Čakovice,XPO,6
2026-04-12,Čakovice,XL,1
2026-04-12,Čakovice,VB,1
2026-04-12,České Budějovice,BPO,2
2026-04-12,České Budějovice,XPO,1
2026-04-12,České Budějovice,XL,1
2026-04-12,České Budějovice,VB,1
2026-04-13,Anděl,XPO,1
2026-04-13,Anděl,XL,1
2026-04-13,Benešov,XPO,1
2026-04-13,Benešov,XL,1
2026-04-13,Brno,XPO,6
2026-04-13,Brno,VB,1
2026-04-13,Brno Lískovec,XPO,2
2026-04-13,Budějovická,XPO,7
2026-04-13,Budějovická,VB,1
2026-04-13,CZLC4,BPO,1
2026-04-13,CZLC4,XPO,67
2026-04-13,CZLC4,XL,3
2026-04-13,Dejvice,XPO,1
2026-04-13,Dejvice,XL,2
2026-04-13,Děčín,XL,1
2026-04-13,Frýdek-Místek,XPO,1
2026-04-13,HULC1,XPO,1
2026-04-13,HULC1,VB,4
2026-04-13,Hradec,XL,4
2026-04-13,Hradec,VB,1
2026-04-13,Háje,XPO,2
2026-04-13,Háje,XL,1
2026-04-13,Jihlava,XPO,1
2026-04-13,Karlovy Vary,XPO,1
2026-04-13,Kladno,XPO,2
2026-04-13,Kladno,XL,3
2026-04-13,Kolín,XPO,1
2026-04-13,Kolín,XL,1
2026-04-13,LCS,XPO,18
2026-04-13,Liberec,XL,1
2026-04-13,Mladá Boleslav,XPO,2
2026-04-13,Most,XPO,1
2026-04-13,Mělník,XL,1
2026-04-13,Mělník,VB,1
2026-04-13,Olomouc,XPO,2
2026-04-13,Olomouc,XL,1
2026-04-13,Ostrava,XPO,17
2026-04-13,Ostrava,XL,3
2026-04-13,Ostrava,VB,2
2026-04-13,Pardubice,XL,1
2026-04-13,Pardubice,VB,1
2026-04-13,Plzeň město,XPO,4
2026-04-13,Plzeň město,XL,2
2026-04-13,Plzeň město,VB,1
2026-04-13,Pobočka Chrášťany,XPO,14
2026-04-13,Pobočka Chrášťany,XL,2
2026-04-13,Pobočka Chrášťany,VB,4
2026-04-13,Počernice,XPO,3
2026-04-13,Počernice,VB,1
2026-04-13,Praha - centrála,XPO,12
2026-04-13,Praha - centrála,XL,2
2026-04-13,Prostějov,XPO,1
2026-04-13,SKLC3,XPO,98
2026-04-13,SKLC3,XL,5
2026-04-13,SKLC3,VB,44
2026-04-13,Tábor,XPO,1
2026-04-13,Tábor,XL,1
2026-04-13,Ústí nad Labem,XPO,1
2026-04-13,Čakovice,XPO,5
2026-04-13,Čakovice,XL,5
2026-04-13,Čakovice,VB,2
2026-04-14,Anděl,XPO,6
2026-04-14,Anděl,XL,2
2026-04-14,Brno,XPO,13
2026-04-14,Brno,XL,4
2026-04-14,Brno Lískovec,XPO,4
2026-04-14,Brno Lískovec,XL,1
2026-04-14,Budějovická,XPO,3
2026-04-14,Budějovická,XL,2
2026-04-14,Budějovická,VB,3
2026-04-14,CZLC4,XPO,40
2026-04-14,CZLC4,XL,2
2026-04-14,Dejvice,XPO,2
2026-04-14,Frýdek-Místek,XPO,1
2026-04-14,HULC1,XPO,3
2026-04-14,HULC1,XL,13
2026-04-14,HULC1,VB,28
2026-04-14,Hradec,XPO,3
2026-04-14,Hradec,XL,1
2026-04-14,Háje,XPO,7
2026-04-14,Háje,VB,1
2026-04-14,Jihlava,XPO,1
2026-04-14,Karlovy Vary,XPO,1
2026-04-14,Kladno,XPO,2
2026-04-14,Kolín,XPO,1
2026-04-14,Kolín,XL,1
2026-04-14,LCS,XPO,154
2026-04-14,Mladá Boleslav,XPO,1
2026-04-14,Mladá Boleslav,XL,4
2026-04-14,Most,XPO,2
2026-04-14,Mělník,XPO,1
2026-04-14,Olomouc,XPO,2
2026-04-14,Ostrava,XPO,5
2026-04-14,Ostrava,XL,2
2026-04-14,Ostrava,VB,1
2026-04-14,Pardubice,XL,3
2026-04-14,Plzeň město,XPO,3
2026-04-14,Plzeň město,VB,2
2026-04-14,Pobočka Chrášťany,XPO,7
2026-04-14,Pobočka Chrášťany,XL,6
2026-04-14,Pobočka Chrášťany,VB,1
2026-04-14,Počernice,XPO,7
2026-04-14,Praha - centrála,XPO,4
2026-04-14,Praha - centrála,XL,1
2026-04-14,Prostějov,XL,1
2026-04-14,Příbram,XPO,2
2026-04-14,Příbram,VB,1
2026-04-14,SKLC3,XPO,214
2026-04-14,SKLC3,XL,39
2026-04-14,SKLC3,VB,38
2026-04-14,Tábor,XPO,2
2026-04-14,Zlín,XPO,4
2026-04-14,Ústí nad Labem,XPO,1
2026-04-14,Ústí nad Labem,VB,3
2026-04-14,Čakovice,XPO,7
2026-04-14,Čakovice,XL,1
2026-04-14,Čakovice,VB,5
2026-04-14,České Budějovice,XPO,2
2026-04-15,Anděl,XPO,4
2026-04-15,Benešov,XPO,2
2026-04-15,Benešov,VB,1
2026-04-15,Beroun,XPO,5
2026-04-15,Beroun,XL,1
2026-04-15,Beroun,VB,2
2026-04-15,Brno,XPO,2
2026-04-15,Brno,XL,1
2026-04-15,Brno,VB,2
2026-04-15,Brno Lískovec,XPO,6
2026-04-15,Brno Lískovec,XL,1
2026-04-15,Budějovická,XPO,7
2026-04-15,CZLC4,SPO,1
2026-04-15,CZLC4,XPO,156
2026-04-15,CZLC4,XL,3
2026-04-15,Chomutov,XL,2
2026-04-15,Dejvice,XPO,1
2026-04-15,Dejvice,XL,2
2026-04-15,Děčín,XL,1
2026-04-15,Frýdek-Místek,XPO,4
2026-04-15,HULC1,XPO,1
2026-04-15,HULC1,VB,11
2026-04-15,Hradec,XPO,5
2026-04-15,Háje,XPO,4
2026-04-15,Jihlava,XPO,2
2026-04-15,Karlovy Vary,XPO,2
2026-04-15,LCS,XPO,85
2026-04-15,Mělník,XPO,2
2026-04-15,Mělník,XL,1
2026-04-15,Olomouc,BPO,1
2026-04-15,Olomouc,XPO,3
2026-04-15,Ostrava,XPO,3
2026-04-15,Pardubice,BPO,1
2026-04-15,Pardubice,XPO,1
2026-04-15,Pardubice,XL,1
2026-04-15,Plzeň město,XPO,6
2026-04-15,Pobočka Chrášťany,XPO,19
2026-04-15,Pobočka Chrášťany,XL,2
2026-04-15,Počernice,XPO,2
2026-04-15,Počernice,XL,1
2026-04-15,Praha - centrála,XPO,13
2026-04-15,Praha - centrála,XL,1
2026-04-15,Praha - centrála,VB,1
2026-04-15,SKLC3,XPO,111
2026-04-15,SKLC3,XL,33
2026-04-15,SKLC3,VB,95
2026-04-15,Zlín,XPO,2
2026-04-15,Čakovice,XPO,5
2026-04-15,České Budějovice,SPO,1
2026-04-15,České Budějovice,XPO,1
2026-04-15,České Budějovice,XL,1
2026-04-16,Anděl,XPO,1
2026-04-16,Anděl,XL,1
2026-04-16,Benešov,XL,1
2026-04-16,Benešov,VB,1
2026-04-16,Beroun,XPO,1
2026-04-16,Beroun,XL,2
2026-04-16,Brno,XPO,7
2026-04-16,Brno,XL,1
2026-04-16,Brno Lískovec,XPO,3
2026-04-16,Budějovická,XPO,10
2026-04-16,CZLC4,XPO,125
2026-04-16,CZLC4,XL,1
2026-04-16,CZLC4,VB,2
2026-04-16,Dejvice,XPO,1
2026-04-16,Dejvice,XL,2
2026-04-16,Děčín,XPO,1
2026-04-16,Frýdek-Místek,XL,1
2026-04-16,HULC1,VB,12
2026-04-16,Hradec,XL,1
2026-04-16,Háje,XPO,3
2026-04-16,Háje,XL,1
2026-04-16,Jihlava,XPO,1
2026-04-16,Kladno,XPO,1
2026-04-16,Kladno,XL,1
2026-04-16,Kolín,XL,1
2026-04-16,LCS,XPO,30
2026-04-16,Liberec,XPO,3
2026-04-16,Liberec,XL,1
2026-04-16,Mladá Boleslav,XL,2
2026-04-16,Most,XPO,2
2026-04-16,Most,XL,1
2026-04-16,Olomouc,XPO,3
2026-04-16,Olomouc,VB,1
2026-04-16,Opava,XL,1
2026-04-16,Ostrava,XPO,3
2026-04-16,Ostrava,XL,2
2026-04-16,Ostrava,VB,1
2026-04-16,Pardubice,XPO,3
2026-04-16,Plzeň město,XPO,2
2026-04-16,Pobočka Chrášťany,XPO,9
2026-04-16,Pobočka Chrášťany,XL,2
2026-04-16,Pobočka Chrášťany,VB,3
2026-04-16,Počernice,XPO,3
2026-04-16,Počernice,XL,2
2026-04-16,Počernice,VB,1
2026-04-16,Praha - centrála,XPO,7
2026-04-16,Praha - centrála,XL,2
2026-04-16,Prostějov,XL,1
2026-04-16,SKLC3,XPO,62
2026-04-16,SKLC3,XL,13
2026-04-16,SKLC3,VB,28
2026-04-16,Tábor,XL,1
2026-04-16,Třebíč,XPO,1
2026-04-16,Zlín,XPO,1
2026-04-16,Ústí nad Labem,XPO,7
2026-04-16,Čakovice,XPO,5
2026-04-16,Čakovice,XL,1
2026-04-16,České Budějovice,XPO,2
2026-04-16,České Budějovice,VB,2
2026-04-17,Anděl,XPO,3
2026-04-17,Anděl,XL,1
2026-04-17,Benešov,XPO,2
2026-04-17,Beroun,XPO,1
2026-04-17,Brno,XPO,2
2026-04-17,Brno,XL,1
2026-04-17,Brno Lískovec,XPO,1
2026-04-17,Budějovická,XPO,5
2026-04-17,Budějovická,XL,5
2026-04-17,Budějovická,VB,1
2026-04-17,CZLC4,BPO,1
2026-04-17,CZLC4,XPO,194
2026-04-17,CZLC4,XL,4
2026-04-17,CZLC4,VB,1
2026-04-17,Dejvice,XPO,2
2026-04-17,Dejvice,XL,1
2026-04-17,Frýdek-Místek,XPO,3
2026-04-17,Frýdek-Místek,XL,2
2026-04-17,HULC1,XPO,4
2026-04-17,HULC1,XL,6
2026-04-17,HULC1,VB,22
2026-04-17,Hradec,XPO,3
2026-04-17,Hradec,XL,1
2026-04-17,Háje,XPO,2
2026-04-17,Háje,XL,1
2026-04-17,Karlovy Vary,XL,2
2026-04-17,Kladno,XPO,5
2026-04-17,Kladno,XL,3
2026-04-17,Kladno,VB,1
2026-04-17,LCS,XPO,100
2026-04-17,LCS,XL,2
2026-04-17,Liberec,XPO,4
2026-04-17,Liberec,VB,1
2026-04-17,Mladá Boleslav,XPO,1
2026-04-17,Mělník,BPO,1
2026-04-17,Mělník,XPO,1
2026-04-17,Olomouc,XPO,3
2026-04-17,Opava,XPO,2
2026-04-17,Opava,XL,2
2026-04-17,Ostrava,BPO,1
2026-04-17,Ostrava,XPO,4
2026-04-17,Pardubice,XPO,4
2026-04-17,Pardubice,XL,1
2026-04-17,Plzeň město,XPO,1
2026-04-17,Plzeň město,XL,4
2026-04-17,Pobočka Chrášťany,BPO,1
2026-04-17,Pobočka Chrášťany,XPO,14
2026-04-17,Pobočka Chrášťany,XL,2
2026-04-17,Pobočka Chrášťany,VB,4
2026-04-17,Počernice,XPO,8
2026-04-17,Počernice,VB,2
2026-04-17,Praha - centrála,XPO,14
2026-04-17,Praha - centrála,XL,2
2026-04-17,Praha - centrála,VB,2
2026-04-17,Příbram,XPO,4
2026-04-17,Příbram,XL,1
2026-04-17,SKLC3,XPO,107
2026-04-17,SKLC3,XL,1
2026-04-17,SKLC3,VB,44
2026-04-17,Tábor,XPO,2
2026-04-17,Zlín,XPO,3
2026-04-17,Zlín,XL,1
2026-04-17,Zlín,VB,1
2026-04-17,Ústí nad Labem,XPO,1
2026-04-17,Ústí nad Labem,VB,1
2026-04-17,Čakovice,SPO,17
2026-04-17,Čakovice,XPO,3
2026-04-17,Čakovice,XL,1
2026-04-17,Čakovice,VB,1
2026-04-17,České Budějovice,XPO,1
2026-04-17,České Budějovice,XL,1
2026-04-17,České Budějovice,VB,1
2026-04-18,Anděl,XPO,9
2026-04-18,Anděl,XL,2
2026-04-18,Benešov,XPO,1
2026-04-18,Brno,XPO,3
2026-04-18,Brno,XL,1
2026-04-18,Brno,VB,1
2026-04-18,Brno Lískovec,XPO,2
2026-04-18,Budějovická,XPO,6
2026-04-18,Budějovická,XL,1
2026-04-18,CZLC4,XPO,113
2026-04-18,CZLC4,XL,3
2026-04-18,Frýdek-Místek,XPO,1
2026-04-18,HULC1,VB,7
2026-04-18,Hradec,XPO,3
2026-04-18,Hradec,XL,2
2026-04-18,Háje,XPO,4
2026-04-18,Háje,XL,2
2026-04-18,Háje,VB,2
2026-04-18,Jihlava,XPO,2
2026-04-18,Karlovy Vary,XPO,3
2026-04-18,Kladno,XPO,3
2026-04-18,LCS,XPO,41
2026-04-18,Liberec,XPO,1
2026-04-18,Mladá Boleslav,XPO,1
2026-04-18,Most,XPO,6
2026-04-18,Most,XL,1
2026-04-18,Most,VB,1
2026-04-18,Olomouc,XPO,2
2026-04-18,Opava,XL,2
2026-04-18,Ostrava,XPO,9
2026-04-18,Ostrava,VB,4
2026-04-18,Pardubice,XPO,2
2026-04-18,Pardubice,VB,2
2026-04-18,Plzeň město,XPO,5
2026-04-18,Plzeň město,XL,1
2026-04-18,Pobočka Chrášťany,XPO,7
2026-04-18,Pobočka Chrášťany,VB,7
2026-04-18,Počernice,XPO,2
2026-04-18,Počernice,VB,3
2026-04-18,Praha - centrála,XPO,19
2026-04-18,Praha - centrála,XL,5
2026-04-18,Praha - centrála,VB,3
2026-04-18,Prostějov,XPO,1
2026-04-18,Příbram,XPO,2
2026-04-18,SKLC3,XPO,83
2026-04-18,SKLC3,XL,37
2026-04-18,SKLC3,VB,18
2026-04-18,Tábor,XPO,3
2026-04-18,Tábor,VB,1
2026-04-18,Zlín,XPO,2
2026-04-18,Ústí nad Labem,XPO,5
2026-04-18,Ústí nad Labem,XL,1
2026-04-18,Čakovice,XPO,6
2026-04-18,Čakovice,XL,3
2026-04-18,Čakovice,VB,1
2026-04-18,České Budějovice,XPO,1
2026-04-18,České Budějovice,VB,1
2026-04-19,Anděl,XPO,1
2026-04-19,Anděl,XL,1
2026-04-19,Benešov,XPO,2
2026-04-19,Benešov,VB,1
2026-04-19,Brno,XPO,4
2026-04-19,Brno,VB,2
2026-04-19,Brno Lískovec,XPO,4
2026-04-19,Brno Lískovec,XL,1
2026-04-19,Brno Lískovec,VB,1
2026-04-19,Budějovická,XPO,3
2026-04-19,Budějovická,XL,1
2026-04-19,CZLC4,XPO,137
2026-04-19,CZLC4,XL,2
2026-04-19,Chomutov,XPO,2
2026-04-19,Dejvice,XPO,1
2026-04-19,Děčín,XPO,1
2026-04-19,Frýdek-Místek,XPO,3
2026-04-19,HULC1,VB,11
2026-04-19,Hradec,XPO,3
2026-04-19,Háje,XPO,1
2026-04-19,Háje,XL,1
2026-04-19,Jihlava,XL,4
2026-04-19,Karlovy Vary,XPO,2
2026-04-19,Kladno,XPO,7
2026-04-19,Kladno,XL,2
2026-04-19,Kolín,XL,1
2026-04-19,LCS,XPO,26
2026-04-19,Liberec,XPO,1
2026-04-19,Mladá Boleslav,XPO,4
2026-04-19,Mělník,XL,1
2026-04-19,Olomouc,VB,2
2026-04-19,Ostrava,XPO,7
2026-04-19,Pardubice,XPO,1
2026-04-19,Pardubice,VB,1
2026-04-19,Plzeň město,XPO,2
2026-04-19,Plzeň město,XL,1
2026-04-19,Pobočka Chrášťany,XPO,16
2026-04-19,Pobočka Chrášťany,XL,4
2026-04-19,Pobočka Chrášťany,VB,2
2026-04-19,Počernice,XPO,1
2026-04-19,Počernice,XL,1
2026-04-19,Praha - centrála,XPO,13
2026-04-19,Praha - centrála,XL,6
2026-04-19,Praha - centrála,VB,10
2026-04-19,Příbram,XPO,2
2026-04-19,SKLC3,XPO,83
2026-04-19,SKLC3,XL,16
2026-04-19,SKLC3,VB,21
2026-04-19,Tábor,XPO,1
2026-04-19,Tábor,VB,1
2026-04-19,Zlín,XPO,1
2026-04-19,Ústí nad Labem,XPO,1
2026-04-19,Ústí nad Labem,VB,1
2026-04-19,Čakovice,XPO,8
2026-04-19,Čakovice,XL,4
2026-04-19,Čakovice,VB,1
2026-04-19,České Budějovice,XPO,3
2026-04-20,Anděl,XPO,3
2026-04-20,Benešov,XL,1
2026-04-20,Beroun,XPO,5
2026-04-20,Brno,XPO,12
2026-04-20,Brno,XL,2
2026-04-20,Brno Lískovec,XPO,1
2026-04-20,Budějovická,XL,1
2026-04-20,CZLC4,BPO,1
2026-04-20,CZLC4,XPO,175
2026-04-20,CZLC4,XL,4
2026-04-20,CZLC4,VB,1
2026-04-20,Chomutov,XL,4
2026-04-20,Chomutov,VB,1
2026-04-20,Děčín,XL,1
2026-04-20,Frýdek-Místek,XPO,1
2026-04-20,HULC1,XPO,1
2026-04-20,HULC1,VB,4
2026-04-20,Hradec,XL,1
2026-04-20,Háje,XPO,14
2026-04-20,Háje,XL,1
2026-04-20,Karlovy Vary,VB,1
2026-04-20,Kolín,XPO,2
2026-04-20,Kolín,XL,1
2026-04-20,LCS,XPO,47
2026-04-20,Liberec,XPO,1
2026-04-20,Mladá Boleslav,XPO,1
2026-04-20,Most,XPO,1
2026-04-20,Olomouc,XL,1
2026-04-20,Ostrava,XPO,3
2026-04-20,Ostrava,XL,1
2026-04-20,Ostrava,VB,1
2026-04-20,Pardubice,XL,2
2026-04-20,Plzeň město,XPO,5
2026-04-20,Plzeň město,VB,1
2026-04-20,Pobočka Chrášťany,XPO,10
2026-04-20,Pobočka Chrášťany,XL,2
2026-04-20,Počernice,XPO,2
2026-04-20,Počernice,VB,1
2026-04-20,Praha - centrála,XPO,9
2026-04-20,Praha - centrála,XL,2
2026-04-20,Praha - centrála,VB,1
2026-04-20,SKLC3,XPO,112
2026-04-20,SKLC3,XL,90
2026-04-20,SKLC3,VB,43
2026-04-20,Zlín,XPO,2
2026-04-20,Ústí nad Labem,XPO,2
2026-04-20,Ústí nad Labem,XL,1
2026-04-20,Ústí nad Labem,VB,1
2026-04-20,Čakovice,XPO,5
2026-04-20,Čakovice,XL,2
2026-04-20,Čakovice,VB,1
2026-04-20,České Budějovice,XPO,2
2026-04-20,České Budějovice,XL,2
2026-04-21,Anděl,XPO,13
2026-04-21,Anděl,XL,2
2026-04-21,Anděl,VB,1
2026-04-21,Benešov,XPO,1
2026-04-21,Benešov,VB,1
2026-04-21,Beroun,XPO,2
2026-04-21,Beroun,XL,1
2026-04-21,Beroun,VB,1
2026-04-21,Brno,XPO,4
2026-04-21,Brno,XL,3
2026-04-21,Brno Lískovec,XPO,3
2026-04-21,Brno Lískovec,XL,1
2026-04-21,Budějovická,XPO,2
2026-04-21,Budějovická,XL,2
2026-04-21,Budějovická,VB,3
2026-04-21,CZLC4,XPO,188
2026-04-21,CZLC4,XL,3
2026-04-21,CZLC4,VB,1
2026-04-21,Dejvice,XL,2
2026-04-21,Děčín,XPO,2
2026-04-21,Frýdek-Místek,XPO,7
2026-04-21,Frýdek-Místek,XL,1
2026-04-21,HULC1,VB,9
2026-04-21,Hradec,XPO,3
2026-04-21,Hradec,XL,1
2026-04-21,Háje,XPO,6
2026-04-21,Háje,XL,2
2026-04-21,Jihlava,VB,1
2026-04-21,Karlovy Vary,XPO,6
2026-04-21,Karlovy Vary,XL,1
2026-04-21,Kladno,XPO,2
2026-04-21,LCS,XPO,35
2026-04-21,Liberec,XPO,1
2026-04-21,Liberec,XL,1
2026-04-21,Most,XPO,1
2026-04-21,Mělník,XPO,1
2026-04-21,Mělník,VB,1
2026-04-21,Olomouc,XPO,3
2026-04-21,Opava,XL,2
2026-04-21,Ostrava,XPO,6
2026-04-21,Ostrava,XL,3
2026-04-21,Pardubice,XPO,2
2026-04-21,Pardubice,XL,4
2026-04-21,Plzeň město,XPO,4
2026-04-21,Plzeň město,XL,3
2026-04-21,Plzeň město,VB,1
2026-04-21,Pobočka Chrášťany,XPO,28
2026-04-21,Pobočka Chrášťany,XL,4
2026-04-21,Pobočka Chrášťany,VB,3
2026-04-21,Počernice,XPO,3
2026-04-21,Počernice,XL,1
2026-04-21,Praha - centrála,XPO,17
2026-04-21,Praha - centrála,XL,2
2026-04-21,Prostějov,XL,1
2026-04-21,Příbram,XL,1
2026-04-21,SKLC3,BPO,1
2026-04-21,SKLC3,XPO,148
2026-04-21,SKLC3,XL,14
2026-04-21,SKLC3,VB,60
2026-04-21,Zlín,XPO,1
2026-04-21,Ústí nad Labem,XPO,4
2026-04-21,Čakovice,XPO,4
2026-04-21,Čakovice,XL,2
2026-04-21,České Budějovice,XPO,5
2026-04-21,České Budějovice,XL,2
2026-04-21,České Budějovice,VB,2
2026-04-22,Anděl,XPO,5
2026-04-22,Anděl,VB,1
2026-04-22,Beroun,XPO,1
2026-04-22,Brno,XPO,2
2026-04-22,Brno,XL,1
2026-04-22,Brno Lískovec,XPO,2
2026-04-22,Brno Lískovec,VB,1
2026-04-22,Budějovická,XPO,9
2026-04-22,Budějovická,XL,1
2026-04-22,Budějovická,VB,1
2026-04-22,CZLC4,XPO,95
2026-04-22,Chomutov,XPO,1
2026-04-22,Dejvice,XPO,1
2026-04-22,Dejvice,XL,1
2026-04-22,Frýdek-Místek,XPO,1
2026-04-22,HULC1,XPO,2
2026-04-22,HULC1,VB,5
2026-04-22,Hradec,XPO,4
2026-04-22,Hradec,XL,2
2026-04-22,Háje,XPO,2
2026-04-22,Háje,XL,2
2026-04-22,Jihlava,XPO,1
2026-04-22,Kladno,XPO,3
2026-04-22,Kolín,XPO,1
2026-04-22,Kolín,VB,3
2026-04-22,LCS,BPO,16
2026-04-22,LCS,XPO,45
2026-04-22,Liberec,XPO,1
2026-04-22,Liberec,XL,1
2026-04-22,Mladá Boleslav,XPO,1
2026-04-22,Mladá Boleslav,XL,1
2026-04-22,Most,XPO,3
2026-04-22,Most,VB,1
2026-04-22,Ostrava,XPO,5
2026-04-22,Ostrava,XL,3
2026-04-22,Plzeň město,XPO,2
2026-04-22,Pobočka Chrášťany,XPO,6
2026-04-22,Pobočka Chrášťany,VB,1
2026-04-22,Počernice,XPO,2
2026-04-22,Počernice,XL,1
2026-04-22,Praha - centrála,XPO,2
2026-04-22,Praha - centrála,XL,2
2026-04-22,Prostějov,XPO,1
2026-04-22,Prostějov,XL,1
2026-04-22,SKLC3,XPO,151
2026-04-22,SKLC3,XL,41
2026-04-22,SKLC3,VB,81
2026-04-22,Tábor,VB,1
2026-04-22,Třebíč,XPO,1
2026-04-22,Ústí nad Labem,XPO,4
2026-04-22,Čakovice,XPO,2
2026-04-22,Čakovice,XL,1
2026-04-22,České Budějovice,XPO,4
2026-04-22,České Budějovice,XL,3
2026-04-23,Anděl,XPO,2
2026-04-23,Benešov,XPO,5
2026-04-23,Benešov,XL,4
2026-04-23,Brno,XPO,2
2026-04-23,Brno,XL,2
2026-04-23,Brno Lískovec,XPO,1
2026-04-23,Brno Lískovec,XL,1
2026-04-23,Budějovická,XPO,8
2026-04-23,Budějovická,XL,2
2026-04-23,Budějovická,VB,1
2026-04-23,CZLC4,XPO,75
2026-04-23,CZLC4,XL,4
2026-04-23,Dejvice,XPO,1
2026-04-23,Dejvice,XL,1
2026-04-23,Frýdek-Místek,VB,1
2026-04-23,HULC1,XPO,1
2026-04-23,Hradec,XPO,1
2026-04-23,Hradec,XL,2
2026-04-23,Háje,XPO,3
2026-04-23,Háje,XL,1
2026-04-23,Jihlava,XPO,1
2026-04-23,Jihlava,XL,1
2026-04-23,Karlovy Vary,XPO,1
2026-04-23,Kladno,XPO,2
2026-04-23,Kolín,XL,1
2026-04-23,LCS,XPO,35
2026-04-23,Mladá Boleslav,XPO,8
2026-04-23,Mladá Boleslav,VB,1
2026-04-23,Most,XL,1
2026-04-23,Most,VB,1
2026-04-23,Mělník,VB,1
2026-04-23,Olomouc,XL,1
2026-04-23,Ostrava,XPO,3
2026-04-23,Ostrava,XL,3
2026-04-23,Ostrava,VB,1
2026-04-23,Pardubice,XPO,1
2026-04-23,Pardubice,XL,1
2026-04-23,Plzeň město,XPO,3
2026-04-23,Pobočka Chrášťany,XPO,12
2026-04-23,Pobočka Chrášťany,XL,6
2026-04-23,Pobočka Chrášťany,VB,1
2026-04-23,Počernice,XPO,4
2026-04-23,Počernice,VB,2
2026-04-23,Praha - centrála,XPO,19
2026-04-23,Praha - centrála,VB,2
2026-04-23,Prostějov,XPO,2
2026-04-23,Prostějov,VB,1
2026-04-23,SKLC3,XPO,153
2026-04-23,SKLC3,XL,5
2026-04-23,SKLC3,VB,14
2026-04-23,Tábor,XPO,2
2026-04-23,Třebíč,XPO,1
2026-04-23,Třebíč,VB,1
2026-04-23,Ústí nad Labem,XPO,1
2026-04-23,Čakovice,XPO,2
2026-04-23,České Budějovice,XPO,1
2026-04-23,České Budějovice,VB,2
2026-04-24,Anděl,XPO,4
2026-04-24,Benešov,XPO,2
2026-04-24,Benešov,VB,1
2026-04-24,Beroun,XPO,1
2026-04-24,Beroun,XL,1
2026-04-24,Brno,XPO,6
2026-04-24,Brno,XL,1
2026-04-24,Brno Lískovec,XL,1
2026-04-24,Budějovická,XPO,1
2026-04-24,CZLC4,XPO,151
2026-04-24,CZLC4,XL,4
2026-04-24,Chomutov,XPO,3
2026-04-24,Dejvice,XPO,1
2026-04-24,Frýdek-Místek,XPO,3
2026-04-24,Frýdek-Místek,XL,1
2026-04-24,HULC1,XL,4
2026-04-24,HULC1,VB,20
2026-04-24,Hradec,XPO,1
2026-04-24,Háje,XPO,3
2026-04-24,Háje,XL,1
2026-04-24,Háje,VB,3
2026-04-24,Jihlava,XPO,2
2026-04-24,Karlovy Vary,XL,1
2026-04-24,Kladno,XPO,2
2026-04-24,Kladno,XL,1
2026-04-24,Kolín,XL,1
2026-04-24,LCS,XPO,46
2026-04-24,Mladá Boleslav,XPO,1
2026-04-24,Most,XPO,1
2026-04-24,Mělník,XPO,1
2026-04-24,Mělník,XL,1
2026-04-24,Olomouc,XPO,2
2026-04-24,Opava,XPO,2
2026-04-24,Opava,VB,1
2026-04-24,Ostrava,XPO,3
2026-04-24,Pardubice,XL,1
2026-04-24,Plzeň město,XPO,3
2026-04-24,Pobočka Chrášťany,SPO,1
2026-04-24,Pobočka Chrášťany,XPO,12
2026-04-24,Pobočka Chrášťany,XL,3
2026-04-24,Pobočka Chrášťany,VB,1
2026-04-24,Počernice,XPO,2
2026-04-24,Praha - centrála,XPO,8
2026-04-24,Praha - centrála,XL,4
2026-04-24,SKLC3,XPO,97
2026-04-24,SKLC3,XL,25
2026-04-24,SKLC3,VB,11
2026-04-24,Zlín,XPO,2
2026-04-24,Ústí nad Labem,XPO,3
2026-04-24,Čakovice,XPO,2
2026-04-24,Čakovice,XL,2
2026-04-24,České Budějovice,XPO,2
2026-04-24,České Budějovice,XL,2
2026-04-25,Anděl,XPO,7
2026-04-25,Anděl,XL,1
2026-04-25,Benešov,XL,5
2026-04-25,Beroun,XPO,3
2026-04-25,Beroun,XL,2
2026-04-25,Beroun,VB,1
2026-04-25,Brno,XPO,10
2026-04-25,Brno,XL,1
2026-04-25,Brno,VB,1
2026-04-25,Brno Lískovec,XL,1
2026-04-25,Budějovická,XPO,8
2026-04-25,Budějovická,XL,2
2026-04-25,CZLC4,XPO,287
2026-04-25,CZLC4,XL,13
2026-04-25,Chomutov,XPO,2
2026-04-25,Dejvice,XPO,1
2026-04-25,Děčín,XPO,2
2026-04-25,Děčín,XL,1
2026-04-25,Frýdek-Místek,XPO,1
2026-04-25,HULC1,VB,5
2026-04-25,Hradec,XPO,4
2026-04-25,Hradec,VB,1
2026-04-25,Háje,XPO,6
2026-04-25,Háje,XL,4
2026-04-25,Háje,VB,1
2026-04-25,Jihlava,XPO,2
2026-04-25,Karlovy Vary,XL,3
2026-04-25,Kladno,XPO,5
2026-04-25,Kladno,XL,3
2026-04-25,Kolín,XPO,3
2026-04-25,LCS,XPO,46
2026-04-25,Liberec,XPO,1
2026-04-25,Liberec,VB,2
2026-04-25,Mladá Boleslav,XPO,2
2026-04-25,Mladá Boleslav,XL,1
2026-04-25,Most,XPO,2
2026-04-25,Most,XL,1
2026-04-25,Olomouc,XPO,4
2026-04-25,Olomouc,XL,3
2026-04-25,Olomouc,VB,1
2026-04-25,Ostrava,XPO,8
2026-04-25,Ostrava,XL,4
2026-04-25,Ostrava,VB,1
2026-04-25,Pardubice,XPO,2
2026-04-25,Plzeň město,XPO,3
2026-04-25,Plzeň město,XL,2
2026-04-25,Pobočka Chrášťany,XPO,36
2026-04-25,Pobočka Chrášťany,XL,7
2026-04-25,Pobočka Chrášťany,VB,5
2026-04-25,Počernice,XPO,3
2026-04-25,Počernice,XL,2
2026-04-25,Počernice,VB,1
2026-04-25,Praha - centrála,SPO,1
2026-04-25,Praha - centrála,XPO,14
2026-04-25,Praha - centrála,XL,2
2026-04-25,Praha - centrála,VB,3
2026-04-25,Prostějov,XPO,2
2026-04-25,Příbram,XPO,1
2026-04-25,Příbram,XL,2
2026-04-25,SKLC3,XPO,73
2026-04-25,SKLC3,XL,6
2026-04-25,SKLC3,VB,8
2026-04-25,Tábor,XPO,2
2026-04-25,Tábor,XL,1
2026-04-25,Třebíč,XL,4
2026-04-25,Zlín,XPO,1
2026-04-25,Ústí nad Labem,BPO,1
2026-04-25,Ústí nad Labem,XPO,3
2026-04-25,Ústí nad Labem,XL,1
2026-04-25,Ústí nad Labem,VB,1
2026-04-25,Čakovice,XPO,12
2026-04-25,Čakovice,XL,3
2026-04-25,Čakovice,VB,1
2026-04-25,České Budějovice,XPO,6
2026-04-25,České Budějovice,XL,3
2026-04-25,České Budějovice,VB,1
2026-04-26,Anděl,XPO,2
2026-04-26,Benešov,XPO,1
2026-04-26,Brno Lískovec,XPO,5
2026-04-26,Brno Lískovec,XL,1
2026-04-26,Budějovická,XPO,1
2026-04-26,CZLC4,XPO,216
2026-04-26,Chomutov,XL,1
2026-04-26,Děčín,VB,1
2026-04-26,HULC1,VB,18
2026-04-26,Hradec,XPO,3
2026-04-26,Háje,XPO,1
2026-04-26,Kolín,XPO,1
2026-04-26,LCS,XPO,64
2026-04-26,Liberec,XPO,1
2026-04-26,Liberec,XL,1
2026-04-26,Mladá Boleslav,XL,1
2026-04-26,Olomouc,XPO,1
2026-04-26,Olomouc,XL,1
2026-04-26,Ostrava,XPO,5
2026-04-26,Ostrava,XL,1
2026-04-26,Pardubice,XPO,3
2026-04-26,Plzeň město,XPO,1
2026-04-26,Plzeň město,VB,1
2026-04-26,Pobočka Chrášťany,XPO,9
2026-04-26,Pobočka Chrášťany,XL,4
2026-04-26,Pobočka Chrášťany,VB,5
2026-04-26,Počernice,XPO,3
2026-04-26,Praha - centrála,XPO,9
2026-04-26,Příbram,XPO,1
2026-04-26,SKLC3,BPO,1
2026-04-26,SKLC3,XPO,123
2026-04-26,SKLC3,XL,33
2026-04-26,SKLC3,VB,19
2026-04-26,Tábor,XL,1
2026-04-26,Zlín,XPO,1
2026-04-26,Ústí nad Labem,VB,1
2026-04-26,Čakovice,XPO,1
2026-04-26,Čakovice,XL,1
2026-04-26,České Budějovice,VB,1
2026-04-27,Anděl,XPO,4
2026-04-27,Anděl,XL,1
2026-04-27,Beroun,XPO,4
2026-04-27,Beroun,XL,4
2026-04-27,Brno,XPO,1
2026-04-27,Brno Lískovec,XPO,2
2026-04-27,Budějovická,XPO,4
2026-04-27,Budějovická,XL,2
2026-04-27,CZLC4,BPO,1
2026-04-27,CZLC4,XPO,88
2026-04-27,CZLC4,XL,1
2026-04-27,Chomutov,XPO,2
2026-04-27,Děčín,XPO,4
2026-04-27,Děčín,XL,1
2026-04-27,Frýdek-Místek,XPO,2
2026-04-27,Hradec,XPO,1
2026-04-27,Háje,XPO,2
2026-04-27,Háje,XL,1
2026-04-27,Jihlava,XPO,4
2026-04-27,Kladno,XPO,6
2026-04-27,Kladno,XL,2
2026-04-27,Kladno,VB,1
2026-04-27,Kolín,XL,1
2026-04-27,Kolín,VB,1
2026-04-27,LCS,XPO,54
2026-04-27,Liberec,XPO,3
2026-04-27,Liberec,XL,1
2026-04-27,Mladá Boleslav,XPO,5
2026-04-27,Mladá Boleslav,XL,1
2026-04-27,Most,VB,1
2026-04-27,Mělník,XPO,1
2026-04-27,Olomouc,XPO,5
2026-04-27,Olomouc,XL,1
2026-04-27,Ostrava,XPO,3
2026-04-27,Ostrava,XL,1
2026-04-27,Pardubice,XPO,2
2026-04-27,Plzeň město,XPO,3
2026-04-27,Pobočka Chrášťany,XPO,12
2026-04-27,Pobočka Chrášťany,XL,5
2026-04-27,Pobočka Chrášťany,VB,10
2026-04-27,Počernice,XPO,3
2026-04-27,Počernice,XL,1
2026-04-27,Počernice,VB,1
2026-04-27,Praha - centrála,XPO,16
2026-04-27,Praha - centrála,XL,6
2026-04-27,Praha - centrála,VB,5
2026-04-27,Příbram,VB,1
2026-04-27,SKLC3,XPO,120
2026-04-27,SKLC3,VB,37
2026-04-27,Tábor,XPO,4
2026-04-27,Tábor,XL,1
2026-04-27,Zlín,XPO,2
2026-04-27,Zlín,XL,1
2026-04-27,Ústí nad Labem,XL,1
2026-04-27,Ústí nad Labem,VB,1
2026-04-27,Čakovice,XPO,3
2026-04-27,Čakovice,XL,1
2026-04-27,České Budějovice,XL,3
2026-04-28,Anděl,XPO,5
2026-04-28,Benešov,XPO,2
2026-04-28,Beroun,XPO,4
2026-04-28,Beroun,VB,1
2026-04-28,Brno,XPO,4
2026-04-28,Brno,XL,2
2026-04-28,Brno Lískovec,XPO,4
2026-04-28,Budějovická,XPO,5
2026-04-28,Budějovická,XL,1
2026-04-28,CZLC4,XPO,92
2026-04-28,CZLC4,XL,6
2026-04-28,CZLC4,VB,1
2026-04-28,Chomutov,XPO,2
2026-04-28,Dejvice,XPO,2
2026-04-28,Dejvice,XL,1
2026-04-28,Děčín,XPO,5
2026-04-28,Frýdek-Místek,XPO,3
2026-04-28,Frýdek-Místek,XL,3
2026-04-28,Frýdek-Místek,VB,1
2026-04-28,HULC1,XL,10
2026-04-28,HULC1,VB,24
2026-04-28,Hradec,XPO,1
2026-04-28,Háje,XPO,8
2026-04-28,Háje,XL,3
2026-04-28,Jihlava,XPO,3
2026-04-28,Karlovy Vary,XPO,2
2026-04-28,Karlovy Vary,XL,1
2026-04-28,Kladno,XPO,8
2026-04-28,Kolín,XPO,3
2026-04-28,Kolín,VB,1
2026-04-28,LCS,XPO,81
2026-04-28,Liberec,XPO,3
2026-04-28,Mladá Boleslav,XPO,1
2026-04-28,Most,XPO,3
2026-04-28,Mělník,XPO,3
2026-04-28,Mělník,XL,2
2026-04-28,Olomouc,XPO,1
2026-04-28,Olomouc,XL,1
2026-04-28,Opava,XPO,1
2026-04-28,Opava,VB,1
2026-04-28,Ostrava,XPO,6
2026-04-28,Ostrava,VB,1
2026-04-28,Pardubice,XPO,5
2026-04-28,Plzeň město,XPO,1
2026-04-28,Plzeň město,XL,1
2026-04-28,Plzeň město,VB,1
2026-04-28,Pobočka Chrášťany,XPO,12
2026-04-28,Pobočka Chrášťany,XL,6
2026-04-28,Pobočka Chrášťany,VB,4
2026-04-28,Počernice,XPO,2
2026-04-28,Počernice,XL,4
2026-04-28,Praha - centrála,XPO,28
2026-04-28,Praha - centrála,XL,2
2026-04-28,Praha - centrála,VB,1
2026-04-28,Příbram,XPO,2
2026-04-28,SKLC3,XPO,250
2026-04-28,SKLC3,XL,28
2026-04-28,SKLC3,VB,91
2026-04-28,Tábor,XPO,2
2026-04-28,Tábor,XL,1
2026-04-28,Třebíč,XPO,2
2026-04-28,Zlín,XPO,2
2026-04-28,Zlín,XL,1
2026-04-28,Zlín,VB,1
2026-04-28,Ústí nad Labem,XPO,4
2026-04-28,Ústí nad Labem,VB,1
2026-04-28,Čakovice,BPO,1
2026-04-28,Čakovice,XPO,9
2026-04-28,Čakovice,XL,1
2026-04-28,České Budějovice,XPO,1
2026-04-29,Anděl,XPO,7
2026-04-29,Benešov,XPO,1
2026-04-29,Brno,XPO,8
2026-04-29,Brno,XL,2
2026-04-29,Brno,VB,2
2026-04-29,Brno Lískovec,XPO,10
2026-04-29,Brno Lískovec,XL,2
2026-04-29,Budějovická,XPO,1
2026-04-29,Budějovická,VB,1
2026-04-29,CZLC4,SPO,1
2026-04-29,CZLC4,XPO,113
2026-04-29,CZLC4,XL,5
2026-04-29,Dejvice,XL,1
2026-04-29,Děčín,XPO,2
2026-04-29,Frýdek-Místek,XPO,1
2026-04-29,Frýdek-Místek,XL,1
2026-04-29,HULC1,XPO,4
2026-04-29,HULC1,VB,5
2026-04-29,Hradec,XPO,3
2026-04-29,Hradec,XL,3
2026-04-29,Jihlava,XPO,3
2026-04-29,Karlovy Vary,XPO,3
2026-04-29,Karlovy Vary,XL,1
2026-04-29,Kladno,XPO,5
2026-04-29,LCS,XPO,34
2026-04-29,Liberec,XPO,1
2026-04-29,Liberec,XL,1
2026-04-29,Mladá Boleslav,XPO,2
2026-04-29,Most,XPO,2
2026-04-29,Mělník,XPO,1
2026-04-29,Ostrava,XPO,7
2026-04-29,Pardubice,XPO,7
2026-04-29,Plzeň město,XPO,5
2026-04-29,Pobočka Chrášťany,XPO,16
2026-04-29,Pobočka Chrášťany,XL,3
2026-04-29,Pobočka Chrášťany,VB,2
2026-04-29,Počernice,XPO,8
2026-04-29,Počernice,XL,1
2026-04-29,Praha - centrála,XPO,14
2026-04-29,Praha - centrála,XL,2
2026-04-29,Příbram,XPO,1
2026-04-29,Příbram,XL,1
2026-04-29,SKLC3,XPO,124
2026-04-29,SKLC3,XL,14
2026-04-29,SKLC3,VB,46
2026-04-29,Zlín,BPO,1
2026-04-29,Zlín,XL,1
2026-04-29,Ústí nad Labem,XPO,4
2026-04-29,Ústí nad Labem,XL,1
2026-04-29,Čakovice,XPO,4
2026-04-29,Čakovice,XL,2
2026-04-29,České Budějovice,XPO,2
2026-04-29,České Budějovice,XL,2
2026-04-30,Anděl,XPO,3
2026-04-30,Benešov,XPO,1
2026-04-30,Brno,XPO,12
2026-04-30,Brno,VB,1
2026-04-30,Brno Lískovec,XPO,4
2026-04-30,Brno Lískovec,XL,2
2026-04-30,Budějovická,XPO,6
2026-04-30,Budějovická,XL,2
2026-04-30,Budějovická,VB,1
2026-04-30,CZLC4,XPO,140
2026-04-30,CZLC4,XL,5
2026-04-30,CZLC4,VB,1
2026-04-30,Chomutov,XL,1
2026-04-30,Dejvice,XPO,1
2026-04-30,Děčín,XPO,4
2026-04-30,Frýdek-Místek,VB,1
2026-04-30,HULC1,XPO,1
2026-04-30,HULC1,VB,14
2026-04-30,Hradec,XPO,3
2026-04-30,Háje,XPO,5
2026-04-30,Jihlava,XPO,1
2026-04-30,Karlovy Vary,XPO,1
2026-04-30,LCS,XPO,26
2026-04-30,Mladá Boleslav,XPO,3
2026-04-30,Mladá Boleslav,XL,1
2026-04-30,Most,VB,1
2026-04-30,Mělník,VB,1
2026-04-30,Olomouc,XPO,10
2026-04-30,Olomouc,XL,1
2026-04-30,Ostrava,XPO,5
2026-04-30,Ostrava,XL,1
2026-04-30,Ostrava,VB,1
2026-04-30,Pardubice,XPO,6
2026-04-30,Plzeň město,XPO,3
2026-04-30,Pobočka Chrášťany,XPO,14
2026-04-30,Pobočka Chrášťany,XL,2
2026-04-30,Počernice,XPO,1
2026-04-30,Počernice,XL,1
2026-04-30,Počernice,VB,1
2026-04-30,Praha - centrála,XPO,14
2026-04-30,Praha - centrála,XL,1
2026-04-30,Praha - centrála,VB,1
2026-04-30,Prostějov,XPO,1
2026-04-30,Příbram,XPO,2
2026-04-30,SKLC3,XPO,112
2026-04-30,SKLC3,XL,30
2026-04-30,SKLC3,VB,14
2026-04-30,Tábor,XPO,3
2026-04-30,Třebíč,VB,1
2026-04-30,Zlín,XPO,1
2026-04-30,Zlín,VB,1
2026-04-30,Ústí nad Labem,XPO,2
2026-04-30,Čakovice,XPO,6
2026-04-30,Čakovice,VB,1
2026-04-30,České Budějovice,XPO,5
2026-04-30,České Budějovice,XL,1
2026-05-01,Anděl,XPO,4
2026-05-01,Anděl,XL,1
2026-05-01,Anděl,VB,3
2026-05-01,Benešov,SPO,1
2026-05-01,Benešov,XPO,1
2026-05-01,Brno,XPO,3
2026-05-01,Brno,XL,1
2026-05-01,Brno Lískovec,XPO,4
2026-05-01,Brno Lískovec,XL,1
2026-05-01,Brno Lískovec,VB,1
2026-05-01,Budějovická,XPO,5
2026-05-01,Budějovická,XL,1
2026-05-01,CZLC4,XPO,119
2026-05-01,CZLC4,XL,9
2026-05-01,CZLC4,VB,2
2026-05-01,Chomutov,XL,2
2026-05-01,Dejvice,XPO,1
2026-05-01,Dejvice,XL,4
2026-05-01,Frýdek-Místek,XPO,1
2026-05-01,HULC1,XPO,1
2026-05-01,HULC1,XL,7
2026-05-01,HULC1,VB,6
2026-05-01,Hradec,XPO,2
2026-05-01,Hradec,VB,2
2026-05-01,Háje,XPO,3
2026-05-01,Háje,XL,1
2026-05-01,Jihlava,XPO,5
2026-05-01,Jihlava,VB,1
2026-05-01,LCS,XPO,30
2026-05-01,Liberec,XPO,1
2026-05-01,Liberec,VB,1
2026-05-01,Most,XPO,14
2026-05-01,Mělník,XL,1
2026-05-01,Olomouc,XL,1
2026-05-01,Ostrava,XPO,7
2026-05-01,Ostrava,XL,3
2026-05-01,Pardubice,XPO,2
2026-05-01,Pardubice,XL,1
2026-05-01,Plzeň město,XPO,2
2026-05-01,Plzeň město,VB,1
2026-05-01,Pobočka Chrášťany,XPO,8
2026-05-01,Pobočka Chrášťany,XL,1
2026-05-01,Pobočka Chrášťany,VB,2
2026-05-01,Počernice,XPO,15
2026-05-01,Praha - centrála,XPO,7
2026-05-01,Praha - centrála,XL,2
2026-05-01,Praha - centrála,VB,2
2026-05-01,Příbram,XPO,1
2026-05-01,SKLC3,XPO,74
2026-05-01,SKLC3,XL,35
2026-05-01,SKLC3,VB,12
2026-05-01,Tábor,XPO,1
2026-05-01,Zlín,XPO,1
2026-05-01,Ústí nad Labem,XPO,2
2026-05-01,Ústí nad Labem,XL,1
2026-05-01,Čakovice,XPO,8
2026-05-01,Čakovice,XL,2
2026-05-01,Čakovice,VB,5
2026-05-01,České Budějovice,XPO,3
2026-05-02,Anděl,XPO,1
2026-05-02,Benešov,XPO,2
2026-05-02,Brno,XPO,10
2026-05-02,Brno,VB,1
2026-05-02,Brno Lískovec,XL,2
2026-05-02,Budějovická,XPO,4
2026-05-02,CZLC4,XPO,194
2026-05-02,CZLC4,XL,3
2026-05-02,Chomutov,XPO,1
2026-05-02,Dejvice,XPO,4
2026-05-02,Děčín,XPO,2
2026-05-02,HULC1,XPO,1
2026-05-02,Hradec,XL,2
2026-05-02,Hradec,VB,1
2026-05-02,Háje,XPO,6
2026-05-02,Háje,VB,1
2026-05-02,Jihlava,XPO,1
2026-05-02,Karlovy Vary,XPO,2
2026-05-02,Karlovy Vary,VB,1
2026-05-02,Kladno,XPO,2
2026-05-02,Kolín,VB,1
2026-05-02,LCS,XPO,30
2026-05-02,Liberec,XPO,1
2026-05-02,Mladá Boleslav,BPO,1
2026-05-02,Mělník,XPO,5
2026-05-02,Olomouc,XPO,2
2026-05-02,Olomouc,XL,1
2026-05-02,Olomouc,VB,1
2026-05-02,Opava,XPO,1
2026-05-02,Opava,VB,2
2026-05-02,Ostrava,XPO,1
2026-05-02,Ostrava,XL,1
2026-05-02,Ostrava,VB,1
2026-05-02,Pardubice,XPO,3
2026-05-02,Pardubice,XL,2
2026-05-02,Plzeň město,XPO,4
2026-05-02,Plzeň město,XL,1
2026-05-02,Pobočka Chrášťany,XPO,8
2026-05-02,Pobočka Chrášťany,XL,2
2026-05-02,Pobočka Chrášťany,VB,1
2026-05-02,Počernice,XPO,3
2026-05-02,Počernice,XL,2
2026-05-02,Počernice,VB,1
2026-05-02,Praha - centrála,XPO,10
2026-05-02,Praha - centrála,XL,5
2026-05-02,Praha - centrála,VB,2
2026-05-02,Příbram,XPO,1
2026-05-02,Příbram,XL,2
2026-05-02,SKLC3,XPO,93
2026-05-02,SKLC3,XL,28
2026-05-02,SKLC3,VB,14
2026-05-02,Tábor,XPO,3
2026-05-02,Třebíč,XPO,1
2026-05-02,Ústí nad Labem,XPO,2
2026-05-02,Ústí nad Labem,XL,1
2026-05-02,Čakovice,XPO,6
2026-05-02,České Budějovice,XPO,3
2026-05-02,České Budějovice,XL,1
2026-05-03,Anděl,XPO,9
2026-05-03,Anděl,XL,2
2026-05-03,Benešov,XL,1
2026-05-03,Brno,BPO,2
2026-05-03,Brno,XPO,5
2026-05-03,Brno Lískovec,XPO,5
2026-05-03,Brno Lískovec,XL,1
2026-05-03,Budějovická,XPO,9
2026-05-03,Budějovická,XL,2
2026-05-03,CZLC4,XPO,166
2026-05-03,CZLC4,XL,5
2026-05-03,CZLC4,VB,1
2026-05-03,Chomutov,XPO,2
2026-05-03,Chomutov,XL,1
2026-05-03,Chomutov,VB,2
2026-05-03,Dejvice,XPO,1
2026-05-03,Děčín,XPO,1
2026-05-03,Frýdek-Místek,XPO,1
2026-05-03,HULC1,XPO,3
2026-05-03,HULC1,XL,33
2026-05-03,HULC1,VB,9
2026-05-03,Hradec,XPO,2
2026-05-03,Hradec,XL,1
2026-05-03,Háje,XPO,2
2026-05-03,Háje,XL,1
2026-05-03,Jihlava,XPO,1
2026-05-03,Karlovy Vary,XPO,2
2026-05-03,Kladno,XPO,2
2026-05-03,Kladno,VB,1
2026-05-03,Kolín,XPO,1
2026-05-03,Kolín,VB,1
2026-05-03,LCS,XPO,25
2026-05-03,Liberec,VB,1
2026-05-03,Mladá Boleslav,XPO,1
2026-05-03,Mělník,XPO,1
2026-05-03,Olomouc,XPO,1
2026-05-03,Opava,VB,1
2026-05-03,Ostrava,XPO,3
2026-05-03,Ostrava,XL,5
2026-05-03,Pardubice,XPO,3
2026-05-03,Plzeň město,XPO,1
2026-05-03,Plzeň město,XL,1
2026-05-03,Pobočka Chrášťany,XPO,11
2026-05-03,Pobočka Chrášťany,XL,2
2026-05-03,Pobočka Chrášťany,VB,2
2026-05-03,Počernice,XL,1
2026-05-03,Počernice,VB,1
2026-05-03,Praha - centrála,XPO,11
2026-05-03,Praha - centrála,VB,1
2026-05-03,Prostějov,XPO,1
2026-05-03,Příbram,XPO,1
2026-05-03,SKLC3,XPO,140
2026-05-03,SKLC3,XL,11
2026-05-03,SKLC3,VB,42
2026-05-03,Tábor,XPO,1
2026-05-03,Zlín,XPO,1
2026-05-03,Ústí nad Labem,XL,2
2026-05-03,Ústí nad Labem,VB,1
2026-05-03,Čakovice,XPO,1
2026-05-03,Čakovice,VB,1
2026-05-03,České Budějovice,XPO,2
2026-05-04,Anděl,XPO,1
2026-05-04,Anděl,XL,3
2026-05-04,Benešov,XPO,1
2026-05-04,Brno,XPO,6
2026-05-04,Brno,XL,3
2026-05-04,Brno,VB,1
2026-05-04,Brno Lískovec,XPO,2
2026-05-04,Brno Lískovec,VB,1
2026-05-04,Budějovická,XPO,3
2026-05-04,CZLC4,BPO,1
2026-05-04,CZLC4,XPO,161
2026-05-04,CZLC4,XL,8
2026-05-04,Dejvice,XPO,1
2026-05-04,Frýdek-Místek,XPO,4
2026-05-04,HULC1,XPO,4
2026-05-04,HULC1,VB,10
2026-05-04,Hradec,XPO,3
2026-05-04,Háje,XL,2
2026-05-04,Jihlava,XL,1
2026-05-04,Karlovy Vary,XPO,1
2026-05-04,Karlovy Vary,XL,2
2026-05-04,Kladno,XPO,4
2026-05-04,Kladno,XL,1
2026-05-04,Kolín,XPO,1
2026-05-04,LCS,XPO,8
2026-05-04,Liberec,XPO,1
2026-05-04,Liberec,XL,1
2026-05-04,Mladá Boleslav,XPO,2
2026-05-04,Most,XPO,2
2026-05-04,Mělník,XPO,1
2026-05-04,Olomouc,XPO,1
2026-05-04,Opava,VB,1
2026-05-04,Ostrava,XPO,2
2026-05-04,Ostrava,VB,3
2026-05-04,Pardubice,XPO,9
2026-05-04,Pardubice,XL,2
2026-05-04,Pardubice,VB,1
2026-05-04,Plzeň město,XPO,4
2026-05-04,Plzeň město,XL,2
2026-05-04,Plzeň město,VB,1
2026-05-04,Pobočka Chrášťany,XPO,13
2026-05-04,Pobočka Chrášťany,XL,3
2026-05-04,Počernice,XPO,5
2026-05-04,Počernice,XL,4
2026-05-04,Praha - centrála,XPO,22
2026-05-04,Praha - centrála,XL,3
2026-05-04,SKLC3,XPO,255
2026-05-04,SKLC3,XL,96
2026-05-04,SKLC3,VB,25
2026-05-04,Zlín,XPO,1
2026-05-04,Ústí nad Labem,XPO,1
2026-05-04,Ústí nad Labem,VB,1
2026-05-04,Čakovice,XPO,14
2026-05-04,České Budějovice,XPO,2
2026-05-05,Anděl,XPO,3
2026-05-05,Anděl,XL,2
2026-05-05,Benešov,XPO,1
2026-05-05,Benešov,XL,1
2026-05-05,Beroun,XPO,1
2026-05-05,Beroun,XL,1
2026-05-05,Brno,XPO,7
2026-05-05,Brno,XL,4
2026-05-05,Brno Lískovec,XPO,1
2026-05-05,Brno Lískovec,XL,1
2026-05-05,Budějovická,XPO,6
2026-05-05,Budějovická,XL,3
2026-05-05,CZLC4,XPO,60
2026-05-05,CZLC4,XL,4
2026-05-05,Děčín,XPO,2
2026-05-05,Frýdek-Místek,XPO,2
2026-05-05,HULC1,XPO,8
2026-05-05,HULC1,VB,17
2026-05-05,Hradec,XPO,1
2026-05-05,Háje,XPO,3
2026-05-05,Háje,VB,1
2026-05-05,Jihlava,XPO,1
2026-05-05,Karlovy Vary,XPO,1
2026-05-05,Kladno,XPO,4
2026-05-05,LCS,XPO,41
2026-05-05,Liberec,XPO,1
2026-05-05,Mladá Boleslav,XPO,2
2026-05-05,Most,XPO,1
2026-05-05,Mělník,XPO,1
2026-05-05,Olomouc,XPO,1
2026-05-05,Olomouc,XL,1
2026-05-05,Opava,XL,1
2026-05-05,Ostrava,XPO,7
2026-05-05,Ostrava,XL,1
2026-05-05,Ostrava,VB,1
2026-05-05,Pardubice,XPO,4
2026-05-05,Pardubice,XL,2
2026-05-05,Plzeň město,XPO,3
2026-05-05,Pobočka Chrášťany,XPO,13
2026-05-05,Pobočka Chrášťany,XL,9
2026-05-05,Počernice,XPO,4
2026-05-05,Praha - centrála,XPO,11
2026-05-05,Praha - centrála,XL,3
2026-05-05,Praha - centrála,VB,2
2026-05-05,Prostějov,XL,2
2026-05-05,Příbram,XPO,1
2026-05-05,SKLC3,XPO,188
2026-05-05,SKLC3,XL,60
2026-05-05,SKLC3,VB,31
2026-05-05,Zlín,XPO,3
2026-05-05,Ústí nad Labem,XPO,4
2026-05-05,Ústí nad Labem,VB,3
2026-05-05,Čakovice,XPO,3
2026-05-05,Čakovice,VB,3
2026-05-05,České Budějovice,XPO,1
2026-05-05,České Budějovice,XL,2
2026-05-06,Anděl,XPO,10
2026-05-06,Beroun,XPO,2
2026-05-06,Brno,XPO,8
2026-05-06,Brno Lískovec,XPO,1
2026-05-06,Brno Lískovec,XL,1
2026-05-06,Budějovická,XPO,5
2026-05-06,Budějovická,XL,3
2026-05-06,Budějovická,VB,1
2026-05-06,CZLC4,BPO,3
2026-05-06,CZLC4,XPO,69
2026-05-06,CZLC4,XL,19
2026-05-06,Chomutov,XL,1
2026-05-06,Dejvice,XPO,2
2026-05-06,Dejvice,XL,1
2026-05-06,Frýdek-Místek,XPO,1
2026-05-06,HULC1,XPO,3
2026-05-06,HULC1,VB,9
2026-05-06,Hradec,XPO,2
2026-05-06,Hradec,XL,1
2026-05-06,Háje,XPO,4
2026-05-06,Jihlava,XPO,3
2026-05-06,Karlovy Vary,XPO,3
2026-05-06,Karlovy Vary,XL,1
2026-05-06,Karlovy Vary,VB,1
2026-05-06,Kladno,XPO,1
2026-05-06,LCS,XPO,61
2026-05-06,Liberec,XPO,1
2026-05-06,Liberec,XL,1
2026-05-06,Mladá Boleslav,XPO,1
2026-05-06,Mladá Boleslav,XL,1
2026-05-06,Most,XPO,1
2026-05-06,Most,XL,2
2026-05-06,Mělník,XPO,1
2026-05-06,Mělník,VB,1
2026-05-06,Olomouc,XPO,4
2026-05-06,Olomouc,XL,2
2026-05-06,Opava,XPO,1
2026-05-06,Ostrava,XPO,10
2026-05-06,Ostrava,VB,1
2026-05-06,Pardubice,XPO,3
2026-05-06,Pardubice,XL,3
2026-05-06,Plzeň město,XPO,1
2026-05-06,Plzeň město,VB,1
2026-05-06,Pobočka Chrášťany,XPO,8
2026-05-06,Pobočka Chrášťany,XL,1
2026-05-06,Počernice,XPO,7
2026-05-06,Počernice,XL,3
2026-05-06,Praha - centrála,XPO,9
2026-05-06,Praha - centrála,XL,6
2026-05-06,Praha - centrála,VB,2
2026-05-06,SKLC3,XPO,137
2026-05-06,SKLC3,XL,16
2026-05-06,SKLC3,VB,65
2026-05-06,Zlín,VB,1
2026-05-06,Ústí nad Labem,XPO,3
2026-05-06,Ústí nad Labem,VB,1
2026-05-06,Čakovice,XPO,1
2026-05-06,Čakovice,XL,2
2026-05-06,Čakovice,VB,1
2026-05-07,Anděl,XPO,4
2026-05-07,Anděl,XL,1
2026-05-07,Benešov,XPO,1
2026-05-07,Brno,XPO,6
2026-05-07,Brno,VB,1
2026-05-07,Budějovická,XL,2
2026-05-07,CZLC4,XPO,117
2026-05-07,CZLC4,XL,1
2026-05-07,Dejvice,XPO,1
2026-05-07,Frýdek-Místek,XPO,2
2026-05-07,Frýdek-Místek,VB,2
2026-05-07,HULC1,XPO,2
2026-05-07,HULC1,VB,12
2026-05-07,Hradec,XPO,3
2026-05-07,Háje,XPO,2
2026-05-07,Karlovy Vary,XPO,1
2026-05-07,Karlovy Vary,XL,1
2026-05-07,Karlovy Vary,VB,2
2026-05-07,Kladno,XPO,1
2026-05-07,Kolín,XPO,2
2026-05-07,LCS,XPO,35
2026-05-07,Liberec,XPO,1
2026-05-07,Liberec,VB,1
2026-05-07,Mladá Boleslav,XPO,1
2026-05-07,Most,XPO,2
2026-05-07,Mělník,XPO,3
2026-05-07,Olomouc,XPO,2
2026-05-07,Olomouc,XL,1
2026-05-07,Ostrava,XPO,1
2026-05-07,Ostrava,XL,3
2026-05-07,Plzeň město,XPO,4
2026-05-07,Plzeň město,VB,1
2026-05-07,Pobočka Chrášťany,XPO,15
2026-05-07,Pobočka Chrášťany,XL,2
2026-05-07,Pobočka Chrášťany,VB,1
2026-05-07,Počernice,XPO,4
2026-05-07,Počernice,XL,1
2026-05-07,Počernice,VB,1
2026-05-07,Praha - centrála,XPO,10
2026-05-07,Praha - centrála,VB,4
2026-05-07,Prostějov,XPO,1
2026-05-07,SKLC3,XPO,217
2026-05-07,SKLC3,XL,8
2026-05-07,SKLC3,VB,19
2026-05-07,Tábor,XPO,2
2026-05-07,Tábor,XL,1
2026-05-07,Zlín,XPO,1
2026-05-07,Čakovice,XPO,6
2026-05-07,Čakovice,XL,2
2026-05-07,Čakovice,VB,1
2026-05-07,České Budějovice,XPO,1
2026-05-08,Anděl,XPO,4
2026-05-08,Benešov,XPO,1
2026-05-08,Benešov,VB,1
2026-05-08,Beroun,XPO,2
2026-05-08,Beroun,XL,1
2026-05-08,Brno,XPO,2
2026-05-08,Brno,XL,1
2026-05-08,Budějovická,XPO,1
2026-05-08,Budějovická,XL,1
2026-05-08,CZLC4,SPO,1
2026-05-08,CZLC4,XPO,189
2026-05-08,CZLC4,XL,6
2026-05-08,CZLC4,VB,1
2026-05-08,Chomutov,XPO,1
2026-05-08,HULC1,XPO,2
2026-05-08,HULC1,VB,13
2026-05-08,Hradec,XPO,1
2026-05-08,Hradec,XL,2
2026-05-08,Háje,XPO,3
2026-05-08,Háje,XL,1
2026-05-08,Háje,VB,2
2026-05-08,Jihlava,XL,1
2026-05-08,Karlovy Vary,XPO,2
2026-05-08,Kolín,XPO,1
2026-05-08,Kolín,XL,2
2026-05-08,LCS,XPO,64
2026-05-08,Liberec,XPO,2
2026-05-08,Mladá Boleslav,XPO,2
2026-05-08,Mladá Boleslav,XL,1
2026-05-08,Most,XPO,2
2026-05-08,Mělník,XPO,1
2026-05-08,Olomouc,XPO,1
2026-05-08,Ostrava,XPO,2
2026-05-08,Ostrava,XL,1
2026-05-08,Pardubice,XPO,3
2026-05-08,Pardubice,XL,1
2026-05-08,Plzeň město,XPO,4
2026-05-08,Pobočka Chrášťany,XPO,5
2026-05-08,Pobočka Chrášťany,XL,1
2026-05-08,Pobočka Chrášťany,VB,3
2026-05-08,Počernice,XPO,4
2026-05-08,Počernice,XL,1
2026-05-08,Počernice,VB,1
2026-05-08,Praha - centrála,XPO,13
2026-05-08,Praha - centrála,XL,2
2026-05-08,Praha - centrála,VB,2
2026-05-08,SKLC3,XPO,113
2026-05-08,SKLC3,VB,4
2026-05-08,Ústí nad Labem,XPO,2
2026-05-08,Ústí nad Labem,XL,1
2026-05-08,Čakovice,XPO,4
2026-05-08,Čakovice,XL,1
2026-05-08,České Budějovice,XPO,9
2026-05-08,České Budějovice,XL,3
2026-05-09,Anděl,XPO,2
2026-05-09,Anděl,XL,1
2026-05-09,Benešov,XPO,2
2026-05-09,Beroun,XPO,1
2026-05-09,Beroun,XL,1
2026-05-09,Brno,SPO,1
2026-05-09,Brno,XPO,6
2026-05-09,Brno,XL,2
2026-05-09,Brno,VB,1
2026-05-09,Brno Lískovec,XPO,1
2026-05-09,Brno Lískovec,XL,2
2026-05-09,Budějovická,XPO,3
2026-05-09,CZLC4,XPO,151
2026-05-09,CZLC4,XL,3
2026-05-09,Chomutov,XPO,1
2026-05-09,Dejvice,XPO,1
2026-05-09,Dejvice,XL,2
2026-05-09,Frýdek-Místek,XPO,1
2026-05-09,Frýdek-Místek,XL,1
2026-05-09,HULC1,XPO,1
2026-05-09,HULC1,XL,4
2026-05-09,HULC1,VB,10
2026-05-09,Hradec,XPO,16
2026-05-09,Kladno,XPO,1
2026-05-09,Kolín,XL,1
2026-05-09,LCS,XPO,46
2026-05-09,Liberec,XL,1
2026-05-09,Mladá Boleslav,XPO,1
2026-05-09,Mladá Boleslav,XL,3
2026-05-09,Most,XPO,1
2026-05-09,Olomouc,XPO,2
2026-05-09,Opava,XPO,1
2026-05-09,Ostrava,XPO,3
2026-05-09,Ostrava,XL,1
2026-05-09,Pardubice,VB,1
2026-05-09,Plzeň město,XPO,2
2026-05-09,Pobočka Chrášťany,BPO,3
2026-05-09,Pobočka Chrášťany,XPO,10
2026-05-09,Pobočka Chrášťany,XL,1
2026-05-09,Pobočka Chrášťany,VB,1
2026-05-09,Počernice,XPO,5
2026-05-09,Počernice,XL,2
2026-05-09,Praha - centrála,XPO,20
2026-05-09,Praha - centrála,XL,4
2026-05-09,Praha - centrála,VB,1
2026-05-09,Příbram,XPO,2
2026-05-09,Příbram,XL,1
2026-05-09,SKLC3,XPO,82
2026-05-09,SKLC3,XL,25
2026-05-09,SKLC3,VB,9
2026-05-09,Tábor,XPO,4
2026-05-09,Třebíč,XPO,1
2026-05-09,Zlín,XPO,1
2026-05-09,Ústí nad Labem,XPO,1
2026-05-09,Čakovice,XPO,4
2026-05-09,Čakovice,XL,1
2026-05-09,České Budějovice,XPO,2
2026-05-09,České Budějovice,VB,1
2026-05-10,Anděl,XPO,3
2026-05-10,Benešov,XPO,3
2026-05-10,Beroun,XPO,1
2026-05-10,Brno,XPO,4
2026-05-10,Brno,XL,2
2026-05-10,Brno,VB,1
2026-05-10,Brno Lískovec,XPO,4
2026-05-10,Brno Lískovec,VB,1
2026-05-10,Budějovická,XPO,1
2026-05-10,Budějovická,XL,1
2026-05-10,CZLC4,XPO,136
2026-05-10,CZLC4,XL,3
2026-05-10,CZLC4,VB,1
2026-05-10,Děčín,XPO,3
2026-05-10,Děčín,XL,1
2026-05-10,Frýdek-Místek,XPO,3
2026-05-10,Frýdek-Místek,XL,1
2026-05-10,HULC1,VB,12
2026-05-10,Hradec,XPO,3
2026-05-10,Háje,XPO,10
2026-05-10,Háje,XL,3
2026-05-10,Háje,VB,1
2026-05-10,Jihlava,XPO,1
2026-05-10,Kladno,XPO,7
2026-05-10,Kolín,XPO,1
2026-05-10,LCS,XPO,24
2026-05-10,Liberec,XPO,2
2026-05-10,Liberec,XL,1
2026-05-10,Mladá Boleslav,XPO,4
2026-05-10,Olomouc,XPO,1
2026-05-10,Olomouc,VB,1
2026-05-10,Opava,XPO,1
2026-05-10,Opava,VB,1
2026-05-10,Ostrava,XPO,7
2026-05-10,Pardubice,XPO,1
2026-05-10,Pardubice,XL,1
2026-05-10,Plzeň město,XPO,2
2026-05-10,Plzeň město,XL,4
2026-05-10,Plzeň město,VB,3
2026-05-10,Pobočka Chrášťany,XPO,15
2026-05-10,Pobočka Chrášťany,XL,5
2026-05-10,Pobočka Chrášťany,VB,2
2026-05-10,Počernice,XPO,11
2026-05-10,Počernice,XL,2
2026-05-10,Počernice,VB,1
2026-05-10,Praha - centrála,XPO,12
2026-05-10,Praha - centrála,XL,9
2026-05-10,Prostějov,XPO,1
2026-05-10,Prostějov,XL,1
2026-05-10,Příbram,XPO,1
2026-05-10,Příbram,XL,1
2026-05-10,SKLC3,XPO,115
2026-05-10,SKLC3,XL,4
2026-05-10,SKLC3,VB,21
2026-05-10,Tábor,XPO,1
2026-05-10,Třebíč,XPO,1
2026-05-10,Zlín,XPO,3
2026-05-10,Zlín,XL,1
2026-05-10,Ústí nad Labem,XPO,1
2026-05-10,Čakovice,XPO,4
2026-05-10,České Budějovice,XPO,2
2026-05-10,České Budějovice,XL,2
2026-05-10,České Budějovice,VB,1
2026-05-11,Anděl,XPO,3
2026-05-11,Anděl,XL,1
2026-05-11,Anděl,VB,1
2026-05-11,Benešov,XPO,4
2026-05-11,Beroun,XPO,3
2026-05-11,Brno,XPO,6
2026-05-11,Brno Lískovec,XPO,2
2026-05-11,Budějovická,XPO,2
2026-05-11,Budějovická,XL,1
2026-05-11,CZLC4,XPO,194
2026-05-11,CZLC4,XL,2
2026-05-11,Chomutov,XL,2
2026-05-11,Dejvice,XPO,1
2026-05-11,Dejvice,XL,1
2026-05-11,Děčín,XPO,1
2026-05-11,Děčín,XL,1
2026-05-11,HULC1,VB,4
2026-05-11,Hradec,XPO,5
2026-05-11,Háje,XPO,3
2026-05-11,Jihlava,XPO,1
2026-05-11,Karlovy Vary,XPO,1
2026-05-11,Kladno,XPO,4
2026-05-11,LCS,XPO,47
2026-05-11,Liberec,BPO,2
2026-05-11,Mladá Boleslav,XPO,2
2026-05-11,Mělník,XL,1
2026-05-11,Olomouc,XPO,5
2026-05-11,Olomouc,XL,1
2026-05-11,Ostrava,XPO,3
2026-05-11,Ostrava,XL,1
2026-05-11,Ostrava,VB,1
2026-05-11,Plzeň město,XPO,2
2026-05-11,Pobočka Chrášťany,XPO,16
2026-05-11,Pobočka Chrášťany,XL,6
2026-05-11,Pobočka Chrášťany,VB,2
2026-05-11,Počernice,XPO,13
2026-05-11,Počernice,XL,3
2026-05-11,Praha - centrála,XPO,6
2026-05-11,Praha - centrála,XL,1
2026-05-11,Praha - centrála,VB,1
2026-05-11,Prostějov,XPO,1
2026-05-11,Prostějov,XL,1
2026-05-11,SKLC3,XPO,117
2026-05-11,SKLC3,XL,13
2026-05-11,SKLC3,VB,16
2026-05-11,Tábor,BPO,2
2026-05-11,Tábor,XPO,3
2026-05-11,Třebíč,XPO,1
2026-05-11,Zlín,XPO,3
2026-05-11,Ústí nad Labem,XPO,6
2026-05-11,Čakovice,XPO,7
2026-05-11,Čakovice,XL,3
2026-05-11,České Budějovice,XPO,1
2026-05-12,Anděl,XPO,1
2026-05-12,Beroun,XPO,3
2026-05-12,Brno,XPO,12
2026-05-12,Brno Lískovec,XPO,1
2026-05-12,Brno Lískovec,XL,1
2026-05-12,Budějovická,XPO,10
2026-05-12,Budějovická,XL,1
2026-05-12,CZLC4,XPO,139
2026-05-12,CZLC4,XL,2
2026-05-12,Dejvice,XL,1
2026-05-12,Děčín,XL,1
2026-05-12,Frýdek-Místek,XPO,1
2026-05-12,Frýdek-Místek,XL,1
2026-05-12,HULC1,XL,9
2026-05-12,HULC1,VB,17
2026-05-12,Hradec,XPO,4
2026-05-12,Hradec,XL,1
2026-05-12,Háje,XPO,1
2026-05-12,Háje,XL,7
2026-05-12,Kladno,XPO,2
2026-05-12,Kladno,XL,1
2026-05-12,Kolín,XPO,2
2026-05-12,LCS,XPO,37
2026-05-12,Liberec,XPO,2
2026-05-12,Liberec,XL,1
2026-05-12,Mladá Boleslav,XPO,1
2026-05-12,Mladá Boleslav,XL,1
2026-05-12,Most,XL,1
2026-05-12,Mělník,XPO,1
2026-05-12,Mělník,VB,1
2026-05-12,Olomouc,XPO,2
2026-05-12,Olomouc,VB,1
2026-05-12,Ostrava,XPO,3
2026-05-12,Ostrava,XL,2
2026-05-12,Ostrava,VB,1
2026-05-12,Pardubice,XPO,2
2026-05-12,Plzeň město,XPO,5
2026-05-12,Plzeň město,XL,1
2026-05-12,Pobočka Chrášťany,XPO,30
2026-05-12,Pobočka Chrášťany,XL,1
2026-05-12,Pobočka Chrášťany,VB,1
2026-05-12,Počernice,XPO,2
2026-05-12,Počernice,XL,1
2026-05-12,Praha - centrála,XPO,10
2026-05-12,Praha - centrála,XL,1
2026-05-12,Prostějov,XPO,1
2026-05-12,SKLC3,XPO,208
2026-05-12,SKLC3,XL,30
2026-05-12,SKLC3,VB,77
2026-05-12,Tábor,XPO,2
2026-05-12,Zlín,XPO,2
2026-05-12,Čakovice,VB,3
2026-05-12,České Budějovice,XPO,4
2026-05-13,Anděl,XPO,10
2026-05-13,Anděl,XL,1
2026-05-13,Benešov,XPO,4
2026-05-13,Benešov,XL,2
2026-05-13,Beroun,XPO,1
2026-05-13,Beroun,VB,1
2026-05-13,Brno,XPO,5
2026-05-13,Brno,XL,2
2026-05-13,Brno,VB,1
2026-05-13,Brno Lískovec,XPO,2
2026-05-13,Brno Lískovec,XL,2
2026-05-13,Budějovická,XPO,3
2026-05-13,CZLC4,XPO,155
2026-05-13,CZLC4,XL,5
2026-05-13,Chomutov,XPO,2
2026-05-13,Chomutov,XL,1
2026-05-13,Dejvice,XL,1
2026-05-13,Děčín,XPO,1
2026-05-13,HULC1,XPO,1
2026-05-13,HULC1,VB,38
2026-05-13,Hradec,XPO,2
2026-05-13,Háje,XPO,2
2026-05-13,Jihlava,XPO,2
2026-05-13,Jihlava,XL,1
2026-05-13,Karlovy Vary,XPO,1
2026-05-13,Kladno,XPO,3
2026-05-13,Kladno,XL,1
2026-05-13,Kladno,VB,2
2026-05-13,Kolín,XL,1
2026-05-13,LCS,XPO,45
2026-05-13,Liberec,XPO,8
2026-05-13,Liberec,XL,1
2026-05-13,Mladá Boleslav,SPO,1
2026-05-13,Mladá Boleslav,XPO,1
2026-05-13,Most,XPO,1
2026-05-13,Most,XL,1
2026-05-13,Most,VB,1
2026-05-13,Mělník,XPO,1
2026-05-13,Mělník,VB,1
2026-05-13,Olomouc,XPO,1
2026-05-13,Olomouc,XL,4
2026-05-13,Opava,XPO,2
2026-05-13,Opava,XL,1
2026-05-13,Ostrava,XPO,2
2026-05-13,Ostrava,XL,2
2026-05-13,Pardubice,XPO,3
2026-05-13,Plzeň město,SPO,1
2026-05-13,Plzeň město,XPO,5
2026-05-13,Plzeň město,XL,1
2026-05-13,Plzeň město,VB,1
2026-05-13,Pobočka Chrášťany,XPO,15
2026-05-13,Pobočka Chrášťany,XL,5
2026-05-13,Pobočka Chrášťany,VB,3
2026-05-13,Počernice,XPO,3
2026-05-13,Počernice,XL,1
2026-05-13,Počernice,VB,1
2026-05-13,Praha - centrála,XPO,6
2026-05-13,Praha - centrála,VB,1
2026-05-13,Prostějov,VB,1
2026-05-13,Příbram,XL,1
2026-05-13,SKLC3,XPO,116
2026-05-13,SKLC3,XL,14
2026-05-13,SKLC3,VB,42
2026-05-13,Tábor,XL,1
2026-05-13,Třebíč,XPO,2
2026-05-13,Zlín,XPO,1
2026-05-13,Zlín,XL,1
2026-05-13,Ústí nad Labem,XPO,2
2026-05-13,Ústí nad Labem,VB,2
2026-05-13,Čakovice,XPO,6
2026-05-13,Čakovice,XL,1
2026-05-13,Čakovice,VB,1
2026-05-13,České Budějovice,XPO,4
2026-05-13,České Budějovice,XL,1
2026-05-14,Anděl,XPO,3
2026-05-14,Anděl,VB,1
2026-05-14,Benešov,XPO,3
2026-05-14,Benešov,XL,1
2026-05-14,Beroun,XPO,1
2026-05-14,Brno,XPO,4
2026-05-14,Brno,XL,1
2026-05-14,Brno Lískovec,XPO,3
2026-05-14,Brno Lískovec,XL,1
2026-05-14,Budějovická,XPO,9
2026-05-14,Budějovická,XL,1
2026-05-14,Budějovická,VB,1
2026-05-14,CZLC4,BPO,3
2026-05-14,CZLC4,XPO,197
2026-05-14,CZLC4,XL,7
2026-05-14,Dejvice,XPO,2
2026-05-14,Děčín,XPO,1
2026-05-14,HULC1,XPO,2
2026-05-14,Hradec,XPO,1
2026-05-14,Hradec,XL,1
2026-05-14,Háje,XPO,5
2026-05-14,Háje,VB,1
2026-05-14,Jihlava,XPO,3
2026-05-14,Karlovy Vary,XPO,2
2026-05-14,Kladno,XPO,3
2026-05-14,Kolín,XPO,2
2026-05-14,Kolín,VB,1
2026-05-14,LCS,XPO,25
2026-05-14,Mladá Boleslav,XPO,4
2026-05-14,Mělník,XL,1
2026-05-14,Olomouc,XPO,4
2026-05-14,Ostrava,XPO,7
2026-05-14,Ostrava,XL,2
2026-05-14,Ostrava,VB,1
2026-05-14,Pardubice,XPO,3
2026-05-14,Pardubice,XL,1
2026-05-14,Pardubice,VB,1
2026-05-14,Plzeň město,XPO,5
2026-05-14,Pobočka Chrášťany,XPO,13
2026-05-14,Pobočka Chrášťany,VB,4
2026-05-14,Počernice,XPO,7
2026-05-14,Počernice,VB,1
2026-05-14,Praha - centrála,XPO,2
2026-05-14,SKLC3,XPO,257
2026-05-14,SKLC3,XL,15
2026-05-14,SKLC3,VB,42
2026-05-14,Tábor,XPO,1
2026-05-14,Tábor,XL,1
2026-05-14,Zlín,XPO,1
2026-05-14,Zlín,XL,1
2026-05-14,Ústí nad Labem,XPO,7
2026-05-14,Čakovice,XPO,2
2026-05-14,Čakovice,XL,2
2026-05-14,České Budějovice,XPO,5
2026-05-14,České Budějovice,XL,1
2026-05-15,Anděl,XPO,5
2026-05-15,Benešov,XPO,1
2026-05-15,Benešov,XL,2
2026-05-15,Brno,XPO,6
2026-05-15,Brno Lískovec,XPO,2
2026-05-15,Budějovická,XPO,3
2026-05-15,CZLC4,XPO,64
2026-05-15,CZLC4,XL,3
2026-05-15,Chomutov,XPO,1
2026-05-15,Chomutov,VB,1
2026-05-15,Dejvice,XPO,1
2026-05-15,Děčín,XL,1
2026-05-15,Děčín,VB,1
2026-05-15,HULC1,XL,35
2026-05-15,HULC1,VB,34
2026-05-15,Hradec,XPO,1
2026-05-15,Hradec,VB,1
2026-05-15,Háje,XPO,2
2026-05-15,Háje,XL,1
2026-05-15,Jihlava,XPO,1
2026-05-15,Jihlava,XL,1
2026-05-15,Karlovy Vary,XPO,3
2026-05-15,Kladno,XPO,2
2026-05-15,Kladno,XL,2
2026-05-15,Kolín,SPO,1
2026-05-15,Kolín,XPO,4
2026-05-15,Kolín,VB,2
2026-05-15,LCS,XPO,81
2026-05-15,Liberec,XPO,1
2026-05-15,Mladá Boleslav,XPO,2
2026-05-15,Most,XPO,1
2026-05-15,Mělník,XPO,3
2026-05-15,Mělník,XL,1
2026-05-15,Ostrava,XPO,4
2026-05-15,Ostrava,XL,2
2026-05-15,Pardubice,XPO,3
2026-05-15,Pardubice,XL,1
2026-05-15,Plzeň město,XPO,3
2026-05-15,Plzeň město,XL,1
2026-05-15,Pobočka Chrášťany,XPO,9
2026-05-15,Pobočka Chrášťany,XL,2
2026-05-15,Pobočka Chrášťany,VB,1
2026-05-15,Počernice,XPO,3
2026-05-15,Praha - centrála,XPO,7
2026-05-15,Praha - centrála,XL,1
2026-05-15,Praha - centrála,VB,2
2026-05-15,Příbram,XPO,2
2026-05-15,Příbram,VB,1
2026-05-15,SKLC3,XPO,204
2026-05-15,SKLC3,XL,26
2026-05-15,SKLC3,VB,49
2026-05-15,Zlín,BPO,1
2026-05-15,Zlín,XPO,5
2026-05-15,Čakovice,XPO,8
2026-05-15,Čakovice,XL,11
2026-05-15,České Budějovice,XPO,5
2026-05-16,Anděl,XPO,3
2026-05-16,Anděl,XL,1
2026-05-16,Benešov,XPO,5
2026-05-16,Brno,XPO,8
2026-05-16,Brno Lískovec,XPO,5
2026-05-16,Brno Lískovec,XL,1
2026-05-16,Budějovická,XPO,2
2026-05-16,Budějovická,XL,1
2026-05-16,CZLC4,XPO,168
2026-05-16,CZLC4,XL,3
2026-05-16,Dejvice,XPO,1
2026-05-16,Děčín,XPO,2
2026-05-16,Frýdek-Místek,XL,1
2026-05-16,Frýdek-Místek,VB,1
2026-05-16,HULC1,XPO,1
2026-05-16,HULC1,VB,56
2026-05-16,Hradec,XPO,2
2026-05-16,Hradec,XL,1
2026-05-16,Háje,XPO,3
2026-05-16,Háje,XL,1
2026-05-16,Jihlava,XPO,1
2026-05-16,Karlovy Vary,XPO,1
2026-05-16,Kladno,SPO,1
2026-05-16,Kladno,XL,3
2026-05-16,Kolín,XPO,3
2026-05-16,LCS,XPO,27
2026-05-16,Mladá Boleslav,XPO,3
2026-05-16,Most,XL,1
2026-05-16,Mělník,XPO,2
2026-05-16,Olomouc,SPO,1
2026-05-16,Olomouc,XPO,6
2026-05-16,Olomouc,VB,2
2026-05-16,Opava,XPO,1
2026-05-16,Ostrava,XPO,5
2026-05-16,Pardubice,XPO,2
2026-05-16,Plzeň město,XPO,2
2026-05-16,Plzeň město,XL,2
2026-05-16,Pobočka Chrášťany,SPO,1
2026-05-16,Pobočka Chrášťany,XPO,28
2026-05-16,Pobočka Chrášťany,XL,8
2026-05-16,Pobočka Chrášťany,VB,2
2026-05-16,Počernice,XPO,5
2026-05-16,Počernice,XL,1
2026-05-16,Počernice,VB,2
2026-05-16,Praha - centrála,XPO,8
2026-05-16,Praha - centrála,XL,5
2026-05-16,Praha - centrála,VB,1
2026-05-16,Příbram,XPO,2
2026-05-16,SKLC3,XPO,144
2026-05-16,SKLC3,XL,38
2026-05-16,SKLC3,VB,27
2026-05-16,Tábor,XPO,4
2026-05-16,Třebíč,XPO,1
2026-05-16,Zlín,XPO,2
2026-05-16,Čakovice,XPO,11
2026-05-16,Čakovice,XL,2
2026-05-16,Čakovice,VB,1
2026-05-16,České Budějovice,XPO,1
2026-05-17,Anděl,XPO,4
2026-05-17,Anděl,XL,1
2026-05-17,Benešov,VB,1
2026-05-17,Beroun,XL,1
2026-05-17,Brno,XPO,4
2026-05-17,Brno Lískovec,XPO,4
2026-05-17,Budějovická,XPO,4
2026-05-17,CZLC4,XPO,86
2026-05-17,CZLC4,XL,4
2026-05-17,CZLC4,VB,1
2026-05-17,Chomutov,XL,1
2026-05-17,Chomutov,VB,1
2026-05-17,Dejvice,XPO,3
2026-05-17,Frýdek-Místek,XPO,1
2026-05-17,HULC1,VB,11
2026-05-17,Hradec,XPO,6
2026-05-17,Háje,XPO,1
2026-05-17,Jihlava,XPO,1
2026-05-17,Karlovy Vary,XPO,4
2026-05-17,Kolín,XPO,1
2026-05-17,LCS,XPO,14
2026-05-17,Liberec,XPO,3
2026-05-17,Mladá Boleslav,XPO,3
2026-05-17,Most,XPO,1
2026-05-17,Mělník,XPO,2
2026-05-17,Olomouc,XPO,1
2026-05-17,Opava,XPO,1
2026-05-17,Opava,XL,1
2026-05-17,Opava,VB,1
2026-05-17,Ostrava,XPO,6
2026-05-17,Ostrava,XL,1
2026-05-17,Plzeň město,XPO,3
2026-05-17,Pobočka Chrášťany,XPO,14
2026-05-17,Pobočka Chrášťany,XL,1
2026-05-17,Pobočka Chrášťany,VB,4
2026-05-17,Počernice,XPO,2
2026-05-17,Praha - centrála,XPO,10
2026-05-17,Příbram,XPO,1
2026-05-17,SKLC3,XPO,62
2026-05-17,SKLC3,XL,8
2026-05-17,SKLC3,VB,22
2026-05-17,Tábor,XPO,2
2026-05-17,Třebíč,XL,1
2026-05-17,Ústí nad Labem,XPO,4
2026-05-17,Ústí nad Labem,VB,2
2026-05-17,Čakovice,XPO,5
2026-05-17,České Budějovice,XPO,1
2026-05-17,České Budějovice,VB,1
2026-05-18,Anděl,XPO,5
2026-05-18,Anděl,XL,2
2026-05-18,Anděl,VB,1
2026-05-18,Benešov,XPO,1
2026-05-18,Brno,XPO,1
2026-05-18,Brno,XL,1
2026-05-18,Brno,VB,2
2026-05-18,Brno Lískovec,XPO,2
2026-05-18,Budějovická,XPO,4
2026-05-18,CZLC4,XPO,163
2026-05-18,CZLC4,XL,4
2026-05-18,Chomutov,XPO,1
2026-05-18,Dejvice,XPO,1
2026-05-18,Dejvice,XL,1
2026-05-18,Děčín,XL,1
2026-05-18,Děčín,VB,1
2026-05-18,Frýdek-Místek,XPO,4
2026-05-18,HULC1,XPO,1
2026-05-18,Hradec,XPO,1
2026-05-18,Háje,XPO,1
2026-05-18,Háje,XL,1
2026-05-18,Jihlava,XPO,1
2026-05-18,Kladno,XPO,3
2026-05-18,Kladno,XL,2
2026-05-18,Kolín,XL,1
2026-05-18,LCS,XPO,41
2026-05-18,Mladá Boleslav,XPO,1
2026-05-18,Most,XPO,1
2026-05-18,Most,XL,1
2026-05-18,Olomouc,XPO,2
2026-05-18,Olomouc,VB,1
2026-05-18,Opava,VB,2
2026-05-18,Ostrava,XPO,9
2026-05-18,Ostrava,VB,1
2026-05-18,Pardubice,XPO,8
2026-05-18,Pobočka Chrášťany,XPO,11
2026-05-18,Pobočka Chrášťany,XL,1
2026-05-18,Počernice,XPO,6
2026-05-18,Počernice,XL,1
2026-05-18,Počernice,VB,1
2026-05-18,Praha - centrála,XPO,12
2026-05-18,Prostějov,XPO,1
2026-05-18,Prostějov,XL,2
2026-05-18,Příbram,XPO,3
2026-05-18,SKLC3,XPO,221
2026-05-18,SKLC3,XL,18
2026-05-18,SKLC3,VB,24
2026-05-18,Zlín,XL,6
2026-05-18,Ústí nad Labem,XPO,3
2026-05-18,Čakovice,XPO,1
2026-05-18,Čakovice,XL,1
2026-05-18,České Budějovice,XPO,5
2026-05-18,České Budějovice,XL,2
2026-05-19,Anděl,XPO,1
2026-05-19,Anděl,XL,1
2026-05-19,Benešov,XPO,1
2026-05-19,Brno,XPO,6
2026-05-19,Brno,XL,1
2026-05-19,Brno Lískovec,XPO,4
2026-05-19,Budějovická,XPO,4
2026-05-19,CZLC4,BPO,1
2026-05-19,CZLC4,XPO,285
2026-05-19,CZLC4,XL,3
2026-05-19,Chomutov,XL,1
2026-05-19,Dejvice,XPO,1
2026-05-19,Děčín,VB,1
2026-05-19,Frýdek-Místek,XPO,2
2026-05-19,HULC1,XPO,3
2026-05-19,HULC1,VB,24
2026-05-19,Hradec,XPO,2
2026-05-19,Hradec,XL,2
2026-05-19,Háje,XPO,2
2026-05-19,Háje,XL,1
2026-05-19,Háje,VB,2
2026-05-19,Jihlava,XPO,2
2026-05-19,Kladno,XPO,2
2026-05-19,Kolín,XPO,2
2026-05-19,Kolín,XL,1
2026-05-19,LCS,XPO,37
2026-05-19,Liberec,XL,1
2026-05-19,Mladá Boleslav,XPO,2
2026-05-19,Most,XPO,1
2026-05-19,Most,XL,1
2026-05-19,Most,VB,1
2026-05-19,Mělník,XPO,1
2026-05-19,Mělník,XL,1
2026-05-19,Olomouc,XPO,4
2026-05-19,Olomouc,VB,1
2026-05-19,Opava,XL,1
2026-05-19,Ostrava,XPO,6
2026-05-19,Pardubice,XPO,1
2026-05-19,Pardubice,XL,1
2026-05-19,Plzeň město,XPO,6
2026-05-19,Pobočka Chrášťany,XPO,17
2026-05-19,Pobočka Chrášťany,XL,3
2026-05-19,Počernice,BPO,1
2026-05-19,Počernice,XPO,5
2026-05-19,Počernice,XL,2
2026-05-19,Počernice,VB,1
2026-05-19,Praha - centrála,XPO,7
2026-05-19,Praha - centrála,XL,2
2026-05-19,Praha - centrála,VB,3
2026-05-19,Příbram,XPO,1
2026-05-19,Příbram,XL,1
2026-05-19,SKLC3,BPO,25
2026-05-19,SKLC3,XPO,333
2026-05-19,SKLC3,XL,28
2026-05-19,SKLC3,VB,176
2026-05-19,Tábor,XPO,2
2026-05-19,Tábor,XL,2
2026-05-19,Třebíč,XPO,2
2026-05-19,Ústí nad Labem,XPO,4
2026-05-19,Ústí nad Labem,XL,2
2026-05-19,Čakovice,XPO,8
2026-05-19,Čakovice,XL,2
2026-05-19,Čakovice,VB,1
2026-05-20,Anděl,XPO,6
2026-05-20,Beroun,XPO,1
2026-05-20,Beroun,XL,1
2026-05-20,Brno,XPO,8
2026-05-20,Brno,XL,3
2026-05-20,Brno Lískovec,XPO,5
2026-05-20,Budějovická,XPO,3
2026-05-20,Budějovická,VB,1
2026-05-20,CZLC4,XPO,161
2026-05-20,CZLC4,XL,2
2026-05-20,CZLC4,VB,1
2026-05-20,Chomutov,XPO,1
2026-05-20,Dejvice,XL,1
2026-05-20,Děčín,XPO,1
2026-05-20,Frýdek-Místek,XPO,2
2026-05-20,Frýdek-Místek,XL,1
2026-05-20,HULC1,XPO,1
2026-05-20,HULC1,VB,27
2026-05-20,Hradec,XPO,2
2026-05-20,Hradec,VB,1
2026-05-20,Háje,XPO,2
2026-05-20,Jihlava,XL,1
2026-05-20,Karlovy Vary,XPO,1
2026-05-20,Karlovy Vary,XL,1
2026-05-20,Kladno,XPO,6
2026-05-20,Kladno,XL,2
2026-05-20,Kolín,XPO,1
2026-05-20,Kolín,XL,1
2026-05-20,Kolín,VB,1
2026-05-20,LCS,XPO,37
2026-05-20,Mladá Boleslav,XPO,2
2026-05-20,Mladá Boleslav,XL,1
2026-05-20,Mladá Boleslav,VB,1
2026-05-20,Most,XPO,4
2026-05-20,Mělník,XPO,3
2026-05-20,Olomouc,XL,1
2026-05-20,Opava,XPO,2
2026-05-20,Opava,VB,1
2026-05-20,Ostrava,XPO,5
2026-05-20,Pardubice,XPO,2
2026-05-20,Plzeň město,XPO,3
2026-05-20,Pobočka Chrášťany,XPO,9
2026-05-20,Pobočka Chrášťany,XL,16
2026-05-20,Počernice,XPO,8
2026-05-20,Počernice,XL,2
2026-05-20,Počernice,VB,1
2026-05-20,Praha - centrála,XPO,12
2026-05-20,Praha - centrála,XL,7
2026-05-20,Prostějov,XL,1
2026-05-20,Příbram,XPO,1
2026-05-20,SKLC3,XPO,127
2026-05-20,SKLC3,XL,54
2026-05-20,SKLC3,VB,46
2026-05-20,Tábor,XPO,2
2026-05-20,Třebíč,XPO,1
2026-05-20,Zlín,XPO,3
2026-05-20,Ústí nad Labem,XPO,4
2026-05-20,Ústí nad Labem,XL,2
2026-05-20,Čakovice,XPO,10
2026-05-20,Čakovice,XL,3
2026-05-20,České Budějovice,XPO,2
2026-05-21,Anděl,XPO,2
2026-05-21,Brno,XPO,7
2026-05-21,Brno,XL,4
2026-05-21,Brno,VB,2
2026-05-21,Brno Lískovec,XPO,4
2026-05-21,Brno Lískovec,XL,1
2026-05-21,Budějovická,XPO,1
2026-05-21,Budějovická,XL,1
2026-05-21,Budějovická,VB,1
2026-05-21,CZLC4,XPO,135
2026-05-21,CZLC4,XL,9
2026-05-21,Dejvice,XPO,2
2026-05-21,Dejvice,XL,1
2026-05-21,Děčín,XPO,4
2026-05-21,Frýdek-Místek,XPO,4
2026-05-21,Frýdek-Místek,XL,3
2026-05-21,HULC1,XPO,4
2026-05-21,HULC1,VB,24
2026-05-21,Hradec,XPO,2
2026-05-21,Hradec,XL,2
2026-05-21,Háje,XPO,1
2026-05-21,Jihlava,XPO,3
2026-05-21,Jihlava,XL,2
2026-05-21,Karlovy Vary,XPO,2
2026-05-21,Karlovy Vary,XL,1
2026-05-21,Kolín,XPO,1
2026-05-21,Kolín,XL,2
2026-05-21,LCS,XPO,55
2026-05-21,Mladá Boleslav,XPO,4
2026-05-21,Most,XPO,1
2026-05-21,Mělník,XPO,1
2026-05-21,Opava,XPO,4
2026-05-21,Opava,XL,1
2026-05-21,Opava,VB,4
2026-05-21,Ostrava,XPO,3
2026-05-21,Ostrava,XL,2
2026-05-21,Pardubice,XPO,5
2026-05-21,Pardubice,XL,1
2026-05-21,Pardubice,VB,1
2026-05-21,Plzeň město,XPO,3
2026-05-21,Pobočka Chrášťany,XPO,12
2026-05-21,Pobočka Chrášťany,XL,2
2026-05-21,Pobočka Chrášťany,VB,1
2026-05-21,Počernice,XPO,2
2026-05-21,Praha - centrála,XPO,10
2026-05-21,Praha - centrála,VB,1
2026-05-21,Příbram,XPO,2
2026-05-21,Příbram,XL,1
2026-05-21,SKLC3,XPO,244
2026-05-21,SKLC3,XL,8
2026-05-21,SKLC3,VB,9
2026-05-21,Tábor,XPO,2
2026-05-21,Tábor,XL,1
2026-05-21,Třebíč,XPO,2
2026-05-21,Zlín,XPO,1
2026-05-21,Zlín,VB,1
2026-05-21,Ústí nad Labem,XPO,2
2026-05-21,Čakovice,XPO,5
2026-05-21,Čakovice,XL,1
2026-05-21,Čakovice,VB,1
2026-05-21,České Budějovice,XPO,8
2026-05-21,České Budějovice,VB,2
2026-05-22,Anděl,XPO,4
2026-05-22,Anděl,VB,1
2026-05-22,Benešov,XPO,6
2026-05-22,Beroun,XPO,2
2026-05-22,Brno,XPO,12
2026-05-22,Brno,XL,2
2026-05-22,Brno Lískovec,XPO,3
2026-05-22,Budějovická,XPO,1
2026-05-22,Budějovická,XL,3
2026-05-22,CZLC4,BPO,1
2026-05-22,CZLC4,XPO,121
2026-05-22,CZLC4,XL,7
2026-05-22,CZLC4,VB,1
2026-05-22,Chomutov,XL,1
2026-05-22,Dejvice,XPO,1
2026-05-22,Dejvice,XL,1
2026-05-22,HULC1,XPO,1
2026-05-22,Hradec,XPO,2
2026-05-22,Hradec,XL,1
2026-05-22,Háje,XPO,5
2026-05-22,Háje,XL,2
2026-05-22,Jihlava,XPO,1
2026-05-22,Jihlava,XL,1
2026-05-22,Karlovy Vary,XPO,1
2026-05-22,Kladno,XPO,2
2026-05-22,LCS,XPO,26
2026-05-22,Liberec,XL,1
2026-05-22,Mladá Boleslav,XL,1
2026-05-22,Most,VB,1
2026-05-22,Mělník,XPO,2
2026-05-22,Olomouc,XPO,1
2026-05-22,Opava,XPO,1
2026-05-22,Ostrava,BPO,1
2026-05-22,Ostrava,XPO,5
2026-05-22,Ostrava,XL,1
2026-05-22,Pardubice,XPO,1
2026-05-22,Plzeň město,XPO,6
2026-05-22,Pobočka Chrášťany,XPO,4
2026-05-22,Pobočka Chrášťany,XL,1
2026-05-22,Pobočka Chrášťany,VB,1
2026-05-22,Počernice,XPO,3
2026-05-22,Praha - centrála,XPO,19
2026-05-22,Praha - centrála,XL,3
2026-05-22,Praha - centrála,VB,2
2026-05-22,Prostějov,XPO,1
2026-05-22,Příbram,XPO,5
2026-05-22,Příbram,XL,1
2026-05-22,SKLC3,XPO,150
2026-05-22,SKLC3,XL,74
2026-05-22,SKLC3,VB,7
2026-05-22,Tábor,XPO,4
2026-05-22,Třebíč,XPO,2
2026-05-22,Zlín,XPO,1
2026-05-22,Zlín,VB,1
2026-05-22,Ústí nad Labem,XPO,2
2026-05-22,Ústí nad Labem,XL,1
2026-05-22,Ústí nad Labem,VB,1
2026-05-22,Čakovice,XPO,3
2026-05-22,Čakovice,VB,1
2026-05-22,České Budějovice,XPO,2
2026-05-23,Anděl,XPO,7
2026-05-23,Anděl,XL,1
2026-05-23,Benešov,XL,1
2026-05-23,Beroun,XL,1
2026-05-23,Brno,XPO,7
2026-05-23,Brno Lískovec,XPO,2
2026-05-23,Brno Lískovec,XL,4
2026-05-23,Budějovická,XPO,4
2026-05-23,CZLC4,XPO,188
2026-05-23,CZLC4,XL,5
2026-05-23,CZLC4,VB,1
2026-05-23,Dejvice,XPO,1
2026-05-23,Dejvice,XL,1
2026-05-23,Děčín,XPO,2
2026-05-23,Frýdek-Místek,XPO,1
2026-05-23,Frýdek-Místek,XL,7
2026-05-23,Frýdek-Místek,VB,1
2026-05-23,HULC1,VB,14
2026-05-23,Hradec,VB,1
2026-05-23,Háje,XPO,7
2026-05-23,Jihlava,XPO,1
2026-05-23,Karlovy Vary,XPO,6
2026-05-23,Kladno,XPO,2
2026-05-23,Kladno,XL,1
2026-05-23,Kolín,XPO,1
2026-05-23,LCS,XPO,4
2026-05-23,Liberec,XL,1
2026-05-23,Mladá Boleslav,XPO,3
2026-05-23,Mladá Boleslav,XL,2
2026-05-23,Mladá Boleslav,VB,1
2026-05-23,Most,XPO,2
2026-05-23,Mělník,XPO,3
2026-05-23,Olomouc,XPO,5
2026-05-23,Olomouc,XL,1
2026-05-23,Olomouc,VB,1
2026-05-23,Opava,XPO,1
2026-05-23,Opava,XL,2
2026-05-23,Ostrava,XPO,2
2026-05-23,Ostrava,VB,2
2026-05-23,Pardubice,XPO,1
2026-05-23,Plzeň město,XPO,2
2026-05-23,Plzeň město,XL,1
2026-05-23,Pobočka Chrášťany,XPO,15
2026-05-23,Pobočka Chrášťany,XL,7
2026-05-23,Pobočka Chrášťany,VB,2
2026-05-23,Počernice,XPO,3
2026-05-23,Počernice,XL,1
2026-05-23,Praha - centrála,XPO,12
2026-05-23,Praha - centrála,XL,4
2026-05-23,Příbram,XPO,1
2026-05-23,SKLC3,XPO,120
2026-05-23,SKLC3,XL,13
2026-05-23,SKLC3,VB,17
2026-05-23,Tábor,XPO,1
2026-05-23,Zlín,XPO,7
2026-05-23,Ústí nad Labem,XPO,3
2026-05-23,Čakovice,XPO,3
2026-05-23,Čakovice,VB,1
2026-05-23,České Budějovice,XPO,2
2026-05-24,Anděl,XPO,1
2026-05-24,Benešov,XPO,2
2026-05-24,Benešov,VB,1
2026-05-24,Brno,XPO,4
2026-05-24,Brno,XL,2
2026-05-24,Brno,VB,1
2026-05-24,Brno Lískovec,XPO,5
2026-05-24,Brno Lískovec,VB,1
2026-05-24,Budějovická,XPO,2
2026-05-24,Budějovická,XL,2
2026-05-24,CZLC4,XPO,145
2026-05-24,CZLC4,XL,5
2026-05-24,Dejvice,XPO,4
2026-05-24,Děčín,XPO,1
2026-05-24,Děčín,XL,1
2026-05-24,Frýdek-Místek,XPO,4
2026-05-24,HULC1,VB,13
2026-05-24,Hradec,XPO,1
2026-05-24,Hradec,XL,2
2026-05-24,Háje,XPO,5
2026-05-24,Jihlava,VB,1
2026-05-24,Karlovy Vary,XPO,1
2026-05-24,Kladno,XPO,2
2026-05-24,Kladno,XL,2
2026-05-24,Kolín,VB,1
2026-05-24,LCS,XPO,18
2026-05-24,Liberec,XPO,1
2026-05-24,Mladá Boleslav,XPO,6
2026-05-24,Mladá Boleslav,VB,1
2026-05-24,Most,XPO,1
2026-05-24,Mělník,XPO,1
2026-05-24,Olomouc,XPO,2
2026-05-24,Olomouc,XL,1
2026-05-24,Ostrava,XPO,9
2026-05-24,Ostrava,XL,2
2026-05-24,Pardubice,XL,1
2026-05-24,Plzeň město,XPO,2
2026-05-24,Pobočka Chrášťany,XPO,11
2026-05-24,Pobočka Chrášťany,XL,1
2026-05-24,Pobočka Chrášťany,VB,1
2026-05-24,Počernice,XPO,3
2026-05-24,Praha - centrála,XPO,10
2026-05-24,Praha - centrála,XL,2
2026-05-24,Praha - centrála,VB,3
2026-05-24,Prostějov,XL,1
2026-05-24,Příbram,XPO,5
2026-05-24,SKLC3,XPO,70
2026-05-24,SKLC3,VB,1
2026-05-24,Tábor,XL,1
2026-05-24,Třebíč,XPO,1
2026-05-24,Zlín,XPO,1
2026-05-24,Čakovice,XPO,10
2026-05-24,Čakovice,XL,1
2026-05-24,České Budějovice,XPO,1
2026-05-24,České Budějovice,XL,1
2026-05-25,Anděl,XPO,4
2026-05-25,Anděl,XL,1
2026-05-25,Benešov,XPO,3
2026-05-25,Benešov,XL,1
2026-05-25,Beroun,XL,1
2026-05-25,Brno,XPO,6
2026-05-25,Brno,XL,1
2026-05-25,Brno,VB,2
2026-05-25,Brno Lískovec,XL,1
2026-05-25,Budějovická,XPO,4
2026-05-25,Budějovická,XL,1
2026-05-25,CZLC4,XPO,149
2026-05-25,CZLC4,XL,2
2026-05-25,Chomutov,XPO,1
2026-05-25,Děčín,XPO,2
2026-05-25,Děčín,XL,1
2026-05-25,Frýdek-Místek,XPO,1
2026-05-25,HULC1,VB,8
2026-05-25,Hradec,XPO,5
2026-05-25,Hradec,XL,1
2026-05-25,Háje,XPO,5
2026-05-25,Kladno,XPO,1
2026-05-25,Kladno,XL,1
2026-05-25,LCS,XPO,15
2026-05-25,Liberec,SPO,1
2026-05-25,Most,XPO,1
2026-05-25,Mělník,XPO,1
2026-05-25,Mělník,XL,3
2026-05-25,Olomouc,XPO,5
2026-05-25,Olomouc,XL,1
2026-05-25,Opava,XPO,1
2026-05-25,Ostrava,XPO,6
2026-05-25,Ostrava,XL,1
2026-05-25,Pardubice,XPO,2
2026-05-25,Pardubice,XL,1
2026-05-25,Plzeň město,XPO,1
2026-05-25,Plzeň město,XL,2
2026-05-25,Pobočka Chrášťany,XPO,17
2026-05-25,Pobočka Chrášťany,XL,6
2026-05-25,Pobočka Chrášťany,VB,2
2026-05-25,Počernice,XPO,2
2026-05-25,Počernice,XL,1
2026-05-25,Počernice,VB,1
2026-05-25,Praha - centrála,XPO,22
2026-05-25,Praha - centrála,XL,6
2026-05-25,Praha - centrála,VB,1
2026-05-25,SKLC3,XPO,14
2026-05-25,SKLC3,XL,19
2026-05-25,SKLC3,VB,39
2026-05-25,Zlín,XPO,2
2026-05-25,Ústí nad Labem,XL,4
2026-05-25,Čakovice,XPO,2
2026-05-25,Čakovice,XL,2
2026-05-25,České Budějovice,XPO,3
2026-05-25,České Budějovice,XL,1
2026-05-25,České Budějovice,VB,1
2026-05-26,Anděl,XPO,5
2026-05-26,Benešov,XL,1
2026-05-26,Beroun,XPO,2
2026-05-26,Beroun,VB,1
2026-05-26,Brno,XPO,2
2026-05-26,Brno Lískovec,XPO,3
2026-05-26,Brno Lískovec,XL,1
2026-05-26,Brno Lískovec,VB,1
2026-05-26,Budějovická,XPO,3
2026-05-26,Budějovická,VB,2
2026-05-26,CZLC4,XPO,114
2026-05-26,CZLC4,XL,3
2026-05-26,Dejvice,XPO,2
2026-05-26,Děčín,XPO,1
2026-05-26,Frýdek-Místek,XPO,3
2026-05-26,HULC1,XPO,3
2026-05-26,HULC1,VB,17
2026-05-26,Hradec,XPO,4
2026-05-26,Hradec,XL,1
2026-05-26,Háje,XPO,3
2026-05-26,Karlovy Vary,XPO,1
2026-05-26,Kladno,XL,1
2026-05-26,Kladno,VB,1
2026-05-26,Kolín,XPO,2
2026-05-26,LCS,XPO,109
2026-05-26,Liberec,XPO,7
2026-05-26,Mladá Boleslav,XPO,3
2026-05-26,Mladá Boleslav,XL,1
2026-05-26,Most,XPO,2
2026-05-26,Mělník,VB,1
2026-05-26,Ostrava,XPO,7
2026-05-26,Pardubice,XPO,8
2026-05-26,Plzeň město,XPO,5
2026-05-26,Plzeň město,XL,3
2026-05-26,Plzeň město,VB,1
2026-05-26,Pobočka Chrášťany,XPO,17
2026-05-26,Pobočka Chrášťany,XL,4
2026-05-26,Pobočka Chrášťany,VB,1
2026-05-26,Počernice,XPO,5
2026-05-26,Praha - centrála,XPO,22
2026-05-26,Praha - centrála,XL,5
2026-05-26,Praha - centrála,VB,6
2026-05-26,SKLC3,XPO,293
2026-05-26,SKLC3,XL,39
2026-05-26,SKLC3,VB,83
2026-05-26,Tábor,XPO,2
2026-05-26,Tábor,VB,1
2026-05-26,Třebíč,XPO,1
2026-05-26,Třebíč,XL,1
2026-05-26,Zlín,XPO,1
2026-05-26,Zlín,XL,1
2026-05-26,Ústí nad Labem,XPO,1
2026-05-26,Ústí nad Labem,XL,2
2026-05-26,Čakovice,XPO,1
2026-05-26,České Budějovice,XPO,1
2026-05-27,Anděl,XPO,1
2026-05-27,Benešov,XPO,4
2026-05-27,Beroun,XPO,1
2026-05-27,Brno,XPO,6
2026-05-27,Brno,XL,1
2026-05-27,Brno Lískovec,XPO,2
2026-05-27,Budějovická,XPO,9
2026-05-27,Budějovická,VB,1
2026-05-27,CZLC4,XPO,179
2026-05-27,CZLC4,XL,2
2026-05-27,Chomutov,XPO,1
2026-05-27,Dejvice,XPO,2
2026-05-27,Děčín,XPO,2
2026-05-27,Frýdek-Místek,XPO,2
2026-05-27,Frýdek-Místek,XL,2
2026-05-27,HULC1,VB,5
2026-05-27,Hradec,XPO,3
2026-05-27,Hradec,XL,1
2026-05-27,Háje,XPO,6
2026-05-27,Háje,XL,2
2026-05-27,Jihlava,XPO,1
2026-05-27,Karlovy Vary,XPO,3
2026-05-27,Karlovy Vary,VB,1
2026-05-27,Kladno,XPO,2
2026-05-27,Kladno,XL,1
2026-05-27,Kolín,XPO,2
2026-05-27,LCS,XPO,33
2026-05-27,Liberec,XPO,1
2026-05-27,Most,XPO,3
2026-05-27,Most,XL,1
2026-05-27,Mělník,XPO,2
2026-05-27,Mělník,XL,2
2026-05-27,Ostrava,XPO,3
2026-05-27,Ostrava,XL,1
2026-05-27,Pardubice,XPO,3
2026-05-27,Plzeň město,XPO,4
2026-05-27,Pobočka Chrášťany,XPO,21
2026-05-27,Pobočka Chrášťany,XL,3
2026-05-27,Pobočka Chrášťany,VB,4
2026-05-27,Počernice,XPO,1
2026-05-27,Počernice,XL,4
2026-05-27,Počernice,VB,2
2026-05-27,Praha - centrála,XPO,16
2026-05-27,Praha - centrála,XL,2
2026-05-27,Praha - centrála,VB,2
2026-05-27,Příbram,XPO,1
2026-05-27,Příbram,XL,1
2026-05-27,SKLC3,XPO,100
2026-05-27,SKLC3,XL,20
2026-05-27,SKLC3,VB,2
2026-05-27,Tábor,XPO,2
2026-05-27,Tábor,XL,2
2026-05-27,Zlín,XPO,1
2026-05-27,Zlín,XL,1
2026-05-27,Ústí nad Labem,XPO,3
2026-05-27,Čakovice,XPO,10
2026-05-27,Čakovice,VB,1
2026-05-27,České Budějovice,XPO,6
2026-05-27,České Budějovice,XL,5
2026-05-28,Anděl,XPO,2
2026-05-28,Benešov,XPO,1
2026-05-28,Benešov,XL,1
2026-05-28,Beroun,XPO,2
2026-05-28,Brno,XPO,7
2026-05-28,Brno Lískovec,XPO,1
2026-05-28,Brno Lískovec,XL,3
2026-05-28,Budějovická,XPO,4
2026-05-28,Budějovická,XL,1
2026-05-28,CZLC4,BPO,1
2026-05-28,CZLC4,XPO,174
2026-05-28,CZLC4,XL,2
2026-05-28,CZLC4,VB,2
2026-05-28,Chomutov,VB,1
2026-05-28,Dejvice,XPO,3
2026-05-28,Dejvice,XL,3
2026-05-28,Děčín,XPO,1
2026-05-28,Frýdek-Místek,XPO,2
2026-05-28,Frýdek-Místek,XL,2
2026-05-28,HULC1,XPO,2
2026-05-28,HULC1,XL,5
2026-05-28,Hradec,XL,1
2026-05-28,Háje,XPO,1
2026-05-28,Háje,XL,1
2026-05-28,Karlovy Vary,XPO,1
2026-05-28,Kladno,XPO,8
2026-05-28,Kladno,XL,1
2026-05-28,LCS,XPO,28
2026-05-28,Liberec,XPO,6
2026-05-28,Liberec,XL,1
2026-05-28,Most,XPO,1
2026-05-28,Mělník,XPO,1
2026-05-28,Mělník,XL,1
2026-05-28,Olomouc,XPO,2
2026-05-28,Opava,VB,1
2026-05-28,Ostrava,XPO,6
2026-05-28,Ostrava,XL,1
2026-05-28,Pardubice,XPO,1
2026-05-28,Plzeň město,XPO,1
2026-05-28,Pobočka Chrášťany,XPO,6
2026-05-28,Pobočka Chrášťany,XL,7
2026-05-28,Pobočka Chrášťany,VB,1
2026-05-28,Počernice,XPO,9
2026-05-28,Počernice,XL,1
2026-05-28,Počernice,VB,1
2026-05-28,Praha - centrála,XPO,7
2026-05-28,Praha - centrála,VB,2
2026-05-28,Příbram,XL,1
2026-05-28,Příbram,VB,1
2026-05-28,SKLC3,BPO,7
2026-05-28,SKLC3,XPO,21
2026-05-28,SKLC3,XL,13
2026-05-28,SKLC3,VB,47
2026-05-28,Tábor,VB,2
2026-05-28,Zlín,XPO,1
2026-05-28,Zlín,XL,3
2026-05-28,Čakovice,XPO,3
2026-05-28,Čakovice,XL,1
2026-05-28,České Budějovice,XPO,15
2026-05-29,Anděl,XPO,5
2026-05-29,Benešov,XPO,4
2026-05-29,Benešov,XL,1
2026-05-29,Brno,XPO,4
2026-05-29,Brno,VB,1
2026-05-29,Brno Lískovec,XPO,1
2026-05-29,Brno Lískovec,XL,1
2026-05-29,Budějovická,XPO,1
2026-05-29,Budějovická,XL,1
2026-05-29,Budějovická,VB,1
2026-05-29,CZLC4,XPO,150
2026-05-29,CZLC4,XL,3
2026-05-29,CZLC4,VB,1
2026-05-29,Dejvice,XPO,1
2026-05-29,Děčín,XPO,2
2026-05-29,Frýdek-Místek,XPO,2
2026-05-29,Frýdek-Místek,VB,1
2026-05-29,HULC1,VB,28
2026-05-29,Hradec,XPO,3
2026-05-29,Hradec,XL,1
2026-05-29,Hradec,VB,1
2026-05-29,Háje,XPO,4
2026-05-29,Háje,XL,1
2026-05-29,Karlovy Vary,XPO,1
2026-05-29,Karlovy Vary,XL,2
2026-05-29,Kolín,XPO,1
2026-05-29,LCS,XPO,21
2026-05-29,Liberec,XPO,3
2026-05-29,Liberec,XL,1
2026-05-29,Liberec,VB,1
2026-05-29,Mladá Boleslav,XPO,3
2026-05-29,Mladá Boleslav,XL,1
2026-05-29,Most,XPO,2
2026-05-29,Mělník,XPO,1
2026-05-29,Mělník,XL,1
2026-05-29,Olomouc,XPO,5
2026-05-29,Opava,VB,3
2026-05-29,Ostrava,XPO,3
2026-05-29,Ostrava,XL,8
2026-05-29,Pardubice,XPO,4
2026-05-29,Pardubice,XL,1
2026-05-29,Plzeň město,XPO,3
2026-05-29,Pobočka Chrášťany,XPO,11
2026-05-29,Pobočka Chrášťany,XL,2
2026-05-29,Pobočka Chrášťany,VB,1
2026-05-29,Počernice,BPO,1
2026-05-29,Počernice,XPO,5
2026-05-29,Počernice,XL,1
2026-05-29,Praha - centrála,XPO,20
2026-05-29,Praha - centrála,XL,4
2026-05-29,Praha - centrála,VB,2
2026-05-29,Příbram,XPO,2
2026-05-29,SKLC3,XPO,252
2026-05-29,SKLC3,XL,5
2026-05-29,SKLC3,VB,58
2026-05-29,Tábor,XPO,3
2026-05-29,Tábor,VB,2
2026-05-29,Zlín,XPO,4
2026-05-29,Zlín,XL,1
2026-05-29,Ústí nad Labem,XL,1
2026-05-29,Čakovice,XPO,7
2026-05-29,Čakovice,XL,1
2026-05-29,České Budějovice,XPO,3
2026-05-29,České Budějovice,XL,1
2026-05-29,České Budějovice,VB,1
2026-05-30,Anděl,XPO,6
2026-05-30,Brno,XPO,9
2026-05-30,Brno,XL,2
2026-05-30,Brno,VB,1
2026-05-30,Brno Lískovec,XL,4
2026-05-30,Brno Lískovec,VB,1
2026-05-30,Budějovická,XPO,3
2026-05-30,Budějovická,XL,2
2026-05-30,CZLC4,XPO,206
2026-05-30,CZLC4,XL,6
2026-05-30,CZLC4,VB,1
2026-05-30,Chomutov,XL,1
2026-05-30,Chomutov,VB,1
2026-05-30,Dejvice,XPO,1
2026-05-30,Děčín,XPO,2
2026-05-30,Frýdek-Místek,XPO,1
2026-05-30,Frýdek-Místek,XL,1
2026-05-30,HULC1,VB,10
2026-05-30,Hradec,XPO,2
2026-05-30,Háje,XPO,2
2026-05-30,Háje,XL,2
2026-05-30,Karlovy Vary,XPO,1
2026-05-30,Karlovy Vary,XL,2
2026-05-30,Kladno,XPO,3
2026-05-30,Kolín,XPO,3
2026-05-30,LCS,XPO,12
2026-05-30,Liberec,XPO,2
2026-05-30,Liberec,XL,2
2026-05-30,Mladá Boleslav,XPO,4
2026-05-30,Most,XPO,1
2026-05-30,Most,XL,1
2026-05-30,Mělník,XPO,2
2026-05-30,Mělník,XL,2
2026-05-30,Olomouc,XPO,2
2026-05-30,Olomouc,XL,2
2026-05-30,Ostrava,XPO,3
2026-05-30,Ostrava,XL,1
2026-05-30,Pardubice,XPO,2
2026-05-30,Plzeň město,XL,1
2026-05-30,Pobočka Chrášťany,XPO,11
2026-05-30,Pobočka Chrášťany,XL,5
2026-05-30,Pobočka Chrášťany,VB,1
2026-05-30,Počernice,XPO,6
2026-05-30,Počernice,XL,4
2026-05-30,Praha - centrála,XPO,26
2026-05-30,Praha - centrála,XL,3
2026-05-30,Praha - centrála,VB,1
2026-05-30,Příbram,XPO,2
2026-05-30,SKLC3,XPO,66
2026-05-30,SKLC3,XL,8
2026-05-30,SKLC3,VB,26
2026-05-30,Tábor,VB,1
2026-05-30,Třebíč,XPO,1
2026-05-30,Zlín,XPO,1
2026-05-30,Ústí nad Labem,XPO,4
2026-05-30,Čakovice,XPO,4
2026-05-30,České Budějovice,XPO,1
2026-05-31,Anděl,XPO,4
2026-05-31,Benešov,XPO,3
2026-05-31,Benešov,XL,1
2026-05-31,Beroun,XPO,1
2026-05-31,Brno,XPO,6
2026-05-31,Brno,XL,2
2026-05-31,Brno,VB,1
2026-05-31,Brno Lískovec,XPO,5
2026-05-31,Budějovická,XPO,5
2026-05-31,CZLC4,XPO,163
2026-05-31,CZLC4,XL,4
2026-05-31,Dejvice,XPO,3
2026-05-31,Hradec,XPO,3
2026-05-31,Háje,XPO,17
2026-05-31,Háje,XL,2
2026-05-31,Háje,VB,1
2026-05-31,Jihlava,XPO,2
2026-05-31,Karlovy Vary,XPO,1
2026-05-31,Kladno,XPO,3
2026-05-31,Kladno,XL,1
2026-05-31,Kolín,XPO,1
2026-05-31,LCS,XPO,21
2026-05-31,Liberec,XPO,1
2026-05-31,Mladá Boleslav,XPO,1
2026-05-31,Mladá Boleslav,XL,1
2026-05-31,Most,XPO,2
2026-05-31,Mělník,XPO,1
2026-05-31,Olomouc,XPO,3
2026-05-31,Opava,XPO,1
2026-05-31,Opava,VB,2
2026-05-31,Ostrava,XPO,1
2026-05-31,Pardubice,XPO,4
2026-05-31,Pardubice,XL,1
2026-05-31,Plzeň město,XPO,4
2026-05-31,Pobočka Chrášťany,XPO,5
2026-05-31,Pobočka Chrášťany,XL,4
2026-05-31,Pobočka Chrášťany,VB,1
2026-05-31,Počernice,XPO,7
2026-05-31,Počernice,XL,1
2026-05-31,Počernice,VB,1
2026-05-31,Praha - centrála,XPO,17
2026-05-31,Praha - centrála,XL,3
2026-05-31,Praha - centrála,VB,3
2026-05-31,SKLC3,XPO,268
2026-05-31,SKLC3,XL,4
2026-05-31,SKLC3,VB,13
2026-05-31,Zlín,XPO,1
2026-05-31,Zlín,XL,1
2026-05-31,Čakovice,XPO,2
2026-05-31,České Budějovice,XPO,6
2026-05-31,České Budějovice,XL,4
2026-06-01,Anděl,XPO,8
2026-06-01,Anděl,VB,2
2026-06-01,Benešov,XPO,2
2026-06-01,Benešov,XL,2
2026-06-01,Beroun,XPO,1
2026-06-01,Beroun,XL,2
2026-06-01,Brno,XPO,6
2026-06-01,Brno Lískovec,XPO,3
2026-06-01,Brno Lískovec,XL,2
2026-06-01,Budějovická,XPO,3
2026-06-01,Budějovická,XL,3
2026-06-01,CZLC4,BPO,1
2026-06-01,CZLC4,XPO,141
2026-06-01,CZLC4,XL,5
2026-06-01,Dejvice,XPO,1
2026-06-01,Děčín,XPO,3
2026-06-01,Frýdek-Místek,XPO,2
2026-06-01,HULC1,VB,20
2026-06-01,Hradec,XPO,1
2026-06-01,Hradec,XL,1
2026-06-01,Háje,XPO,7
2026-06-01,Háje,XL,2
2026-06-01,Karlovy Vary,XPO,2
2026-06-01,Karlovy Vary,XL,1
2026-06-01,Kladno,XPO,3
2026-06-01,Kladno,VB,1
2026-06-01,Kolín,XPO,1
2026-06-01,LCS,XPO,5
2026-06-01,Liberec,XPO,3
2026-06-01,Liberec,XL,1
2026-06-01,Mladá Boleslav,XPO,6
2026-06-01,Most,XPO,2
2026-06-01,Olomouc,XPO,4
2026-06-01,Ostrava,XPO,6
2026-06-01,Ostrava,XL,1
2026-06-01,Pardubice,XPO,4
2026-06-01,Plzeň město,XPO,13
2026-06-01,Plzeň město,XL,1
2026-06-01,Pobočka Chrášťany,XPO,20
2026-06-01,Pobočka Chrášťany,XL,1
2026-06-01,Pobočka Chrášťany,VB,3
2026-06-01,Počernice,XPO,1
2026-06-01,Počernice,XL,1
2026-06-01,Praha - centrála,XPO,7
2026-06-01,Praha - centrála,XL,5
2026-06-01,Praha - centrála,VB,1
2026-06-01,Prostějov,XPO,1
2026-06-01,Příbram,XPO,2
2026-06-01,Příbram,XL,1
2026-06-01,SKLC3,XPO,156
2026-06-01,SKLC3,XL,26
2026-06-01,SKLC3,VB,51
2026-06-01,Tábor,XL,2
2026-06-01,Třebíč,XPO,1
2026-06-01,Třebíč,XL,1
2026-06-01,Třebíč,VB,1
2026-06-01,Zlín,XPO,1
2026-06-01,Zlín,XL,3
2026-06-01,Ústí nad Labem,XPO,1
2026-06-01,Čakovice,XPO,4
2026-06-01,Čakovice,VB,1
2026-06-01,České Budějovice,XPO,2
2026-06-01,České Budějovice,XL,2
2026-06-02,Anděl,XPO,4
2026-06-02,Anděl,XL,2
2026-06-02,Beroun,XPO,3
2026-06-02,Brno,XPO,4
2026-06-02,Brno Lískovec,XPO,1
2026-06-02,Budějovická,XPO,5
2026-06-02,Budějovická,XL,1
2026-06-02,CZLC4,BPO,1
2026-06-02,CZLC4,XPO,127
2026-06-02,CZLC4,XL,3
2026-06-02,Dejvice,XPO,3
2026-06-02,Dejvice,XL,1
2026-06-02,Děčín,XL,1
2026-06-02,Frýdek-Místek,XL,1
2026-06-02,HULC1,VB,14
2026-06-02,Hradec,XPO,1
2026-06-02,Hradec,XL,2
2026-06-02,Háje,SPO,1
2026-06-02,Háje,XPO,6
2026-06-02,Háje,XL,2
2026-06-02,Jihlava,XPO,1
2026-06-02,Karlovy Vary,XPO,2
2026-06-02,Kladno,XPO,3
2026-06-02,Kolín,XPO,1
2026-06-02,LCS,XPO,19
2026-06-02,Liberec,XL,1
2026-06-02,Most,XL,1
2026-06-02,Mělník,XPO,2
2026-06-02,Olomouc,XPO,3
2026-06-02,Olomouc,XL,1
2026-06-02,Olomouc,VB,1
2026-06-02,Ostrava,XPO,6
2026-06-02,Ostrava,VB,1
2026-06-02,Pardubice,XPO,2
2026-06-02,Pardubice,VB,1
2026-06-02,Plzeň město,XPO,8
2026-06-02,Plzeň město,XL,2
2026-06-02,Pobočka Chrášťany,XPO,21
2026-06-02,Pobočka Chrášťany,XL,6
2026-06-02,Pobočka Chrášťany,VB,1
2026-06-02,Počernice,XPO,5
2026-06-02,Počernice,XL,4
2026-06-02,Praha - centrála,XPO,7
2026-06-02,Praha - centrála,XL,2
2026-06-02,Praha - centrála,VB,1
2026-06-02,Prostějov,XPO,1
2026-06-02,Příbram,XPO,3
2026-06-02,SKLC3,XPO,157
2026-06-02,SKLC3,XL,19
2026-06-02,SKLC3,VB,19
2026-06-02,Tábor,XPO,1
2026-06-02,Zlín,XPO,3
2026-06-02,Zlín,XL,1
2026-06-02,Ústí nad Labem,XPO,4
2026-06-02,Ústí nad Labem,XL,1
2026-06-02,Čakovice,XPO,3
2026-06-02,Čakovice,XL,4
2026-06-02,České Budějovice,XPO,3
2026-06-02,České Budějovice,XL,1
2026-06-03,Anděl,XPO,1
2026-06-03,Benešov,XPO,1
2026-06-03,Beroun,XPO,1
2026-06-03,Brno,XPO,5
2026-06-03,Brno,XL,6
2026-06-03,Brno Lískovec,XPO,1
2026-06-03,Brno Lískovec,VB,1
2026-06-03,Budějovická,XPO,5
2026-06-03,Budějovická,XL,1
2026-06-03,Budějovická,VB,2
2026-06-03,CZLC4,XPO,128
2026-06-03,CZLC4,XL,1
2026-06-03,CZLC4,VB,1
2026-06-03,Chomutov,XPO,1
2026-06-03,Chomutov,XL,1
2026-06-03,Dejvice,XPO,2
2026-06-03,Dejvice,XL,1
2026-06-03,Děčín,XPO,2
2026-06-03,Frýdek-Místek,XL,1
2026-06-03,HULC1,XL,4
2026-06-03,HULC1,VB,22
2026-06-03,Hradec,XPO,4
2026-06-03,Háje,XPO,2
2026-06-03,Háje,XL,1
2026-06-03,Jihlava,XPO,2
2026-06-03,Jihlava,XL,1
2026-06-03,Karlovy Vary,XPO,1
2026-06-03,Kladno,XPO,3
2026-06-03,Kladno,XL,2
2026-06-03,Kolín,XPO,1
2026-06-03,Kolín,XL,1
2026-06-03,LCS,XPO,41
2026-06-03,Liberec,XPO,1
2026-06-03,Liberec,VB,1
2026-06-03,Mladá Boleslav,XPO,1
2026-06-03,Most,XPO,3
2026-06-03,Mělník,XPO,4
2026-06-03,Mělník,XL,2
2026-06-03,Mělník,VB,1
2026-06-03,Olomouc,XPO,1
2026-06-03,Opava,XPO,1
2026-06-03,Ostrava,XPO,9
2026-06-03,Pardubice,XPO,2
2026-06-03,Plzeň město,XPO,1
2026-06-03,Plzeň město,XL,1
2026-06-03,Pobočka Chrášťany,XPO,9
2026-06-03,Pobočka Chrášťany,XL,1
2026-06-03,Pobočka Chrášťany,VB,2
2026-06-03,Počernice,XPO,2
2026-06-03,Počernice,XL,1
2026-06-03,Počernice,VB,1
2026-06-03,Praha - centrála,XPO,11
2026-06-03,Praha - centrála,XL,4
2026-06-03,SKLC3,XPO,212
2026-06-03,SKLC3,XL,80
2026-06-03,SKLC3,VB,89
2026-06-03,Zlín,XPO,2
2026-06-03,Ústí nad Labem,XL,1
2026-06-03,Čakovice,XPO,7
2026-06-03,Čakovice,XL,1
2026-06-03,České Budějovice,XPO,4
2026-06-04,Anděl,XPO,3
2026-06-04,Anděl,XL,1
2026-06-04,Benešov,XPO,7
2026-06-04,Beroun,XPO,2
2026-06-04,Brno,XPO,4
2026-06-04,Brno,XL,2
2026-06-04,Budějovická,XPO,1
2026-06-04,Budějovická,XL,1
2026-06-04,CZLC4,XPO,162
2026-06-04,CZLC4,XL,5
2026-06-04,Chomutov,XPO,2
2026-06-04,Frýdek-Místek,XPO,1
2026-06-04,HULC1,XL,10
2026-06-04,HULC1,VB,28
2026-06-04,Hradec,XL,1
2026-06-04,Háje,XPO,2
2026-06-04,Háje,XL,2
2026-06-04,Jihlava,XPO,2
2026-06-04,Jihlava,XL,2
2026-06-04,Jihlava,VB,2
2026-06-04,Kladno,XPO,1
2026-06-04,Kladno,XL,2
2026-06-04,Kladno,VB,1
2026-06-04,LCS,XPO,12
2026-06-04,Mladá Boleslav,XL,1
2026-06-04,Mladá Boleslav,VB,1
2026-06-04,Most,XPO,4
2026-06-04,Olomouc,XPO,4
2026-06-04,Ostrava,XPO,1
2026-06-04,Ostrava,XL,1
2026-06-04,Ostrava,VB,1
2026-06-04,Pardubice,XPO,2
2026-06-04,Pardubice,XL,1
2026-06-04,Plzeň město,XPO,9
2026-06-04,Plzeň město,XL,4
2026-06-04,Plzeň město,VB,1
2026-06-04,Pobočka Chrášťany,XPO,16
2026-06-04,Pobočka Chrášťany,XL,6
2026-06-04,Pobočka Chrášťany,VB,2
2026-06-04,Počernice,XPO,4
2026-06-04,Počernice,VB,1
2026-06-04,Praha - centrála,XPO,6
2026-06-04,Praha - centrála,VB,1
2026-06-04,Prostějov,VB,1
2026-06-04,Příbram,XPO,3
2026-06-04,SKLC3,XPO,123
2026-06-04,SKLC3,VB,22
2026-06-04,Tábor,XPO,2
2026-06-04,Tábor,XL,1
2026-06-04,Zlín,XPO,1
2026-06-04,Čakovice,XPO,8
2026-06-04,Čakovice,XL,1
2026-06-04,Čakovice,VB,1
2026-06-04,České Budějovice,XPO,4
2026-06-04,České Budějovice,XL,1
2026-06-05,Anděl,XPO,2
2026-06-05,Anděl,XL,1
2026-06-05,Benešov,XPO,1
2026-06-05,Brno,XPO,2
2026-06-05,Brno,XL,2
2026-06-05,Brno Lískovec,BPO,1
2026-06-05,Brno Lískovec,XPO,4
2026-06-05,Brno Lískovec,XL,3
2026-06-05,Brno Lískovec,VB,3
2026-06-05,Budějovická,XPO,5
2026-06-05,Budějovická,XL,3
2026-06-05,CZLC4,BPO,1
2026-06-05,CZLC4,XPO,122
2026-06-05,CZLC4,XL,4
2026-06-05,Chomutov,XPO,1
2026-06-05,Dejvice,XPO,2
2026-06-05,Děčín,XPO,2
2026-06-05,Frýdek-Místek,XPO,5
2026-06-05,HULC1,XPO,1
2026-06-05,HULC1,VB,13
2026-06-05,Háje,XPO,4
2026-06-05,Jihlava,XPO,1
2026-06-05,Jihlava,VB,1
2026-06-05,Karlovy Vary,XPO,3
2026-06-05,Kladno,XPO,2
2026-06-05,Kolín,XPO,2
2026-06-05,Kolín,XL,1
2026-06-05,LCS,XPO,3
2026-06-05,Most,XPO,1
2026-06-05,Olomouc,XPO,1
2026-06-05,Olomouc,XL,2
2026-06-05,Opava,XPO,1
2026-06-05,Opava,XL,1
2026-06-05,Ostrava,XPO,3
2026-06-05,Ostrava,XL,2
2026-06-05,Ostrava,VB,1
2026-06-05,Pardubice,XPO,5
2026-06-05,Plzeň město,XPO,5
2026-06-05,Pobočka Chrášťany,XPO,12
2026-06-05,Pobočka Chrášťany,XL,1
2026-06-05,Počernice,XPO,1
2026-06-05,Počernice,XL,1
2026-06-05,Praha - centrála,XPO,7
2026-06-05,Praha - centrála,VB,2
2026-06-05,Prostějov,XPO,1
2026-06-05,SKLC3,SPO,3
2026-06-05,SKLC3,XPO,121
2026-06-05,SKLC3,XL,49
2026-06-05,SKLC3,VB,27
2026-06-05,Tábor,XPO,1
2026-06-05,Zlín,XL,1
2026-06-05,Ústí nad Labem,XPO,1
2026-06-05,Ústí nad Labem,XL,1
2026-06-05,Čakovice,XPO,4
2026-06-05,České Budějovice,XPO,2
2026-06-05,České Budějovice,XL,2
2026-06-05,České Budějovice,VB,1
2026-06-06,Anděl,XPO,5
2026-06-06,Anděl,XL,3
2026-06-06,Benešov,XPO,4
2026-06-06,Brno,XPO,9
2026-06-06,Brno,XL,3
2026-06-06,Brno Lískovec,XPO,4
2026-06-06,Budějovická,XPO,2
2026-06-06,CZLC4,XPO,155
2026-06-06,CZLC4,XL,2
2026-06-06,Dejvice,XPO,1
2026-06-06,Dejvice,XL,1
2026-06-06,Děčín,VB,1
2026-06-06,HULC1,XL,8
2026-06-06,Hradec,XPO,3
2026-06-06,Hradec,XL,2
2026-06-06,Jihlava,XPO,4
2026-06-06,Karlovy Vary,XPO,1
2026-06-06,Liberec,XPO,6
2026-06-06,Liberec,XL,2
2026-06-06,Mladá Boleslav,XPO,1
2026-06-06,Mladá Boleslav,VB,1
2026-06-06,Most,BPO,1
2026-06-06,Most,XPO,2
2026-06-06,Most,VB,1
2026-06-06,Mělník,XPO,3
2026-06-06,Olomouc,XPO,53
2026-06-06,Olomouc,XL,1
2026-06-06,Opava,XL,1
2026-06-06,Ostrava,XPO,9
2026-06-06,Ostrava,XL,2
2026-06-06,Pardubice,XPO,4
2026-06-06,Plzeň město,XPO,8
2026-06-06,Plzeň město,XL,3
2026-06-06,Plzeň město,VB,1
2026-06-06,Pobočka Chrášťany,XPO,4
2026-06-06,Pobočka Chrášťany,XL,1
2026-06-06,Počernice,XPO,4
2026-06-06,Praha - centrála,XPO,2
2026-06-06,Příbram,XPO,2
2026-06-06,SKLC3,XPO,185
2026-06-06,SKLC3,XL,14
2026-06-06,SKLC3,VB,4
2026-06-06,Tábor,XPO,3
2026-06-06,Třebíč,XPO,1
2026-06-06,Zlín,XPO,1
2026-06-06,Zlín,XL,1
2026-06-06,Ústí nad Labem,XPO,1
2026-06-06,Čakovice,XPO,2
2026-06-06,Čakovice,XL,1
2026-06-06,Čakovice,VB,1
2026-06-06,České Budějovice,XPO,4
2026-06-06,České Budějovice,VB,1
2026-06-07,Anděl,XPO,7
2026-06-07,Brno,XPO,2
2026-06-07,Brno,XL,2
2026-06-07,Brno Lískovec,XPO,2
2026-06-07,Brno Lískovec,XL,1
2026-06-07,Budějovická,XPO,3
2026-06-07,Budějovická,XL,3
2026-06-07,Budějovická,VB,2
2026-06-07,CZLC4,XPO,231
2026-06-07,CZLC4,XL,4
2026-06-07,Chomutov,XPO,1
2026-06-07,Dejvice,XPO,4
2026-06-07,Dejvice,XL,1
2026-06-07,Frýdek-Místek,XPO,1
2026-06-07,HULC1,XL,22
2026-06-07,HULC1,VB,8
2026-06-07,Hradec,XPO,1
2026-06-07,Hradec,XL,1
2026-06-07,Háje,XPO,1
2026-06-07,Jihlava,XPO,1
2026-06-07,Karlovy Vary,XPO,1
2026-06-07,Kladno,XPO,4
2026-06-07,Kolín,XPO,6
2026-06-07,LCS,XPO,7
2026-06-07,Mladá Boleslav,XPO,1
2026-06-07,Mělník,XPO,3
2026-06-07,Olomouc,XPO,1
2026-06-07,Olomouc,XL,1
2026-06-07,Opava,XL,1
2026-06-07,Ostrava,XPO,7
2026-06-07,Ostrava,XL,1
2026-06-07,Pardubice,XPO,1
2026-06-07,Plzeň město,XPO,6
2026-06-07,Plzeň město,XL,1
2026-06-07,Pobočka Chrášťany,XPO,11
2026-06-07,Pobočka Chrášťany,XL,5
2026-06-07,Pobočka Chrášťany,VB,1
2026-06-07,Počernice,XPO,6
2026-06-07,Počernice,XL,2
2026-06-07,Praha - centrála,XPO,2
2026-06-07,Praha - centrála,XL,2
2026-06-07,SKLC3,XPO,163
2026-06-07,SKLC3,XL,28
2026-06-07,SKLC3,VB,8
2026-06-07,Třebíč,XPO,2
2026-06-07,Ústí nad Labem,XPO,1
2026-06-07,Čakovice,XPO,2
2026-06-07,Čakovice,VB,2
2026-06-07,České Budějovice,XPO,4
2026-06-07,České Budějovice,XL,1
2026-06-07,České Budějovice,VB,1
2026-06-08,Anděl,XPO,6
2026-06-08,Anděl,XL,2
2026-06-08,Benešov,XPO,1
2026-06-08,Benešov,XL,2
2026-06-08,Beroun,XPO,1
2026-06-08,Brno,XPO,5
2026-06-08,Brno,XL,2
2026-06-08,Budějovická,XPO,5
2026-06-08,Budějovická,XL,1
2026-06-08,CZLC4,XPO,301
2026-06-08,CZLC4,XL,9
2026-06-08,Chomutov,XL,1
2026-06-08,Dejvice,XPO,2
2026-06-08,Dejvice,XL,1
2026-06-08,Frýdek-Místek,XPO,3
2026-06-08,Frýdek-Místek,XL,1
2026-06-08,HULC1,VB,16
2026-06-08,Hradec,XPO,1
2026-06-08,Háje,XPO,8
2026-06-08,Háje,XL,2
2026-06-08,Háje,VB,1
2026-06-08,Jihlava,XPO,1
2026-06-08,Jihlava,XL,1
2026-06-08,Karlovy Vary,XL,1
2026-06-08,Kladno,XPO,3
2026-06-08,Kladno,XL,1
2026-06-08,Kolín,XPO,2
2026-06-08,LCS,XPO,4
2026-06-08,Liberec,XPO,1
2026-06-08,Liberec,XL,1
2026-06-08,Liberec,VB,1
2026-06-08,Most,XPO,1
2026-06-08,Most,XL,1
2026-06-08,Most,VB,1
2026-06-08,Mělník,XPO,3
2026-06-08,Mělník,XL,1
2026-06-08,Olomouc,XPO,1
2026-06-08,Olomouc,XL,1
2026-06-08,Opava,XPO,2
2026-06-08,Ostrava,XPO,11
2026-06-08,Ostrava,XL,3
2026-06-08,Plzeň město,XPO,1
2026-06-08,Plzeň město,XL,1
2026-06-08,Počernice,XPO,6
2026-06-08,Počernice,XL,1
2026-06-08,Počernice,VB,3
2026-06-08,Praha - centrála,XPO,3
2026-06-08,Praha - centrála,XL,2
2026-06-08,Příbram,XL,3
2026-06-08,SKLC3,XPO,300
2026-06-08,SKLC3,XL,32
2026-06-08,SKLC3,VB,87
2026-06-08,Tábor,XPO,2
2026-06-08,Ústí nad Labem,XPO,8
2026-06-08,Čakovice,XPO,3
2026-06-08,Čakovice,VB,1
2026-06-08,České Budějovice,XPO,3
2026-06-08,České Budějovice,XL,2
2026-06-09,Anděl,XPO,5
2026-06-09,Anděl,VB,1
2026-06-09,Benešov,XPO,2
2026-06-09,Benešov,VB,1
2026-06-09,Brno,XPO,7
2026-06-09,Brno,XL,2
2026-06-09,Brno,VB,1
2026-06-09,Brno Lískovec,XPO,4
2026-06-09,Budějovická,XPO,5
2026-06-09,Budějovická,VB,2
2026-06-09,CZLC4,SPO,1
2026-06-09,CZLC4,XPO,147
2026-06-09,CZLC4,XL,3
2026-06-09,CZLC4,VB,3
2026-06-09,Dejvice,XPO,1
2026-06-09,Dejvice,XL,1
2026-06-09,Děčín,XPO,2
2026-06-09,Frýdek-Místek,XPO,2
2026-06-09,HULC1,XL,9
2026-06-09,HULC1,VB,17
2026-06-09,Hradec,XPO,3
2026-06-09,Hradec,VB,1
2026-06-09,Háje,XPO,11
2026-06-09,Háje,XL,1
2026-06-09,Jihlava,XPO,1
2026-06-09,Jihlava,XL,1
2026-06-09,Karlovy Vary,XPO,1
2026-06-09,Kladno,XPO,1
2026-06-09,Kolín,XL,1
2026-06-09,LCS,XPO,31
2026-06-09,Liberec,XPO,1
2026-06-09,Mladá Boleslav,XPO,3
2026-06-09,Most,XPO,2
2026-06-09,Mělník,XPO,3
2026-06-09,Mělník,XL,3
2026-06-09,Olomouc,XPO,1
2026-06-09,Olomouc,XL,1
2026-06-09,Ostrava,XPO,6
2026-06-09,Ostrava,XL,2
2026-06-09,Pardubice,XL,1
2026-06-09,Pardubice,VB,1
2026-06-09,Plzeň město,XPO,2
2026-06-09,Plzeň město,XL,1
2026-06-09,Pobočka Chrášťany,XPO,20
2026-06-09,Pobočka Chrášťany,XL,6
2026-06-09,Pobočka Chrášťany,VB,2
2026-06-09,Počernice,XPO,5
2026-06-09,Počernice,VB,2
2026-06-09,Praha - centrála,XPO,6
2026-06-09,Prostějov,XPO,1
2026-06-09,Příbram,XPO,1
2026-06-09,SKLC3,XPO,314
2026-06-09,SKLC3,XL,42
2026-06-09,SKLC3,VB,33
2026-06-09,Tábor,XPO,3
2026-06-09,Zlín,XPO,3
2026-06-09,Zlín,XL,5
2026-06-09,Ústí nad Labem,XL,1
2026-06-09,Čakovice,XPO,6
2026-06-09,Čakovice,XL,2
2026-06-09,České Budějovice,XPO,2
2026-06-09,České Budějovice,XL,4
2026-06-10,Anděl,XPO,2
2026-06-10,Anděl,XL,1
2026-06-10,Benešov,XPO,1
2026-06-10,Benešov,XL,2
2026-06-10,Brno,XPO,6
2026-06-10,Brno,XL,1
2026-06-10,Brno Lískovec,XPO,3
2026-06-10,Budějovická,XPO,5
2026-06-10,Budějovická,XL,2
2026-06-10,Budějovická,VB,1
2026-06-10,CZLC4,XPO,157
2026-06-10,CZLC4,XL,2
2026-06-10,Chomutov,XPO,2
2026-06-10,Dejvice,XPO,1
2026-06-10,Děčín,XPO,1
2026-06-10,Frýdek-Místek,XPO,4
2026-06-10,HULC1,VB,69
2026-06-10,Hradec,XPO,4
2026-06-10,Hradec,XL,1
2026-06-10,Hradec,VB,1
2026-06-10,Háje,XPO,4
2026-06-10,Jihlava,XPO,4
2026-06-10,Jihlava,XL,1
2026-06-10,Karlovy Vary,XPO,3
2026-06-10,Karlovy Vary,XL,1
2026-06-10,Kladno,XPO,1
2026-06-10,Kladno,VB,1
2026-06-10,Kolín,XPO,1
2026-06-10,Liberec,XPO,4
2026-06-10,Liberec,XL,1
2026-06-10,Most,XL,1
2026-06-10,Olomouc,XPO,3
2026-06-10,Olomouc,VB,1
2026-06-10,Opava,VB,1
2026-06-10,Ostrava,XPO,6
2026-06-10,Ostrava,XL,1
2026-06-10,Pardubice,XPO,3
2026-06-10,Plzeň město,XPO,2
2026-06-10,Plzeň město,VB,4
2026-06-10,Pobočka Chrášťany,XPO,10
2026-06-10,Pobočka Chrášťany,XL,2
2026-06-10,Pobočka Chrášťany,VB,1
2026-06-10,Počernice,XPO,1
2026-06-10,Počernice,XL,1
2026-06-10,Praha - centrála,XPO,2
2026-06-10,Praha - centrála,XL,1
2026-06-10,Prostějov,XPO,1
2026-06-10,Příbram,XPO,1
2026-06-10,SKLC3,XPO,136
2026-06-10,SKLC3,XL,34
2026-06-10,SKLC3,VB,104
2026-06-10,Tábor,XPO,1
2026-06-10,Zlín,XPO,1
2026-06-10,Ústí nad Labem,XPO,6
2026-06-10,Čakovice,XPO,5
2026-06-10,Čakovice,VB,1
2026-06-10,České Budějovice,XPO,2
2026-06-11,Anděl,XPO,5
2026-06-11,Brno,XPO,3
2026-06-11,Brno,XL,2
2026-06-11,Brno,VB,1
2026-06-11,Brno Lískovec,XPO,3
2026-06-11,Budějovická,XPO,6
2026-06-11,Budějovická,VB,1
2026-06-11,CZLC4,XPO,203
2026-06-11,CZLC4,XL,8
2026-06-11,Chomutov,XPO,1
2026-06-11,Dejvice,XL,1
2026-06-11,Děčín,VB,1
2026-06-11,Frýdek-Místek,XPO,3
2026-06-11,HULC1,XL,9
2026-06-11,HULC1,VB,37
2026-06-11,Hradec,XPO,3
2026-06-11,Hradec,VB,1
2026-06-11,Háje,XPO,6
2026-06-11,Háje,XL,2
2026-06-11,Jihlava,XPO,1
2026-06-11,Karlovy Vary,XL,1
2026-06-11,Kladno,XPO,1
2026-06-11,Kladno,VB,1
2026-06-11,Liberec,XPO,1
2026-06-11,Liberec,XL,2
2026-06-11,Mladá Boleslav,XPO,1
2026-06-11,Mladá Boleslav,XL,2
2026-06-11,Most,XPO,2
2026-06-11,Most,XL,1
2026-06-11,Mělník,XPO,1
2026-06-11,Olomouc,XPO,1
2026-06-11,Opava,XPO,1
2026-06-11,Ostrava,XPO,6
2026-06-11,Pardubice,XPO,4
2026-06-11,Pardubice,XL,1
2026-06-11,Pardubice,VB,1
2026-06-11,Plzeň město,XPO,2
2026-06-11,Plzeň město,XL,1
2026-06-11,Pobočka Chrášťany,XPO,5
2026-06-11,Pobočka Chrášťany,XL,3
2026-06-11,Pobočka Chrášťany,VB,4
2026-06-11,Počernice,XPO,7
2026-06-11,Počernice,XL,2
2026-06-11,Praha - centrála,XPO,2
2026-06-11,Příbram,XPO,1
2026-06-11,SKLC3,XPO,218
2026-06-11,SKLC3,XL,19
2026-06-11,SKLC3,VB,16
2026-06-11,Tábor,XPO,1
2026-06-11,Třebíč,XPO,1
2026-06-11,Zlín,XPO,2
2026-06-11,Ústí nad Labem,XPO,3
2026-06-11,Ústí nad Labem,VB,1
2026-06-11,Čakovice,XPO,3
2026-06-11,Čakovice,XL,1
2026-06-11,České Budějovice,XL,1
2026-06-12,Anděl,XPO,1
2026-06-12,Anděl,XL,1
2026-06-12,Benešov,XPO,1
2026-06-12,Beroun,XPO,4
2026-06-12,Beroun,VB,2
2026-06-12,Brno,XPO,3
2026-06-12,Brno,XL,3
2026-06-12,Brno,VB,1
2026-06-12,Brno Lískovec,XL,1
2026-06-12,Budějovická,XPO,4
2026-06-12,CZLC4,XPO,131
2026-06-12,CZLC4,XL,4
2026-06-12,Dejvice,XPO,3
2026-06-12,Dejvice,XL,1
2026-06-12,HULC1,VB,29
2026-06-12,Hradec,XPO,2
2026-06-12,Háje,XPO,3
2026-06-12,Háje,XL,2
2026-06-12,Jihlava,XPO,2
2026-06-12,Kladno,XPO,2
2026-06-12,Kolín,XPO,1
2026-06-12,Kolín,XL,2
2026-06-12,Kolín,VB,1
2026-06-12,Liberec,VB,1
2026-06-12,Most,XPO,1
2026-06-12,Most,VB,1
2026-06-12,Mělník,XPO,1
2026-06-12,Opava,VB,1
2026-06-12,Ostrava,XPO,3
2026-06-12,Ostrava,VB,1
2026-06-12,Pardubice,XPO,2
2026-06-12,Plzeň město,XPO,2
2026-06-12,Plzeň město,XL,1
2026-06-12,Pobočka Chrášťany,XPO,13
2026-06-12,Pobočka Chrášťany,VB,1
2026-06-12,Počernice,XPO,2
2026-06-12,Počernice,XL,2
2026-06-12,Praha - centrála,XPO,9
2026-06-12,Prostějov,VB,1
2026-06-12,Příbram,XPO,2
2026-06-12,SKLC3,XPO,192
2026-06-12,SKLC3,XL,143
2026-06-12,SKLC3,VB,40
2026-06-12,Třebíč,VB,1
2026-06-12,Zlín,XPO,1
2026-06-12,Čakovice,XPO,5
2026-06-12,České Budějovice,XPO,8
2026-06-13,Anděl,XPO,7
2026-06-13,Anděl,VB,2
2026-06-13,Benešov,XPO,1
2026-06-13,Beroun,XL,1
2026-06-13,Brno,XPO,9
2026-06-13,Brno Lískovec,XPO,9
2026-06-13,Brno Lískovec,XL,2
2026-06-13,Budějovická,XPO,5
2026-06-13,Budějovická,XL,1
2026-06-13,CZLC4,BPO,1
2026-06-13,CZLC4,XPO,143
2026-06-13,CZLC4,XL,4
2026-06-13,Dejvice,XL,1
2026-06-13,Děčín,XPO,1
2026-06-13,Frýdek-Místek,XPO,3
2026-06-13,HULC1,XL,18
2026-06-13,HULC1,VB,28
2026-06-13,Hradec,XPO,2
2026-06-13,Háje,XPO,5
2026-06-13,Háje,XL,1
2026-06-13,Jihlava,XPO,3
2026-06-13,Jihlava,XL,1
2026-06-13,Karlovy Vary,XPO,5
2026-06-13,Kladno,XPO,3
2026-06-13,Kladno,XL,1
2026-06-13,Kladno,VB,1
2026-06-13,Kolín,XPO,1
2026-06-13,Kolín,XL,2
2026-06-13,Liberec,XPO,2
2026-06-13,Liberec,XL,1
2026-06-13,Mladá Boleslav,XPO,2
2026-06-13,Mladá Boleslav,XL,2
2026-06-13,Mělník,XPO,1
2026-06-13,Mělník,XL,1
2026-06-13,Olomouc,XPO,6
2026-06-13,Opava,XL,1
2026-06-13,Pardubice,VB,3
2026-06-13,Plzeň město,XPO,5
2026-06-13,Plzeň město,XL,2
2026-06-13,Plzeň město,VB,1
2026-06-13,Pobočka Chrášťany,XPO,13
2026-06-13,Pobočka Chrášťany,XL,1
2026-06-13,Pobočka Chrášťany,VB,3
2026-06-13,Počernice,XPO,1
2026-06-13,Počernice,XL,1
2026-06-13,Počernice,VB,3
2026-06-13,Praha - centrála,XPO,1
2026-06-13,Praha - centrála,VB,1
2026-06-13,Prostějov,XPO,2
2026-06-13,Prostějov,XL,2
2026-06-13,Prostějov,VB,1
2026-06-13,SKLC3,XPO,183
2026-06-13,SKLC3,VB,41
2026-06-13,Zlín,XPO,4
2026-06-13,Ústí nad Labem,XPO,3
2026-06-13,Čakovice,XPO,5
2026-06-13,Čakovice,XL,4
2026-06-13,České Budějovice,XPO,4
2026-06-14,Anděl,XPO,2
2026-06-14,Benešov,XPO,1
2026-06-14,Brno,XPO,1
2026-06-14,Brno Lískovec,XL,1
2026-06-14,Budějovická,XPO,4
2026-06-14,Budějovická,XL,1
2026-06-14,CZLC4,XPO,151
2026-06-14,CZLC4,XL,6
2026-06-14,CZLC4,VB,2
2026-06-14,Dejvice,XL,1
2026-06-14,Děčín,XPO,1
2026-06-14,Frýdek-Místek,XPO,1
2026-06-14,Frýdek-Místek,XL,1
2026-06-14,HULC1,VB,4
2026-06-14,Hradec,XPO,6
2026-06-14,Hradec,XL,1
2026-06-14,Hradec,VB,1
2026-06-14,Háje,XPO,4
2026-06-14,Jihlava,XPO,2
2026-06-14,Kladno,XPO,1
2026-06-14,Kladno,VB,1
2026-06-14,Kolín,VB,1
2026-06-14,Liberec,XPO,1
2026-06-14,Mladá Boleslav,XL,1
2026-06-14,Mělník,XPO,2
2026-06-14,Olomouc,XPO,1
2026-06-14,Ostrava,XPO,8
2026-06-14,Ostrava,XL,4
2026-06-14,Pardubice,XPO,1
2026-06-14,Plzeň město,XPO,2
2026-06-14,Plzeň město,XL,1
2026-06-14,Pobočka Chrášťany,XPO,12
2026-06-14,Pobočka Chrášťany,XL,3
2026-06-14,Pobočka Chrášťany,VB,1
2026-06-14,Počernice,XPO,5
2026-06-14,Počernice,XL,1
2026-06-14,Počernice,VB,1
2026-06-14,Praha - centrála,XPO,5
2026-06-14,Praha - centrála,XL,1
2026-06-14,Prostějov,XL,1
2026-06-14,SKLC3,XPO,76
2026-06-14,SKLC3,XL,30
2026-06-14,SKLC3,VB,24
2026-06-14,Tábor,XPO,3
2026-06-14,Tábor,VB,1
2026-06-14,Třebíč,XPO,1
2026-06-14,Zlín,XPO,2
2026-06-14,Ústí nad Labem,XPO,2
2026-06-14,Ústí nad Labem,VB,6
2026-06-14,Čakovice,XPO,3
2026-06-14,Čakovice,VB,2
2026-06-14,České Budějovice,XPO,5
2026-06-14,České Budějovice,VB,2
2026-06-15,Anděl,XPO,4
2026-06-15,Benešov,XPO,1
2026-06-15,Beroun,XPO,4
2026-06-15,Brno,XPO,1
2026-06-15,Brno Lískovec,XPO,6
2026-06-15,Brno Lískovec,XL,2
2026-06-15,Budějovická,XPO,1
2026-06-15,Budějovická,XL,1
2026-06-15,CZLC4,XPO,192
2026-06-15,CZLC4,XL,4
2026-06-15,CZLC4,VB,2
2026-06-15,Dejvice,XPO,2
2026-06-15,Frýdek-Místek,XL,1
2026-06-15,HULC1,XPO,4
2026-06-15,HULC1,XL,14
2026-06-15,HULC1,VB,5
2026-06-15,Háje,XPO,5
2026-06-15,Háje,XL,1
2026-06-15,Jihlava,XPO,2
2026-06-15,Karlovy Vary,BPO,1
2026-06-15,Karlovy Vary,XPO,2
2026-06-15,Kladno,XPO,3
2026-06-15,Kolín,XPO,1
2026-06-15,Liberec,XL,2
2026-06-15,Mladá Boleslav,XL,1
2026-06-15,Most,XL,1
2026-06-15,Mělník,XPO,1
2026-06-15,Olomouc,XL,1
2026-06-15,Opava,XPO,1
2026-06-15,Opava,XL,1
2026-06-15,Ostrava,XPO,9
2026-06-15,Ostrava,XL,1
2026-06-15,Ostrava,VB,2
2026-06-15,Pardubice,XPO,2
2026-06-15,Plzeň město,XPO,4
2026-06-15,Plzeň město,XL,1
2026-06-15,Pobočka Chrášťany,XPO,12
2026-06-15,Pobočka Chrášťany,XL,4
2026-06-15,Pobočka Chrášťany,VB,1
2026-06-15,Počernice,XPO,21
2026-06-15,Počernice,VB,1
2026-06-15,Praha - centrála,XPO,12
2026-06-15,Praha - centrála,XL,1
2026-06-15,Praha - centrála,VB,1
2026-06-15,Příbram,XL,3
2026-06-15,SKLC3,XPO,154
2026-06-15,SKLC3,XL,28
2026-06-15,SKLC3,VB,48
2026-06-15,Tábor,XPO,3
2026-06-15,Zlín,XPO,1
2026-06-15,Zlín,XL,1
2026-06-15,Ústí nad Labem,XPO,2
2026-06-15,Ústí nad Labem,XL,1
2026-06-15,Čakovice,XPO,6
2026-06-15,Čakovice,XL,1
2026-06-15,České Budějovice,VB,1
2026-06-16,Anděl,XPO,6
2026-06-16,Benešov,XPO,1
2026-06-16,Beroun,XPO,3
2026-06-16,Brno,XPO,9
2026-06-16,Brno,VB,1
2026-06-16,Budějovická,XPO,2
2026-06-16,Budějovická,XL,2
2026-06-16,Budějovická,VB,4
2026-06-16,CZLC4,XPO,175
2026-06-16,CZLC4,XL,5
2026-06-16,CZLC4,VB,3
2026-06-16,Chomutov,XL,2
2026-06-16,Dejvice,XPO,1
2026-06-16,Děčín,XPO,1
2026-06-16,Frýdek-Místek,XPO,2
2026-06-16,HULC1,VB,62
2026-06-16,Hradec,XPO,5
2026-06-16,Hradec,XL,2
2026-06-16,Háje,XPO,5
2026-06-16,Háje,XL,1
2026-06-16,Jihlava,XPO,1
2026-06-16,Jihlava,XL,1
2026-06-16,Karlovy Vary,XPO,2
2026-06-16,Karlovy Vary,VB,1
2026-06-16,Kladno,XPO,2
2026-06-16,Kladno,XL,1
2026-06-16,Kolín,XPO,1
2026-06-16,Liberec,XPO,1
2026-06-16,Liberec,XL,1
2026-06-16,Mladá Boleslav,XPO,7
2026-06-16,Mělník,XPO,1
2026-06-16,Olomouc,XPO,1
2026-06-16,Opava,XPO,3
2026-06-16,Ostrava,XPO,4
2026-06-16,Pardubice,XPO,1
2026-06-16,Pardubice,XL,3
2026-06-16,Pardubice,VB,6
2026-06-16,Plzeň město,XPO,2
2026-06-16,Plzeň město,XL,1
2026-06-16,Plzeň město,VB,1
2026-06-16,Pobočka Chrášťany,XPO,10
2026-06-16,Pobočka Chrášťany,XL,5
2026-06-16,Pobočka Chrášťany,VB,2
2026-06-16,Počernice,XPO,2
2026-06-16,Počernice,XL,1
2026-06-16,Praha - centrála,XPO,3
2026-06-16,Praha - centrála,XL,2
2026-06-16,SKLC3,XPO,384
2026-06-16,SKLC3,XL,37
2026-06-16,Tábor,XPO,1
2026-06-16,Třebíč,XL,1
2026-06-16,Zlín,XPO,3
2026-06-16,Ústí nad Labem,XPO,3
2026-06-16,Ústí nad Labem,XL,1
2026-06-16,Ústí nad Labem,VB,1
2026-06-16,Čakovice,XPO,2
2026-06-16,Čakovice,XL,4
2026-06-16,Čakovice,VB,2
2026-06-16,České Budějovice,XPO,1
2026-06-16,České Budějovice,XL,2
2026-06-17,Anděl,XPO,23
2026-06-17,Anděl,VB,1
2026-06-17,Benešov,BPO,1
2026-06-17,Benešov,XPO,1
2026-06-17,Benešov,XL,2
2026-06-17,Beroun,XPO,3
2026-06-17,Brno,XPO,8
2026-06-17,Brno,XL,2
2026-06-17,Brno Lískovec,XPO,2
2026-06-17,Brno Lískovec,XL,1
2026-06-17,Brno Lískovec,VB,1
2026-06-17,Budějovická,XPO,5
2026-06-17,CZLC4,XPO,118
2026-06-17,CZLC4,XL,6
2026-06-17,Frýdek-Místek,VB,1
2026-06-17,HULC1,XPO,4
2026-06-17,HULC1,XL,9
2026-06-17,HULC1,VB,102
2026-06-17,Hradec,XPO,2
2026-06-17,Hradec,XL,2
2026-06-17,Hradec,VB,2
2026-06-17,Háje,XPO,5
2026-06-17,Háje,XL,2
2026-06-17,Karlovy Vary,XPO,3
2026-06-17,Karlovy Vary,XL,1
2026-06-17,Kladno,XPO,1
2026-06-17,Kolín,XPO,3
2026-06-17,Liberec,XPO,3
2026-06-17,Liberec,XL,1
2026-06-17,Mladá Boleslav,XL,2
2026-06-17,Most,XPO,2
2026-06-17,Mělník,XL,2
2026-06-17,Olomouc,XPO,3
2026-06-17,Opava,XL,1
2026-06-17,Ostrava,XPO,7
2026-06-17,Ostrava,XL,1
2026-06-17,Ostrava,VB,2
2026-06-17,Pardubice,XPO,4
2026-06-17,Pardubice,VB,2
2026-06-17,Plzeň město,XPO,4
2026-06-17,Pobočka Chrášťany,XPO,13
2026-06-17,Pobočka Chrášťany,XL,4
2026-06-17,Pobočka Chrášťany,VB,4
2026-06-17,Počernice,XPO,2
2026-06-17,Praha - centrála,XPO,7
2026-06-17,Praha - centrála,VB,2
2026-06-17,SKLC3,BPO,1
2026-06-17,SKLC3,XPO,203
2026-06-17,SKLC3,XL,20
2026-06-17,SKLC3,VB,75
2026-06-17,Tábor,VB,1
2026-06-17,Třebíč,XPO,1
2026-06-17,Zlín,XPO,2
2026-06-17,Ústí nad Labem,XPO,3
2026-06-17,Ústí nad Labem,XL,1
2026-06-17,Čakovice,XPO,7
2026-06-17,Čakovice,XL,1
2026-06-17,České Budějovice,XPO,1
2026-06-17,České Budějovice,XL,3
2026-06-18,Anděl,XPO,4
2026-06-18,Anděl,XL,3
2026-06-18,Anděl,VB,1
2026-06-18,Benešov,XPO,3
2026-06-18,Benešov,XL,1
2026-06-18,Beroun,XPO,1
2026-06-18,Brno,XPO,4
2026-06-18,Brno,XL,1
2026-06-18,Brno Lískovec,XPO,4
2026-06-18,Brno Lískovec,XL,1
2026-06-18,Budějovická,XPO,6
2026-06-18,Budějovická,XL,1
2026-06-18,CZLC4,XPO,192
2026-06-18,CZLC4,XL,6
2026-06-18,Dejvice,XPO,1
2026-06-18,Děčín,XPO,3
2026-06-18,Děčín,XL,1
2026-06-18,Frýdek-Místek,XPO,2
2026-06-18,HULC1,XPO,1
2026-06-18,HULC1,VB,51
2026-06-18,Hradec,XPO,1
2026-06-18,Hradec,XL,1
2026-06-18,Háje,XPO,5
2026-06-18,Háje,VB,1
2026-06-18,Jihlava,XL,1
2026-06-18,Karlovy Vary,XPO,2
2026-06-18,Kladno,XPO,2
2026-06-18,Kladno,XL,1
2026-06-18,Kolín,VB,1
2026-06-18,Liberec,XPO,1
2026-06-18,Liberec,VB,2
2026-06-18,Most,XPO,6
2026-06-18,Most,XL,5
2026-06-18,Most,VB,1
2026-06-18,Mělník,XL,2
2026-06-18,Olomouc,XPO,3
2026-06-18,Olomouc,XL,1
2026-06-18,Ostrava,VB,1
2026-06-18,Plzeň město,XPO,8
2026-06-18,Plzeň město,XL,2
2026-06-18,Pobočka Chrášťany,XPO,23
2026-06-18,Pobočka Chrášťany,XL,4
2026-06-18,Pobočka Chrášťany,VB,2
2026-06-18,Počernice,XPO,4
2026-06-18,Počernice,XL,2
2026-06-18,Počernice,VB,1
2026-06-18,Praha - centrála,XL,1
2026-06-18,Příbram,XPO,2
2026-06-18,SKLC3,XPO,132
2026-06-18,SKLC3,XL,54
2026-06-18,SKLC3,VB,40
2026-06-18,Třebíč,XPO,1
2026-06-18,Zlín,XPO,3
2026-06-18,Zlín,XL,2
2026-06-18,Zlín,VB,1
2026-06-18,Ústí nad Labem,XPO,2
2026-06-18,Ústí nad Labem,XL,1
2026-06-18,Čakovice,XPO,1
2026-06-18,Čakovice,XL,1
2026-06-18,Čakovice,VB,2
2026-06-18,České Budějovice,XPO,3
2026-06-18,České Budějovice,XL,1
2026-06-19,Anděl,XPO,1
2026-06-19,Anděl,XL,4
2026-06-19,Beroun,XPO,1
2026-06-19,Brno,XPO,3
2026-06-19,Brno,XL,4
2026-06-19,Brno Lískovec,XL,1
2026-06-19,Brno Lískovec,VB,1
2026-06-19,Budějovická,XPO,3
2026-06-19,Budějovická,XL,1
2026-06-19,CZLC4,SPO,1
2026-06-19,CZLC4,BPO,1
2026-06-19,CZLC4,XPO,187
2026-06-19,CZLC4,XL,4
2026-06-19,CZLC4,VB,1
2026-06-19,Chomutov,XPO,5
2026-06-19,Chomutov,XL,1
2026-06-19,Chomutov,VB,1
2026-06-19,Dejvice,XPO,3
2026-06-19,Dejvice,XL,1
2026-06-19,Děčín,XPO,1
2026-06-19,Frýdek-Místek,XPO,1
2026-06-19,HULC1,XL,37
2026-06-19,HULC1,VB,10
2026-06-19,Hradec,XPO,2
2026-06-19,Háje,XPO,2
2026-06-19,Háje,XL,1
2026-06-19,Jihlava,XPO,4
2026-06-19,Jihlava,XL,1
2026-06-19,Kladno,XPO,1
2026-06-19,Kolín,VB,1
2026-06-19,Liberec,XPO,2
2026-06-19,Most,XPO,2
2026-06-19,Most,VB,1
2026-06-19,Mělník,XPO,2
2026-06-19,Olomouc,XPO,4
2026-06-19,Olomouc,VB,1
2026-06-19,Opava,XPO,1
2026-06-19,Opava,XL,1
2026-06-19,Ostrava,XPO,1
2026-06-19,Pardubice,XPO,2
2026-06-19,Plzeň město,XPO,3
2026-06-19,Pobočka Chrášťany,XPO,11
2026-06-19,Pobočka Chrášťany,XL,2
2026-06-19,Počernice,XPO,3
2026-06-19,Počernice,XL,2
2026-06-19,Počernice,VB,3
2026-06-19,Praha - centrála,XPO,14
2026-06-19,Praha - centrála,XL,2
2026-06-19,Příbram,XPO,2
2026-06-19,SKLC3,XPO,350
2026-06-19,SKLC3,VB,35
2026-06-19,Tábor,XPO,1
2026-06-19,Tábor,XL,1
2026-06-19,Třebíč,XPO,3
2026-06-19,Třebíč,VB,1
2026-06-19,Zlín,XPO,3
2026-06-19,Ústí nad Labem,XPO,4
2026-06-19,Ústí nad Labem,XL,1
2026-06-19,Čakovice,XPO,2
2026-06-19,Čakovice,XL,1
2026-06-19,České Budějovice,XPO,2
2026-06-19,České Budějovice,VB,1
2026-06-20,Anděl,XPO,5
2026-06-20,Anděl,XL,1
2026-06-20,Benešov,XPO,1
2026-06-20,Beroun,XPO,4
2026-06-20,Brno,XPO,10
2026-06-20,Brno,XL,1
2026-06-20,Brno Lískovec,XPO,3
2026-06-20,Brno Lískovec,XL,2
2026-06-20,Budějovická,XPO,2
2026-06-20,Budějovická,XL,1
2026-06-20,CZLC4,XPO,114
2026-06-20,CZLC4,XL,3
2026-06-20,CZLC4,VB,1
2026-06-20,Chomutov,XL,1
2026-06-20,Dejvice,XPO,3
2026-06-20,Frýdek-Místek,XPO,1
2026-06-20,HULC1,XPO,9
2026-06-20,HULC1,VB,44
2026-06-20,Hradec,XPO,7
2026-06-20,Hradec,XL,1
2026-06-20,Háje,XPO,8
2026-06-20,Háje,XL,1
2026-06-20,Háje,VB,1
2026-06-20,Jihlava,XPO,1
2026-06-20,Karlovy Vary,XPO,1
2026-06-20,Karlovy Vary,XL,2
2026-06-20,Kladno,XPO,1
2026-06-20,Kladno,XL,1
2026-06-20,Kolín,XPO,1
2026-06-20,Kolín,XL,3
2026-06-20,Liberec,XPO,5
2026-06-20,Mladá Boleslav,XPO,3
2026-06-20,Mladá Boleslav,XL,1
2026-06-20,Most,XPO,8
2026-06-20,Most,VB,3
2026-06-20,Mělník,XPO,1
2026-06-20,Mělník,XL,1
2026-06-20,Olomouc,XPO,7
2026-06-20,Opava,XPO,2
2026-06-20,Opava,XL,1
2026-06-20,Ostrava,XPO,4
2026-06-20,Ostrava,VB,1
2026-06-20,Pardubice,XPO,3
2026-06-20,Pardubice,XL,2
2026-06-20,Plzeň město,XPO,2
2026-06-20,Plzeň město,XL,2
2026-06-20,Pobočka Chrášťany,XPO,17
2026-06-20,Pobočka Chrášťany,XL,3
2026-06-20,Počernice,XPO,5
2026-06-20,Počernice,XL,5
2026-06-20,Praha - centrála,XPO,6
2026-06-20,Praha - centrála,XL,1
2026-06-20,Praha - centrála,VB,5
2026-06-20,Příbram,XPO,1
2026-06-20,SKLC3,XPO,196
2026-06-20,SKLC3,XL,36
2026-06-20,SKLC3,VB,34
2026-06-20,Tábor,XPO,2
2026-06-20,Třebíč,XL,1
2026-06-20,Zlín,XL,1
2026-06-20,Ústí nad Labem,XPO,1
2026-06-20,Ústí nad Labem,XL,2
2026-06-20,Čakovice,XPO,6
2026-06-20,Čakovice,XL,2
2026-06-20,Čakovice,VB,1
2026-06-20,České Budějovice,XPO,2
2026-06-20,České Budějovice,XL,1
2026-06-21,Anděl,XPO,7
2026-06-21,Benešov,XPO,1
2026-06-21,Benešov,XL,1
2026-06-21,Beroun,XL,1
2026-06-21,Brno,XPO,3
2026-06-21,Brno Lískovec,XPO,4
2026-06-21,Brno Lískovec,XL,1
2026-06-21,Budějovická,XPO,3
2026-06-21,Budějovická,XL,1
2026-06-21,CZLC4,XPO,175
2026-06-21,CZLC4,XL,3
2026-06-21,Chomutov,XPO,1
2026-06-21,Chomutov,XL,1
2026-06-21,Děčín,XPO,2
2026-06-21,Frýdek-Místek,XPO,1
2026-06-21,Hradec,XPO,2
2026-06-21,Hradec,XL,1
2026-06-21,Háje,XPO,9
2026-06-21,Jihlava,XPO,1
2026-06-21,Karlovy Vary,XPO,4
2026-06-21,Karlovy Vary,XL,1
2026-06-21,Kladno,XPO,3
2026-06-21,Kolín,XPO,1
2026-06-21,Liberec,XL,2
2026-06-21,Most,XPO,3
2026-06-21,Most,VB,1
2026-06-21,Mělník,XPO,2
2026-06-21,Mělník,VB,1
2026-06-21,Olomouc,XPO,3
2026-06-21,Olomouc,XL,1
2026-06-21,Olomouc,VB,1
2026-06-21,Opava,XPO,1
2026-06-21,Ostrava,XPO,2
2026-06-21,Ostrava,VB,1
2026-06-21,Pardubice,XPO,1
2026-06-21,Plzeň město,XPO,4
2026-06-21,Plzeň město,VB,1
2026-06-21,Pobočka Chrášťany,XPO,20
2026-06-21,Pobočka Chrášťany,VB,3
2026-06-21,Počernice,XPO,1
2026-06-21,Počernice,XL,2
2026-06-21,Praha - centrála,XPO,4
2026-06-21,Praha - centrála,XL,1
2026-06-21,Praha - centrála,VB,2
2026-06-21,Prostějov,XPO,1
2026-06-21,Prostějov,XL,1
2026-06-21,SKLC3,XPO,177
2026-06-21,SKLC3,XL,19
2026-06-21,SKLC3,VB,6
2026-06-21,Tábor,XPO,1
2026-06-21,Ústí nad Labem,XPO,3
2026-06-21,Ústí nad Labem,XL,1
2026-06-21,Čakovice,XPO,4
2026-06-21,Čakovice,VB,2
2026-06-21,České Budějovice,XPO,2
2026-06-21,České Budějovice,XL,1
2026-06-22,Anděl,XPO,8
2026-06-22,Anděl,XL,2
2026-06-22,Beroun,XPO,1
2026-06-22,Beroun,XL,1
2026-06-22,Brno,XPO,4
2026-06-22,Brno Lískovec,XPO,4
2026-06-22,Brno Lískovec,XL,1
2026-06-22,Brno Lískovec,VB,1
2026-06-22,Budějovická,XPO,6
2026-06-22,Budějovická,XL,2
2026-06-22,CZLC4,XPO,182
2026-06-22,CZLC4,XL,2
2026-06-22,CZLC4,VB,1
2026-06-22,Chomutov,XPO,2
2026-06-22,Chomutov,XL,3
2026-06-22,Dejvice,XPO,1
2026-06-22,Frýdek-Místek,XPO,2
2026-06-22,HULC1,XL,11
2026-06-22,HULC1,VB,14
2026-06-22,Hradec,XPO,4
2026-06-22,Hradec,XL,1
2026-06-22,Háje,XPO,10
2026-06-22,Háje,XL,1
2026-06-22,Jihlava,XPO,1
2026-06-22,Kladno,XPO,1
2026-06-22,Kolín,XPO,5
2026-06-22,Mladá Boleslav,XPO,8
2026-06-22,Most,XPO,1
2026-06-22,Mělník,XL,2
2026-06-22,Olomouc,XPO,5
2026-06-22,Ostrava,XPO,6
2026-06-22,Ostrava,XL,2
2026-06-22,Plzeň město,XPO,7
2026-06-22,Plzeň město,XL,1
2026-06-22,Plzeň město,VB,1
2026-06-22,Pobočka Chrášťany,XPO,38
2026-06-22,Pobočka Chrášťany,XL,1
2026-06-22,Počernice,XPO,2
2026-06-22,Počernice,XL,1
2026-06-22,Praha - centrála,XPO,8
2026-06-22,Praha - centrála,XL,3
2026-06-22,Praha - centrála,VB,3
2026-06-22,Prostějov,VB,1
2026-06-22,Příbram,XL,1
2026-06-22,SKLC3,BPO,1
2026-06-22,SKLC3,XPO,65
2026-06-22,SKLC3,XL,2
2026-06-22,SKLC3,VB,1
2026-06-22,Tábor,XPO,1
2026-06-22,Třebíč,XPO,1
2026-06-22,Třebíč,XL,2
2026-06-22,Zlín,XPO,1
2026-06-22,Zlín,XL,2
2026-06-22,Zlín,VB,1
2026-06-22,Ústí nad Labem,XPO,3
2026-06-22,Ústí nad Labem,XL,2
2026-06-22,Čakovice,XPO,7
2026-06-22,Čakovice,VB,1
2026-06-22,České Budějovice,XPO,3
2026-06-23,Anděl,XPO,6
2026-06-23,Anděl,XL,1
2026-06-23,Benešov,XPO,4
2026-06-23,Beroun,XPO,2
2026-06-23,Beroun,XL,1
2026-06-23,Brno,XPO,7
2026-06-23,Brno,XL,2
2026-06-23,Brno Lískovec,XPO,3
2026-06-23,Budějovická,XPO,4
2026-06-23,Budějovická,XL,1
2026-06-23,Budějovická,VB,1
2026-06-23,CZLC4,BPO,1
2026-06-23,CZLC4,XPO,134
2026-06-23,CZLC4,XL,2
2026-06-23,CZLC4,VB,1
2026-06-23,Chomutov,XPO,2
2026-06-23,Dejvice,XPO,3
2026-06-23,Děčín,XPO,1
2026-06-23,Děčín,XL,1
2026-06-23,Děčín,VB,1
2026-06-23,Frýdek-Místek,XPO,8
2026-06-23,Frýdek-Místek,XL,2
2026-06-23,HULC1,XPO,3
2026-06-23,HULC1,XL,44
2026-06-23,HULC1,VB,37
2026-06-23,Hradec,XPO,2
2026-06-23,Hradec,XL,1
2026-06-23,Háje,XPO,4
2026-06-23,Jihlava,XPO,2
2026-06-23,Karlovy Vary,XPO,2
2026-06-23,Kladno,XPO,2
2026-06-23,Kladno,XL,1
2026-06-23,Kolín,XPO,2
2026-06-23,Kolín,XL,2
2026-06-23,Liberec,XPO,1
2026-06-23,Mladá Boleslav,XPO,3
2026-06-23,Mladá Boleslav,VB,1
2026-06-23,Most,XPO,17
2026-06-23,Most,XL,2
2026-06-23,Olomouc,XPO,3
2026-06-23,Olomouc,XL,2
2026-06-23,Opava,XPO,3
2026-06-23,Ostrava,XPO,11
2026-06-23,Ostrava,XL,1
2026-06-23,Pardubice,XPO,2
2026-06-23,Plzeň město,XPO,6
2026-06-23,Pobočka Chrášťany,XPO,28
2026-06-23,Pobočka Chrášťany,XL,7
2026-06-23,Pobočka Chrášťany,VB,1
2026-06-23,Počernice,XPO,4
2026-06-23,Počernice,XL,2
2026-06-23,Počernice,VB,1
2026-06-23,Praha - centrála,XPO,15
2026-06-23,Praha - centrála,XL,3
2026-06-23,Praha - centrála,VB,3
2026-06-23,Příbram,XPO,6
2026-06-23,SKLC3,XPO,12
2026-06-23,SKLC3,XL,1
2026-06-23,Tábor,XPO,1
2026-06-23,Třebíč,XPO,1
2026-06-23,Třebíč,VB,1
2026-06-23,Zlín,XPO,2
2026-06-23,Ústí nad Labem,XPO,6
2026-06-23,Ústí nad Labem,XL,1
2026-06-23,Čakovice,XPO,6
2026-06-23,Čakovice,XL,2
2026-06-23,České Budějovice,XPO,2
2026-06-23,České Budějovice,XL,2
2026-06-24,Anděl,XPO,3
2026-06-24,Benešov,XPO,1
2026-06-24,Beroun,XPO,4
2026-06-24,Brno,XPO,4
2026-06-24,Brno,XL,3
2026-06-24,Brno Lískovec,XPO,6
2026-06-24,Brno Lískovec,XL,1
2026-06-24,Budějovická,XPO,11
2026-06-24,Budějovická,XL,3
2026-06-24,CZLC4,XPO,187
2026-06-24,CZLC4,XL,4
2026-06-24,CZLC4,VB,1
2026-06-24,Chomutov,XPO,2
2026-06-24,Dejvice,XPO,7
2026-06-24,Dejvice,XL,2
2026-06-24,Děčín,XPO,2
2026-06-24,Frýdek-Místek,XPO,6
2026-06-24,HULC1,XPO,4
2026-06-24,HULC1,XL,4
2026-06-24,HULC1,VB,35
2026-06-24,Hradec,XPO,5
2026-06-24,Háje,XPO,6
2026-06-24,Háje,XL,4
2026-06-24,Jihlava,XPO,2
2026-06-24,Karlovy Vary,XPO,2
2026-06-24,Karlovy Vary,XL,1
2026-06-24,Kolín,XPO,3
2026-06-24,Liberec,XPO,4
2026-06-24,Mladá Boleslav,XPO,1
2026-06-24,Most,XPO,5
2026-06-24,Mělník,XPO,5
2026-06-24,Mělník,XL,1
2026-06-24,Olomouc,XPO,2
2026-06-24,Opava,XPO,1
2026-06-24,Opava,VB,1
2026-06-24,Ostrava,XPO,9
2026-06-24,Ostrava,XL,1
2026-06-24,Pardubice,XPO,1
2026-06-24,Plzeň město,XPO,6
2026-06-24,Plzeň město,XL,2
2026-06-24,Pobočka Chrášťany,XPO,13
2026-06-24,Pobočka Chrášťany,XL,5
2026-06-24,Pobočka Chrášťany,VB,2
2026-06-24,Počernice,XPO,4
2026-06-24,Počernice,XL,2
2026-06-24,Praha - centrála,XPO,3
2026-06-24,Praha - centrála,XL,3
2026-06-24,Prostějov,XL,2
2026-06-24,Příbram,XPO,1
2026-06-24,Příbram,VB,1
2026-06-24,SKLC3,BPO,1
2026-06-24,SKLC3,XPO,12
2026-06-24,SKLC3,VB,2
2026-06-24,Tábor,XPO,1
2026-06-24,Zlín,XPO,5
2026-06-24,Ústí nad Labem,XPO,6
2026-06-24,Čakovice,XPO,3
2026-06-24,Čakovice,XL,1
2026-06-24,České Budějovice,XPO,2
2026-06-24,České Budějovice,XL,1
2026-06-25,Anděl,XPO,4
2026-06-25,Anděl,XL,1
2026-06-25,Anděl,VB,1
2026-06-25,Benešov,XPO,3
2026-06-25,Beroun,XPO,3
2026-06-25,Brno,XPO,21
2026-06-25,Brno,XL,2
2026-06-25,Brno,VB,4
2026-06-25,Brno Lískovec,XPO,5
2026-06-25,Brno Lískovec,XL,2
2026-06-25,Budějovická,XPO,6
2026-06-25,Budějovická,XL,4
2026-06-25,Budějovická,VB,1
2026-06-25,CZLC4,SPO,1
2026-06-25,CZLC4,BPO,1
2026-06-25,CZLC4,XPO,223
2026-06-25,CZLC4,XL,3
2026-06-25,Chomutov,XPO,1
2026-06-25,Dejvice,XPO,4
2026-06-25,Dejvice,XL,1
2026-06-25,Frýdek-Místek,VB,1
2026-06-25,HULC1,VB,28
2026-06-25,Hradec,XPO,6
2026-06-25,Hradec,XL,2
2026-06-25,Hradec,VB,1
2026-06-25,Háje,XPO,6
2026-06-25,Háje,VB,1
2026-06-25,Jihlava,XL,1
2026-06-25,Karlovy Vary,XPO,6
2026-06-25,Kladno,XPO,4
2026-06-25,Kladno,XL,1
2026-06-25,Kolín,XPO,5
2026-06-25,Kolín,XL,1
2026-06-25,Liberec,XPO,3
2026-06-25,Liberec,XL,1
2026-06-25,Mladá Boleslav,XPO,7
2026-06-25,Mladá Boleslav,XL,1
2026-06-25,Mladá Boleslav,VB,1
2026-06-25,Most,XPO,3
2026-06-25,Mělník,XPO,3
2026-06-25,Mělník,XL,2
2026-06-25,Mělník,VB,1
2026-06-25,Olomouc,XPO,3
2026-06-25,Ostrava,XPO,8
2026-06-25,Ostrava,XL,2
2026-06-25,Ostrava,VB,3
2026-06-25,Pardubice,XPO,5
2026-06-25,Pardubice,XL,1
2026-06-25,Plzeň město,XPO,14
2026-06-25,Plzeň město,XL,1
2026-06-25,Plzeň město,VB,2
2026-06-25,Pobočka Chrášťany,XPO,17
2026-06-25,Pobočka Chrášťany,XL,5
2026-06-25,Pobočka Chrášťany,VB,1
2026-06-25,Praha - centrála,XPO,8
2026-06-25,Praha - centrála,XL,3
2026-06-25,Praha - centrála,VB,1
2026-06-25,Prostějov,XPO,3
2026-06-25,Příbram,XPO,2
2026-06-25,SKLC3,XPO,15
2026-06-25,SKLC3,XL,2
2026-06-25,SKLC3,VB,11
2026-06-25,Tábor,XPO,3
2026-06-25,Třebíč,VB,1
2026-06-25,Zlín,XPO,4
2026-06-25,Ústí nad Labem,XPO,14
2026-06-25,Ústí nad Labem,XL,2
2026-06-25,Čakovice,XPO,6
2026-06-25,Čakovice,XL,1
2026-06-25,České Budějovice,BPO,1
2026-06-25,České Budějovice,XPO,10
2026-06-26,Anděl,XPO,1
2026-06-26,Benešov,XPO,10
2026-06-26,Benešov,XL,1
2026-06-26,Beroun,XPO,2
2026-06-26,Beroun,XL,1
2026-06-26,Brno,XPO,7
2026-06-26,Brno Lískovec,XPO,3
2026-06-26,Budějovická,XPO,13
2026-06-26,Budějovická,XL,1
2026-06-26,Budějovická,VB,3
2026-06-26,CZLC4,XPO,110
2026-06-26,CZLC4,XL,1
2026-06-26,Chomutov,XPO,1
2026-06-26,Dejvice,XPO,4
2026-06-26,Děčín,XPO,1
2026-06-26,Frýdek-Místek,XL,1
2026-06-26,HULC1,VB,16
2026-06-26,Hradec,XPO,6
2026-06-26,Hradec,XL,3
2026-06-26,Háje,XPO,3
2026-06-26,Jihlava,XPO,7
2026-06-26,Jihlava,XL,2
2026-06-26,Karlovy Vary,XPO,1
2026-06-26,Karlovy Vary,XL,1
2026-06-26,Karlovy Vary,VB,3
2026-06-26,Kladno,XPO,3
2026-06-26,Kolín,XPO,5
2026-06-26,Kolín,XL,1
2026-06-26,Kolín,VB,1
2026-06-26,Liberec,XPO,1
2026-06-26,Mladá Boleslav,XPO,5
2026-06-26,Mladá Boleslav,XL,1
2026-06-26,Most,XPO,1
2026-06-26,Mělník,XPO,1
2026-06-26,Olomouc,XPO,2
2026-06-26,Olomouc,XL,1
2026-06-26,Opava,XPO,1
2026-06-26,Opava,XL,1
2026-06-26,Ostrava,XPO,7
2026-06-26,Ostrava,XL,1
2026-06-26,Ostrava,VB,2
2026-06-26,Pardubice,XPO,9
2026-06-26,Pardubice,XL,2
2026-06-26,Plzeň město,XPO,13
2026-06-26,Plzeň město,XL,2
2026-06-26,Pobočka Chrášťany,XPO,18
2026-06-26,Pobočka Chrášťany,XL,3
2026-06-26,Pobočka Chrášťany,VB,6
2026-06-26,Počernice,XPO,10
2026-06-26,Počernice,XL,2
2026-06-26,Počernice,VB,1
2026-06-26,Praha - centrála,XPO,9
2026-06-26,Praha - centrála,XL,4
2026-06-26,Prostějov,XPO,2
2026-06-26,Prostějov,XL,1
2026-06-26,Příbram,XPO,2
2026-06-26,SKLC3,XPO,9
2026-06-26,SKLC3,XL,4
2026-06-26,SKLC3,VB,4
2026-06-26,Tábor,XPO,1
2026-06-26,Třebíč,XPO,2
2026-06-26,Zlín,XPO,3
2026-06-26,Ústí nad Labem,XPO,4
2026-06-26,Ústí nad Labem,XL,4
2026-06-26,Čakovice,XPO,9
2026-06-26,Čakovice,XL,2
2026-06-26,Čakovice,VB,2
2026-06-26,České Budějovice,XPO,8
2026-06-26,České Budějovice,XL,3
2026-06-26,České Budějovice,VB,1
2026-06-27,Anděl,XPO,14
2026-06-27,Anděl,VB,1
2026-06-27,Benešov,XPO,2
2026-06-27,Benešov,XL,2
2026-06-27,Brno,XPO,16
2026-06-27,Brno,XL,2
2026-06-27,Brno Lískovec,XPO,14
2026-06-27,Brno Lískovec,XL,1
2026-06-27,Budějovická,XPO,6
2026-06-27,CZLC4,XPO,160
2026-06-27,CZLC4,XL,2
2026-06-27,Chomutov,XPO,1
2026-06-27,Dejvice,XPO,9
2026-06-27,Dejvice,XL,3
2026-06-27,Děčín,XPO,3
2026-06-27,Frýdek-Místek,XPO,3
2026-06-27,HULC1,XL,5
2026-06-27,Hradec,XPO,1
2026-06-27,Hradec,XL,2
2026-06-27,Hradec,VB,1
2026-06-27,Háje,XPO,6
2026-06-27,Háje,XL,1
2026-06-27,Jihlava,XPO,1
2026-06-27,Karlovy Vary,XPO,3
2026-06-27,Karlovy Vary,XL,1
2026-06-27,Kladno,XPO,9
2026-06-27,Kladno,XL,1
2026-06-27,Kolín,XPO,3
2026-06-27,Kolín,XL,2
2026-06-27,Liberec,XPO,1
2026-06-27,Liberec,XL,1
2026-06-27,Mladá Boleslav,XPO,5
2026-06-27,Mladá Boleslav,XL,2
2026-06-27,Most,XPO,3
2026-06-27,Most,XL,1
2026-06-27,Most,VB,1
2026-06-27,Mělník,XPO,2
2026-06-27,Mělník,XL,2
2026-06-27,Olomouc,XPO,4
2026-06-27,Opava,XPO,1
2026-06-27,Opava,VB,2
2026-06-27,Ostrava,XPO,9
2026-06-27,Ostrava,VB,2
2026-06-27,Pardubice,XPO,5
2026-06-27,Pardubice,XL,1
2026-06-27,Plzeň město,XPO,11
2026-06-27,Plzeň město,XL,1
2026-06-27,Pobočka Chrášťany,XPO,16
2026-06-27,Pobočka Chrášťany,XL,1
2026-06-27,Počernice,XPO,14
2026-06-27,Počernice,XL,3
2026-06-27,Počernice,VB,1
2026-06-27,Praha - centrála,BPO,1
2026-06-27,Praha - centrála,XPO,16
2026-06-27,Praha - centrála,XL,3
2026-06-27,Praha - centrála,VB,1
2026-06-27,Příbram,XPO,3
2026-06-27,SKLC3,XPO,4
2026-06-27,SKLC3,VB,2
2026-06-27,Tábor,XPO,4
2026-06-27,Třebíč,XPO,1
2026-06-27,Zlín,XPO,1
2026-06-27,Ústí nad Labem,XPO,3
2026-06-27,Čakovice,XPO,6
2026-06-27,České Budějovice,XPO,6
2026-06-27,České Budějovice,XL,4
2026-06-27,České Budějovice,VB,1
2026-06-28,Anděl,XPO,12
2026-06-28,Benešov,XPO,7
2026-06-28,Beroun,XPO,10
2026-06-28,Beroun,XL,1
2026-06-28,Brno,XPO,6
2026-06-28,Brno,XL,1
2026-06-28,Brno Lískovec,XPO,12
2026-06-28,Brno Lískovec,XL,1
2026-06-28,Budějovická,XPO,8
2026-06-28,CZLC4,XPO,85
2026-06-28,CZLC4,XL,1
2026-06-28,Chomutov,XPO,2
2026-06-28,Dejvice,XPO,6
2026-06-28,Dejvice,XL,1
2026-06-28,Děčín,XPO,2
2026-06-28,Frýdek-Místek,XPO,1
2026-06-28,HULC1,XL,8
2026-06-28,Hradec,XPO,6
2026-06-28,Hradec,XL,1
2026-06-28,Háje,XPO,5
2026-06-28,Háje,XL,1
2026-06-28,Háje,VB,2
2026-06-28,Jihlava,XPO,5
2026-06-28,Jihlava,XL,1
2026-06-28,Karlovy Vary,XPO,4
2026-06-28,Kladno,XPO,7
2026-06-28,Kladno,XL,2
2026-06-28,Kolín,XPO,6
2026-06-28,Kolín,XL,1
2026-06-28,Kolín,VB,1
2026-06-28,Liberec,XPO,3
2026-06-28,Liberec,VB,1
2026-06-28,Mladá Boleslav,XPO,5
2026-06-28,Most,XPO,3
2026-06-28,Mělník,XPO,3
2026-06-28,Olomouc,XPO,2
2026-06-28,Opava,XPO,3
2026-06-28,Ostrava,XPO,14
2026-06-28,Ostrava,XL,3
2026-06-28,Pardubice,XPO,3
2026-06-28,Plzeň město,XPO,11
2026-06-28,Plzeň město,XL,2
2026-06-28,Pobočka Chrášťany,XPO,15
2026-06-28,Pobočka Chrášťany,XL,4
2026-06-28,Pobočka Chrášťany,VB,2
2026-06-28,Počernice,XPO,16
2026-06-28,Praha - centrála,XPO,10
2026-06-28,Praha - centrála,XL,1
2026-06-28,Prostějov,XPO,2
2026-06-28,Příbram,XPO,2
2026-06-28,Příbram,VB,1
2026-06-28,SKLC3,XPO,1
2026-06-28,Tábor,XPO,2
2026-06-28,Třebíč,XPO,4
2026-06-28,Zlín,XPO,2
2026-06-28,Zlín,XL,2
2026-06-28,Ústí nad Labem,XPO,4
2026-06-28,Čakovice,XPO,14
2026-06-28,Čakovice,VB,2
2026-06-28,České Budějovice,XPO,11
2026-06-28,České Budějovice,XL,3
2026-06-28,České Budějovice,VB,2
2026-06-29,Anděl,XPO,4
2026-06-29,Anděl,XL,1
2026-06-29,Benešov,XPO,2
2026-06-29,Beroun,XPO,6
2026-06-29,Brno,XPO,6
2026-06-29,Brno,XL,1
2026-06-29,Brno,VB,2
2026-06-29,Brno Lískovec,XPO,17
2026-06-29,Brno Lískovec,VB,1
2026-06-29,Budějovická,XPO,9
2026-06-29,Budějovická,XL,1
2026-06-29,CZLC4,XPO,182
2026-06-29,CZLC4,XL,3
2026-06-29,Chomutov,XPO,1
2026-06-29,Dejvice,XPO,5
2026-06-29,Dejvice,XL,4
2026-06-29,Děčín,XPO,2
2026-06-29,Frýdek-Místek,XPO,5
2026-06-29,HULC1,XPO,2
2026-06-29,HULC1,VB,26
2026-06-29,Hradec,XPO,2
2026-06-29,Hradec,VB,1
2026-06-29,Háje,XPO,10
2026-06-29,Háje,XL,1
2026-06-29,Jihlava,XPO,2
2026-06-29,Jihlava,VB,1
2026-06-29,Karlovy Vary,XPO,7
2026-06-29,Karlovy Vary,XL,1
2026-06-29,Kladno,XPO,6
2026-06-29,Kladno,XL,2
2026-06-29,Kolín,XPO,1
2026-06-29,Liberec,XPO,3
2026-06-29,Mladá Boleslav,XPO,4
2026-06-29,Most,XPO,7
2026-06-29,Most,VB,1
2026-06-29,Mělník,XPO,4
2026-06-29,Mělník,XL,1
2026-06-29,Olomouc,XPO,10
2026-06-29,Olomouc,XL,1
2026-06-29,Ostrava,XPO,16
2026-06-29,Pardubice,XPO,4
2026-06-29,Pardubice,XL,1
2026-06-29,Plzeň město,XPO,8
2026-06-29,Plzeň město,VB,1
2026-06-29,Pobočka Chrášťany,XPO,18
2026-06-29,Pobočka Chrášťany,XL,4
2026-06-29,Pobočka Chrášťany,VB,2
2026-06-29,Počernice,XPO,17
2026-06-29,Počernice,XL,3
2026-06-29,Počernice,VB,2
2026-06-29,Praha - centrála,SPO,1
2026-06-29,Praha - centrála,XPO,15
2026-06-29,Praha - centrála,XL,3
2026-06-29,Praha - centrála,VB,1
2026-06-29,Příbram,XPO,2
2026-06-29,SKLC3,XPO,16
2026-06-29,SKLC3,XL,2
2026-06-29,SKLC3,VB,1
2026-06-29,Tábor,XPO,4
2026-06-29,Třebíč,XPO,2
2026-06-29,Třebíč,VB,1
2026-06-29,Zlín,XPO,4
2026-06-29,Zlín,VB,1
2026-06-29,Ústí nad Labem,XPO,6
2026-06-29,Ústí nad Labem,XL,3
2026-06-29,Čakovice,XPO,3
2026-06-29,Čakovice,XL,1
2026-06-29,Čakovice,VB,1
2026-06-29,České Budějovice,XPO,6
2026-06-29,České Budějovice,XL,2
2026-06-30,Anděl,XPO,8
2026-06-30,Anděl,XL,1
2026-06-30,Benešov,XPO,2
2026-06-30,Brno,XPO,12
2026-06-30,Brno,XL,3
2026-06-30,Brno Lískovec,XPO,3
2026-06-30,Brno Lískovec,XL,1
2026-06-30,Budějovická,XPO,14
2026-06-30,CZLC4,XPO,173
2026-06-30,CZLC4,XL,2
2026-06-30,Chomutov,XL,1
2026-06-30,Chomutov,VB,1
2026-06-30,Dejvice,XPO,4
2026-06-30,Dejvice,XL,2
2026-06-30,Děčín,XPO,6
2026-06-30,Frýdek-Místek,XPO,3
2026-06-30,Frýdek-Místek,VB,1
2026-06-30,HULC1,XL,15
2026-06-30,HULC1,VB,20
2026-06-30,Hradec,XPO,5
2026-06-30,Hradec,XL,5
2026-06-30,Háje,XPO,18
2026-06-30,Háje,XL,3
2026-06-30,Jihlava,XPO,3
2026-06-30,Karlovy Vary,XPO,8
2026-06-30,Kladno,BPO,1
2026-06-30,Kladno,XPO,3
2026-06-30,Kladno,XL,2
2026-06-30,Kladno,VB,1
2026-06-30,Kolín,XPO,4
2026-06-30,Liberec,XPO,3
2026-06-30,Liberec,XL,1
2026-06-30,Mladá Boleslav,XPO,5
2026-06-30,Most,XPO,2
2026-06-30,Most,XL,1
2026-06-30,Mělník,XPO,3
2026-06-30,Mělník,XL,1
2026-06-30,Olomouc,XPO,1
2026-06-30,Olomouc,XL,1
2026-06-30,Olomouc,VB,1
2026-06-30,Opava,XL,1
2026-06-30,Ostrava,XPO,11
2026-06-30,Ostrava,XL,2
2026-06-30,Pardubice,XPO,4
2026-06-30,Plzeň město,XPO,11
2026-06-30,Plzeň město,XL,2
2026-06-30,Plzeň město,VB,1
2026-06-30,Pobočka Chrášťany,XPO,25
2026-06-30,Pobočka Chrášťany,XL,7
2026-06-30,Pobočka Chrášťany,VB,1
2026-06-30,Počernice,XPO,6
2026-06-30,Počernice,XL,1
2026-06-30,Počernice,VB,4
2026-06-30,Praha - centrála,XPO,28
2026-06-30,Praha - centrála,VB,1
2026-06-30,Prostějov,XPO,1
2026-06-30,Příbram,XPO,1
2026-06-30,Příbram,XL,1
2026-06-30,SKLC3,XPO,24
2026-06-30,SKLC3,VB,8
2026-06-30,Tábor,XPO,5
2026-06-30,Tábor,XL,1
2026-06-30,Třebíč,XPO,2
2026-06-30,Zlín,XPO,2
2026-06-30,Zlín,XL,2
2026-06-30,Zlín,VB,1
2026-06-30,Ústí nad Labem,XPO,3
2026-06-30,České Budějovice,XPO,6
2026-06-30,České Budějovice,XL,1
2026-07-01,Benešov,XPO,5
2026-07-01,Beroun,XPO,8
2026-07-01,Beroun,XL,1
2026-07-01,Beroun,VB,3
2026-07-01,Brno,XPO,9
2026-07-01,Brno,XL,4
2026-07-01,Brno,VB,2
2026-07-01,Brno Lískovec,XPO,8
2026-07-01,Brno Lískovec,XL,4
2026-07-01,Brno Lískovec,VB,1
2026-07-01,Budějovická,XPO,5
2026-07-01,CZLC4,XPO,72
2026-07-01,CZLC4,XL,2
2026-07-01,Chomutov,XPO,6
2026-07-01,Chomutov,XL,1
2026-07-01,Dejvice,XPO,6
2026-07-01,Dejvice,XL,2
2026-07-01,Děčín,XPO,1
2026-07-01,Děčín,VB,1
2026-07-01,Frýdek-Místek,XPO,4
2026-07-01,HULC1,VB,101
2026-07-01,Hradec,XPO,6
2026-07-01,Háje,XPO,9
2026-07-01,Háje,XL,2
2026-07-01,Jihlava,XPO,1
2026-07-01,Jihlava,XL,1
2026-07-01,Karlovy Vary,XPO,6
2026-07-01,Karlovy Vary,XL,1
2026-07-01,Kladno,XPO,10
2026-07-01,Kladno,XL,2
2026-07-01,Kladno,VB,1
2026-07-01,Kolín,XPO,3
2026-07-01,Liberec,XPO,5
2026-07-01,Liberec,XL,1
2026-07-01,Mladá Boleslav,XPO,2
2026-07-01,Mladá Boleslav,XL,1
2026-07-01,Mladá Boleslav,VB,1
2026-07-01,Most,XPO,6
2026-07-01,Most,XL,2
2026-07-01,Mělník,XPO,4
2026-07-01,Mělník,XL,1
2026-07-01,Olomouc,XPO,2
2026-07-01,Opava,XPO,1
2026-07-01,Ostrava,XPO,8
2026-07-01,Ostrava,XL,5
2026-07-01,Ostrava,VB,3
2026-07-01,Pardubice,XPO,7
2026-07-01,Plzeň město,XPO,8
2026-07-01,Plzeň město,XL,2
2026-07-01,Pobočka Chrášťany,XPO,15
2026-07-01,Pobočka Chrášťany,XL,10
2026-07-01,Pobočka Chrášťany,VB,2
2026-07-01,Počernice,XPO,12
2026-07-01,Počernice,XL,2
2026-07-01,Praha - centrála,XPO,17
2026-07-01,Praha - centrála,XL,1
2026-07-01,Příbram,XPO,3
2026-07-01,SKLC3,XPO,11
2026-07-01,SKLC3,VB,3
2026-07-01,Tábor,XPO,12
2026-07-01,Tábor,XL,1
2026-07-01,Třebíč,XPO,1
2026-07-01,Zlín,XPO,2
2026-07-01,Zlín,VB,1
2026-07-01,Ústí nad Labem,XPO,6
2026-07-01,Ústí nad Labem,XL,1
2026-07-01,Čakovice,XPO,12
2026-07-01,Čakovice,VB,1
2026-07-01,České Budějovice,XPO,9
2026-07-01,České Budějovice,XL,1
2026-07-02,Anděl,XPO,18
2026-07-02,Anděl,XL,1
2026-07-02,Benešov,BPO,2
2026-07-02,Benešov,XPO,2
2026-07-02,Beroun,VB,1
2026-07-02,Brno,XPO,8
2026-07-02,Brno,XL,2
2026-07-02,Brno,VB,2
2026-07-02,Brno Lískovec,XPO,1
2026-07-02,Brno Lískovec,XL,3
2026-07-02,Budějovická,XPO,6
2026-07-02,Budějovická,XL,2
2026-07-02,CZLC4,XPO,163
2026-07-02,Chomutov,XPO,1
2026-07-02,Chomutov,VB,1
2026-07-02,Dejvice,XPO,5
2026-07-02,Děčín,XPO,2
2026-07-02,Děčín,XL,1
2026-07-02,Frýdek-Místek,XPO,5
2026-07-02,HULC1,XPO,1
2026-07-02,HULC1,XL,8
2026-07-02,HULC1,VB,51
2026-07-02,Hradec,XPO,5
2026-07-02,Hradec,XL,1
2026-07-02,Hradec,VB,1
2026-07-02,Háje,XPO,3
2026-07-02,Háje,XL,1
2026-07-02,Jihlava,XPO,3
2026-07-02,Liberec,XPO,5
2026-07-02,Liberec,XL,1
2026-07-02,Mladá Boleslav,XPO,4
2026-07-02,Mladá Boleslav,VB,1
2026-07-02,Most,XPO,1
2026-07-02,Most,XL,1
2026-07-02,Mělník,XPO,1
2026-07-02,Olomouc,XPO,5
2026-07-02,Olomouc,VB,1
2026-07-02,Ostrava,XPO,11
2026-07-02,Ostrava,VB,3
2026-07-02,Pardubice,XPO,4
2026-07-02,Pardubice,VB,1
2026-07-02,Plzeň město,XPO,3
2026-07-02,Plzeň město,XL,2
2026-07-02,Plzeň město,VB,2
2026-07-02,Pobočka Chrášťany,XPO,16
2026-07-02,Pobočka Chrášťany,XL,1
2026-07-02,Počernice,XPO,13
2026-07-02,Praha - centrála,XPO,7
2026-07-02,Praha - centrála,XL,2
2026-07-02,Prostějov,XPO,1
2026-07-02,Příbram,XPO,3
2026-07-02,SKLC3,XPO,14
2026-07-02,SKLC3,XL,3
2026-07-02,SKLC3,VB,5
2026-07-02,Tábor,XPO,4
2026-07-02,Tábor,XL,2
2026-07-02,Třebíč,XPO,4
2026-07-02,Zlín,XPO,2
2026-07-02,Zlín,XL,1
2026-07-02,Ústí nad Labem,BPO,1
2026-07-02,Ústí nad Labem,XPO,6
2026-07-02,Čakovice,XPO,14
2026-07-02,Čakovice,XL,1
2026-07-02,Čakovice,VB,1
2026-07-02,České Budějovice,XPO,2
2026-07-02,České Budějovice,VB,1
2026-07-03,Anděl,XPO,4
2026-07-03,Benešov,XPO,5
2026-07-03,Beroun,XPO,2
2026-07-03,Brno,XPO,11
2026-07-03,Brno,XL,1
2026-07-03,Brno Lískovec,BPO,1
2026-07-03,Brno Lískovec,XPO,3
2026-07-03,Brno Lískovec,XL,2
2026-07-03,Budějovická,XPO,5
2026-07-03,Budějovická,XL,4
2026-07-03,CZLC4,XPO,312
2026-07-03,CZLC4,XL,9
2026-07-03,Chomutov,XPO,2
2026-07-03,Chomutov,XL,1
2026-07-03,Dejvice,XPO,1
2026-07-03,Děčín,XPO,10
2026-07-03,Děčín,XL,2
2026-07-03,Frýdek-Místek,XPO,2
2026-07-03,HULC1,XPO,5
2026-07-03,HULC1,VB,33
2026-07-03,Hradec,XPO,1
2026-07-03,Hradec,XL,2
2026-07-03,Hradec,VB,1
2026-07-03,Háje,XPO,11
2026-07-03,Háje,XL,2
2026-07-03,Jihlava,XPO,4
2026-07-03,Kladno,XPO,5
2026-07-03,Kladno,VB,1
2026-07-03,Kolín,XPO,6
2026-07-03,Kolín,XL,2
2026-07-03,Mladá Boleslav,XPO,3
2026-07-03,Most,XPO,2
2026-07-03,Mělník,XPO,4
2026-07-03,Mělník,XL,1
2026-07-03,Olomouc,XPO,2
2026-07-03,Opava,VB,1
2026-07-03,Ostrava,XPO,3
2026-07-03,Ostrava,XL,1
2026-07-03,Pardubice,XPO,2
2026-07-03,Plzeň město,XPO,4
2026-07-03,Plzeň město,XL,1
2026-07-03,Plzeň město,VB,2
2026-07-03,Pobočka Chrášťany,XPO,17
2026-07-03,Pobočka Chrášťany,XL,7
2026-07-03,Pobočka Chrášťany,VB,5
2026-07-03,Počernice,XPO,2
2026-07-03,Praha - centrála,XPO,20
2026-07-03,Praha - centrála,XL,1
2026-07-03,Prostějov,XPO,2
2026-07-03,Prostějov,XL,1
2026-07-03,Příbram,XPO,3
2026-07-03,SKLC3,XPO,13
2026-07-03,SKLC3,XL,2
2026-07-03,SKLC3,VB,4
2026-07-03,Tábor,XPO,5
2026-07-03,Třebíč,XPO,2
2026-07-03,Zlín,XPO,5
2026-07-03,Čakovice,XPO,5
2026-07-03,České Budějovice,XPO,2
2026-07-03,České Budějovice,XL,12
2026-07-04,Anděl,XPO,6
2026-07-04,Anděl,XL,1
2026-07-04,Anděl,VB,1
2026-07-04,Benešov,XPO,5
2026-07-04,Beroun,XPO,1
2026-07-04,Brno,XPO,5
2026-07-04,Brno,XL,1
2026-07-04,Brno Lískovec,XPO,5
2026-07-04,Brno Lískovec,XL,2
2026-07-04,Brno Lískovec,VB,2
2026-07-04,Budějovická,XPO,7
2026-07-04,Budějovická,XL,1
2026-07-04,CZLC4,XPO,381
2026-07-04,CZLC4,XL,6
2026-07-04,CZLC4,VB,1
2026-07-04,Dejvice,XPO,4
2026-07-04,Dejvice,XL,1
2026-07-04,Děčín,XPO,2
2026-07-04,Děčín,VB,1
2026-07-04,Frýdek-Místek,XPO,4
2026-07-04,Frýdek-Místek,XL,3
2026-07-04,HULC1,VB,19
2026-07-04,Hradec,XPO,1
2026-07-04,Háje,XPO,6
2026-07-04,Háje,XL,1
2026-07-04,Háje,VB,2
2026-07-04,Jihlava,XPO,3
2026-07-04,Jihlava,XL,2
2026-07-04,Karlovy Vary,XPO,1
2026-07-04,Kladno,XPO,4
2026-07-04,Kladno,VB,1
2026-07-04,Kolín,XPO,3
2026-07-04,Kolín,XL,2
2026-07-04,Liberec,XPO,2
2026-07-04,Mladá Boleslav,XPO,5
2026-07-04,Most,XPO,1
2026-07-04,Most,XL,1
2026-07-04,Olomouc,XPO,3
2026-07-04,Ostrava,XPO,6
2026-07-04,Ostrava,VB,1
2026-07-04,Pardubice,XPO,6
2026-07-04,Plzeň město,XPO,7
2026-07-04,Plzeň město,XL,2
2026-07-04,Plzeň město,VB,1
2026-07-04,Pobočka Chrášťany,XPO,15
2026-07-04,Pobočka Chrášťany,XL,3
2026-07-04,Pobočka Chrášťany,VB,2
2026-07-04,Počernice,XPO,10
2026-07-04,Počernice,XL,1
2026-07-04,Počernice,VB,2
2026-07-04,Praha - centrála,XPO,15
2026-07-04,Praha - centrála,XL,5
2026-07-04,Praha - centrála,VB,4
2026-07-04,Příbram,XPO,2
2026-07-04,SKLC3,XPO,5
2026-07-04,SKLC3,XL,1
2026-07-04,SKLC3,VB,6
2026-07-04,Tábor,XPO,5
2026-07-04,Třebíč,XL,1
2026-07-04,Zlín,XPO,3
2026-07-04,Zlín,XL,1
2026-07-04,Ústí nad Labem,XPO,4
2026-07-04,Ústí nad Labem,VB,1
2026-07-04,Čakovice,BPO,1
2026-07-04,Čakovice,XPO,5
2026-07-04,Čakovice,XL,4
2026-07-04,České Budějovice,XPO,3
2026-07-05,Anděl,XPO,4
2026-07-05,Beroun,XPO,3
2026-07-05,Brno,XPO,5
2026-07-05,Brno Lískovec,XPO,5
2026-07-05,Brno Lískovec,XL,5
2026-07-05,Brno Lískovec,VB,1
2026-07-05,Budějovická,XPO,3
2026-07-05,Budějovická,XL,1
2026-07-05,CZLC4,XPO,299
2026-07-05,CZLC4,XL,3
2026-07-05,Děčín,XPO,2
2026-07-05,Frýdek-Místek,XPO,4
2026-07-05,HULC1,VB,22
2026-07-05,Hradec,XPO,1
2026-07-05,Háje,XPO,3
2026-07-05,Háje,XL,1
2026-07-05,Háje,VB,2
2026-07-05,Jihlava,XL,1
2026-07-05,Karlovy Vary,XPO,4
2026-07-05,Karlovy Vary,XL,2
2026-07-05,Kladno,XPO,4
2026-07-05,Kolín,XPO,1
2026-07-05,Mladá Boleslav,XPO,6
2026-07-05,Mladá Boleslav,XL,1
2026-07-05,Most,XPO,4
2026-07-05,Most,XL,2
2026-07-05,Mělník,XPO,2
2026-07-05,Olomouc,XPO,3
2026-07-05,Olomouc,XL,1
2026-07-05,Olomouc,VB,1
2026-07-05,Ostrava,XPO,4
2026-07-05,Ostrava,XL,1
2026-07-05,Ostrava,VB,1
2026-07-05,Pardubice,XPO,4
2026-07-05,Pardubice,XL,2
2026-07-05,Plzeň město,XPO,6
2026-07-05,Plzeň město,XL,2
2026-07-05,Pobočka Chrášťany,XPO,13
2026-07-05,Pobočka Chrášťany,XL,6
2026-07-05,Počernice,XPO,8
2026-07-05,Počernice,VB,1
2026-07-05,Praha - centrála,XPO,17
2026-07-05,Praha - centrála,XL,7
2026-07-05,Praha - centrála,VB,2
2026-07-05,Příbram,XPO,3
2026-07-05,SKLC3,XPO,2
2026-07-05,SKLC3,XL,1
2026-07-05,Tábor,XPO,6
2026-07-05,Zlín,XPO,2
2026-07-05,Ústí nad Labem,XPO,6
2026-07-05,Čakovice,XPO,19
2026-07-05,Čakovice,XL,2
2026-07-05,Čakovice,VB,1
2026-07-05,České Budějovice,XPO,4
2026-07-05,České Budějovice,XL,2
2026-07-05,České Budějovice,VB,2
2026-07-06,Anděl,XPO,2
2026-07-06,Benešov,XPO,1
2026-07-06,Benešov,XL,1
2026-07-06,Brno,XPO,10
2026-07-06,Brno,XL,2
2026-07-06,Brno Lískovec,XPO,1
2026-07-06,Brno Lískovec,XL,1
2026-07-06,Brno Lískovec,VB,1
2026-07-06,Budějovická,XPO,3
2026-07-06,Budějovická,XL,6
2026-07-06,CZLC4,XPO,41
2026-07-06,Dejvice,XPO,1
2026-07-06,Dejvice,XL,1
2026-07-06,Frýdek-Místek,XPO,3
2026-07-06,Frýdek-Místek,XL,1
2026-07-06,HULC1,XL,18
2026-07-06,HULC1,VB,13
2026-07-06,Hradec,XPO,1
2026-07-06,Háje,XPO,3
2026-07-06,Háje,XL,1
2026-07-06,Jihlava,XPO,1
2026-07-06,Karlovy Vary,XPO,1
2026-07-06,Kladno,XL,1
2026-07-06,Liberec,XPO,4
2026-07-06,Most,XPO,1
2026-07-06,Mělník,XPO,1
2026-07-06,Mělník,XL,1
2026-07-06,Opava,XL,1
2026-07-06,Ostrava,XPO,7
2026-07-06,Ostrava,VB,2
2026-07-06,Pardubice,XPO,1
2026-07-06,Plzeň město,XPO,2
2026-07-06,Plzeň město,VB,2
2026-07-06,Pobočka Chrášťany,XPO,18
2026-07-06,Pobočka Chrášťany,XL,8
2026-07-06,Počernice,XPO,4
2026-07-06,Počernice,XL,1
2026-07-06,Počernice,VB,1
2026-07-06,Praha - centrála,XPO,36
2026-07-06,Praha - centrála,XL,9
2026-07-06,Praha - centrála,VB,1
2026-07-06,Příbram,XPO,4
2026-07-06,SKLC3,XPO,19
2026-07-06,SKLC3,XL,1
2026-07-06,SKLC3,VB,5
2026-07-06,Třebíč,XPO,1
2026-07-06,Zlín,XPO,3
2026-07-06,Zlín,XL,2
2026-07-06,Ústí nad Labem,XPO,7
2026-07-06,Čakovice,XPO,16
2026-07-06,České Budějovice,XPO,1
2026-07-06,České Budějovice,VB,1
2026-07-07,Anděl,XPO,7
2026-07-07,Benešov,XPO,1
2026-07-07,Benešov,XL,1
2026-07-07,Benešov,VB,1
2026-07-07,Beroun,XPO,2
2026-07-07,Brno,XPO,5
2026-07-07,Brno,XL,3
2026-07-07,Brno Lískovec,XPO,3
2026-07-07,Budějovická,XPO,1
2026-07-07,Budějovická,XL,1
2026-07-07,Budějovická,VB,1
2026-07-07,CZLC4,XPO,57
2026-07-07,CZLC4,XL,1
2026-07-07,Dejvice,XL,1
2026-07-07,Frýdek-Místek,BPO,1
2026-07-07,Frýdek-Místek,XPO,1
2026-07-07,HULC1,XPO,6
2026-07-07,HULC1,VB,15
2026-07-07,Hradec,XPO,6
2026-07-07,Háje,XPO,1
2026-07-07,Jihlava,XPO,2
2026-07-07,Karlovy Vary,XPO,5
2026-07-07,Kladno,XPO,3
2026-07-07,Kolín,XPO,1
2026-07-07,Kolín,VB,1
2026-07-07,Liberec,XPO,3
2026-07-07,Mladá Boleslav,XPO,2
2026-07-07,Most,XPO,5
2026-07-07,Mělník,XPO,1
2026-07-07,Olomouc,XPO,9
2026-07-07,Olomouc,XL,1
2026-07-07,Olomouc,VB,1
2026-07-07,Opava,XPO,3
2026-07-07,Ostrava,XPO,8
2026-07-07,Ostrava,XL,1
2026-07-07,Ostrava,VB,1
2026-07-07,Pardubice,XPO,3
2026-07-07,Pardubice,XL,2
2026-07-07,Plzeň město,XPO,5
2026-07-07,Plzeň město,XL,1
2026-07-07,Plzeň město,VB,1
2026-07-07,Pobočka Chrášťany,XPO,7
2026-07-07,Pobočka Chrášťany,XL,4
2026-07-07,Pobočka Chrášťany,VB,2
2026-07-07,Počernice,XPO,4
2026-07-07,Praha - centrála,XPO,31
2026-07-07,Praha - centrála,XL,4
2026-07-07,Praha - centrála,VB,2
2026-07-07,Příbram,XPO,4
2026-07-07,Příbram,XL,1
2026-07-07,SKLC3,XPO,4
2026-07-07,SKLC3,VB,3
2026-07-07,Tábor,XPO,2
2026-07-07,Zlín,XPO,3
2026-07-07,Zlín,VB,1
2026-07-07,Ústí nad Labem,XPO,5
2026-07-07,Čakovice,XPO,9
2026-07-07,Čakovice,XL,2
2026-07-07,Čakovice,VB,2
2026-07-07,České Budějovice,XPO,4
2026-07-07,České Budějovice,XL,1
2026-07-08,Anděl,XPO,10
2026-07-08,Benešov,XPO,2
2026-07-08,Brno,XPO,12
2026-07-08,Brno,XL,2
2026-07-08,Brno Lískovec,XPO,4
2026-07-08,Budějovická,XPO,1
2026-07-08,Budějovická,XL,1
2026-07-08,CZLC4,XPO,442
2026-07-08,CZLC4,XL,2
2026-07-08,Děčín,XPO,1
2026-07-08,Děčín,XL,1
2026-07-08,Frýdek-Místek,XPO,1
2026-07-08,HULC1,XPO,1
2026-07-08,HULC1,XL,11
2026-07-08,HULC1,VB,44
2026-07-08,Hradec,XPO,4
2026-07-08,Háje,XPO,4
2026-07-08,Jihlava,XPO,3
2026-07-08,Karlovy Vary,XPO,2
2026-07-08,Kladno,XPO,4
2026-07-08,Kladno,XL,1
2026-07-08,Kolín,XL,3
2026-07-08,Liberec,XPO,2
2026-07-08,Mladá Boleslav,XPO,8
2026-07-08,Mladá Boleslav,VB,2
2026-07-08,Mělník,XL,1
2026-07-08,Olomouc,XPO,5
2026-07-08,Opava,XPO,2
2026-07-08,Opava,VB,1
2026-07-08,Ostrava,XPO,7
2026-07-08,Ostrava,XL,2
2026-07-08,Ostrava,VB,1
2026-07-08,Pardubice,XPO,7
2026-07-08,Plzeň město,XPO,10
2026-07-08,Plzeň město,XL,1
2026-07-08,Pobočka Chrášťany,XPO,14
2026-07-08,Pobočka Chrášťany,XL,4
2026-07-08,Pobočka Chrášťany,VB,2
2026-07-08,Počernice,XPO,2
2026-07-08,Počernice,XL,3
2026-07-08,Praha - centrála,XPO,9
2026-07-08,Praha - centrála,XL,2
2026-07-08,Praha - centrála,VB,2
2026-07-08,Prostějov,XPO,2
2026-07-08,Příbram,XPO,5
2026-07-08,SKLC3,XPO,3
2026-07-08,SKLC3,XL,2
2026-07-08,SKLC3,VB,9
2026-07-08,Zlín,XPO,1
2026-07-08,Ústí nad Labem,XL,1
2026-07-08,Čakovice,XPO,11
2026-07-08,České Budějovice,XPO,2
2026-07-08,České Budějovice,XL,1
2026-07-08,České Budějovice,VB,1
2026-07-09,Anděl,XPO,11
2026-07-09,Anděl,XL,1
2026-07-09,Anděl,VB,1
2026-07-09,Benešov,XPO,2
2026-07-09,Brno,XPO,4
2026-07-09,Brno,XL,1
2026-07-09,Brno Lískovec,XPO,1
2026-07-09,Budějovická,XPO,6
2026-07-09,Budějovická,VB,2
2026-07-09,CZLC4,XPO,28
2026-07-09,CZLC4,XL,2
2026-07-09,Dejvice,XPO,2
2026-07-09,Děčín,XPO,1
2026-07-09,Frýdek-Místek,XPO,3
2026-07-09,Frýdek-Místek,VB,1
2026-07-09,HULC1,XPO,3
2026-07-09,HULC1,VB,17
2026-07-09,Hradec,XPO,3
2026-07-09,Háje,XPO,4
2026-07-09,Háje,XL,3
2026-07-09,Háje,VB,1
2026-07-09,Jihlava,XPO,1
2026-07-09,Jihlava,VB,1
2026-07-09,Karlovy Vary,XPO,6
2026-07-09,Kolín,XPO,1
2026-07-09,Liberec,XPO,5
2026-07-09,Liberec,XL,1
2026-07-09,Mladá Boleslav,XL,2
2026-07-09,Most,XL,2
2026-07-09,Mělník,XPO,1
2026-07-09,Opava,XPO,1
2026-07-09,Ostrava,XPO,4
2026-07-09,Ostrava,XL,1
2026-07-09,Pardubice,XPO,1
2026-07-09,Pardubice,XL,2
2026-07-09,Plzeň město,XPO,3
2026-07-09,Plzeň město,VB,1
2026-07-09,Pobočka Chrášťany,SPO,1
2026-07-09,Pobočka Chrášťany,XPO,5
2026-07-09,Pobočka Chrášťany,XL,1
2026-07-09,Pobočka Chrášťany,VB,1
2026-07-09,Počernice,XPO,5
2026-07-09,Počernice,XL,2
2026-07-09,Praha - centrála,XPO,35
2026-07-09,Praha - centrála,XL,10
2026-07-09,Praha - centrála,VB,2
2026-07-09,Příbram,XPO,1
2026-07-09,SKLC3,XPO,6
2026-07-09,SKLC3,XL,2
2026-07-09,Tábor,XPO,4
2026-07-09,Třebíč,XPO,1
2026-07-09,Zlín,XPO,1
2026-07-09,Ústí nad Labem,XL,1
2026-07-09,Čakovice,XPO,7
2026-07-09,Čakovice,XL,3
2026-07-09,České Budějovice,XPO,1
2026-07-09,České Budějovice,VB,1
2026-07-10,Anděl,XL,1
2026-07-10,Benešov,XPO,1
2026-07-10,Brno,XPO,5
2026-07-10,Brno,VB,2
2026-07-10,Brno Lískovec,XPO,1
2026-07-10,Brno Lískovec,XL,2
2026-07-10,Brno Lískovec,VB,1
2026-07-10,Budějovická,XPO,3
2026-07-10,CZLC4,XPO,22
2026-07-10,CZLC4,XL,2
2026-07-10,Chomutov,XL,1
2026-07-10,Dejvice,XPO,4
2026-07-10,Děčín,XPO,1
2026-07-10,Frýdek-Místek,XPO,3
2026-07-10,HULC1,XPO,1
2026-07-10,HULC1,XL,15
2026-07-10,HULC1,VB,14
2026-07-10,Hradec,XPO,3
2026-07-10,Háje,XPO,4
2026-07-10,Háje,XL,2
2026-07-10,Jihlava,XPO,4
2026-07-10,Karlovy Vary,XPO,2
2026-07-10,Karlovy Vary,XL,1
2026-07-10,Kladno,XPO,1
2026-07-10,Kladno,XL,1
2026-07-10,Kolín,XL,2
2026-07-10,Liberec,XPO,2
2026-07-10,Mladá Boleslav,XPO,2
2026-07-10,Most,XPO,5
2026-07-10,Olomouc,XPO,3
2026-07-10,Olomouc,XL,2
2026-07-10,Olomouc,VB,2
2026-07-10,Ostrava,XL,1
2026-07-10,Pardubice,XPO,1
2026-07-10,Pardubice,VB,1
2026-07-10,Plzeň město,XPO,4
2026-07-10,Plzeň město,VB,1
2026-07-10,Pobočka Chrášťany,XPO,19
2026-07-10,Pobočka Chrášťany,XL,1
2026-07-10,Pobočka Chrášťany,VB,3
2026-07-10,Počernice,XPO,8
2026-07-10,Počernice,VB,1
2026-07-10,Praha - centrála,XPO,19
2026-07-10,Praha - centrála,XL,1
2026-07-10,Praha - centrála,VB,1
2026-07-10,Příbram,XPO,2
2026-07-10,SKLC3,XPO,7
2026-07-10,SKLC3,VB,4
2026-07-10,Ústí nad Labem,XPO,2
2026-07-10,Čakovice,XPO,2
2026-07-10,Čakovice,VB,1
2026-07-10,České Budějovice,XPO,3
2026-07-10,České Budějovice,VB,1
2026-07-11,Anděl,XPO,2
2026-07-11,Anděl,XL,1
2026-07-11,Benešov,XPO,1
2026-07-11,Brno,XPO,11
2026-07-11,Brno,VB,1
2026-07-11,Brno Lískovec,XPO,2
2026-07-11,Budějovická,XPO,3
2026-07-11,Budějovická,XL,1
2026-07-11,Budějovická,VB,1
2026-07-11,CZLC4,XPO,36
2026-07-11,Dejvice,XPO,2
2026-07-11,Dejvice,XL,3
2026-07-11,Frýdek-Místek,XL,1
2026-07-11,Frýdek-Místek,VB,1
2026-07-11,HULC1,VB,16
2026-07-11,Hradec,XPO,2
2026-07-11,Háje,XPO,4
2026-07-11,Háje,XL,2
2026-07-11,Háje,VB,1
2026-07-11,Jihlava,XL,2
2026-07-11,Karlovy Vary,XPO,3
2026-07-11,Kladno,XPO,2
2026-07-11,Kladno,VB,2
2026-07-11,Mladá Boleslav,XPO,1
2026-07-11,Most,XPO,1
2026-07-11,Mělník,XPO,1
2026-07-11,Olomouc,XPO,4
2026-07-11,Opava,XPO,1
2026-07-11,Opava,VB,1
2026-07-11,Ostrava,XPO,6
2026-07-11,Ostrava,XL,5
2026-07-11,Ostrava,VB,1
2026-07-11,Pardubice,XPO,2
2026-07-11,Plzeň město,XPO,6
2026-07-11,Plzeň město,XL,2
2026-07-11,Pobočka Chrášťany,XPO,7
2026-07-11,Pobočka Chrášťany,XL,2
2026-07-11,Pobočka Chrášťany,VB,2
2026-07-11,Počernice,XPO,3
2026-07-11,Počernice,XL,2
2026-07-11,Počernice,VB,2
2026-07-11,Praha - centrála,XPO,12
2026-07-11,Praha - centrála,XL,5
2026-07-11,Praha - centrála,VB,1
2026-07-11,SKLC3,XPO,3
2026-07-11,Tábor,XPO,9
2026-07-11,Tábor,XL,1
2026-07-11,Tábor,VB,1
2026-07-11,Ústí nad Labem,XL,1
2026-07-11,Čakovice,XPO,5
2026-07-11,Čakovice,XL,3
2026-07-11,Čakovice,VB,2
2026-07-11,České Budějovice,XPO,3
2026-07-12,Anděl,XPO,11
2026-07-12,Anděl,XL,1
2026-07-12,Benešov,XPO,5
2026-07-12,Benešov,XL,3
2026-07-12,Brno,XPO,11
2026-07-12,Brno Lískovec,XPO,4
2026-07-12,Budějovická,XPO,6
2026-07-12,Budějovická,XL,2
2026-07-12,CZLC4,XPO,17
2026-07-12,Dejvice,XL,6
2026-07-12,Děčín,XL,2
2026-07-12,Frýdek-Místek,XPO,2
2026-07-12,Hradec,XPO,3
2026-07-12,Hradec,VB,1
2026-07-12,Háje,XPO,4
2026-07-12,Háje,XL,1
2026-07-12,Háje,VB,2
2026-07-12,Jihlava,XL,1
2026-07-12,Jihlava,VB,1
2026-07-12,Kladno,XPO,6
2026-07-12,Kladno,XL,1
2026-07-12,Kolín,XL,1
2026-07-12,Mladá Boleslav,XPO,2
2026-07-12,Mladá Boleslav,XL,1
2026-07-12,Most,XPO,4
2026-07-12,Mělník,XPO,3
2026-07-12,Mělník,VB,2
2026-07-12,Olomouc,XPO,4
2026-07-12,Opava,XPO,2
2026-07-12,Ostrava,XPO,4
2026-07-12,Ostrava,XL,2
2026-07-12,Ostrava,VB,2
2026-07-12,Pardubice,XPO,4
2026-07-12,Pardubice,XL,2
2026-07-12,Plzeň město,XPO,8
2026-07-12,Plzeň město,XL,1
2026-07-12,Plzeň město,VB,1
2026-07-12,Pobočka Chrášťany,XPO,7
2026-07-12,Pobočka Chrášťany,XL,3
2026-07-12,Počernice,XL,1
2026-07-12,Počernice,VB,1
2026-07-12,Praha - centrála,XPO,10
2026-07-12,Praha - centrála,XL,4
2026-07-12,SKLC3,XPO,7
2026-07-12,Tábor,XPO,4
2026-07-12,Zlín,XPO,1
2026-07-12,Zlín,XL,2
2026-07-12,Čakovice,XPO,6
2026-07-12,České Budějovice,XPO,2
2026-07-12,České Budějovice,VB,1
2026-07-13,Anděl,XPO,4
2026-07-13,Benešov,XPO,4
2026-07-13,Beroun,XPO,1
2026-07-13,Brno,XPO,4
2026-07-13,Brno,VB,2
2026-07-13,Brno Lískovec,XPO,4
2026-07-13,Budějovická,XPO,2
2026-07-13,Budějovická,XL,15
2026-07-13,CZLC4,XPO,26
2026-07-13,Chomutov,XPO,5
2026-07-13,Chomutov,XL,1
2026-07-13,Dejvice,XPO,1
2026-07-13,Frýdek-Místek,XPO,1
2026-07-13,HULC1,XPO,1
2026-07-13,HULC1,XL,8
2026-07-13,HULC1,VB,39
2026-07-13,Hradec,XPO,4
2026-07-13,Háje,XPO,8
2026-07-13,Háje,XL,6
2026-07-13,Háje,VB,1
2026-07-13,Jihlava,XPO,1
2026-07-13,Karlovy Vary,XPO,3
2026-07-13,Karlovy Vary,XL,1
2026-07-13,Kladno,XPO,3
2026-07-13,Kladno,XL,2
2026-07-13,Kladno,VB,1
2026-07-13,Liberec,XPO,1
2026-07-13,Mladá Boleslav,XPO,1
2026-07-13,Mělník,XPO,1
2026-07-13,Ostrava,XPO,8
2026-07-13,Pardubice,XPO,2
2026-07-13,Plzeň město,XPO,3
2026-07-13,Plzeň město,XL,2
2026-07-13,Pobočka Chrášťany,XPO,16
2026-07-13,Pobočka Chrášťany,XL,2
2026-07-13,Pobočka Chrášťany,VB,2
2026-07-13,Počernice,XPO,6
2026-07-13,Počernice,XL,1
2026-07-13,Počernice,VB,2
2026-07-13,Praha - centrála,XPO,15
2026-07-13,Praha - centrála,XL,1
2026-07-13,Prostějov,XL,1
2026-07-13,Příbram,XPO,2
2026-07-13,Příbram,VB,1
2026-07-13,SKLC3,XPO,18
2026-07-13,SKLC3,XL,1
2026-07-13,SKLC3,VB,3
2026-07-13,Tábor,XPO,1
2026-07-13,Tábor,XL,1
2026-07-13,Zlín,XPO,2
2026-07-13,Zlín,XL,2
2026-07-13,Ústí nad Labem,XPO,3
2026-07-13,Ústí nad Labem,VB,1
2026-07-13,Čakovice,XPO,5
2026-07-13,Čakovice,XL,1
2026-07-13,Čakovice,VB,1
2026-07-13,České Budějovice,XPO,6
2026-07-13,České Budějovice,XL,1
2026-07-14,Anděl,XPO,3
2026-07-14,Anděl,XL,1
2026-07-14,Benešov,XPO,2
2026-07-14,Beroun,XPO,5
2026-07-14,Brno,XPO,5
2026-07-14,Brno,XL,2
2026-07-14,Brno,VB,1
2026-07-14,Brno Lískovec,XPO,2
2026-07-14,Brno Lískovec,XL,1
2026-07-14,Budějovická,XPO,11
2026-07-14,Budějovická,XL,2
2026-07-14,CZLC4,XPO,18
2026-07-14,Chomutov,XPO,3
2026-07-14,Chomutov,XL,1
2026-07-14,Chomutov,VB,2
2026-07-14,Dejvice,XPO,2
2026-07-14,Dejvice,XL,1
2026-07-14,Děčín,XPO,2
2026-07-14,Frýdek-Místek,XPO,3
2026-07-14,HULC1,XPO,1
2026-07-14,HULC1,XL,4
2026-07-14,HULC1,VB,21
2026-07-14,Hradec,XPO,6
2026-07-14,Háje,XPO,5
2026-07-14,Háje,XL,2
2026-07-14,Karlovy Vary,XPO,2
2026-07-14,Kladno,XPO,4
2026-07-14,Kladno,XL,1
2026-07-14,Kolín,XPO,2
2026-07-14,Liberec,XPO,1
2026-07-14,Mladá Boleslav,XPO,2
2026-07-14,Most,XPO,1
2026-07-14,Mělník,XPO,16
2026-07-14,Olomouc,XPO,2
2026-07-14,Olomouc,XL,1
2026-07-14,Opava,XPO,2
2026-07-14,Opava,XL,1
2026-07-14,Ostrava,XPO,6
2026-07-14,Ostrava,VB,1
2026-07-14,Pardubice,XPO,3
2026-07-14,Plzeň město,XPO,8
2026-07-14,Pobočka Chrášťany,XPO,13
2026-07-14,Pobočka Chrášťany,XL,4
2026-07-14,Pobočka Chrášťany,VB,2
2026-07-14,Počernice,XPO,7
2026-07-14,Počernice,XL,1
2026-07-14,Praha - centrála,XPO,10
2026-07-14,Praha - centrála,XL,8
2026-07-14,Praha - centrála,VB,1
2026-07-14,Příbram,XPO,6
2026-07-14,SKLC3,XPO,19
2026-07-14,SKLC3,XL,1
2026-07-14,SKLC3,VB,2
2026-07-14,Tábor,XPO,2
2026-07-14,Třebíč,XPO,1
2026-07-14,Třebíč,XL,1
2026-07-14,Zlín,XPO,5
2026-07-14,Zlín,XL,1
2026-07-14,Ústí nad Labem,XPO,7
2026-07-14,Ústí nad Labem,XL,2
2026-07-14,Čakovice,XPO,2
2026-07-14,Čakovice,VB,1
2026-07-14,České Budějovice,XPO,9
2026-07-14,České Budějovice,XL,3
2026-07-14,České Budějovice,VB,1
2026-07-15,Anděl,XPO,5
2026-07-15,Anděl,XL,2
2026-07-15,Benešov,XPO,2
2026-07-15,Brno,XPO,1
2026-07-15,Brno,XL,1
2026-07-15,Brno Lískovec,XPO,7
2026-07-15,Brno Lískovec,XL,1
2026-07-15,Budějovická,XPO,4
2026-07-15,Budějovická,XL,2
2026-07-15,CZLC4,XPO,19
2026-07-15,Chomutov,XPO,1
2026-07-15,Dejvice,XPO,2
2026-07-15,Dejvice,XL,4
2026-07-15,Frýdek-Místek,XPO,1
2026-07-15,HULC1,XPO,3
2026-07-15,HULC1,VB,14
2026-07-15,Hradec,XPO,1
2026-07-15,Háje,XPO,7
2026-07-15,Háje,XL,1
2026-07-15,Háje,VB,1
2026-07-15,Karlovy Vary,XPO,1
2026-07-15,Kladno,XPO,6
2026-07-15,Kladno,VB,1
2026-07-15,Liberec,XPO,3
2026-07-15,Liberec,XL,1
2026-07-15,Mladá Boleslav,XPO,2
2026-07-15,Most,XPO,2
2026-07-15,Most,VB,2
2026-07-15,Mělník,XPO,2
2026-07-15,Mělník,XL,1
2026-07-15,Olomouc,XPO,2
2026-07-15,Ostrava,XPO,9
2026-07-15,Ostrava,XL,4
2026-07-15,Pardubice,XPO,5
2026-07-15,Plzeň město,XPO,4
2026-07-15,Plzeň město,XL,1
2026-07-15,Pobočka Chrášťany,XPO,7
2026-07-15,Pobočka Chrášťany,XL,5
2026-07-15,Pobočka Chrášťany,VB,2
2026-07-15,Počernice,XPO,2
2026-07-15,Počernice,XL,2
2026-07-15,Praha - centrála,XPO,5
2026-07-15,Praha - centrála,XL,3
2026-07-15,Praha - centrála,VB,4
2026-07-15,Prostějov,VB,1
2026-07-15,SKLC3,XPO,9
2026-07-15,SKLC3,VB,4
2026-07-15,Tábor,XL,1
2026-07-15,Zlín,XPO,2
2026-07-15,Zlín,XL,1
2026-07-15,Zlín,VB,1
2026-07-15,Ústí nad Labem,XPO,1
2026-07-15,Ústí nad Labem,XL,1
2026-07-15,Čakovice,XPO,4
2026-07-15,Čakovice,VB,1
2026-07-15,České Budějovice,XPO,4
2026-07-15,České Budějovice,XL,3
2026-07-15,České Budějovice,VB,1
2026-07-16,Anděl,XPO,1
2026-07-16,Anděl,XL,2
2026-07-16,Benešov,XPO,5
2026-07-16,Benešov,XL,1
2026-07-16,Beroun,XPO,1
2026-07-16,Brno,XPO,5
2026-07-16,Brno,XL,1
2026-07-16,Brno Lískovec,XPO,48
2026-07-16,Brno Lískovec,XL,11
2026-07-16,Budějovická,XPO,3
2026-07-16,Budějovická,XL,1
2026-07-16,Budějovická,VB,1
2026-07-16,CZLC4,XPO,54
2026-07-16,CZLC4,XL,3
2026-07-16,Chomutov,XL,1
2026-07-16,Dejvice,XPO,5
2026-07-16,Děčín,XPO,1
2026-07-16,Frýdek-Místek,XPO,2
2026-07-16,HULC1,XL,5
2026-07-16,HULC1,VB,16
2026-07-16,Hradec,XPO,3
2026-07-16,Háje,XPO,1
2026-07-16,Karlovy Vary,XPO,3
2026-07-16,Kolín,XPO,1
2026-07-16,Kolín,XL,2
2026-07-16,Liberec,XPO,2
2026-07-16,Mladá Boleslav,XPO,2
2026-07-16,Most,XPO,1
2026-07-16,Most,XL,1
2026-07-16,Olomouc,XPO,1
2026-07-16,Opava,VB,2
2026-07-16,Ostrava,XPO,5
2026-07-16,Ostrava,VB,1
2026-07-16,Pardubice,XPO,1
2026-07-16,Pardubice,XL,1
2026-07-16,Plzeň město,XPO,5
2026-07-16,Plzeň město,VB,1
2026-07-16,Pobočka Chrášťany,XPO,6
2026-07-16,Pobočka Chrášťany,XL,4
2026-07-16,Počernice,XPO,2
2026-07-16,Praha - centrála,XPO,12
2026-07-16,Praha - centrála,XL,4
2026-07-16,Praha - centrála,VB,3
2026-07-16,Příbram,XL,1
2026-07-16,SKLC3,XPO,24
2026-07-16,SKLC3,XL,1
2026-07-16,SKLC3,VB,6
2026-07-16,Tábor,XPO,5
2026-07-16,Zlín,XPO,2
2026-07-16,Zlín,XL,1
2026-07-16,Ústí nad Labem,XPO,6
2026-07-16,Čakovice,XPO,4
2026-07-16,Čakovice,XL,6
2026-07-16,Čakovice,VB,2
2026-07-16,České Budějovice,XPO,4
2026-07-16,České Budějovice,XL,2
2026-07-16,České Budějovice,VB,1
2026-07-17,Anděl,XPO,4
2026-07-17,Benešov,XPO,2
2026-07-17,Benešov,XL,1
2026-07-17,Beroun,XPO,2
2026-07-17,Beroun,XL,2
2026-07-17,Brno,XPO,12
2026-07-17,Brno,XL,1
2026-07-17,Brno,VB,1
2026-07-17,Brno Lískovec,XPO,5
2026-07-17,Brno Lískovec,XL,1
2026-07-17,Budějovická,XPO,1
2026-07-17,CZLC4,XPO,36
2026-07-17,CZLC4,XL,1
2026-07-17,Chomutov,XPO,2
2026-07-17,Chomutov,XL,1
2026-07-17,Dejvice,XPO,2
2026-07-17,Děčín,XPO,4
2026-07-17,Frýdek-Místek,XPO,1
2026-07-17,HULC1,XPO,1
2026-07-17,HULC1,XL,19
2026-07-17,HULC1,VB,35
2026-07-17,Hradec,XPO,7
2026-07-17,Hradec,XL,1
2026-07-17,Hradec,VB,1
2026-07-17,Háje,XPO,2
2026-07-17,Háje,XL,2
2026-07-17,Karlovy Vary,XPO,3
2026-07-17,Karlovy Vary,XL,1
2026-07-17,Kladno,XL,1
2026-07-17,Kolín,XPO,1
2026-07-17,Kolín,XL,1
2026-07-17,Liberec,XPO,1
2026-07-17,Mladá Boleslav,XL,4
2026-07-17,Most,XPO,2
2026-07-17,Mělník,XPO,1
2026-07-17,Mělník,XL,1
2026-07-17,Olomouc,XPO,3
2026-07-17,Ostrava,XPO,2
2026-07-17,Pardubice,XPO,6
2026-07-17,Plzeň město,XPO,5
2026-07-17,Plzeň město,XL,2
2026-07-17,Pobočka Chrášťany,XPO,12
2026-07-17,Pobočka Chrášťany,XL,3
2026-07-17,Pobočka Chrášťany,VB,1
2026-07-17,Počernice,XPO,7
2026-07-17,Počernice,XL,1
2026-07-17,Počernice,VB,1
2026-07-17,Praha - centrála,XPO,8
2026-07-17,Praha - centrála,XL,3
2026-07-17,Praha - centrála,VB,1
2026-07-17,Příbram,XPO,3
2026-07-17,SKLC3,XPO,21
2026-07-17,SKLC3,VB,5
2026-07-17,Tábor,XPO,1
2026-07-17,Třebíč,XPO,2
2026-07-17,Zlín,XPO,2
2026-07-17,Čakovice,XPO,4
2026-07-17,Čakovice,XL,4
2026-07-17,České Budějovice,XPO,2
2026-07-17,České Budějovice,XL,1
2026-07-18,Anděl,XPO,6
2026-07-18,Anděl,XL,2
2026-07-18,Anděl,VB,1
2026-07-18,Benešov,XL,1
2026-07-18,Brno,XPO,9
2026-07-18,Brno,VB,1
2026-07-18,Brno Lískovec,XPO,1
2026-07-18,Brno Lískovec,XL,2
2026-07-18,Budějovická,XPO,3
2026-07-18,CZLC4,SPO,1
2026-07-18,CZLC4,XPO,37
2026-07-18,Dejvice,XPO,3
2026-07-18,Dejvice,XL,3
2026-07-18,Děčín,XPO,1
2026-07-18,Frýdek-Místek,XPO,1
2026-07-18,HULC1,XPO,2
2026-07-18,Hradec,VB,1
2026-07-18,Háje,XPO,6
2026-07-18,Háje,XL,1
2026-07-18,Karlovy Vary,XPO,1
2026-07-18,Karlovy Vary,XL,1
2026-07-18,Kladno,XPO,1
2026-07-18,Kladno,XL,1
2026-07-18,Kolín,XPO,1
2026-07-18,Liberec,XPO,2
2026-07-18,Liberec,XL,3
2026-07-18,Mladá Boleslav,XPO,5
2026-07-18,Most,XPO,1
2026-07-18,Most,VB,1
2026-07-18,Mělník,XPO,2
2026-07-18,Olomouc,XPO,2
2026-07-18,Olomouc,XL,1
2026-07-18,Ostrava,XPO,4
2026-07-18,Ostrava,XL,2
2026-07-18,Pardubice,XPO,5
2026-07-18,Plzeň město,XPO,8
2026-07-18,Plzeň město,XL,1
2026-07-18,Pobočka Chrášťany,XPO,22
2026-07-18,Pobočka Chrášťany,XL,2
2026-07-18,Počernice,XPO,4
2026-07-18,Počernice,XL,1
2026-07-18,Praha - centrála,XPO,20
2026-07-18,Praha - centrála,XL,5
2026-07-18,Praha - centrála,VB,7
2026-07-18,Prostějov,XL,1
2026-07-18,SKLC3,VB,3
2026-07-18,Tábor,XPO,1
2026-07-18,Tábor,VB,1
2026-07-18,Zlín,XPO,2
2026-07-18,Čakovice,SPO,3
2026-07-18,Čakovice,XPO,6
2026-07-18,Čakovice,XL,3
2026-07-18,České Budějovice,XPO,6
2026-07-19,Anděl,XPO,4
2026-07-19,Anděl,XL,1
2026-07-19,Benešov,XPO,2
2026-07-19,Benešov,XL,1
2026-07-19,Brno,XPO,12
2026-07-19,Brno,XL,2
2026-07-19,Brno,VB,1
2026-07-19,Brno Lískovec,XPO,3
2026-07-19,Brno Lískovec,XL,3
2026-07-19,Budějovická,XPO,1
2026-07-19,Budějovická,XL,1
2026-07-19,Budějovická,VB,1
2026-07-19,CZLC4,XPO,46
2026-07-19,CZLC4,XL,1
2026-07-19,Dejvice,XPO,7
2026-07-19,Dejvice,XL,1
2026-07-19,Děčín,XPO,1
2026-07-19,Děčín,XL,1
2026-07-19,Frýdek-Místek,XPO,2
2026-07-19,HULC1,VB,10
2026-07-19,Hradec,XPO,2
2026-07-19,Háje,XPO,3
2026-07-19,Háje,XL,2
2026-07-19,Háje,VB,1
2026-07-19,Kladno,XL,1
2026-07-19,Kolín,XPO,4
2026-07-19,Liberec,XPO,3
2026-07-19,Liberec,XL,1
2026-07-19,Mladá Boleslav,XL,1
2026-07-19,Mělník,VB,1
2026-07-19,Olomouc,XPO,3
2026-07-19,Opava,VB,1
2026-07-19,Ostrava,XPO,8
2026-07-19,Ostrava,XL,2
2026-07-19,Ostrava,VB,2
2026-07-19,Pardubice,XL,1
2026-07-19,Plzeň město,XPO,3
2026-07-19,Pobočka Chrášťany,XPO,22
2026-07-19,Pobočka Chrášťany,XL,2
2026-07-19,Pobočka Chrášťany,VB,1
2026-07-19,Počernice,XPO,10
2026-07-19,Počernice,XL,2
2026-07-19,Počernice,VB,1
2026-07-19,Praha - centrála,XPO,12
2026-07-19,Praha - centrála,XL,1
2026-07-19,Praha - centrála,VB,1
2026-07-19,Prostějov,VB,1
2026-07-19,SKLC3,XPO,5
2026-07-19,SKLC3,VB,3
2026-07-19,Tábor,XPO,1
2026-07-19,Zlín,XPO,2
2026-07-19,Ústí nad Labem,XL,1
2026-07-19,Čakovice,XPO,4
2026-07-19,České Budějovice,XPO,3
2026-07-19,České Budějovice,XL,2
2026-07-20,Anděl,XPO,5
2026-07-20,Anděl,XL,1
2026-07-20,Benešov,XL,1
2026-07-20,Brno,XPO,1
2026-07-20,Brno,XL,2
2026-07-20,Brno Lískovec,XPO,7
2026-07-20,Brno Lískovec,XL,1
2026-07-20,Budějovická,XPO,3
2026-07-20,Budějovická,XL,1
2026-07-20,CZLC4,XPO,25
2026-07-20,CZLC4,XL,1
2026-07-20,Dejvice,XPO,2
2026-07-20,Frýdek-Místek,XPO,4
2026-07-20,HULC1,VB,38
2026-07-20,Hradec,XPO,2
2026-07-20,Hradec,XL,2
2026-07-20,Háje,XPO,6
2026-07-20,Jihlava,XPO,1
2026-07-20,Kolín,XPO,2
2026-07-20,Kolín,VB,1
2026-07-20,Liberec,XL,2
2026-07-20,Mladá Boleslav,XPO,2
2026-07-20,Mladá Boleslav,XL,1
2026-07-20,Mladá Boleslav,VB,1
2026-07-20,Most,XPO,1
2026-07-20,Most,XL,1
2026-07-20,Olomouc,XPO,2
2026-07-20,Olomouc,XL,1
2026-07-20,Olomouc,VB,1
2026-07-20,Opava,VB,2
2026-07-20,Ostrava,XPO,3
2026-07-20,Ostrava,XL,2
2026-07-20,Ostrava,VB,1
2026-07-20,Plzeň město,XPO,7
2026-07-20,Plzeň město,XL,3
2026-07-20,Pobočka Chrášťany,XPO,14
2026-07-20,Pobočka Chrášťany,XL,2
2026-07-20,Pobočka Chrášťany,VB,1
2026-07-20,Počernice,XPO,3
2026-07-20,Počernice,XL,1
2026-07-20,Praha - centrála,XPO,14
2026-07-20,Praha - centrála,XL,2
2026-07-20,Praha - centrála,VB,1
2026-07-20,Prostějov,XPO,2
2026-07-20,Příbram,XPO,3
2026-07-20,Příbram,XL,2
2026-07-20,Příbram,VB,1
2026-07-20,SKLC3,XPO,6
2026-07-20,SKLC3,XL,1
2026-07-20,SKLC3,VB,1
2026-07-20,Tábor,XPO,1
2026-07-20,Třebíč,XL,1
2026-07-20,Zlín,XPO,3
2026-07-20,Ústí nad Labem,XPO,4
2026-07-20,Ústí nad Labem,XL,1
2026-07-20,Čakovice,XPO,4
2026-07-20,Čakovice,VB,2
2026-07-20,České Budějovice,XPO,3
2026-07-20,České Budějovice,XL,1
2026-07-21,Anděl,XPO,7
2026-07-21,Anděl,XL,2
2026-07-21,Benešov,XPO,2
2026-07-21,Beroun,XPO,6
2026-07-21,Beroun,XL,1
2026-07-21,Brno,XPO,5
2026-07-21,Brno,VB,1
2026-07-21,Brno Lískovec,XPO,1
2026-07-21,Brno Lískovec,XL,1
2026-07-21,Budějovická,XPO,11
2026-07-21,CZLC4,XPO,26
2026-07-21,Chomutov,XPO,3
2026-07-21,Chomutov,XL,3
2026-07-21,Dejvice,XL,1
2026-07-21,Frýdek-Místek,XPO,3
2026-07-21,HULC1,VB,5
2026-07-21,Hradec,XPO,1
2026-07-21,Hradec,XL,1
2026-07-21,Háje,XPO,6
2026-07-21,Karlovy Vary,XPO,2
2026-07-21,Kladno,XPO,1
2026-07-21,Kladno,XL,1
2026-07-21,Kolín,XPO,1
2026-07-21,Kolín,XL,2
2026-07-21,Kolín,VB,1
2026-07-21,Liberec,XPO,3
2026-07-21,Mladá Boleslav,XPO,2
2026-07-21,Mladá Boleslav,XL,2
2026-07-21,Most,XPO,2
2026-07-21,Mělník,XPO,3
2026-07-21,Ostrava,XPO,4
2026-07-21,Ostrava,XL,2
2026-07-21,Pardubice,XPO,3
2026-07-21,Plzeň město,XPO,2
2026-07-21,Plzeň město,VB,1
2026-07-21,Pobočka Chrášťany,XPO,17
2026-07-21,Pobočka Chrášťany,XL,6
2026-07-21,Pobočka Chrášťany,VB,2
2026-07-21,Počernice,XPO,5
2026-07-21,Počernice,XL,4
2026-07-21,Počernice,VB,1
2026-07-21,Praha - centrála,XPO,4
2026-07-21,Praha - centrála,XL,1
2026-07-21,Praha - centrála,VB,5
2026-07-21,Příbram,XPO,1
2026-07-21,Příbram,XL,4
2026-07-21,SKLC3,XPO,1193
2026-07-21,SKLC3,XL,52
2026-07-21,SKLC3,VB,46
2026-07-21,Tábor,XPO,7
2026-07-21,Třebíč,XPO,3
2026-07-21,Zlín,VB,1
2026-07-21,Ústí nad Labem,XPO,2
2026-07-21,Ústí nad Labem,XL,2
2026-07-21,Čakovice,XPO,6
2026-07-21,Čakovice,XL,3
2026-07-21,České Budějovice,XPO,3
2026-07-21,České Budějovice,XL,1
2026-07-22,Anděl,XPO,4
2026-07-22,Anděl,XL,1
2026-07-22,Benešov,XPO,4
2026-07-22,Benešov,VB,1
2026-07-22,Beroun,VB,2
2026-07-22,Brno,XPO,1
2026-07-22,Brno,VB,1
2026-07-22,Brno Lískovec,XPO,2
2026-07-22,Brno Lískovec,XL,1
2026-07-22,Budějovická,XPO,4
2026-07-22,Budějovická,XL,1
2026-07-22,CZLC4,XPO,7
2026-07-22,Chomutov,VB,1
2026-07-22,Dejvice,XPO,5
2026-07-22,Děčín,XL,1
2026-07-22,Frýdek-Místek,XPO,3
2026-07-22,HULC1,VB,4
2026-07-22,Hradec,XPO,4
2026-07-22,Hradec,XL,2
2026-07-22,Háje,XPO,2
2026-07-22,Jihlava,XPO,2
2026-07-22,Karlovy Vary,XPO,4
2026-07-22,Kladno,XPO,2
2026-07-22,Kolín,XPO,1
2026-07-22,Kolín,XL,1
2026-07-22,Liberec,XPO,2
2026-07-22,Liberec,XL,2
2026-07-22,Mladá Boleslav,XPO,2
2026-07-22,Most,XPO,1
2026-07-22,Mělník,XL,1
2026-07-22,Olomouc,XPO,1
2026-07-22,Olomouc,XL,1
2026-07-22,Olomouc,VB,1
2026-07-22,Ostrava,XPO,5
2026-07-22,Ostrava,XL,3
2026-07-22,Pardubice,XPO,1
2026-07-22,Pardubice,VB,1
2026-07-22,Plzeň město,XPO,3
2026-07-22,Plzeň město,XL,2
2026-07-22,Pobočka Chrášťany,XPO,9
2026-07-22,Pobočka Chrášťany,XL,1
2026-07-22,Počernice,XPO,3
2026-07-22,Počernice,XL,1
2026-07-22,Počernice,VB,2
2026-07-22,Praha - centrála,XPO,10
2026-07-22,Praha - centrála,XL,2
2026-07-22,Praha - centrála,VB,2
2026-07-22,Příbram,XPO,1
2026-07-22,Příbram,XL,1
2026-07-22,SKLC3,XPO,144
2026-07-22,SKLC3,XL,7
2026-07-22,SKLC3,VB,8
2026-07-22,Tábor,XPO,1
2026-07-22,Tábor,XL,1
2026-07-22,Tábor,VB,1
2026-07-22,Zlín,XPO,4
2026-07-22,Ústí nad Labem,XPO,7
2026-07-22,Čakovice,XPO,10
2026-07-22,České Budějovice,XPO,1
2026-07-22,České Budějovice,XL,1
2026-07-22,České Budějovice,VB,1
2026-07-23,Anděl,XPO,1
2026-07-23,Benešov,XPO,1
2026-07-23,Beroun,XPO,1
2026-07-23,Brno,XPO,9
2026-07-23,Brno,XL,3
2026-07-23,Brno Lískovec,XPO,7
2026-07-23,Brno Lískovec,XL,1
2026-07-23,Budějovická,XPO,1
2026-07-23,CZLC4,XPO,8
2026-07-23,Chomutov,XPO,3
2026-07-23,Dejvice,XPO,2
2026-07-23,Děčín,XPO,1
2026-07-23,Frýdek-Místek,XPO,3
2026-07-23,Frýdek-Místek,VB,2
2026-07-23,HULC1,XPO,1
2026-07-23,HULC1,XL,4
2026-07-23,Hradec,XPO,3
2026-07-23,Háje,XPO,1
2026-07-23,Háje,XL,1
2026-07-23,Karlovy Vary,XPO,4
2026-07-23,Kladno,XPO,2
2026-07-23,Kolín,XL,1
2026-07-23,Kolín,VB,1
2026-07-23,Liberec,XPO,2
2026-07-23,Mladá Boleslav,XL,2
2026-07-23,Most,XPO,1
2026-07-23,Olomouc,XPO,3
2026-07-23,Olomouc,XL,1
2026-07-23,Opava,XL,1
2026-07-23,Ostrava,XPO,5
2026-07-23,Ostrava,XL,1
2026-07-23,Plzeň město,XPO,1
2026-07-23,Pobočka Chrášťany,XPO,7
2026-07-23,Pobočka Chrášťany,XL,1
2026-07-23,Pobočka Chrášťany,VB,2
2026-07-23,Počernice,XPO,2
2026-07-23,Praha - centrála,XPO,9
2026-07-23,Praha - centrála,XL,5
2026-07-23,Příbram,XPO,1
2026-07-23,SKLC3,XPO,105
2026-07-23,SKLC3,XL,115
2026-07-23,SKLC3,VB,88
2026-07-23,Tábor,XPO,1
2026-07-23,Tábor,XL,1
2026-07-23,Zlín,XPO,1
2026-07-23,Zlín,XL,1
2026-07-23,Zlín,VB,1
2026-07-23,Ústí nad Labem,XPO,1
2026-07-23,Ústí nad Labem,XL,3
2026-07-23,Čakovice,VB,1
2026-07-23,České Budějovice,XPO,1
2026-07-24,Anděl,XPO,4
2026-07-24,Benešov,XL,2
2026-07-24,Beroun,XPO,8
2026-07-24,Beroun,VB,1
2026-07-24,Brno,XPO,9
2026-07-24,Brno,XL,1
2026-07-24,Brno Lískovec,XPO,2
2026-07-24,Brno Lískovec,XL,1
2026-07-24,Budějovická,XPO,4
2026-07-24,Budějovická,XL,2
2026-07-24,CZLC4,XPO,12
2026-07-24,Chomutov,XL,1
2026-07-24,Dejvice,XPO,3
2026-07-24,Děčín,XPO,1
2026-07-24,Frýdek-Místek,XPO,8
2026-07-24,HULC1,VB,40
2026-07-24,Hradec,XPO,1
2026-07-24,Hradec,XL,2
2026-07-24,Háje,XL,1
2026-07-24,Jihlava,XPO,2
2026-07-24,Karlovy Vary,XL,1
2026-07-24,Kladno,XPO,2
2026-07-24,Kolín,XPO,1
2026-07-24,Liberec,XPO,2
2026-07-24,Mladá Boleslav,XPO,1
2026-07-24,Mladá Boleslav,XL,1
2026-07-24,Most,XPO,2
2026-07-24,Most,XL,1
2026-07-24,Mělník,XPO,1
2026-07-24,Olomouc,XPO,2
2026-07-24,Opava,XPO,1
2026-07-24,Ostrava,XPO,7
2026-07-24,Ostrava,XL,1
2026-07-24,Ostrava,VB,1
2026-07-24,Pardubice,XPO,3
2026-07-24,Plzeň město,XPO,2
2026-07-24,Pobočka Chrášťany,XPO,18
2026-07-24,Pobočka Chrášťany,XL,5
2026-07-24,Počernice,XPO,2
2026-07-24,Počernice,XL,1
2026-07-24,Praha - centrála,XPO,10
2026-07-24,Praha - centrála,XL,5
2026-07-24,Prostějov,XPO,1
2026-07-24,Příbram,XPO,1
2026-07-24,SKLC3,SPO,21
2026-07-24,SKLC3,XPO,108
2026-07-24,SKLC3,XL,29
2026-07-24,SKLC3,VB,125
2026-07-24,Tábor,VB,1
2026-07-24,Zlín,XPO,2
2026-07-24,Ústí nad Labem,XPO,4
2026-07-24,Čakovice,XPO,9
2026-07-24,Čakovice,XL,2
2026-07-24,Čakovice,VB,1
2026-07-24,České Budějovice,XPO,5
2026-07-25,Anděl,XPO,3
2026-07-25,Benešov,XPO,2
2026-07-25,Benešov,XL,2
2026-07-25,Benešov,VB,1
2026-07-25,Beroun,XPO,1
2026-07-25,Brno,XPO,4
2026-07-25,Brno,VB,3
2026-07-25,Brno Lískovec,XPO,3
2026-07-25,Budějovická,XPO,2
2026-07-25,Budějovická,XL,2
2026-07-25,CZLC4,XPO,7
2026-07-25,Dejvice,XPO,1
2026-07-25,Frýdek-Místek,XPO,1
2026-07-25,HULC1,XPO,1
2026-07-25,Hradec,XPO,2
2026-07-25,Háje,XPO,3
2026-07-25,Háje,XL,1
2026-07-25,Jihlava,XPO,2
2026-07-25,Karlovy Vary,XPO,2
2026-07-25,Kladno,XPO,1
2026-07-25,Kladno,XL,1
2026-07-25,Kolín,XPO,1
2026-07-25,Kolín,VB,1
2026-07-25,Mladá Boleslav,XPO,3
2026-07-25,Most,XPO,2
2026-07-25,Mělník,XPO,2
2026-07-25,Olomouc,XPO,5
2026-07-25,Opava,VB,1
2026-07-25,Ostrava,XPO,3
2026-07-25,Pardubice,XPO,1
2026-07-25,Pardubice,VB,2
2026-07-25,Plzeň město,XPO,3
2026-07-25,Plzeň město,XL,1
2026-07-25,Pobočka Chrášťany,XPO,16
2026-07-25,Pobočka Chrášťany,XL,4
2026-07-25,Pobočka Chrášťany,VB,1
2026-07-25,Počernice,XPO,2
2026-07-25,Počernice,XL,2
2026-07-25,Praha - centrála,XPO,16
2026-07-25,Praha - centrála,XL,2
2026-07-25,Praha - centrála,VB,2
2026-07-25,Prostějov,XL,1
2026-07-25,SKLC3,XPO,119
2026-07-25,SKLC3,XL,79
2026-07-25,SKLC3,VB,43
2026-07-25,Ústí nad Labem,XL,1
2026-07-25,Čakovice,XPO,4
2026-07-25,České Budějovice,XPO,1
2026-07-25,České Budějovice,XL,5
2026-07-26,Benešov,XPO,1
2026-07-26,Brno,XPO,3
2026-07-26,Brno,XL,1
2026-07-26,Brno Lískovec,XPO,1
2026-07-26,Budějovická,XL,2
2026-07-26,CZLC4,XPO,10
2026-07-26,CZLC4,XL,2
2026-07-26,Dejvice,XPO,4
2026-07-26,HULC1,VB,9
2026-07-26,Hradec,XPO,6
2026-07-26,Háje,XPO,1
2026-07-26,Kladno,XPO,5
2026-07-26,Liberec,XPO,3
2026-07-26,Most,XPO,4
2026-07-26,Most,XL,1
2026-07-26,Mělník,XPO,2
2026-07-26,Mělník,XL,1
2026-07-26,Olomouc,XPO,2
2026-07-26,Opava,XPO,3
2026-07-26,Ostrava,XPO,5
2026-07-26,Ostrava,VB,1
2026-07-26,Pardubice,XPO,1
2026-07-26,Plzeň město,XPO,1
2026-07-26,Plzeň město,VB,1
2026-07-26,Pobočka Chrášťany,XPO,21
2026-07-26,Pobočka Chrášťany,XL,1
2026-07-26,Pobočka Chrášťany,VB,1
2026-07-26,Počernice,XPO,5
2026-07-26,Počernice,XL,2
2026-07-26,Počernice,VB,1
2026-07-26,Praha - centrála,XPO,17
2026-07-26,Praha - centrála,XL,7
2026-07-26,SKLC3,XPO,193
2026-07-26,SKLC3,XL,34
2026-07-26,SKLC3,VB,210
2026-07-26,Tábor,XPO,1
2026-07-26,Zlín,XPO,1
2026-07-26,Ústí nad Labem,XPO,1
2026-07-26,Čakovice,XPO,4
2026-07-26,České Budějovice,XPO,4
2026-07-27,Anděl,XPO,2
2026-07-27,Anděl,XL,1
2026-07-27,Benešov,XPO,1
2026-07-27,Benešov,XL,2
2026-07-27,Beroun,XPO,1
2026-07-27,Beroun,XL,1
2026-07-27,Brno,XPO,4
2026-07-27,Brno,XL,1
2026-07-27,Brno,VB,1
2026-07-27,Brno Lískovec,XPO,5
2026-07-27,Brno Lískovec,XL,2
2026-07-27,Budějovická,XPO,1
2026-07-27,CZLC4,XPO,34
2026-07-27,CZLC4,XL,1
2026-07-27,CZLC4,VB,1
2026-07-27,Chomutov,XPO,2
2026-07-27,Chomutov,XL,1
2026-07-27,Chomutov,VB,1
2026-07-27,Dejvice,XPO,4
2026-07-27,Frýdek-Místek,XPO,1
2026-07-27,HULC1,XL,5
2026-07-27,HULC1,VB,8
2026-07-27,Hradec,XPO,2
2026-07-27,Hradec,XL,1
2026-07-27,Hradec,VB,1
2026-07-27,Háje,XPO,5
2026-07-27,Háje,XL,2
2026-07-27,Jihlava,XPO,1
2026-07-27,Karlovy Vary,XPO,1
2026-07-27,Kladno,XPO,1
2026-07-27,Kolín,XPO,2
2026-07-27,Liberec,XPO,4
2026-07-27,Mladá Boleslav,XPO,3
2026-07-27,Mladá Boleslav,XL,1
2026-07-27,Most,XPO,4
2026-07-27,Most,VB,1
2026-07-27,Ostrava,XPO,9
2026-07-27,Ostrava,XL,2
2026-07-27,Pardubice,XPO,1
2026-07-27,Pardubice,XL,1
2026-07-27,Pardubice,VB,3
2026-07-27,Plzeň město,XPO,4
2026-07-27,Plzeň město,XL,1
2026-07-27,Pobočka Chrášťany,XPO,9
2026-07-27,Pobočka Chrášťany,XL,6
2026-07-27,Pobočka Chrášťany,VB,1
2026-07-27,Počernice,XPO,1
2026-07-27,Počernice,VB,3
2026-07-27,Praha - centrála,XPO,11
2026-07-27,Praha - centrála,XL,6
2026-07-27,Praha - centrála,VB,2
2026-07-27,Příbram,XPO,3
2026-07-27,Příbram,XL,2
2026-07-27,SKLC3,XPO,188
2026-07-27,SKLC3,XL,15
2026-07-27,SKLC3,VB,75
2026-07-27,Tábor,XPO,1
2026-07-27,Třebíč,XPO,1
2026-07-27,České Budějovice,XPO,2
2026-07-28,Anděl,XPO,5
2026-07-28,Anděl,XL,1
2026-07-28,Benešov,XPO,2
2026-07-28,Beroun,XPO,2
2026-07-28,Brno,XPO,2
2026-07-28,Brno,XL,2
2026-07-28,Brno Lískovec,XPO,2
2026-07-28,Brno Lískovec,XL,1
2026-07-28,Budějovická,XPO,1
2026-07-28,CZLC4,XPO,42
2026-07-28,Chomutov,XPO,3
2026-07-28,Chomutov,XL,1
2026-07-28,Dejvice,XPO,1
2026-07-28,Dejvice,XL,2
2026-07-28,Děčín,VB,1
2026-07-28,Frýdek-Místek,XPO,5
2026-07-28,HULC1,XPO,1
2026-07-28,HULC1,VB,12
2026-07-28,Hradec,XPO,3
2026-07-28,Hradec,XL,2
2026-07-28,Háje,XPO,11
2026-07-28,Jihlava,XPO,2
2026-07-28,Jihlava,XL,1
2026-07-28,Kladno,XPO,3
2026-07-28,Kolín,XPO,2
2026-07-28,Kolín,XL,1
2026-07-28,Liberec,XPO,2
2026-07-28,Mladá Boleslav,XPO,4
2026-07-28,Mladá Boleslav,XL,1
2026-07-28,Most,XPO,5
2026-07-28,Mělník,XPO,1
2026-07-28,Ostrava,XPO,2
2026-07-28,Ostrava,XL,1
2026-07-28,Ostrava,VB,1
2026-07-28,Plzeň město,XPO,3
2026-07-28,Pobočka Chrášťany,XPO,8
2026-07-28,Pobočka Chrášťany,XL,3
2026-07-28,Počernice,XPO,5
2026-07-28,Praha - centrála,XPO,9
2026-07-28,Praha - centrála,XL,3
2026-07-28,Praha - centrála,VB,1
2026-07-28,SKLC3,XPO,156
2026-07-28,SKLC3,XL,19
2026-07-28,SKLC3,VB,112
2026-07-28,Tábor,XPO,2
2026-07-28,Třebíč,XPO,3
2026-07-28,Ústí nad Labem,XPO,2
2026-07-28,Ústí nad Labem,XL,1
2026-07-28,České Budějovice,XPO,2
2026-07-29,Anděl,XPO,2
2026-07-29,Beroun,XL,1
2026-07-29,Brno,XPO,5
2026-07-29,Brno,XL,3
2026-07-29,Brno,VB,1
2026-07-29,Brno Lískovec,XPO,2
2026-07-29,Budějovická,XPO,5
2026-07-29,Budějovická,VB,1
2026-07-29,CZLC4,BPO,2
2026-07-29,CZLC4,XPO,30
2026-07-29,CZLC4,XL,1
2026-07-29,Dejvice,XPO,1
2026-07-29,Děčín,XPO,1
2026-07-29,Frýdek-Místek,XPO,1
2026-07-29,Frýdek-Místek,VB,1
2026-07-29,HULC1,XPO,4
2026-07-29,HULC1,XL,22
2026-07-29,HULC1,VB,39
2026-07-29,Hradec,XPO,3
2026-07-29,Háje,XPO,4
2026-07-29,Háje,XL,2
2026-07-29,Jihlava,XPO,1
2026-07-29,Jihlava,XL,3
2026-07-29,Karlovy Vary,XPO,1
2026-07-29,Kladno,XPO,2
2026-07-29,Kolín,XPO,1
2026-07-29,Kolín,XL,1
2026-07-29,Liberec,XPO,1
2026-07-29,Mladá Boleslav,XPO,1
2026-07-29,Mladá Boleslav,XL,2
2026-07-29,Most,XL,1
2026-07-29,Olomouc,SPO,1
2026-07-29,Olomouc,XL,1
2026-07-29,Olomouc,VB,1
2026-07-29,Opava,XPO,6
2026-07-29,Ostrava,XPO,7
2026-07-29,Ostrava,XL,1
2026-07-29,Ostrava,VB,1
2026-07-29,Pardubice,XPO,2
2026-07-29,Plzeň město,XPO,5
2026-07-29,Plzeň město,XL,1
2026-07-29,Pobočka Chrášťany,XPO,13
2026-07-29,Pobočka Chrášťany,XL,3
2026-07-29,Pobočka Chrášťany,VB,7
2026-07-29,Praha - centrála,XPO,15
2026-07-29,Praha - centrála,XL,3
2026-07-29,Praha - centrála,VB,1
2026-07-29,SKLC3,XPO,106
2026-07-29,SKLC3,XL,24
2026-07-29,SKLC3,VB,57
2026-07-29,Tábor,XPO,1
2026-07-29,Ústí nad Labem,XPO,3
2026-07-29,Čakovice,XPO,5
2026-07-29,České Budějovice,VB,1
2026-07-30,Anděl,XPO,4
2026-07-30,Anděl,XL,1
2026-07-30,Brno,XPO,1
2026-07-30,Brno,VB,2
2026-07-30,Brno Lískovec,XPO,3
2026-07-30,Brno Lískovec,XL,1
2026-07-30,Budějovická,XPO,4
2026-07-30,Budějovická,XL,2
2026-07-30,Budějovická,VB,1
2026-07-30,CZLC4,XPO,35
2026-07-30,CZLC4,XL,1
2026-07-30,Chomutov,XPO,2
2026-07-30,Dejvice,XPO,1
2026-07-30,Děčín,VB,1
2026-07-30,Frýdek-Místek,XPO,1
2026-07-30,HULC1,XPO,4
2026-07-30,HULC1,VB,42
2026-07-30,Háje,XPO,2
2026-07-30,Háje,VB,1
2026-07-30,Jihlava,XPO,1
2026-07-30,Jihlava,XL,1
2026-07-30,Kladno,XPO,1
2026-07-30,Kladno,VB,1
2026-07-30,Kolín,XPO,2
2026-07-30,Kolín,VB,1
2026-07-30,Liberec,XPO,1
2026-07-30,Most,XPO,1
2026-07-30,Mělník,XPO,4
2026-07-30,Mělník,VB,1
2026-07-30,Olomouc,XPO,1
2026-07-30,Ostrava,XPO,5
2026-07-30,Ostrava,XL,1
2026-07-30,Pardubice,XPO,3
2026-07-30,Plzeň město,XPO,1
2026-07-30,Plzeň město,XL,1
2026-07-30,Pobočka Chrášťany,XPO,4
2026-07-30,Pobočka Chrášťany,XL,2
2026-07-30,Pobočka Chrášťany,VB,2
2026-07-30,Počernice,XPO,1
2026-07-30,Praha - centrála,XPO,7
2026-07-30,Praha - centrála,XL,7
2026-07-30,SKLC3,XPO,132
2026-07-30,SKLC3,XL,8
2026-07-30,SKLC3,VB,34
2026-07-30,Tábor,XPO,2
2026-07-30,Třebíč,XL,1
2026-07-30,Zlín,XPO,1
2026-07-30,Zlín,VB,1
2026-07-30,Ústí nad Labem,XPO,4
2026-07-30,Čakovice,XPO,2
2026-07-30,Čakovice,VB,2
2026-07-30,České Budějovice,XPO,6
2026-07-31,Anděl,XPO,1
2026-07-31,Anděl,XL,1
2026-07-31,Benešov,XPO,2
2026-07-31,Beroun,XPO,1
2026-07-31,Brno,XPO,2
2026-07-31,Brno,XL,1
2026-07-31,Brno Lískovec,XL,1
2026-07-31,CZLC4,XPO,37
2026-07-31,CZLC4,XL,2
2026-07-31,Chomutov,XPO,1
2026-07-31,Chomutov,XL,1
2026-07-31,Dejvice,XPO,1
2026-07-31,Děčín,XL,1
2026-07-31,Frýdek-Místek,XPO,1
2026-07-31,Frýdek-Místek,XL,1
2026-07-31,HULC1,VB,5
2026-07-31,Hradec,XPO,4
2026-07-31,Hradec,XL,2
2026-07-31,Háje,XPO,2
2026-07-31,Háje,XL,2
2026-07-31,Kladno,XPO,3
2026-07-31,Kladno,XL,1
2026-07-31,Kolín,XL,2
2026-07-31,Liberec,XPO,1
2026-07-31,Mladá Boleslav,XPO,2
2026-07-31,Mladá Boleslav,XL,2
2026-07-31,Most,XPO,2
2026-07-31,Olomouc,XPO,1
2026-07-31,Olomouc,XL,1
2026-07-31,Opava,XPO,1
2026-07-31,Opava,VB,1
2026-07-31,Ostrava,XPO,4
2026-07-31,Ostrava,XL,2
2026-07-31,Pardubice,XPO,3
2026-07-31,Pardubice,XL,1
2026-07-31,Pardubice,VB,1
2026-07-31,Plzeň město,XPO,2
2026-07-31,Pobočka Chrášťany,XPO,10
2026-07-31,Pobočka Chrášťany,XL,2
2026-07-31,Počernice,XPO,4
2026-07-31,Počernice,XL,1
2026-07-31,Počernice,VB,1
2026-07-31,Praha - centrála,XPO,20
2026-07-31,Praha - centrála,XL,4
2026-07-31,Příbram,XPO,1
2026-07-31,Příbram,XL,1
2026-07-31,SKLC3,XPO,123
2026-07-31,SKLC3,XL,21
2026-07-31,SKLC3,VB,73
2026-07-31,Tábor,XPO,4
2026-07-31,Tábor,VB,1
2026-07-31,Zlín,XPO,1
2026-07-31,Ústí nad Labem,XPO,2
2026-07-31,České Budějovice,XPO,5
2026-08-01,Anděl,XPO,2
2026-08-01,Anděl,XL,2
2026-08-01,Benešov,XPO,2
2026-08-01,Brno,XPO,10
2026-08-01,Brno,XL,1
2026-08-01,Brno Lískovec,XPO,3
2026-08-01,Brno Lískovec,XL,3
2026-08-01,Budějovická,XPO,9
2026-08-01,Budějovická,XL,1
2026-08-01,CZLC4,XPO,34
2026-08-01,Děčín,XPO,3
2026-08-01,Děčín,XL,1
2026-08-01,Frýdek-Místek,XPO,1
2026-08-01,HULC1,XPO,4
2026-08-01,HULC1,VB,4
2026-08-01,Hradec,XPO,2
2026-08-01,Hradec,XL,1
2026-08-01,Háje,XPO,5
2026-08-01,Háje,XL,2
2026-08-01,Jihlava,XPO,2
2026-08-01,Karlovy Vary,XPO,2
2026-08-01,Kolín,XPO,2
2026-08-01,Kolín,XL,1
2026-08-01,Liberec,XPO,2
2026-08-01,Mladá Boleslav,XPO,3
2026-08-01,Most,XPO,3
2026-08-01,Olomouc,XPO,7
2026-08-01,Ostrava,XPO,3
2026-08-01,Ostrava,XL,1
2026-08-01,Pardubice,XPO,1
2026-08-01,Plzeň město,XPO,10
2026-08-01,Plzeň město,XL,1
2026-08-01,Pobočka Chrášťany,XPO,17
2026-08-01,Pobočka Chrášťany,XL,1
2026-08-01,Pobočka Chrášťany,VB,1
2026-08-01,Počernice,XPO,2
2026-08-01,Počernice,XL,2
2026-08-01,Počernice,VB,1
2026-08-01,Praha - centrála,XPO,22
2026-08-01,Praha - centrála,XL,5
2026-08-01,SKLC3,XPO,86
2026-08-01,SKLC3,XL,34
2026-08-01,SKLC3,VB,28
2026-08-01,Tábor,XPO,1
2026-08-01,Zlín,XPO,5
2026-08-01,Ústí nad Labem,XPO,5
2026-08-01,Ústí nad Labem,XL,2
2026-08-01,České Budějovice,XPO,3
2026-08-01,České Budějovice,XL,3
2026-08-02,Anděl,XPO,3
2026-08-02,Benešov,XPO,1
2026-08-02,Brno,XPO,5
2026-08-02,Brno,XL,2
2026-08-02,Brno Lískovec,XPO,2
2026-08-02,Brno Lískovec,XL,1
2026-08-02,Budějovická,XPO,2
2026-08-02,CZLC4,XPO,26
2026-08-02,CZLC4,XL,3
2026-08-02,Dejvice,XL,2
2026-08-02,Děčín,XPO,1
2026-08-02,Frýdek-Místek,XPO,2
2026-08-02,Háje,XPO,4
2026-08-02,Háje,XL,3
2026-08-02,Karlovy Vary,XPO,3
2026-08-02,Karlovy Vary,XL,1
2026-08-02,Kladno,XL,2
2026-08-02,Liberec,VB,1
2026-08-02,Mladá Boleslav,XPO,1
2026-08-02,Most,XPO,1
2026-08-02,Mělník,VB,2
2026-08-02,Ostrava,XPO,5
2026-08-02,Pardubice,XPO,5
2026-08-02,Pardubice,XL,1
2026-08-02,Pardubice,VB,1
2026-08-02,Plzeň město,XPO,4
2026-08-02,Plzeň město,XL,2
2026-08-02,Pobočka Chrášťany,XPO,9
2026-08-02,Pobočka Chrášťany,XL,1
2026-08-02,Počernice,XL,1
2026-08-02,Praha - centrála,XPO,18
2026-08-02,Praha - centrála,XL,3
2026-08-02,Prostějov,XL,1
2026-08-02,Příbram,XPO,1
2026-08-02,SKLC3,XPO,91
2026-08-02,SKLC3,XL,24
2026-08-02,SKLC3,VB,23
2026-08-02,Zlín,XPO,1
2026-08-02,Ústí nad Labem,XPO,1
2026-08-02,České Budějovice,XPO,2
2026-08-03,Anděl,XPO,1
2026-08-03,Benešov,XPO,2
2026-08-03,Beroun,XPO,3
2026-08-03,Brno,XPO,5
2026-08-03,Brno,XL,2
2026-08-03,Brno Lískovec,XPO,5
2026-08-03,Brno Lískovec,XL,1
2026-08-03,Budějovická,XPO,6
2026-08-03,Budějovická,XL,1
2026-08-03,Budějovická,VB,1
2026-08-03,CZLC4,XPO,25
2026-08-03,Chomutov,XL,1
2026-08-03,Dejvice,XPO,2
2026-08-03,Dejvice,XL,1
2026-08-03,Frýdek-Místek,XPO,1
2026-08-03,HULC1,VB,8
2026-08-03,Hradec,XPO,8
2026-08-03,Hradec,VB,1
2026-08-03,Háje,XPO,5
2026-08-03,Jihlava,XPO,2
2026-08-03,Karlovy Vary,XPO,2
2026-08-03,Karlovy Vary,VB,1
2026-08-03,Kladno,XPO,1
2026-08-03,Liberec,VB,1
2026-08-03,Mladá Boleslav,XPO,1
2026-08-03,Mladá Boleslav,XL,1
2026-08-03,Mladá Boleslav,VB,1
2026-08-03,Most,XPO,2
2026-08-03,Opava,XL,1
2026-08-03,Ostrava,XPO,14
2026-08-03,Ostrava,XL,1
2026-08-03,Pardubice,XPO,2
2026-08-03,Plzeň město,XPO,2
2026-08-03,Plzeň město,XL,2
2026-08-03,Pobočka Chrášťany,XPO,28
2026-08-03,Pobočka Chrášťany,XL,3
2026-08-03,Pobočka Chrášťany,VB,3
2026-08-03,Počernice,XPO,4
2026-08-03,Počernice,VB,2
2026-08-03,Praha - centrála,XPO,7
2026-08-03,Praha - centrála,XL,2
2026-08-03,Příbram,XPO,4
2026-08-03,Příbram,VB,1
2026-08-03,SKLC3,XPO,169
2026-08-03,SKLC3,XL,19
2026-08-03,SKLC3,VB,88
2026-08-03,Třebíč,XPO,1
2026-08-03,Zlín,XPO,2
2026-08-03,Zlín,XL,1
2026-08-03,Ústí nad Labem,XPO,2
2026-08-03,Čakovice,XPO,5
2026-08-03,České Budějovice,XPO,1
2026-08-03,České Budějovice,VB,2
2026-08-04,Anděl,XPO,6
2026-08-04,Benešov,XPO,4
2026-08-04,Benešov,VB,1
2026-08-04,Beroun,XPO,1
2026-08-04,Budějovická,XPO,7
2026-08-04,Budějovická,XL,1
2026-08-04,CZLC4,BPO,1
2026-08-04,CZLC4,XPO,17
2026-08-04,CZLC4,XL,3
2026-08-04,CZLC4,VB,1
2026-08-04,Chomutov,XPO,1
2026-08-04,Chomutov,XL,1
2026-08-04,Dejvice,XPO,2
2026-08-04,Frýdek-Místek,XPO,1
2026-08-04,HULC1,XL,9
2026-08-04,HULC1,VB,21
2026-08-04,Hradec,XPO,1
2026-08-04,Háje,XPO,4
2026-08-04,Háje,XL,1
2026-08-04,Háje,VB,1
2026-08-04,Jihlava,XPO,1
2026-08-04,Karlovy Vary,XPO,1
2026-08-04,Karlovy Vary,XL,1
2026-08-04,Kladno,XPO,1
2026-08-04,Liberec,SPO,1
2026-08-04,Liberec,XPO,2
2026-08-04,Mladá Boleslav,XL,1
2026-08-04,Most,XPO,2
2026-08-04,Mělník,XPO,2
2026-08-04,Ostrava,XPO,3
2026-08-04,Ostrava,XL,1
2026-08-04,Pardubice,XPO,1
2026-08-04,Plzeň město,XPO,2
2026-08-04,Plzeň město,VB,2
2026-08-04,Pobočka Chrášťany,XPO,19
2026-08-04,Pobočka Chrášťany,XL,1
2026-08-04,Pobočka Chrášťany,VB,3
2026-08-04,Počernice,XPO,5
2026-08-04,Počernice,XL,2
2026-08-04,Počernice,VB,2
2026-08-04,Praha - centrála,XPO,7
2026-08-04,Praha - centrála,XL,2
2026-08-04,SKLC3,XPO,116
2026-08-04,SKLC3,XL,31
2026-08-04,SKLC3,VB,16
2026-08-04,Třebíč,XPO,1
2026-08-04,Ústí nad Labem,XPO,2
2026-08-04,Ústí nad Labem,XL,1
2026-08-04,Čakovice,XPO,5
2026-08-04,Čakovice,XL,3
2026-08-04,České Budějovice,XPO,1
2026-08-04,České Budějovice,XL,1
2026-08-05,Anděl,XPO,8
2026-08-05,Anděl,XL,1
2026-08-05,Budějovická,XPO,4
2026-08-05,CZLC4,XPO,23
2026-08-05,CZLC4,XL,1
2026-08-05,Chomutov,XPO,1
2026-08-05,Frýdek-Místek,XL,1
2026-08-05,HULC1,XPO,1
2026-08-05,HULC1,VB,25
2026-08-05,Hradec,XPO,7
2026-08-05,Háje,XPO,1
2026-08-05,Háje,VB,1
2026-08-05,Jihlava,XPO,4
2026-08-05,Kladno,XPO,2
2026-08-05,Liberec,XPO,3
2026-08-05,Liberec,XL,2
2026-08-05,Mladá Boleslav,XPO,2
2026-08-05,Most,XPO,4
2026-08-05,Mělník,XPO,1
2026-08-05,Mělník,XL,1
2026-08-05,Ostrava,XPO,13
2026-08-05,Ostrava,XL,3
2026-08-05,Ostrava,VB,1
2026-08-05,Pardubice,XPO,1
2026-08-05,Plzeň město,XPO,2
2026-08-05,Plzeň město,XL,1
2026-08-05,Pobočka Chrášťany,XPO,11
2026-08-05,Pobočka Chrášťany,XL,2
2026-08-05,Pobočka Chrášťany,VB,3
2026-08-05,Počernice,XPO,6
2026-08-05,Počernice,XL,1
2026-08-05,Praha - centrála,XPO,3
2026-08-05,Praha - centrála,XL,3
2026-08-05,Praha - centrála,VB,1
2026-08-05,Příbram,XPO,2
2026-08-05,SKLC3,XPO,92
2026-08-05,SKLC3,XL,8
2026-08-05,SKLC3,VB,33
2026-08-05,Tábor,XPO,1
2026-08-05,Tábor,XL,1
2026-08-05,Třebíč,XL,1
2026-08-05,Třebíč,VB,1
2026-08-05,Ústí nad Labem,VB,1
2026-08-05,Čakovice,XPO,16
2026-08-05,Čakovice,XL,1
2026-08-05,Čakovice,VB,1
2026-08-05,České Budějovice,XPO,11
2026-08-05,České Budějovice,XL,1
2026-08-06,Anděl,XPO,3
2026-08-06,Anděl,XL,1
2026-08-06,Benešov,XPO,1
2026-08-06,Budějovická,XPO,10
2026-08-06,CZLC4,XPO,39
2026-08-06,CZLC4,XL,3
2026-08-06,Dejvice,XL,1
2026-08-06,Frýdek-Místek,XPO,3
2026-08-06,Frýdek-Místek,XL,1
2026-08-06,HULC1,XPO,2
2026-08-06,HULC1,XL,4
2026-08-06,Hradec,XPO,6
2026-08-06,Hradec,XL,2
2026-08-06,Hradec,VB,1
2026-08-06,Háje,XPO,2
2026-08-06,Kladno,XPO,1
2026-08-06,Kladno,XL,1
2026-08-06,Kolín,XPO,2
2026-08-06,Kolín,XL,1
2026-08-06,Kolín,VB,1
2026-08-06,Liberec,VB,1
2026-08-06,Mladá Boleslav,XL,2
2026-08-06,Most,XPO,1
2026-08-06,Ostrava,XPO,7
2026-08-06,Ostrava,XL,1
2026-08-06,Ostrava,VB,1
2026-08-06,Pardubice,XPO,2
2026-08-06,Pardubice,XL,3
2026-08-06,Plzeň město,XPO,3
2026-08-06,Plzeň město,XL,1
2026-08-06,Plzeň město,VB,2
2026-08-06,Pobočka Chrášťany,XPO,10
2026-08-06,Pobočka Chrášťany,XL,1
2026-08-06,Pobočka Chrášťany,VB,3
2026-08-06,Počernice,XL,3
2026-08-06,Počernice,VB,2
2026-08-06,Praha - centrála,XPO,3
2026-08-06,Praha - centrála,XL,2
2026-08-06,Praha - centrála,VB,4
2026-08-06,Příbram,XPO,3
2026-08-06,SKLC3,XPO,257
2026-08-06,SKLC3,XL,5
2026-08-06,SKLC3,VB,21
2026-08-06,Čakovice,XPO,11
2026-08-06,Čakovice,XL,3
2026-08-06,Čakovice,VB,2
2026-08-06,České Budějovice,XPO,6
2026-08-06,České Budějovice,VB,3
2026-08-07,Anděl,XPO,1
2026-08-07,Benešov,XPO,3
2026-08-07,Budějovická,XPO,3
2026-08-07,Budějovická,XL,1
2026-08-07,CZLC4,XPO,22
2026-08-07,CZLC4,XL,1
2026-08-07,Chomutov,XPO,1
2026-08-07,Chomutov,VB,1
2026-08-07,Dejvice,XPO,4
2026-08-07,Dejvice,XL,1
2026-08-07,Děčín,XPO,1
2026-08-07,HULC1,XPO,3
2026-08-07,HULC1,VB,10
2026-08-07,Hradec,XPO,1
2026-08-07,Hradec,VB,1
2026-08-07,Háje,XPO,2
2026-08-07,Háje,XL,1
2026-08-07,Háje,VB,1
2026-08-07,Jihlava,XPO,1
2026-08-07,Karlovy Vary,XPO,2
2026-08-07,Kladno,XPO,1
2026-08-07,Kladno,XL,3
2026-08-07,Kolín,XL,1
2026-08-07,Liberec,XPO,2
2026-08-07,Mladá Boleslav,XPO,2
2026-08-07,Most,XPO,1
2026-08-07,Mělník,XPO,1
2026-08-07,Opava,XPO,1
2026-08-07,Opava,XL,1
2026-08-07,Ostrava,XPO,2
2026-08-07,Ostrava,XL,1
2026-08-07,Pardubice,XPO,2
2026-08-07,Pardubice,XL,3
2026-08-07,Pardubice,VB,1
2026-08-07,Plzeň město,XPO,5
2026-08-07,Pobočka Chrášťany,XPO,12
2026-08-07,Pobočka Chrášťany,XL,2
2026-08-07,Pobočka Chrášťany,VB,2
2026-08-07,Počernice,XPO,4
2026-08-07,Počernice,XL,1
2026-08-07,Počernice,VB,3
2026-08-07,Praha - centrála,XPO,3
2026-08-07,Praha - centrála,XL,2
2026-08-07,Praha - centrála,VB,1
2026-08-07,Příbram,XPO,1
2026-08-07,Příbram,XL,1
2026-08-07,SKLC3,XPO,143
2026-08-07,SKLC3,XL,13
2026-08-07,SKLC3,VB,16
2026-08-07,Ústí nad Labem,XPO,2
2026-08-07,Ústí nad Labem,VB,1
2026-08-07,Čakovice,XPO,1
2026-08-07,Čakovice,XL,3
2026-08-07,České Budějovice,XPO,3
2026-08-07,České Budějovice,VB,1
2026-08-08,Anděl,XPO,4
2026-08-08,Benešov,XPO,4
2026-08-08,Benešov,VB,1
2026-08-08,Beroun,XPO,1
2026-08-08,Budějovická,XPO,7
2026-08-08,Budějovická,XL,1
2026-08-08,Budějovická,VB,2
2026-08-08,CZLC4,XPO,11
2026-08-08,Dejvice,XPO,7
2026-08-08,Frýdek-Místek,XPO,4
2026-08-08,Frýdek-Místek,VB,1
2026-08-08,HULC1,VB,24
2026-08-08,Hradec,XPO,2
2026-08-08,Háje,XPO,19
2026-08-08,Jihlava,XPO,1
2026-08-08,Kladno,XPO,2
2026-08-08,Kolín,XPO,1
2026-08-08,Kolín,XL,1
2026-08-08,Liberec,XPO,3
2026-08-08,Mladá Boleslav,XPO,2
2026-08-08,Most,XPO,3
2026-08-08,Mělník,XPO,4
2026-08-08,Mělník,XL,1
2026-08-08,Opava,XPO,2
2026-08-08,Ostrava,XPO,6
2026-08-08,Ostrava,VB,1
2026-08-08,Pardubice,XPO,1
2026-08-08,Plzeň město,XPO,3
2026-08-08,Pobočka Chrášťany,XPO,12
2026-08-08,Pobočka Chrášťany,XL,2
2026-08-08,Pobočka Chrášťany,VB,1
2026-08-08,Počernice,XPO,2
2026-08-08,Počernice,XL,1
2026-08-08,Počernice,VB,1
2026-08-08,Praha - centrála,XPO,11
2026-08-08,Praha - centrála,XL,2
2026-08-08,Praha - centrála,VB,2
2026-08-08,SKLC3,XPO,98
2026-08-08,SKLC3,XL,8
2026-08-08,SKLC3,VB,15
2026-08-08,Tábor,XPO,2
2026-08-08,Ústí nad Labem,XPO,3
2026-08-08,Ústí nad Labem,XL,1
2026-08-08,Čakovice,XPO,4
2026-08-08,Čakovice,XL,2
2026-08-08,České Budějovice,XPO,1
2026-08-08,České Budějovice,XL,1
2026-08-08,České Budějovice,VB,1
2026-08-09,Anděl,XPO,3
2026-08-09,Anděl,XL,1
2026-08-09,Anděl,VB,1
2026-08-09,Benešov,XPO,1
2026-08-09,Budějovická,XPO,3
2026-08-09,Budějovická,VB,1
2026-08-09,CZLC4,XPO,14
2026-08-09,Dejvice,XPO,1
2026-08-09,Frýdek-Místek,XPO,1
2026-08-09,Hradec,XPO,3
2026-08-09,Háje,XPO,2
2026-08-09,Jihlava,XPO,2
2026-08-09,Karlovy Vary,XL,1
2026-08-09,Karlovy Vary,VB,1
2026-08-09,Kolín,XPO,1
2026-08-09,Mladá Boleslav,XPO,3
2026-08-09,Most,XPO,3
2026-08-09,Mělník,XPO,3
2026-08-09,Ostrava,XPO,3
2026-08-09,Ostrava,XL,5
2026-08-09,Pardubice,XPO,2
2026-08-09,Pardubice,XL,1
2026-08-09,Plzeň město,XPO,2
2026-08-09,Pobočka Chrášťany,XPO,12
2026-08-09,Pobočka Chrášťany,VB,1
2026-08-09,Počernice,XPO,2
2026-08-09,Počernice,VB,1
2026-08-09,Praha - centrála,XPO,15
2026-08-09,Praha - centrála,XL,1
2026-08-09,Praha - centrála,VB,2
2026-08-09,SKLC3,XPO,99
2026-08-09,SKLC3,XL,12
2026-08-09,SKLC3,VB,6
2026-08-09,Tábor,SPO,1
2026-08-09,Tábor,XPO,1
2026-08-09,Ústí nad Labem,XPO,4
2026-08-09,Čakovice,XPO,8
2026-08-09,Čakovice,VB,3
2026-08-09,České Budějovice,XPO,7
2026-08-10,Anděl,XPO,2
2026-08-10,Anděl,XL,1
2026-08-10,Benešov,XL,1
2026-08-10,Beroun,XPO,2
2026-08-10,Beroun,XL,1
2026-08-10,Budějovická,XPO,3
2026-08-10,CZLC4,XPO,9
2026-08-10,Chomutov,XL,1
2026-08-10,Hradec,XL,1
2026-08-10,Háje,XPO,10
2026-08-10,Jihlava,XPO,1
2026-08-10,Jihlava,XL,1
2026-08-10,Karlovy Vary,XPO,1
2026-08-10,Kladno,XPO,1
2026-08-10,Kolín,XPO,1
2026-08-10,Liberec,XPO,1
2026-08-10,Mladá Boleslav,XPO,2
2026-08-10,Most,XPO,2
2026-08-10,Most,VB,1
2026-08-10,Mělník,XL,1
2026-08-10,Mělník,VB,1
2026-08-10,Ostrava,XPO,5
2026-08-10,Pardubice,XPO,3
2026-08-10,Plzeň město,XPO,4
2026-08-10,Pobočka Chrášťany,XPO,17
2026-08-10,Pobočka Chrášťany,XL,1
2026-08-10,Počernice,XPO,5
2026-08-10,Počernice,VB,2
2026-08-10,Praha - centrála,XPO,8
2026-08-10,Praha - centrála,XL,1
2026-08-10,Praha - centrála,VB,1
2026-08-10,Příbram,XPO,3
2026-08-10,Příbram,XL,1
2026-08-10,SKLC3,XPO,107
2026-08-10,SKLC3,XL,28
2026-08-10,SKLC3,VB,25
2026-08-10,Třebíč,VB,1
2026-08-10,Ústí nad Labem,XPO,1
2026-08-10,Ústí nad Labem,VB,1
2026-08-10,Čakovice,XPO,1
2026-08-10,České Budějovice,XPO,7
2026-08-10,České Budějovice,XL,1
2026-08-10,České Budějovice,VB,2
2026-08-11,Anděl,XPO,5
2026-08-11,Benešov,XPO,2
2026-08-11,Budějovická,XPO,4
2026-08-11,Budějovická,XL,1
2026-08-11,CZLC4,XPO,24
2026-08-11,CZLC4,XL,1
2026-08-11,Chomutov,XPO,4
2026-08-11,Dejvice,XPO,4
2026-08-11,Děčín,XPO,3
2026-08-11,Děčín,VB,1
2026-08-11,Frýdek-Místek,XPO,1
2026-08-11,HULC1,XPO,3
2026-08-11,HULC1,VB,38
2026-08-11,Hradec,XPO,5
2026-08-11,Háje,XPO,6
2026-08-11,Háje,XL,1
2026-08-11,Háje,VB,2
2026-08-11,Jihlava,XPO,1
2026-08-11,Karlovy Vary,XPO,7
2026-08-11,Kladno,XPO,1
2026-08-11,Kolín,XPO,1
2026-08-11,Liberec,XPO,4
2026-08-11,Liberec,XL,2
2026-08-11,Mladá Boleslav,XL,1
2026-08-11,Most,XPO,1
2026-08-11,Most,XL,1
2026-08-11,Mělník,XPO,1
2026-08-11,Mělník,VB,1
2026-08-11,Opava,VB,1
2026-08-11,Ostrava,XPO,3
2026-08-11,Pardubice,XPO,2
2026-08-11,Plzeň město,XPO,3
2026-08-11,Plzeň město,XL,1
2026-08-11,Plzeň město,VB,1
2026-08-11,Pobočka Chrášťany,XPO,9
2026-08-11,Pobočka Chrášťany,XL,4
2026-08-11,Počernice,XPO,3
2026-08-11,Počernice,XL,1
2026-08-11,Počernice,VB,2
2026-08-11,Praha - centrála,XPO,15
2026-08-11,Praha - centrála,XL,3
2026-08-11,Praha - centrála,VB,3
2026-08-11,Příbram,XPO,4
2026-08-11,Příbram,VB,1
2026-08-11,SKLC3,XPO,193
2026-08-11,SKLC3,XL,29
2026-08-11,SKLC3,VB,46
2026-08-11,Třebíč,XPO,3
2026-08-11,Třebíč,XL,1
2026-08-11,Třebíč,VB,1
2026-08-11,Ústí nad Labem,XPO,1
2026-08-11,Ústí nad Labem,XL,1
2026-08-11,Čakovice,XPO,3
2026-08-11,Čakovice,XL,1
2026-08-11,Čakovice,VB,3
2026-08-11,České Budějovice,XPO,1
2026-08-12,Anděl,XPO,1
2026-08-12,Anděl,XL,1
2026-08-12,CZLC4,XPO,5
2026-08-12,HULC1,VB,5
2026-08-12,Háje,XPO,5
2026-08-12,Háje,XL,2
2026-08-12,Karlovy Vary,XPO,1
2026-08-12,Liberec,VB,1
2026-08-12,Ostrava,XPO,3
2026-08-12,Plzeň město,XPO,1
2026-08-12,Plzeň město,XL,1
2026-08-12,Pobočka Chrášťany,XPO,5
2026-08-12,Pobočka Chrášťany,XL,3
2026-08-12,Pobočka Chrášťany,VB,1
2026-08-12,Počernice,XL,1
2026-08-12,Praha - centrála,XPO,11
2026-08-12,Praha - centrála,XL,7
2026-08-12,Praha - centrála,VB,1
2026-08-12,SKLC3,XPO,218
2026-08-12,SKLC3,XL,3
2026-08-12,SKLC3,VB,9
2026-08-12,Čakovice,XPO,1
2026-08-12,České Budějovice,XPO,2
